{
  "size": 22,
  "opt_val": -29.0,
  "method": "VQE",
  "operations": [
    "Z7_Y17",
    "Z7_Y12",
    "Z7_Y14",
    "Z17_Y15",
    "Z17_Y19",
    "Z12_Y16",
    "Z12_Y3",
    "Z14_Y8",
    "Z14_Y4",
    "Z15_Y20",
    "Z15_Y18",
    "Z19_Y5",
    "Z19_Y6",
    "Z16_Y1",
    "Z4_Y2",
    "Z1_Y13",
    "Z0_Y2",
    "Z0_Y21",
    "Z8_Y9",
    "Z8_Y10",
    "Z9_Y11",
    "Z16_Y4",
    "Z3_Y1",
    "Z3_Y20",
    "Z0_Y6",
    "Z2_Y13",
    "Z6_Y13",
    "Z21_Y5",
    "Z21_Y18",
    "Z9_Y18",
    "Z10_Y11",
    "Z10_Y20",
    "Z11_Y5"
  ],
  "dt": 0.05,
  "lr": 0.05,
  "lam": 1.0,
  "mu": 0.9,
  "fix_step": 0,
  "constant_c": true,
  "parameters": [
    1.531287670135498,
    1.4613468647003174,
    0.2811104357242584,
    1.4794830083847046,
    1.5034881830215454,
    1.5289385318756104,
    1.56214439868927,
    1.2810883522033691,
    0.9640020132064819,
    0.776663064956665,
    0.5428730845451355,
    0.6820789575576782,
    0.5560248494148254,
    0.9168775677680969,
    0.28069427609443665,
    0.09905315190553665,
    1.265575647354126,
    1.4146839380264282,
    1.54701828956604,
    1.535292625427246,
    0.7864818572998047,
    0.49710413813591003,
    0.650160551071167,
    0.7678689956665039,
    1.013750433921814,
    0.5975077152252197,
    0.9100104570388794,
    0.3694174289703369,
    0.8880732655525208,
    0.5428551435470581,
    0.784220814704895,
    0.08733763545751572,
    0.6820778250694275
  ],
  "opt_ratios": [
    5.245201919024112e-06,
    1.726092887111008e-05,
    2.997183401021175e-05,
    5.0601534894667566e-05,
    8.312813588418067e-05,
    0.00013299440615810454,
    0.00020740157924592495,
    0.0003155784506816417,
    0.0004689877387136221,
    0.0006814454100094736,
    0.0009691282757557929,
    0.0013504514936357737,
    0.0018458146369084716,
    0.002477233996614814,
    0.003267811145633459,
    0.004241177812218666,
    0.005420824512839317,
    0.006829399615526199,
    0.008488031104207039,
    0.010415610857307911,
    0.012628206983208656,
    0.015138572081923485,
    0.017955629155039787,
    0.02108432725071907,
    0.02452545426785946,
    0.028275562450289726,
    0.03232739865779877,
    0.036669980734586716,
    0.04128926247358322,
    0.04616843909025192,
    0.051288556307554245,
    0.05662914738059044,
    0.06216882914304733,
    0.06788581609725952,
    0.0737583339214325,
    0.07976478338241577,
    0.08588463068008423,
    0.09209781885147095,
    0.09838570654392242,
    0.1047305017709732,
    0.11111583560705185,
    0.11752621829509735,
    0.12394759058952332,
    0.13036653399467468,
    0.1367705911397934,
    0.14314889907836914,
    0.1494905948638916,
    0.15578599274158478,
    0.1620260775089264,
    0.1682022511959076,
    0.1743069589138031,
    0.18033334612846375,
    0.18627451360225677,
    0.1921248883008957,
    0.19787892699241638,
    0.20353177189826965,
    0.20907938480377197,
    0.21451827883720398,
    0.21984481811523438,
    0.22505679726600647,
    0.23015210032463074,
    0.2351294457912445,
    0.2399875521659851,
    0.24472573399543762,
    0.24934470653533936,
    0.2538428008556366,
    0.25822222232818604,
    0.2624838948249817,
    0.2666296362876892,
    0.27065956592559814,
    0.27457600831985474,
    0.27838245034217834,
    0.28208085894584656,
    0.28567397594451904,
    0.28916341066360474,
    0.2925533056259155,
    0.2958459258079529,
    0.2990435063838959,
    0.3021504282951355,
    0.30517250299453735,
    0.30811166763305664,
    0.3109705448150635,
    0.31375277042388916,
    0.3164623975753784,
    0.31910353899002075,
    0.32167965173721313,
    0.32419463992118835,
    0.32665157318115234,
    0.3290550410747528,
    0.3314085602760315,
    0.3337160050868988,
    0.3359815180301666,
    0.3382088541984558,
    0.34040141105651855,
    0.3425636887550354,
    0.3446999192237854,
    0.34681299328804016,
    0.3489075005054474,
    0.3509870171546936,
    0.35305577516555786,
    0.3551176190376282
  ],
  "expectations": [
    -16.49997901916504,
    -17.323741912841797,
    -17.731760025024414,
    -18.135093688964844,
    -18.53219223022461,
    -18.921676635742188,
    -19.302316665649414,
    -19.67313003540039,
    -20.033340454101562,
    -20.382335662841797,
    -20.719778060913086,
    -21.045413970947266,
    -21.35923957824707,
    -21.661344528198242,
    -21.951879501342773,
    -22.231142044067383,
    -22.499433517456055,
    -22.757068634033203,
    -23.004419326782227,
    -23.241804122924805,
    -23.469547271728516,
    -23.687965393066406,
    -23.89730453491211,
    -24.097808837890625,
    -24.289749145507812,
    -24.473289489746094,
    -24.648670196533203,
    -24.81606674194336,
    -24.975677490234375,
    -25.12770652770996,
    -25.272348403930664,
    -25.409862518310547,
    -25.540420532226562,
    -25.664302825927734,
    -25.78177261352539,
    -25.893070220947266,
    -25.998470306396484,
    -26.0982608795166,
    -26.19268035888672,
    -26.282033920288086,
    -26.366573333740234,
    -26.446569442749023,
    -26.52226448059082,
    -26.593917846679688,
    -26.661752700805664,
    -26.72600746154785,
    -26.78687286376953,
    -26.844547271728516,
    -26.899219512939453,
    -26.951082229614258,
    -27.00027084350586,
    -27.046955108642578,
    -27.09127426147461,
    -27.133365631103516,
    -27.173336029052734,
    -27.21133041381836,
    -27.2474422454834,
    -27.281795501708984,
    -27.314437866210938,
    -27.345502853393555,
    -27.37505340576172,
    -27.403173446655273,
    -27.429962158203125,
    -27.455490112304688,
    -27.47979736328125,
    -27.502979278564453,
    -27.52505111694336,
    -27.546104431152344,
    -27.566190719604492,
    -27.58540916442871,
    -27.603727340698242,
    -27.621238708496094,
    -27.637989044189453,
    -27.654010772705078,
    -27.66933822631836,
    -27.684030532836914,
    -27.69811248779297,
    -27.711631774902344,
    -27.72458839416504,
    -27.73708152770996,
    -27.749080657958984,
    -27.76063346862793,
    -27.771757125854492,
    -27.782512664794922,
    -27.792875289916992,
    -27.802928924560547,
    -27.812639236450195,
    -27.82204818725586,
    -27.8311767578125,
    -27.840065002441406,
    -27.848703384399414,
    -27.857128143310547,
    -27.865352630615234,
    -27.873380661010742,
    -27.881244659423828,
    -27.888946533203125,
    -27.89650535583496,
    -27.903947830200195,
    -27.9112548828125,
    -27.918479919433594,
    -27.925573348999023
  ],