{
  "size": 22,
  "opt_val": -31.0,
  "method": "VQE",
  "operations": [
    "Z6_Y12",
    "Z6_Y7",
    "Z6_Y10",
    "Z12_Y8",
    "Z12_Y0",
    "Z7_Y20",
    "Z7_Y18",
    "Z10_Y3",
    "Z8_Y2",
    "Z8_Y13",
    "Z0_Y14",
    "Z0_Y15",
    "Z18_Y4",
    "Z15_Y11",
    "Z3_Y1",
    "Z3_Y9",
    "Z1_Y21",
    "Z1_Y17",
    "Z9_Y19",
    "Z5_Y16",
    "Z5_Y19",
    "Z10_Y20",
    "Z20_Y15",
    "Z18_Y2",
    "Z9_Y2",
    "Z5_Y4",
    "Z16_Y11",
    "Z16_Y21",
    "Z19_Y17",
    "Z4_Y13",
    "Z11_Y14",
    "Z21_Y13",
    "Z17_Y14"
  ],
  "dt": 0.05,
  "lr": 0.05,
  "lam": 1.0,
  "mu": 0.9,
  "fix_step": 0,
  "constant_c": true,
  "parameters": [
    1.568149447441101,
    1.5647977590560913,
    1.5661956071853638,
    1.532802700996399,
    1.5596871376037598,
    0.7876616716384888,
    1.4671530723571777,
    1.4891784191131592,
    0.7840846180915833,
    0.7911961674690247,
    0.6509584784507751,
    1.5050469636917114,
    0.3266383707523346,
    1.220544695854187,
    1.5327084064483643,
    0.6094576716423035,
    1.3216760158538818,
    1.2624239921569824,
    0.22565527260303497,
    1.4017930030822754,
    1.3080039024353027,
    0.7831211090087891,
    0.06892424076795578,
    0.7930135726928711,
    0.08103381842374802,
    1.188598871231079,
    0.3350430727005005,
    0.2403893768787384,
    0.304034948348999,
    0.15414905548095703,
    0.5260134935379028,
    0.711139976978302,
    0.4076208472251892
  ],
  "opt_ratios": [
    4.7683653292551753e-07,
    1.8933353658212582e-06,
    3.5778198252955917e-06,
    6.533865416713525e-06,
    1.1541093954292592e-05,
    1.973590042325668e-05,
    3.270791785325855e-05,
    5.259343015495688e-05,
    8.215210982598364e-05,
    0.00012481781595852226,
    0.00018470664508640766,
    0.00026658186106942594,
    0.0003757671220228076,
    0.0005180173320695758,
    0.000699348805937916,
    0.0009258500067517161,
    0.001203482854180038,
    0.0015378842363134027,
    0.00193417735863477,
    0.0023968417663127184,
    0.0029295762069523335,
    0.003535234136506915,
    0.0042157829739153385,
    0.004972330294549465,
    0.005805096589028835,
    0.006713553331792355,
    0.007696511689573526,
    0.008752181194722652,
    0.009878292679786682,
    0.011072269640862942,
    0.012331277132034302,
    0.013652363792061806,
    0.015032485127449036,
    0.016468621790409088,
    0.017957743257284164,
    0.019496819004416466,
    0.021082991734147072,
    0.022713279351592064,
    0.024384798482060432,
    0.02609468437731266,
    0.02783980406820774,
    0.029617225751280785,
    0.03142372891306877,
    0.03325618430972099,
    0.03511117398738861,
    0.03698517754673958,
    0.03887467458844185,
    0.04077592119574547,
    0.04268511384725571,
    0.04459858685731888,
    0.046512503176927567,
    0.048422686755657196,
    0.050325680524110794,
    0.052217867225408554,
    0.05409559607505798,
    0.05595555156469345,
    0.05779435858130455,
    0.05960903316736221,
    0.061396487057209015,
    0.06315454840660095,
    0.0648803859949112,
    0.06657235324382782,
    0.06822820752859116,
    0.06984679400920868,
    0.0714263916015625,
    0.07296627759933472,
    0.0744653269648552,
    0.07592296600341797,
    0.07733874022960663,
    0.07871219515800476,
    0.08004377037286758,
    0.08133313804864883,
    0.08258095383644104,
    0.08378729224205017,
    0.084952712059021,
    0.08607781678438187,
    0.08716335892677307,
    0.08821012079715729,
    0.08921896666288376,
    0.0901908278465271,
    0.09112650156021118,
    0.09202729910612106,
    0.0928938016295433,
    0.09372711926698685,
    0.09452832490205765,
    0.09529860317707062,
    0.096038818359375,
    0.09675001353025436,
    0.09743329137563705,
    0.09808973222970963,
    0.09872008860111237,
    0.09932548552751541,
    0.0999070256948471,
    0.1004653349518776,
    0.10100145637989044,
    0.10151640325784683,
    0.1020110473036766,
    0.10248616337776184,
    0.10294264554977417,
    0.10338110476732254,
    0.10380233079195023
  ],
  "expectations": [
    -16.499977111816406,
    -17.323734283447266,
    -17.731725692749023,
    -18.13494873046875,
    -18.531822204589844,
    -18.920875549316406,
    -19.30084800720215,
    -19.670654296875,
    -20.02942657470703,
    -20.376537322998047,
    -20.71156120300293,
    -21.03424835205078,
    -21.34457015991211,
    -21.642627716064453,
    -21.928653717041016,
    -22.20294189453125,
    -22.465925216674805,
    -22.718002319335938,
    -22.959636688232422,
    -23.1912841796875,
    -23.413387298583984,
    -23.626405715942383,
    -23.830684661865234,
    -24.02664566040039,
    -24.214574813842773,
    -24.394819259643555,
    -24.567655563354492,
    -24.733367919921875,
    -24.892189025878906,
    -25.04435157775879,
    -25.19012451171875,
    -25.32971954345703,
    -25.463382720947266,
    -25.59136962890625,
    -25.713871002197266,
    -25.831165313720703,
    -25.94346809387207,
    -26.0510311126709,
    -26.154020309448242,
    -26.252727508544922,
    -26.34735107421875,
    -26.438060760498047,
    -26.52506446838379,
    -26.60860824584961,
    -26.68878746032715,
    -26.76577377319336,
    -26.839799880981445,
    -26.91096305847168,
    -26.97941780090332,
    -27.045303344726562,
    -27.108745574951172,
    -27.16988754272461,
    -27.228837966918945,
    -27.285722732543945,
    -27.340614318847656,
    -27.393653869628906,
    -27.444915771484375,
    -27.49453353881836,
    -27.542564392089844,
    -27.58910369873047,
    -27.634248733520508,
    -27.678058624267578,
    -27.720617294311523,
    -27.762001037597656,
    -27.802249908447266,
    -27.84145164489746,
    -27.879653930664062,
    -27.916873931884766,
    -27.95322036743164,
    -27.988683700561523,
    -28.02332305908203,
    -28.057151794433594,
    -28.090221405029297,
    -28.122520446777344,
    -28.154109954833984,
    -28.184951782226562,
    -28.21511459350586,
    -28.244596481323242,
    -28.273347854614258,
    -28.301420211791992,
    -28.32879638671875,
    -28.355518341064453,
    -28.381526947021484,
    -28.40685272216797,
    -28.431474685668945,
    -28.455411911010742,
    -28.478652954101562,
    -28.501174926757812,
    -28.523008346557617,
    -28.54414939880371,
    -28.564586639404297,
    -28.584331512451172,
    -28.603382110595703,
    -28.62175178527832,
    -28.639442443847656,
    -28.656478881835938,
    -28.672836303710938,
    -28.68854522705078,
    -28.703617095947266,
    -28.718076705932617,
    -28.73192596435547
  ],