{
  "size": 22,
  "opt_val": -29.0,
  "method": "VQE",
  "operations": [
    "Z15_Y21",
    "Z15_Y10",
    "Z15_Y14",
    "Z21_Y3",
    "Z10_Y8",
    "Z10_Y18",
    "Z14_Y7",
    "Z3_Y6",
    "Z3_Y17",
    "Z12_Y16",
    "Z12_Y13",
    "Z12_Y18",
    "Z16_Y4",
    "Z16_Y1",
    "Z13_Y5",
    "Z1_Y20",
    "Z5_Y9",
    "Z20_Y2",
    "Z20_Y19",
    "Z17_Y11",
    "Z7_Y0",
    "Z21_Y14",
    "Z13_Y18",
    "Z4_Y6",
    "Z4_Y5",
    "Z1_Y6",
    "Z9_Y17",
    "Z9_Y7",
    "Z11_Y0",
    "Z11_Y2",
    "Z0_Y8",
    "Z8_Y19",
    "Z19_Y2"
  ],
  "dt": 0.05,
  "lr": 0.05,
  "lam": 1.0,
  "mu": 0.9,
  "fix_step": 0,
  "constant_c": true,
  "parameters": [
    1.241220474243164,
    1.507691502571106,
    1.377310872077942,
    1.5121980905532837,
    0.8782725930213928,
    0.8748008608818054,
    1.4015612602233887,
    0.07338598370552063,
    1.4639930725097656,
    1.315589189529419,
    0.171700119972229,
    0.5165669322013855,
    1.5238012075424194,
    1.5403345823287964,
    1.178282380104065,
    1.4146851301193237,
    1.2858099937438965,
    0.9557700157165527,
    0.45415782928466797,
    1.4639972448349,
    0.7939189076423645,
    0.13657401502132416,
    0.5165624618530273,
    0.7586401700973511,
    0.14466390013694763,
    0.758661687374115,
    0.0783272534608841,
    0.1831459403038025,
    0.7678754329681396,
    0.7830873131752014,
    0.6895172595977783,
    1.0520175695419312,
    0.6225180625915527
  ],
  "opt_ratios": [
    9.536730658510351e-07,
    3.0936719213059405e-06,
    5.270765996101545e-06,
    8.67813105287496e-06,
    1.3830089301336557e-05,
    2.1368519810494035e-05,
    3.2061347155831754e-05,
    4.679033372667618e-05,
    6.65271800244227e-05,
    9.230032446794212e-05,
    0.00012515361595433205,
    0.00016610385500825942,
    0.00021609477698802948,
    0.0002759569906629622,
    0.00034637644421309233,
    0.00042786673293448985,
    0.000520755653269589,
    0.0006251801969483495,
    0.0007410856196656823,
    0.0008682301267981529,
    0.001006210339255631,
    0.001154473633505404,
    0.0013123375829309225,
    0.0014790084678679705,
    0.0016536127077415586,
    0.0018352012848481536,
    0.002022791188210249,
    0.0022153507452458143,
    0.002411839086562395,
    0.0026112135965377092,
    0.0028124377131462097,
    0.0030144923366606236,
    0.003216382348909974,
    0.0034171303268522024,
    0.003615827299654484,
    0.0038115689530968666,
    0.004003533162176609,
    0.004190895706415176,
    0.004372951574623585,
    0.004548989236354828,
    0.00471839215606451,
    0.004880566615611315,
    0.0050349971279501915,
    0.005181235261261463,
    0.005318866111338139,
    0.005447513423860073,
    0.005566898267716169,
    0.005676776170730591,
    0.005776934325695038,
    0.005867214873433113,
    0.005947510711848736,
    0.006017740350216627,
    0.006077867932617664,
    0.006127892527729273,
    0.006167846731841564,
    0.006197784096002579,
    0.006217817775905132,
    0.006227998062968254,
    0.0062284572049975395,
    0.006219420116394758,
    0.006200972478836775,
    0.006173386238515377,
    0.006136788986623287,
    0.00609141681343317,
    0.006037536077201366,
    0.00597542617470026,
    0.0059053245931863785,
    0.005827581509947777,
    0.005742569454014301,
    0.005650646984577179,
    0.005552106536924839,
    0.005447392351925373,
    0.0053369151428341866,
    0.005221161060035229,
    0.005100610200315714,
    0.0049756416119635105,
    0.004846825264394283,
    0.004714692942798138,
    0.004579696338623762,
    0.004442339763045311,
    0.004303246736526489,
    0.004162875935435295,
    0.004021731670945883,
    0.003880284959450364,
    0.0037390002980828285,
    0.003598359413444996,
    0.0034587800037115812,
    0.003320656716823578,
    0.003184325061738491,
    0.0030501503497362137,
    0.0029184415470808744,
    0.0027894661761820316,
    0.0026634689420461655,
    0.0025406121276319027,
    0.0024211264681071043,
    0.002305115107446909,
    0.0021927026100456715,
    0.0020839956123381853,
    0.001979057677090168,
    0.001877904636785388,
    0.001780522521585226
  ],
  "expectations": [
    -16.499977111816406,
    -17.315959930419922,
    -17.707027435302734,
    -18.086618423461914,
    -18.453697204589844,
    -18.807483673095703,
    -19.147329330444336,
    -19.47284698486328,
    -19.78383445739746,
    -20.080280303955078,
    -20.362272262573242,
    -20.630109786987305,
    -20.88416862487793,
    -21.12490463256836,
    -21.352846145629883,
    -21.568607330322266,
    -21.77276611328125,
    -21.966007232666016,
    -22.148900985717773,
    -22.322120666503906,
    -22.486234664916992,
    -22.6418514251709,
    -22.789531707763672,
    -22.929777145385742,
    -23.06313133239746,
    -23.190032958984375,
    -23.310955047607422,
    -23.426265716552734,
    -23.536392211914062,
    -23.641672134399414,
    -23.742395401000977,
    -23.838912963867188,
    -23.931501388549805,
    -24.020401000976562,
    -24.10586929321289,
    -24.188108444213867,
    -24.267351150512695,
    -24.343748092651367,
    -24.41753387451172,
    -24.488821029663086,
    -24.557798385620117,
    -24.62457275390625,
    -24.689329147338867,
    -24.752153396606445,
    -24.81316375732422,
    -24.872493743896484,
    -24.930255889892578,
    -24.986509323120117,
    -25.041404724121094,
    -25.094961166381836,
    -25.147323608398438,
    -25.198530197143555,
    -25.248661041259766,
    -25.29779815673828,
    -25.345998764038086,
    -25.39330291748047,
    -25.43976593017578,
    -25.485450744628906,
    -25.530364990234375,
    -25.5745849609375,
    -25.618106842041016,
    -25.660938262939453,
    -25.703144073486328,
    -25.74469757080078,
    -25.78560447692871,
    -25.825904846191406,
    -25.865543365478516,
    -25.904544830322266,
    -25.942901611328125,
    -25.98057746887207,
    -26.0175724029541,
    -26.053869247436523,
    -26.08942413330078,
    -26.124248504638672,
    -26.158294677734375,
    -26.191532135009766,
    -26.223949432373047,
    -26.255544662475586,
    -26.286293029785156,
    -26.316158294677734,
    -26.345136642456055,
    -26.37325668334961,
    -26.40044593811035,
    -26.42674446105957,
    -26.452138900756836,
    -26.476642608642578,
    -26.500240325927734,
    -26.522987365722656,
    -26.54485321044922,
    -26.565876007080078,
    -26.5860595703125,
    -26.60544204711914,
    -26.624038696289062,
    -26.641849517822266,
    -26.658958435058594,
    -26.675336837768555,
    -26.691028594970703,
    -26.70606803894043,
    -26.720516204833984,
    -26.73432159423828,
    -26.74756622314453
  ],