{
  "size": 22,
  "opt_val": -30.0,
  "method": "VQE",
  "operations": [
    "Z3_Y4",
    "Z3_Y16",
    "Z3_Y1",
    "Z4_Y11",
    "Z16_Y18",
    "Z1_Y2",
    "Z1_Y10",
    "Z11_Y5",
    "Z11_Y21",
    "Z18_Y13",
    "Z18_Y15",
    "Z0_Y5",
    "Z5_Y12",
    "Z13_Y7",
    "Z12_Y8",
    "Z12_Y9",
    "Z8_Y14",
    "Z8_Y20",
    "Z14_Y6",
    "Z9_Y17",
    "Z17_Y19",
    "Z4_Y16",
    "Z0_Y13",
    "Z0_Y15",
    "Z15_Y7",
    "Z14_Y2",
    "Z20_Y2",
    "Z20_Y6",
    "Z9_Y21",
    "Z17_Y10",
    "Z21_Y19",
    "Z10_Y7",
    "Z19_Y6"
  ],
  "dt": 0.05,
  "lr": 0.05,
  "lam": 1.0,
  "mu": 0.9,
  "fix_step": 0,
  "constant_c": true,
  "parameters": [
    0.6070215106010437,
    0.8935461044311523,
    1.3567110300064087,
    1.396629810333252,
    1.2588151693344116,
    0.05583316832780838,
    0.3456818461418152,
    0.061070721596479416,
    0.25886109471321106,
    0.9192652106285095,
    0.6874021887779236,
    1.4485104084014893,
    1.4110798835754395,
    0.2668926417827606,
    1.072426676750183,
    1.0316367149353027,
    1.5634468793869019,
    1.5634475946426392,
    0.7889612913131714,
    1.5322853326797485,
    0.6844616532325745,
    0.17686763405799866,
    0.6245743632316589,
    0.8817728757858276,
    1.0130131244659424,
    0.7651374340057373,
    0.7651340961456299,
    0.788936972618103,
    1.3072686195373535,
    1.2115143537521362,
    0.8825156688690186,
    0.38883888721466064,
    0.04184984043240547
  ],
  "opt_ratios": [
    4.7683653292551753e-07,
    1.7257632407563506e-06,
    3.126388037344441e-06,
    5.493763637787197e-06,
    9.374814908369444e-06,
    1.5552868717350066e-05,
    2.5112563889706507e-05,
    3.9507256587967277e-05,
    6.0621401644311845e-05,
    9.082118049263954e-05,
    0.0001329827355220914,
    0.00019049172988161445,
    0.0002672055270522833,
    0.0003673745668493211,
    0.0004955256008543074,
    0.0006563055794686079,
    0.0008543099975213408,
    0.0010938937775790691,
    0.001378989894874394,
    0.0017129398183897138,
    0.002098357304930687,
    0.0025370505172759295,
    0.0030299643985927105,
    0.003577176947146654,
    0.004177935421466827,
    0.004830715246498585,
    0.005533299408853054,
    0.006282909773290157,
    0.0070762778632342815,
    0.007909798063337803,
    0.00877956859767437,
    0.00968154612928629,
    0.010611578822135925,
    0.011565561406314373,
    0.012539360672235489,
    0.013528993353247643,
    0.014530559070408344,
    0.015540428459644318,
    0.016555070877075195,
    0.01757116988301277,
    0.018585719168186188,
    0.019595898687839508,
    0.020599117502570152,
    0.021592948585748672,
    0.02257525734603405,
    0.023544080555438995,
    0.02449757233262062,
    0.02543417550623417,
    0.02635236643254757,
    0.02725083939731121,
    0.028128422796726227,
    0.028983987867832184,
    0.029816526919603348,
    0.030625157058238983,
    0.03140902891755104,
    0.03216739371418953,
    0.03289949148893356,
    0.033604830503463745,
    0.03428269177675247,
    0.03493257611989975,
    0.03555399551987648,
    0.03614654019474983,
    0.03670972213149071,
    0.037243250757455826,
    0.03774687647819519,
    0.03822030872106552,
    0.03866339474916458,
    0.03907584026455879,
    0.039457593113183975,
    0.03980869799852371,
    0.040129154920578,
    0.04041922837495804,
    0.04067884758114815,
    0.0409083291888237,
    0.04110793396830559,
    0.04127800464630127,
    0.041419003158807755,
    0.04153131693601608,
    0.041615575551986694,
    0.04167240485548973,
    0.04170243442058563,
    0.04170621931552887,
    0.04168462008237839,
    0.04163825884461403,
    0.041568052023649216,
    0.04147493839263916,
    0.04135975241661072,
    0.04122327268123627,
    0.04106656834483147,
    0.04089055955410004,
    0.040696050971746445,
    0.04048413038253784,
    0.04025565832853317,
    0.04001147672533989,
    0.03975275158882141,
    0.03948025405406952,
    0.03919493407011032,
    0.0388978086411953,
    0.03858950734138489,
    0.03827108070254326,
    0.03794320672750473
  ],
  "expectations": [
    -16.499977111816406,
    -17.321495056152344,
    -17.72518539428711,
    -18.123233795166016,
    -18.514633178710938,
    -18.898414611816406,
    -19.273723602294922,
    -19.6397705078125,
    -19.995847702026367,
    -20.341358184814453,
    -20.675764083862305,
    -20.998611450195312,
    -21.30957794189453,
    -21.60835838317871,
    -21.89478302001953,
    -22.168701171875,
    -22.430078506469727,
    -22.678977966308594,
    -22.91550064086914,
    -23.139848709106445,
    -23.35223388671875,
    -23.553010940551758,
    -23.74254608154297,
    -23.92123794555664,
    -24.089557647705078,
    -24.247989654541016,
    -24.397018432617188,
    -24.537172317504883,
    -24.668901443481445,
    -24.792781829833984,
    -24.909221649169922,
    -25.018753051757812,
    -25.121776580810547,
    -25.21876335144043,
    -25.31008529663086,
    -25.396162033081055,
    -25.47732925415039,
    -25.553936004638672,
    -25.62627601623535,
    -25.694683074951172,
    -25.759403228759766,
    -25.82070541381836,
    -25.878841400146484,
    -25.93402862548828,
    -25.98647689819336,
    -26.036399841308594,
    -26.083965301513672,
    -26.129344940185547,
    -26.172687530517578,
    -26.21416473388672,
    -26.2539119720459,
    -26.29204750061035,
    -26.328649520874023,
    -26.36388397216797,
    -26.397802352905273,
    -26.43052864074707,
    -26.46212387084961,
    -26.492687225341797,
    -26.522235870361328,
    -26.55086898803711,
    -26.57863998413086,
    -26.6055908203125,
    -26.631799697875977,
    -26.65725326538086,
    -26.682044982910156,
    -26.706153869628906,
    -26.729646682739258,
    -26.752531051635742,
    -26.774852752685547,
    -26.796613693237305,
    -26.81785774230957,
    -26.83856964111328,
    -26.85879898071289,
    -26.878559112548828,
    -26.897830963134766,
    -26.91665267944336,
    -26.93504524230957,
    -26.95299530029297,
    -26.970529556274414,
    -26.987653732299805,
    -27.0044002532959,
    -27.020748138427734,
    -27.03670883178711,
    -27.05232810974121,
    -27.067569732666016,
    -27.082502365112305,
    -27.09703826904297,
    -27.11130142211914,
    -27.1252498626709,
    -27.13889503479004,
    -27.15220832824707,
    -27.165283203125,
    -27.1781005859375,
    -27.19061279296875,
    -27.20292854309082,
    -27.214984893798828,
    -27.226806640625,
    -27.238431930541992,
    -27.249834060668945,
    -27.261077880859375,
    -27.272119522094727
  ],