{
  "size": 22,
  "opt_val": -30.0,
  "method": "VQE",
  "operations": [
    "Z7_Y20",
    "Z7_Y3",
    "Z7_Y5",
    "Z20_Y11",
    "Z20_Y0",
    "Z3_Y1",
    "Z3_Y8",
    "Z5_Y6",
    "Z5_Y15",
    "Z11_Y13",
    "Z11_Y19",
    "Z0_Y12",
    "Z1_Y14",
    "Z1_Y4",
    "Z6_Y2",
    "Z15_Y9",
    "Z14_Y16",
    "Z16_Y21",
    "Z16_Y10",
    "Z10_Y17",
    "Z9_Y18",
    "Z0_Y6",
    "Z8_Y12",
    "Z8_Y13",
    "Z15_Y14",
    "Z21_Y4",
    "Z21_Y9",
    "Z10_Y19",
    "Z4_Y2",
    "Z2_Y13",
    "Z12_Y18",
    "Z18_Y17",
    "Z17_Y19"
  ],
  "dt": 0.05,
  "lr": 0.05,
  "lam": 1.0,
  "mu": 0.9,
  "fix_step": 0,
  "constant_c": true,
  "parameters": [
    1.5649397373199463,
    1.5705446004867554,
    1.5193248987197876,
    1.532179355621338,
    1.5390225648880005,
    1.5672762393951416,
    1.5680063962936401,
    -0.1389784812927246,
    1.5607811212539673,
    0.5968732833862305,
    0.8472552299499512,
    0.757316529750824,
    1.1341224908828735,
    1.4156538248062134,
    0.05852239578962326,
    1.4045827388763428,
    -0.8388300538063049,
    1.4301499128341675,
    1.4379146099090576,
    0.4979126453399658,
    0.6852671504020691,
    1.1961432695388794,
    0.8134279847145081,
    0.6548174619674683,
    0.7821754217147827,
    0.1545504629611969,
    0.16310527920722961,
    1.0517401695251465,
    1.528457522392273,
    0.3197976052761078,
    0.8753047585487366,
    1.022537112236023,
    0.5817550420761108
  ],
  "opt_ratios": [
    4.7683653292551753e-07,
    1.729510358927655e-06,
    3.1367681003757752e-06,
    5.514451913768426e-06,
    9.403387593920343e-06,
    1.5566532965749502e-05,
    2.5040846594492905e-05,
    3.918508082279004e-05,
    5.971978680463508e-05,
    8.875333151081577e-05,
    0.00012879061978310347,
    0.00018272324814461172,
    0.0002538033586461097,
    0.00034560446511022747,
    0.0004619656247086823,
    0.0006069449591450393,
    0.0007847631350159645,
    0.0009997610468417406,
    0.001256359275430441,
    0.001559053547680378,
    0.00191238964907825,
    0.0023209811188280582,
    0.0027895295061171055,
    0.003322860226035118,
    0.003925958648324013,
    0.0046040271408855915,
    0.005362567026168108,
    0.00620734877884388,
    0.007144653704017401,
    0.008181130513548851,
    0.009324012324213982,
    0.010581174865365028,
    0.011961136944591999,
    0.013473192229866982,
    0.015127424150705338,
    0.016934771090745926,
    0.018907150253653526,
    0.021057430654764175,
    0.023399509489536285,
    0.025948207825422287,
    0.028719499707221985,
    0.03173033520579338,
    0.03499880060553551,
    0.03854374960064888,
    0.04238516092300415,
    0.046543799340724945,
    0.0510408878326416,
    0.05589868873357773,
    0.06113949418067932,
    0.06678538024425507,
    0.07285881042480469,
    0.07938161492347717,
    0.08637458831071854,
    0.0938570499420166,
    0.10184615850448608,
    0.11035783588886261,
    0.11940465867519379,
    0.12899470329284668,
    0.13913418352603912,
    0.14982251822948456,
    0.16105511784553528,
    0.17282462120056152,
    0.18511588871479034,
    0.1979081630706787,
    0.2111760675907135,
    0.22488802671432495,
    0.23901143670082092,
    0.2535052001476288,
    0.268326997756958,
    0.2834319770336151,
    0.29877278208732605,
    0.3143065273761749,
    0.3299884498119354,
    0.34576693177223206,
    0.36160701513290405,
    0.37746497988700867,
    0.39330726861953735,
    0.40909865498542786,
    0.42481473088264465,
    0.4404289722442627,
    0.4559195339679718,
    0.4712725877761841,
    0.48647090792655945,
    0.5015053153038025,
    0.5163678526878357,
    0.5310510396957397,
    0.5455495119094849,
    0.5598594546318054,
    0.5739783048629761,
    0.5879020690917969,
    0.6016295552253723,
    0.6151557564735413,
    0.6284772157669067,
    0.6415907740592957,
    0.6544929146766663,
    0.6671760678291321,
    0.6796383261680603,
    0.6918692588806152,
    0.7038626670837402,
    0.7156131267547607,
    0.7271116375923157
  ],
  "expectations": [
    -16.499977111816406,
    -17.32100486755371,
    -17.722827911376953,
    -18.117168426513672,
    -18.502471923828125,
    -18.87740707397461,
    -19.240848541259766,
    -19.591876983642578,
    -19.92984390258789,
    -20.25429344177246,
    -20.56497573852539,
    -20.86186408996582,
    -21.145061492919922,
    -21.41488265991211,
    -21.67169761657715,
    -21.916040420532227,
    -22.14845848083496,
    -22.36960792541504,
    -22.580158233642578,
    -22.78076934814453,
    -22.97212791442871,
    -23.154890060424805,
    -23.329736709594727,
    -23.49726104736328,
    -23.658096313476562,
    -23.812746047973633,
    -23.961761474609375,
    -24.10561752319336,
    -24.244781494140625,
    -24.379636764526367,
    -24.510562896728516,
    -24.637874603271484,
    -24.76190948486328,
    -24.882905960083008,
    -25.00116539001465,
    -25.116830825805664,
    -25.230106353759766,
    -25.34121322631836,
    -25.450252532958984,
    -25.557342529296875,
    -25.662593841552734,
    -25.766132354736328,
    -25.868011474609375,
    -25.96830177307129,
    -26.067054748535156,
    -26.164331436157227,
    -26.26018714904785,
    -26.354656219482422,
    -26.447751998901367,
    -26.53957176208496,
    -26.630088806152344,
    -26.719348907470703,
    -26.807395935058594,
    -26.89423942565918,
    -26.97991943359375,
    -27.064435958862305,
    -27.147794723510742,
    -27.230022430419922,
    -27.311084747314453,
    -27.390974044799805,
    -27.469715118408203,
    -27.54722023010254,
    -27.62348175048828,
    -27.698457717895508,
    -27.772090911865234,
    -27.84429168701172,
    -27.915067672729492,
    -27.984312057495117,
    -28.052000045776367,
    -28.11805534362793,
    -28.18245506286621,
    -28.245168685913086,
    -28.30620765686035,
    -28.36551284790039,
    -28.42313003540039,
    -28.47905731201172,
    -28.533363342285156,
    -28.586057662963867,
    -28.63721466064453,
    -28.686891555786133,
    -28.73514175415039,
    -28.782108306884766,
    -28.8277587890625,
    -28.87224769592285,
    -28.915584564208984,
    -28.95787239074707,
    -28.999168395996094,
    -29.039485931396484,
    -29.078907012939453,
    -29.117406845092773,
    -29.155086517333984,
    -29.19189453125,
    -29.22785758972168,
    -29.262971878051758,
    -29.297245025634766,
    -29.330610275268555,
    -29.363136291503906,
    -29.394718170166016,
    -29.42537498474121,
    -29.45511245727539,
    -29.483840942382812
  ],