{
  "size": 22,
  "opt_val": -28.0,
  "method": "VQE",
  "operations": [
    "Z3_Y4",
    "Z3_Y10",
    "Z3_Y2",
    "Z4_Y21",
    "Z4_Y1",
    "Z10_Y20",
    "Z10_Y16",
    "Z2_Y11",
    "Z2_Y13",
    "Z21_Y5",
    "Z1_Y6",
    "Z1_Y12",
    "Z18_Y20",
    "Z18_Y17",
    "Z20_Y14",
    "Z17_Y8",
    "Z5_Y9",
    "Z6_Y7",
    "Z6_Y19",
    "Z12_Y0",
    "Z7_Y15",
    "Z21_Y11",
    "Z18_Y16",
    "Z17_Y13",
    "Z16_Y8",
    "Z14_Y12",
    "Z14_Y8",
    "Z5_Y11",
    "Z7_Y19",
    "Z19_Y13",
    "Z0_Y9",
    "Z0_Y15",
    "Z15_Y9"
  ],
  "dt": 0.05,
  "lr": 0.05,
  "lam": 1.0,
  "mu": 0.9,
  "fix_step": 0,
  "constant_c": true,
  "parameters": [
    1.3834669589996338,
    1.3058931827545166,
    1.4610414505004883,
    1.4476858377456665,
    1.405771017074585,
    0.8854690790176392,
    0.17920850217342377,
    1.04902982711792,
    0.658714771270752,
    1.4361827373504639,
    1.539172649383545,
    1.2675389051437378,
    0.5759167075157166,
    1.5175870656967163,
    0.8959905505180359,
    0.8047250509262085,
    1.0092655420303345,
    1.4100393056869507,
    0.11993798613548279,
    1.3714687824249268,
    1.1133795976638794,
    0.29999205470085144,
    1.3870443105697632,
    0.37426576018333435,
    0.7314366698265076,
    0.12307845801115036,
    0.08592138439416885,
    0.7802098393440247,
    1.1759750843048096,
    0.6586616039276123,
    0.2558038532733917,
    0.4559206962585449,
    0.7267777919769287
  ],
  "opt_ratios": [
    2.861019311239943e-06,
    8.517101377947256e-06,
    1.3988808859721757e-05,
    2.229271922260523e-05,
    3.450955409789458e-05,
    5.195716948946938e-05,
    7.617997471243143e-05,
    0.000108919499325566,
    0.00015206713578663766,
    0.00020760078041348606,
    0.00027751526795327663,
    0.00036374953924678266,
    0.00046811907668597996,
    0.0005922577111050487,
    0.0007375719724223018,
    0.0009052196983247995,
    0.0010960930958390236,
    0.001310813007876277,
    0.0015497568529099226,
    0.0018130667740479112,
    0.0021006944589316845,
    0.0024124132469296455,
    0.0027478663250803947,
    0.003106604563072324,
    0.003488096408545971,
    0.003891774918884039,
    0.004317068494856358,
    0.004763391800224781,
    0.005230206064879894,
    0.0057169729843735695,
    0.006223208270967007,
    0.006748503539711237,
    0.007292476482689381,
    0.007854774594306946,
    0.008435145951807499,
    0.009033333510160446,
    0.009649138897657394,
    0.010282371193170547,
    0.010932880453765392,
    0.011600501835346222,
    0.012285113334655762,
    0.012986496090888977,
    0.013704448938369751,
    0.01443877536803484,
    0.015189104713499546,
    0.015955109149217606,
    0.01673632487654686,
    0.01753222942352295,
    0.018342193216085434,
    0.019165467470884323,
    0.020001228898763657,
    0.020848484709858894,
    0.021706154569983482,
    0.02257305383682251,
    0.02344786748290062,
    0.024329211562871933,
    0.025215420871973038,
    0.026104910299181938,
    0.026996035128831863,
    0.027886897325515747,
    0.028775757178664207,
    0.02966068685054779,
    0.030539896339178085,
    0.031411416828632355,
    0.03227348253130913,
    0.03312443196773529,
    0.03396249935030937,
    0.03478606045246124,
    0.03559374064207077,
    0.03638424724340439,
    0.03715638443827629,
    0.03790932521224022,
    0.0386420413851738,
    0.03935398533940315,
    0.04004451259970665,
    0.04071332514286041,
    0.04136025905609131,
    0.04198537766933441,
    0.042588867247104645,
    0.04317057505249977,
    0.04373079910874367,
    0.0442703440785408,
    0.04478918015956879,
    0.0452880859375,
    0.04576745629310608,
    0.046227797865867615,
    0.04666956886649132,
    0.04709319770336151,
    0.0474994033575058,
    0.047888439148664474,
    0.048260774463415146,
    0.048617172986269,
    0.048957355320453644,
    0.04928210377693176,
    0.04959174618124962,
    0.04988648742437363,
    0.05016655474901199,
    0.05043239891529083,
    0.05068393051624298,
    0.050921790301799774,
    0.05114586278796196
  ],
  "expectations": [
    -16.499977111816406,
    -17.316062927246094,
    -17.70752716064453,
    -18.08780288696289,
    -18.455890655517578,
    -18.81093406677246,
    -19.15221405029297,
    -19.479209899902344,
    -19.79157829284668,
    -20.089115142822266,
    -20.371868133544922,
    -20.63994026184082,
    -20.893638610839844,
    -21.133352279663086,
    -21.35960578918457,
    -21.572956085205078,
    -21.7740478515625,
    -21.963504791259766,
    -22.142059326171875,
    -22.31035041809082,
    -22.469091415405273,
    -22.618886947631836,
    -22.7603816986084,
    -22.894214630126953,
    -23.020923614501953,
    -23.141050338745117,
    -23.255125045776367,
    -23.36360740661621,
    -23.466964721679688,
    -23.565576553344727,
    -23.659820556640625,
    -23.750083923339844,
    -23.836679458618164,
    -23.91991424560547,
    -24.00007438659668,
    -24.07740592956543,
    -24.152158737182617,
    -24.224536895751953,
    -24.29477882385254,
    -24.363025665283203,
    -24.42949104309082,
    -24.494293212890625,
    -24.55759048461914,
    -24.619531631469727,
    -24.680213928222656,
    -24.739742279052734,
    -24.798221588134766,
    -24.85573959350586,
    -24.9123477935791,
    -24.968135833740234,
    -25.02315902709961,
    -25.077428817749023,
    -25.13104820251465,
    -25.183990478515625,
    -25.236309051513672,
    -25.288013458251953,
    -25.33910369873047,
    -25.38958168029785,
    -25.43947982788086,
    -25.488746643066406,
    -25.537395477294922,
    -25.585391998291016,
    -25.63274383544922,
    -25.679384231567383,
    -25.72532081604004,
    -25.770526885986328,
    -25.814964294433594,
    -25.858585357666016,
    -25.901376724243164,
    -25.943355560302734,
    -25.984405517578125,
    -26.02457046508789,
    -26.063800811767578,
    -26.10209083557129,
    -26.139404296875,
    -26.175743103027344,
    -26.211082458496094,
    -26.24541473388672,
    -26.278757095336914,
    -26.311073303222656,
    -26.34235382080078,
    -26.37265396118164,
    -26.401927947998047,
    -26.43021583557129,
    -26.457508087158203,
    -26.483829498291016,
    -26.50916290283203,
    -26.533554077148438,
    -26.557003021240234,
    -26.579524993896484,
    -26.601160049438477,
    -26.621898651123047,
    -26.641773223876953,
    -26.660795211791992,
    -26.678991317749023,
    -26.696380615234375,
    -26.712995529174805,
    -26.728843688964844,
    -26.743919372558594,
    -26.758310317993164,
    -26.77198028564453
  ],