{
  "size": 22,
  "opt_val": -30.0,
  "method": "VQE",
  "operations": [
    "Z3_Y4",
    "Z3_Y7",
    "Z3_Y16",
    "Z4_Y15",
    "Z4_Y19",
    "Z7_Y13",
    "Z7_Y6",
    "Z16_Y12",
    "Z16_Y18",
    "Z15_Y8",
    "Z15_Y17",
    "Z19_Y9",
    "Z12_Y5",
    "Z12_Y2",
    "Z5_Y14",
    "Z5_Y1",
    "Z18_Y21",
    "Z18_Y11",
    "Z13_Y10",
    "Z21_Y20",
    "Z20_Y0",
    "Z19_Y8",
    "Z2_Y8",
    "Z2_Y14",
    "Z13_Y17",
    "Z6_Y11",
    "Z6_Y10",
    "Z17_Y21",
    "Z20_Y14",
    "Z9_Y11",
    "Z9_Y0",
    "Z0_Y1",
    "Z1_Y10"
  ],
  "dt": 0.05,
  "lr": 0.05,
  "lam": 1.0,
  "mu": 0.9,
  "fix_step": 0,
  "constant_c": true,
  "parameters": [
    0.7268847823143005,
    1.5586848258972168,
    1.3320015668869019,
    1.549587368965149,
    1.3955692052841187,
    1.5626804828643799,
    1.5615383386611938,
    1.3665889501571655,
    1.312563419342041,
    0.7704643607139587,
    0.8930582404136658,
    0.7730013728141785,
    1.5603569746017456,
    1.4656264781951904,
    0.7744255065917969,
    1.192345142364502,
    0.6361274123191833,
    0.8481791019439697,
    0.6923663020133972,
    1.1935691833496094,
    1.3607888221740723,
    0.8105103373527527,
    0.06539542973041534,
    0.7885316014289856,
    0.6725738644599915,
    0.7101333737373352,
    0.6902481317520142,
    0.20000410079956055,
    0.05387362837791443,
    0.12360665202140808,
    0.18831834197044373,
    0.3775550127029419,
    0.19133393466472626
  ],
  "opt_ratios": [
    4.7683653292551753e-07,
    1.721477929095272e-06,
    3.1146046239882708e-06,
    5.461855380417546e-06,
    9.292840331909247e-06,
    1.5356456060544588e-05,
    2.467471313138958e-05,
    3.8594815123360604e-05,
    5.8833953517023474e-05,
    8.750945562496781e-05,
    0.00012714823242276907,
    0.0001806702493922785,
    0.00025134108727797866,
    0.00034269303432665765,
    0.0004584184498526156,
    0.000602240557782352,
    0.0007777648861519992,
    0.0009883316233754158,
    0.0012368797324597836,
    0.0015258147614076734,
    0.0018569291569292545,
    0.002231320831924677,
    0.0026493926998227835,
    0.003110850229859352,
    0.0036147385835647583,
    0.004159510135650635,
    0.00474311038851738,
    0.00536303361877799,
    0.006016440689563751,
    0.006700210273265839,
    0.007411104626953602,
    0.008145666681230068,
    0.008900427259504795,
    0.009671913459897041,
    0.010456693358719349,
    0.011251430958509445,
    0.012052916921675205,
    0.012858020141720772,
    0.013663934543728828,
    0.014467968605458736,
    0.015267685055732727,
    0.016060927882790565,
    0.01684587448835373,
    0.01762079820036888,
    0.018384549766778946,
    0.01913602463901043,
    0.01987449638545513,
    0.020599525421857834,
    0.02131098322570324,
    0.022008907049894333,
    0.022693421691656113,
    0.02336517721414566,
    0.02402486279606819,
    0.0246733408421278,
    0.02531130239367485,
    0.025940105319023132,
    0.026560885831713676,
    0.02717503532767296,
    0.02778349630534649,
    0.028387833386659622,
    0.028989341109991074,
    0.029589446261525154,
    0.0301896333694458,
    0.030791087076067924,
    0.03139500319957733,
    0.03200284764170647,
    0.03261590376496315,
    0.03323542699217796,
    0.03386233001947403,
    0.03449808061122894,
    0.0351438894867897,
    0.03580055385828018,
    0.03646931052207947,
    0.037151120603084564,
    0.03784679248929024,
    0.0385574996471405,
    0.03928384184837341,
    0.040026821196079254,
    0.040787581354379654,
    0.041566845029592514,
    0.04236506670713425,
    0.043183282017707825,
    0.04402216523885727,
    0.044882796704769135,
    0.04576551541686058,
    0.04667120426893234,
    0.047600943595170975,
    0.0485551655292511,
    0.04953477531671524,
    0.050540223717689514,
    0.05157272890210152,
    0.052632980048656464,
    0.05372205004096031,
    0.05484043061733246,
    0.055989429354667664,
    0.05716981738805771,
    0.05838237330317497,
    0.05962854623794556,
    0.06090986356139183,
    0.06222713366150856,
    0.06358161568641663
  ],
  "expectations": [
    -16.499977111816406,
    -17.323871612548828,
    -17.732398986816406,
    -18.136795043945312,
    -18.53570556640625,
    -18.927902221679688,
    -19.312313079833984,
    -19.687971115112305,
    -20.054140090942383,
    -20.4101505279541,
    -20.75552749633789,
    -21.089885711669922,
    -21.412935256958008,
    -21.724525451660156,
    -22.024526596069336,
    -22.31291961669922,
    -22.589733123779297,
    -22.85499382019043,
    -23.108909606933594,
    -23.35162925720215,
    -23.583351135253906,
    -23.804367065429688,
    -24.014999389648438,
    -24.215591430664062,
    -24.40652084350586,
    -24.58818244934082,
    -24.761003494262695,
    -24.925405502319336,
    -25.081832885742188,
    -25.230688095092773,
    -25.372406005859375,
    -25.507375717163086,
    -25.635940551757812,
    -25.758474349975586,
    -25.87529182434082,
    -25.986724853515625,
    -26.09300994873047,
    -26.19442367553711,
    -26.29119110107422,
    -26.383522033691406,
    -26.471633911132812,
    -26.555694580078125,
    -26.635883331298828,
    -26.712364196777344,
    -26.785282135009766,
    -26.854808807373047,
    -26.921052932739258,
    -26.984163284301758,
    -27.044313430786133,
    -27.1015625,
    -27.156091690063477,
    -27.208023071289062,
    -27.25745391845703,
    -27.30451202392578,
    -27.34931182861328,
    -27.391986846923828,
    -27.432615280151367,
    -27.471324920654297,
    -27.50822639465332,
    -27.54336929321289,
    -27.57689666748047,
    -27.608871459960938,
    -27.639421463012695,
    -27.6685733795166,
    -27.69644546508789,
    -27.723087310791016,
    -27.748565673828125,
    -27.772945404052734,
    -27.796302795410156,
    -27.818710327148438,
    -27.84017562866211,
    -27.860790252685547,
    -27.88055992126465,
    -27.899581909179688,
    -27.917865753173828,
    -27.935441970825195,
    -27.952362060546875,
    -27.968656539916992,
    -27.98436164855957,
    -27.999492645263672,
    -28.014102935791016,
    -28.028167724609375,
    -28.04177474975586,
    -28.054912567138672,
    -28.06759262084961,
    -28.07985496520996,
    -28.091716766357422,
    -28.103160858154297,
    -28.11428451538086,
    -28.125015258789062,
    -28.135438919067383,
    -28.14552116394043,
    -28.155303955078125,
    -28.164749145507812,
    -28.17394256591797,
    -28.182851791381836,
    -28.191513061523438,
    -28.199905395507812,
    -28.208093643188477,
    -28.216018676757812,
    -28.22372055053711
  ],