{
  "size": 22,
  "opt_val": -30.0,
  "method": "VQE",
  "operations": [
    "Z4_Y21",
    "Z4_Y2",
    "Z4_Y7",
    "Z21_Y14",
    "Z21_Y11",
    "Z2_Y6",
    "Z2_Y13",
    "Z7_Y10",
    "Z14_Y12",
    "Z14_Y20",
    "Z11_Y3",
    "Z11_Y8",
    "Z5_Y10",
    "Z5_Y16",
    "Z5_Y0",
    "Z0_Y19",
    "Z0_Y15",
    "Z12_Y17",
    "Z19_Y9",
    "Z15_Y18",
    "Z18_Y1",
    "Z7_Y13",
    "Z10_Y12",
    "Z16_Y13",
    "Z16_Y8",
    "Z8_Y17",
    "Z19_Y15",
    "Z17_Y18",
    "Z1_Y9",
    "Z1_Y20",
    "Z9_Y3",
    "Z20_Y6",
    "Z3_Y6"
  ],
  "dt": 0.05,
  "lr": 0.05,
  "lam": 1.0,
  "mu": 0.9,
  "fix_step": 0,
  "constant_c": true,
  "parameters": [
    1.5662572383880615,
    1.5669163465499878,
    1.564772367477417,
    1.5685051679611206,
    1.563158392906189,
    0.6533119678497314,
    0.762211263179779,
    1.39359450340271,
    1.2303389310836792,
    1.4377164840698242,
    1.4353312253952026,
    1.4487947225570679,
    0.17563866078853607,
    1.4038063287734985,
    1.3971352577209473,
    1.197886347770691,
    1.2031970024108887,
    0.48694583773612976,
    0.8225351572036743,
    1.387776494026184,
    1.4232256412506104,
    0.7621915936470032,
    0.33974364399909973,
    0.0632600486278534,
    0.11778828501701355,
    1.0630663633346558,
    0.15629573166370392,
    0.10858169943094254,
    0.7456153631210327,
    0.1312531977891922,
    0.13360631465911865,
    0.4643056392669678,
    0.455360472202301
  ],
  "opt_ratios": [
    4.7683653292551753e-07,
    1.7257865465580835e-06,
    3.123050646536285e-06,
    5.475747911987128e-06,
    9.310754649050068e-06,
    1.5369552784250118e-05,
    2.465919533278793e-05,
    3.850168650387786e-05,
    5.857827636646107e-05,
    8.696434088051319e-05,
    0.00012615062587428838,
    0.00017905185814015567,
    0.0002489964244887233,
    0.0003396992105990648,
    0.00045522296568378806,
    0.000599915802013129,
    0.0007783423643559217,
    0.0009951912797987461,
    0.0012551795225590467,
    0.001562934834510088,
    0.0019228721503168344,
    0.0023390718270093203,
    0.0028151250444352627,
    0.0033539985306560993,
    0.003957922570407391,
    0.004628212656825781,
    0.005365205928683281,
    0.006168141029775143,
    0.007035116199404001,
    0.007962998002767563,
    0.008947486989200115,
    0.009983126074075699,
    0.011063388548791409,
    0.012180807068943977,
    0.013327102176845074,
    0.014493321999907494,
    0.015670159831643105,
    0.016848057508468628,
    0.018017416819930077,
    0.019168855622410774,
    0.0202933456748724,
    0.021382447332143784,
    0.02242835983633995,
    0.023424182087183,
    0.024363823235034943,
    0.025242101401090622,
    0.026054877787828445,
    0.026798812672495842,
    0.02747165597975254,
    0.02807193249464035,
    0.028598668053746223,
    0.02905205264687538,
    0.029432512819767,
    0.029741141945123672,
    0.02997933141887188,
    0.0301495473831892,
    0.03025316819548607,
    0.030293293297290802,
    0.0302721094340086,
    0.030192187055945396,
    0.03005661442875862,
    0.02986830659210682,
    0.029629811644554138,
    0.02934424951672554,
    0.02901485748589039,
    0.028644252568483353,
    0.028235284611582756,
    0.0277912188321352,
    0.027314748615026474,
    0.02680874988436699,
    0.026276282966136932,
    0.025720033794641495,
    0.02514266036450863,
    0.024547157809138298,
    0.023935789242386818,
    0.02331157959997654,
    0.02267693541944027,
    0.02203412353992462,
    0.02138598822057247,
    0.020734554156661034,
    0.020082127302885056,
    0.01943035051226616,
    0.018781451508402824,
    0.01813703402876854,
    0.01749875769019127,
    0.01686830073595047,
    0.016246840357780457,
    0.015635795891284943,
    0.015036169439554214,
    0.014448974281549454,
    0.013875034637749195,
    0.013315096497535706,
    0.012769735418260098,
    0.012239423580467701,
    0.011724538169801235,
    0.011225266382098198,
    0.01074197143316269,
    0.010274700820446014,
    0.009823378175497055,
    0.009388010948896408,
    0.008968482725322247
  ],
  "expectations": [
    -16.49997901916504,
    -17.321063995361328,
    -17.723093032836914,
    -18.11783790588379,
    -18.50380516052246,
    -18.879741668701172,
    -19.244592666625977,
    -19.597606658935547,
    -19.938232421875,
    -20.266155242919922,
    -20.581327438354492,
    -20.88385581970215,
    -21.17401885986328,
    -21.45220947265625,
    -21.718942642211914,
    -21.97480010986328,
    -22.220346450805664,
    -22.456253051757812,
    -22.683135986328125,
    -22.90158462524414,
    -23.112197875976562,
    -23.315528869628906,
    -23.512052536010742,
    -23.702213287353516,
    -23.886432647705078,
    -24.065040588378906,
    -24.23834228515625,
    -24.406612396240234,
    -24.57002067565918,
    -24.728759765625,
    -24.882938385009766,
    -25.032672882080078,
    -25.178062438964844,
    -25.319101333618164,
    -25.455896377563477,
    -25.588424682617188,
    -25.71674156188965,
    -25.84087562561035,
    -25.96083641052246,
    -26.0766544342041,
    -26.188373565673828,
    -26.296043395996094,
    -26.399730682373047,
    -26.499462127685547,
    -26.595355987548828,
    -26.687498092651367,
    -26.7760009765625,
    -26.860944747924805,
    -26.942462921142578,
    -27.02074432373047,
    -27.095836639404297,
    -27.1679630279541,
    -27.23720932006836,
    -27.303760528564453,
    -27.36772918701172,
    -27.429262161254883,
    -27.48851203918457,
    -27.545602798461914,
    -27.60064125061035,
    -27.65380096435547,
    -27.705120086669922,
    -27.754743576049805,
    -27.802749633789062,
    -27.8492431640625,
    -27.89427375793457,
    -27.937925338745117,
    -27.980234146118164,
    -28.02129364013672,
    -28.061141967773438,
    -28.09980583190918,
    -28.137285232543945,
    -28.173667907714844,
    -28.208948135375977,
    -28.2431640625,
    -28.276317596435547,
    -28.30841827392578,
    -28.33948516845703,
    -28.36953353881836,
    -28.398571014404297,
    -28.426605224609375,
    -28.453678131103516,
    -28.479711532592773,
    -28.504817962646484,
    -28.528968811035156,
    -28.552165985107422,
    -28.574411392211914,
    -28.59575080871582,
    -28.616191864013672,
    -28.6357421875,
    -28.654436111450195,
    -28.672286987304688,
    -28.689311981201172,
    -28.705522537231445,
    -28.720975875854492,
    -28.735675811767578,
    -28.7496280670166,
    -28.762897491455078,
    -28.77550506591797,
    -28.787418365478516,
    -28.798738479614258,
    -28.8094539642334
  ],