{
  "size": 22,
  "opt_val": -30.0,
  "method": "VQE",
  "operations": [
    "Z6_Y18",
    "Z6_Y8",
    "Z6_Y3",
    "Z18_Y19",
    "Z18_Y21",
    "Z8_Y16",
    "Z3_Y5",
    "Z3_Y14",
    "Z19_Y13",
    "Z21_Y11",
    "Z4_Y12",
    "Z4_Y7",
    "Z4_Y10",
    "Z12_Y11",
    "Z0_Y2",
    "Z0_Y5",
    "Z0_Y20",
    "Z2_Y17",
    "Z5_Y9",
    "Z20_Y15",
    "Z17_Y1",
    "Z8_Y19",
    "Z21_Y16",
    "Z12_Y7",
    "Z7_Y14",
    "Z10_Y13",
    "Z10_Y11",
    "Z2_Y20",
    "Z17_Y15",
    "Z9_Y1",
    "Z9_Y15",
    "Z1_Y16",
    "Z13_Y14"
  ],
  "dt": 0.05,
  "lr": 0.05,
  "lam": 1.0,
  "mu": 0.9,
  "fix_step": 0,
  "constant_c": true,
  "parameters": [
    1.5470415353775024,
    1.5275044441223145,
    1.4719661474227905,
    1.342954158782959,
    1.3185032606124878,
    0.5126001238822937,
    0.05135079473257065,
    0.5068116784095764,
    0.7354423999786377,
    0.10549294203519821,
    1.4083514213562012,
    0.12390664219856262,
    1.5387951135635376,
    0.7476792931556702,
    1.511687159538269,
    1.5188971757888794,
    -0.1532450020313263,
    1.5652614831924438,
    1.5602811574935913,
    0.043761830776929855,
    0.7994639873504639,
    0.2183060348033905,
    0.5325971841812134,
    1.045959234237671,
    0.3938395082950592,
    0.7931458353996277,
    0.7477489709854126,
    1.3057310581207275,
    0.965918242931366,
    0.7703576683998108,
    0.5935415625572205,
    1.2595797777175903,
    0.7725363373756409
  ],
  "opt_ratios": [
    4.7683653292551753e-07,
    1.7179679616674548e-06,
    3.0861551749694627e-06,
    5.358858288673218e-06,
    9.006426807900425e-06,
    1.4671430108137429e-05,
    2.319914710824378e-05,
    3.566325540305115e-05,
    5.338367191143334e-05,
    7.793553231749684e-05,
    0.00011114707012893632,
    0.0001550924644106999,
    0.00021207405370660126,
    0.00028460397152230144,
    0.00037538172909989953,
    0.0004872757417615503,
    0.0006233060848899186,
    0.0007866269443184137,
    0.0009805290028452873,
    0.0012084238696843386,
    0.0014738519676029682,
    0.0017804809613153338,
    0.002132118446752429,
    0.002532727550715208,
    0.002986413659527898,
    0.0034974729642271996,
    0.004070389084517956,
    0.004709810949862003,
    0.005420616827905178,
    0.00620788149535656,
    0.007076886482536793,
    0.008033114485442638,
    0.009082268923521042,
    0.010230152867734432,
    0.011482805013656616,
    0.01284627616405487,
    0.01432674191892147,
    0.015930304303765297,
    0.017663022503256798,
    0.019530773162841797,
    0.02153921127319336,
    0.023693492636084557,
    0.025998305529356003,
    0.028457792475819588,
    0.031075162813067436,
    0.03385276719927788,
    0.036791689693927765,
    0.039892036467790604,
    0.04315251111984253,
    0.04657016694545746,
    0.05014026537537575,
    0.05385686084628105,
    0.05771194025874138,
    0.0616961307823658,
    0.06579795479774475,
    0.07000494003295898,
    0.07430290430784225,
    0.07867671549320221,
    0.08311055600643158,
    0.08758752048015594,
    0.0920908972620964,
    0.09660394489765167,
    0.10111019760370255,
    0.10559434443712234,
    0.11004170775413513,
    0.11443856358528137,
    0.11877266317605972,
    0.12303361296653748,
    0.12721191346645355,
    0.13130035996437073,
    0.13529269397258759,
    0.1391838639974594,
    0.1429707556962967,
    0.1466505527496338,
    0.15022248029708862,
    0.15368534624576569,
    0.15704084932804108,
    0.16029013693332672,
    0.16343368589878082,
    0.16647401452064514,
    0.16941329836845398,
    0.17225424945354462,
    0.1749996840953827,
    0.17765259742736816,
    0.18021535873413086,
    0.18269136548042297,
    0.18508280813694,
    0.1873931884765625,
    0.18962439894676208,
    0.1917801797389984,
    0.19386248290538788,
    0.19587358832359314,
    0.19781740009784698,
    0.19969503581523895,
    0.20150774717330933,
    0.2032587081193924,
    0.2049507051706314,
    0.20658573508262634,
    0.20816399157047272,
    0.20968803763389587,
    0.21116018295288086
  ],
  "expectations": [
    -16.499977111816406,
    -17.318614959716797,
    -17.7154541015625,
    -18.10306167602539,
    -18.48004913330078,
    -18.845256805419922,
    -19.19772720336914,
    -19.536693572998047,
    -19.86166763305664,
    -20.172407150268555,
    -20.46879005432129,
    -20.75103187561035,
    -21.019424438476562,
    -21.274364471435547,
    -21.51645278930664,
    -21.746261596679688,
    -21.96445083618164,
    -22.17170524597168,
    -22.36870765686035,
    -22.556110382080078,
    -22.73459243774414,
    -22.90473175048828,
    -23.06710433959961,
    -23.222288131713867,
    -23.37079620361328,
    -23.513072967529297,
    -23.649633407592773,
    -23.780826568603516,
    -23.90703582763672,
    -24.028663635253906,
    -24.14599609375,
    -24.259410858154297,
    -24.369178771972656,
    -24.47555160522461,
    -24.578840255737305,
    -24.67926025390625,
    -24.777084350585938,
    -24.872512817382812,
    -24.965789794921875,
    -25.05707550048828,
    -25.1466121673584,
    -25.234527587890625,
    -25.320987701416016,
    -25.406169891357422,
    -25.49017906188965,
    -25.573163986206055,
    -25.655170440673828,
    -25.736284255981445,
    -25.81658363342285,
    -25.8961124420166,
    -25.97480583190918,
    -26.052722930908203,
    -26.1297607421875,
    -26.205883026123047,
    -26.28099250793457,
    -26.354982376098633,
    -26.427692413330078,
    -26.499004364013672,
    -26.56875228881836,
    -26.63677215576172,
    -26.70292854309082,
    -26.767065048217773,
    -26.828990936279297,
    -26.888652801513672,
    -26.945940017700195,
    -27.000747680664062,
    -27.05301856994629,
    -27.102737426757812,
    -27.14990997314453,
    -27.194561004638672,
    -27.236703872680664,
    -27.27642822265625,
    -27.313796997070312,
    -27.34890365600586,
    -27.381851196289062,
    -27.412710189819336,
    -27.44162940979004,
    -27.468734741210938,
    -27.494098663330078,
    -27.517860412597656,
    -27.54010772705078,
    -27.560977935791016,
    -27.58052635192871,
    -27.59886932373047,
    -27.616069793701172,
    -27.632265090942383,
    -27.647504806518555,
    -27.66181755065918,
    -27.67534637451172,
    -27.688091278076172,
    -27.700138092041016,
    -27.71154022216797,
    -27.72231674194336,
    -27.7325439453125,
    -27.742225646972656,
    -27.751434326171875,
    -27.76019287109375,
    -27.76853370666504,
    -27.776451110839844,
    -27.783994674682617,
    -27.791223526000977
  ],