{
  "size": 22,
  "opt_val": -29.0,
  "method": "VQE",
  "operations": [
    "Z12_Y16",
    "Z12_Y19",
    "Z12_Y21",
    "Z16_Y15",
    "Z16_Y18",
    "Z19_Y14",
    "Z19_Y20",
    "Z21_Y9",
    "Z21_Y0",
    "Z15_Y10",
    "Z15_Y8",
    "Z18_Y5",
    "Z18_Y4",
    "Z14_Y1",
    "Z20_Y2",
    "Z5_Y13",
    "Z13_Y3",
    "Z13_Y17",
    "Z10_Y11",
    "Z3_Y6",
    "Z6_Y7",
    "Z14_Y20",
    "Z5_Y10",
    "Z3_Y11",
    "Z17_Y4",
    "Z17_Y2",
    "Z6_Y9",
    "Z11_Y8",
    "Z1_Y2",
    "Z1_Y0",
    "Z4_Y8",
    "Z7_Y0",
    "Z7_Y9"
  ],
  "dt": 0.05,
  "lr": 0.05,
  "lam": 1.0,
  "mu": 0.9,
  "fix_step": 0,
  "constant_c": true,
  "parameters": [
    1.5562117099761963,
    1.5585116147994995,
    1.539204478263855,
    1.50186026096344,
    1.5646945238113403,
    1.4932464361190796,
    -0.07897406071424484,
    1.1122406721115112,
    0.6253774166107178,
    1.5247286558151245,
    0.5814661383628845,
    1.5487117767333984,
    -0.04259539023041725,
    1.5640568733215332,
    0.06196236610412598,
    1.5648435354232788,
    1.5625709295272827,
    1.5118656158447266,
    0.8922508358955383,
    1.5241121053695679,
    1.5176596641540527,
    1.3204776048660278,
    0.023191120475530624,
    0.678154706954956,
    1.4100648164749146,
    0.5745152235031128,
    0.30500197410583496,
    0.7134425640106201,
    0.9853232502937317,
    0.5368142127990723,
    0.27668339014053345,
    0.4093266725540161,
    0.7265920042991638
  ],
  "opt_ratios": [
    9.536730658510351e-07,
    3.1306758501159493e-06,
    5.394161235017236e-06,
    9.009697350848e-06,
    1.46044185385108e-05,
    2.300289270351641e-05,
    3.525150896166451e-05,
    5.263503408059478e-05,
    7.668367470614612e-05,
    0.00010917094186879694,
    0.00015210451965685934,
    0.0002077100216411054,
    0.00027841684641316533,
    0.00036684470251202583,
    0.0004757955321110785,
    0.0006082556210458279,
    0.0007674042717553675,
    0.0009566373773850501,
    0.0011795959435403347,
    0.001440209336578846,
    0.0017427299171686172,
    0.0020918073132634163,
    0.0024925454054027796,
    0.002950560301542282,
    0.003472084179520607,
    0.0040640197694301605,
    0.004734081216156483,
    0.005490809679031372,
    0.006343798246234655,
    0.007303728722035885,
    0.008382568135857582,
    0.009593687020242214,
    0.01095209177583456,
    0.012474557384848595,
    0.014179759658873081,
    0.016088740900158882,
    0.01822498068213463,
    0.020614728331565857,
    0.023287329822778702,
    0.026275556534528732,
    0.029615916311740875,
    0.03334912657737732,
    0.037520475685596466,
    0.04218018054962158,
    0.04738376662135124,
    0.05319241061806679,
    0.05967344343662262,
    0.06690015643835068,
    0.07495256513357162,
    0.08391619473695755,
    0.09388280659914017,
    0.10494881868362427,
    0.11721385270357132,
    0.13078013062477112,
    0.14574745297431946,
    0.1622130125761032,
    0.18026329576969147,
    0.19997242093086243,
    0.22139301896095276,
    0.24455270171165466,
    0.26944541931152344,
    0.2960253059864044,
    0.32419905066490173,
    0.35382893681526184,
    0.3847278952598572,
    0.4166627824306488,
    0.4493544101715088,
    0.48250097036361694,
    0.5157836675643921,
    0.5488693714141846,
    0.5814418792724609,
    0.6132141351699829,
    0.6439236402511597,
    0.6733474731445312,
    0.70131516456604,
    0.7277001738548279,
    0.7524255514144897,
    0.7754496932029724,
    0.7967721819877625,
    0.8164201378822327,
    0.8344443440437317,
    0.8509162068367004,
    0.8659194111824036,
    0.8795411586761475,
    0.8918784856796265,
    0.9030280113220215,
    0.9130867719650269,
    0.9221432209014893,
    0.9302870035171509,
    0.9376020431518555,
    0.9441656470298767,
    0.950049877166748,
    0.9553219676017761,
    0.9600425958633423,
    0.9642670154571533,
    0.9680472612380981,
    0.9714277982711792,
    0.9744508862495422,
    0.9771525859832764,
    0.979568600654602,
    0.981727123260498
  ],
  "expectations": [
    -16.499977111816406,
    -17.318613052368164,
    -17.715517044067383,
    -18.103242874145508,
    -18.4804630279541,
    -18.846052169799805,
    -19.198936462402344,
    -19.538314819335938,
    -19.863561630249023,
    -20.174203872680664,
    -20.470048904418945,
    -20.751041412353516,
    -21.017318725585938,
    -21.269210815429688,
    -21.50714874267578,
    -21.731685638427734,
    -21.943462371826172,
    -22.143177032470703,
    -22.331584930419922,
    -22.509464263916016,
    -22.677541732788086,
    -22.836605072021484,
    -22.98735237121582,
    -23.130491256713867,
    -23.266706466674805,
    -23.396608352661133,
    -23.520782470703125,
    -23.639760971069336,
    -23.75408935546875,
    -23.864198684692383,
    -23.970552444458008,
    -24.073558807373047,
    -24.173627853393555,
    -24.271060943603516,
    -24.366222381591797,
    -24.45943260192871,
    -24.551006317138672,
    -24.64120101928711,
    -24.73030662536621,
    -24.81861114501953,
    -24.90636444091797,
    -24.993799209594727,
    -25.08118438720703,
    -25.168764114379883,
    -25.256784439086914,
    -25.34549331665039,
    -25.43514060974121,
    -25.52593231201172,
    -25.618160247802734,
    -25.711997985839844,
    -25.807723999023438,
    -25.90552520751953,
    -26.00556182861328,
    -26.108051300048828,
    -26.213054656982422,
    -26.320722579956055,
    -26.431007385253906,
    -26.543855667114258,
    -26.659168243408203,
    -26.776611328125,
    -26.89590835571289,
    -27.016517639160156,
    -27.137874603271484,
    -27.25925636291504,
    -27.379878997802734,
    -27.498872756958008,
    -27.615375518798828,
    -27.72848892211914,
    -27.83742904663086,
    -27.941450119018555,
    -28.039926528930664,
    -28.132450103759766,
    -28.21868324279785,
    -28.298442840576172,
    -28.37177276611328,
    -28.438716888427734,
    -28.499534606933594,
    -28.554523468017578,
    -28.60401153564453,
    -28.648408889770508,
    -28.688087463378906,
    -28.72348403930664,
    -28.755008697509766,
    -28.782958984375,
    -28.807788848876953,
    -28.829776763916016,
    -28.849275588989258,
    -28.86650848388672,
    -28.88174057006836,
    -28.895235061645508,
    -28.90716552734375,
    -28.917707443237305,
    -28.927030563354492,
    -28.935283660888672,
    -28.942569732666016,
    -28.949031829833984,
    -28.954748153686523,
    -28.959808349609375,
    -28.964275360107422,
    -28.96825408935547,
    -28.971763610839844
  ],