{
  "size": 22,
  "opt_val": -29.0,
  "method": "VQE",
  "operations": [
    "Z16_Y20",
    "Z16_Y11",
    "Z16_Y21",
    "Z20_Y9",
    "Z20_Y13",
    "Z11_Y17",
    "Z11_Y5",
    "Z21_Y19",
    "Z21_Y0",
    "Z9_Y8",
    "Z9_Y14",
    "Z7_Y17",
    "Z7_Y10",
    "Z17_Y3",
    "Z10_Y18",
    "Z10_Y2",
    "Z14_Y12",
    "Z3_Y6",
    "Z3_Y1",
    "Z6_Y15",
    "Z15_Y4",
    "Z13_Y8",
    "Z13_Y19",
    "Z7_Y14",
    "Z6_Y19",
    "Z15_Y0",
    "Z4_Y12",
    "Z4_Y5",
    "Z0_Y1",
    "Z12_Y18",
    "Z8_Y2",
    "Z2_Y1",
    "Z5_Y18"
  ],
  "dt": 0.05,
  "lr": 0.05,
  "lam": 1.0,
  "mu": 0.9,
  "fix_step": 0,
  "constant_c": true,
  "parameters": [
    1.3879445791244507,
    1.4102717638015747,
    1.3695775270462036,
    1.5502077341079712,
    1.5438302755355835,
    0.20385660231113434,
    0.379026859998703,
    0.4940120577812195,
    1.2465170621871948,
    0.7858219742774963,
    0.5721628069877625,
    1.331336259841919,
    1.3743599653244019,
    1.3873957395553589,
    0.1886487603187561,
    0.8547559380531311,
    0.1485932469367981,
    1.2450685501098633,
    0.3873055875301361,
    1.2449852228164673,
    1.2803913354873657,
    0.7848259806632996,
    0.5542534589767456,
    0.971053421497345,
    1.2240318059921265,
    0.31016114354133606,
    1.3954856395721436,
    1.185006022453308,
    0.3259049355983734,
    0.7621343731880188,
    0.7129113674163818,
    0.9702130556106567,
    0.8362694382667542
  ],
  "opt_ratios": [
    2.384182607784169e-06,
    7.823668056516908e-06,
    1.353263360215351e-05,
    2.271867197123356e-05,
    3.7043897464172915e-05,
    5.8712801546789706e-05,
    9.053829126060009e-05,
    0.00013597466750070453,
    0.00019910887931473553,
    0.00028460173052735627,
    0.0003975876607000828,
    0.0005435266648419201,
    0.0007280379068106413,
    0.0009567133383825421,
    0.0012349516618996859,
    0.0015677980845794082,
    0.001959828194230795,
    0.0024150621611624956,
    0.0029369215480983257,
    0.003528221510350704,
    0.004191213753074408,
    0.004927631001919508,
    0.005738762207329273,
    0.006625535897910595,
    0.007588601671159267,
    0.008628465235233307,
    0.009745505638420582,
    0.010940104722976685,
    0.012212671339511871,
    0.01356374379247427,
    0.014994019642472267,
    0.01650438830256462,
    0.018095921725034714,
    0.019769959151744843,
    0.021528027951717377,
    0.023371819406747818,
    0.025303516536951065,
    0.027325183153152466,
    0.02943916991353035,
    0.03164820373058319,
    0.03395490348339081,
    0.036362215876579285,
    0.038873013108968735,
    0.041490353643894196,
    0.044217370450496674,
    0.04705734923481941,
    0.050013355910778046,
    0.053088635206222534,
    0.05628630518913269,
    0.05960938334465027,
    0.06306099146604538,
    0.06664391607046127,
    0.07036100327968597,
    0.07421490550041199,
    0.07820774614810944,
    0.08234179019927979,
    0.086619071662426,
    0.09104091674089432,
    0.0956088975071907,
    0.10032328218221664,
    0.1051846370100975,
    0.11019324511289597,
    0.11534841358661652,
    0.12064872682094574,
    0.12609264254570007,
    0.13167816400527954,
    0.13740196824073792,
    0.14326156675815582,
    0.14925174415111542,
    0.15536800026893616,
    0.16160550713539124,
    0.16795749962329865,
    0.1744169294834137,
    0.18097764253616333,
    0.18763074278831482,
    0.1943681538105011,
    0.20117977261543274,
    0.20805761218070984,
    0.21499164402484894,
    0.22197018563747406,
    0.22898322343826294,
    0.23602168262004852,
    0.24307233095169067,
    0.2501247525215149,
    0.2571682035923004,
    0.26419293880462646,
    0.27118539810180664,
    0.2781369686126709,
    0.28503626585006714,
    0.29187387228012085,
    0.2986396551132202,
    0.30532482266426086,
    0.31192177534103394,
    0.31842172145843506,
    0.32481491565704346,
    0.33109617233276367,
    0.3372584581375122,
    0.3432980477809906,
    0.3492080867290497,
    0.3549826145172119,
    0.36061981320381165
  ],
  "expectations": [
    -16.499977111816406,
    -17.3237361907959,
    -17.731712341308594,
    -18.13490867614746,
    -18.531688690185547,
    -18.92053985595703,
    -19.300100326538086,
    -19.669193267822266,
    -20.026826858520508,
    -20.37224578857422,
    -20.7048397064209,
    -21.024248123168945,
    -21.33026123046875,
    -21.622791290283203,
    -21.901962280273438,
    -22.167943954467773,
    -22.421043395996094,
    -22.661617279052734,
    -22.890087127685547,
    -23.10688018798828,
    -23.312448501586914,
    -23.50733757019043,
    -23.691946029663086,
    -23.866779327392578,
    -24.03226661682129,
    -24.188865661621094,
    -24.337024688720703,
    -24.477123260498047,
    -24.60958480834961,
    -24.73478889465332,
    -24.85312271118164,
    -24.96493911743164,
    -25.070571899414062,
    -25.170392990112305,
    -25.264747619628906,
    -25.353923797607422,
    -25.438264846801758,
    -25.518056869506836,
    -25.59356689453125,
    -25.665142059326172,
    -25.732994079589844,
    -25.797391891479492,
    -25.85857391357422,
    -25.916791915893555,
    -25.972246170043945,
    -26.025157928466797,
    -26.075658798217773,
    -26.12400245666504,
    -26.170326232910156,
    -26.214757919311523,
    -26.25748634338379,
    -26.298646926879883,
    -26.338340759277344,
    -26.376691818237305,
    -26.413789749145508,
    -26.44976806640625,
    -26.484691619873047,
    -26.518665313720703,
    -26.551738739013672,
    -26.584007263183594,
    -26.615501403808594,
    -26.64630699157715,
    -26.676488876342773,
    -26.706073760986328,
    -26.735084533691406,
    -26.763586044311523,
    -26.791637420654297,
    -26.819204330444336,
    -26.846359252929688,
    -26.873123168945312,
    -26.899513244628906,
    -26.925525665283203,
    -26.95120620727539,
    -26.976547241210938,
    -27.001543045043945,
    -27.02623176574707,
    -27.05060577392578,
    -27.07466697692871,
    -27.09841537475586,
    -27.121856689453125,
    -27.144973754882812,
    -27.16781997680664,
    -27.1903076171875,
    -27.212505340576172,
    -27.23436737060547,
    -27.25589370727539,
    -27.277101516723633,
    -27.297964096069336,
    -27.318490982055664,
    -27.338645935058594,
    -27.35848045349121,
    -27.37794303894043,
    -27.397031784057617,
    -27.415769577026367,
    -27.434118270874023,
    -27.452116012573242,
    -27.469715118408203,
    -27.486936569213867,
    -27.50377655029297,
    -27.52022933959961,
    -27.536296844482422
  ],