{
  "size": 22,
  "opt_val": -30.0,
  "method": "VQE",
  "operations": [
    "Z15_Y21",
    "Z15_Y20",
    "Z15_Y12",
    "Z21_Y19",
    "Z21_Y18",
    "Z20_Y16",
    "Z20_Y1",
    "Z12_Y11",
    "Z12_Y3",
    "Z19_Y9",
    "Z19_Y2",
    "Z18_Y17",
    "Z16_Y10",
    "Z10_Y4",
    "Z1_Y14",
    "Z1_Y7",
    "Z4_Y6",
    "Z4_Y5",
    "Z6_Y13",
    "Z0_Y8",
    "Z0_Y11",
    "Z18_Y16",
    "Z10_Y17",
    "Z6_Y5",
    "Z5_Y14",
    "Z13_Y14",
    "Z13_Y2",
    "Z0_Y3",
    "Z8_Y17",
    "Z8_Y7",
    "Z11_Y7",
    "Z3_Y9",
    "Z9_Y2"
  ],
  "dt": 0.05,
  "lr": 0.05,
  "lam": 1.0,
  "mu": 0.9,
  "fix_step": 0,
  "constant_c": true,
  "parameters": [
    1.375614047050476,
    1.1680810451507568,
    1.5015558004379272,
    1.5163447856903076,
    0.8852102756500244,
    1.2036024332046509,
    1.5078145265579224,
    0.4807594418525696,
    1.1193145513534546,
    0.44655343890190125,
    0.5712459683418274,
    0.5597401261329651,
    1.4028592109680176,
    1.495092749595642,
    0.1937728226184845,
    0.20166254043579102,
    1.0765175819396973,
    0.0063436878845095634,
    1.5439668893814087,
    1.5197149515151978,
    1.0890499353408813,
    0.1394147276878357,
    0.5597171187400818,
    1.491039752960205,
    0.6502558588981628,
    0.73384690284729,
    1.1182301044464111,
    0.44618549942970276,
    0.9429756999015808,
    0.5459269285202026,
    0.880885660648346,
    1.113034963607788,
    0.3293953835964203
  ],
  "opt_ratios": [
    4.7683653292551753e-07,
    1.716981614663382e-06,
    3.08937023874023e-06,
    5.3764701988257e-06,
    9.060446245712228e-06,
    1.4803224985371344e-05,
    2.3478623916162178e-05,
    3.61970451194793e-05,
    5.4318035836331546e-05,
    7.944743265397847e-05,
    0.00011341752542648464,
    0.00015824568981770426,
    0.0002160816511604935,
    0.00028913692221976817,
    0.00037960935151204467,
    0.0004896041355095804,
    0.0006210599094629288,
    0.0007756741251796484,
    0.0009548446396365762,
    0.0011596308322623372,
    0.0013907122192904353,
    0.001648375648073852,
    0.0019325100583955646,
    0.002242605434730649,
    0.002577772829681635,
    0.0029367541428655386,
    0.003317988244816661,
    0.003719583386555314,
    0.004139386583119631,
    0.004575017374008894,
    0.005023889243602753,
    0.0054832762107253075,
    0.005950300022959709,
    0.00642200093716383,
    0.0068953512236475945,
    0.0073672751896083355,
    0.007834759540855885,
    0.008294726721942425,
    0.008744212798774242,
    0.009180325083434582,
    0.009600287303328514,
    0.010001410730183125,
    0.010381181724369526,
    0.010737257078289986,
    0.011067434214055538,
    0.01136975921690464,
    0.011642473749816418,
    0.011883984319865704,
    0.012093034572899342,
    0.01226852834224701,
    0.012409603223204613,
    0.012515691109001637,
    0.012586431577801704,
    0.01262173056602478,
    0.012621712870895863,
    0.012586819007992744,
    0.012517642229795456,
    0.012415050528943539,
    0.012280113063752651,
    0.012114076875150204,
    0.011918455362319946,
    0.011694894172251225,
    0.011445167474448681,
    0.0111712496727705,
    0.01087524276226759,
    0.010559315793216228,
    0.010225757956504822,
    0.009876873344182968,
    0.009515004232525826,
    0.00914256926625967,
    0.008761945180594921,
    0.008375446312129498,
    0.007985349744558334,
    0.0075938585214316845,
    0.007203101180493832,
    0.00681507820263505,
    0.006431639194488525,
    0.0060545532032847404,
    0.0056853871792554855,
    0.005325595382601023,
    0.004976376425474882,
    0.0046388511545956135,
    0.004313914105296135,
    0.004002315457910299,
    0.0037046633660793304,
    0.003421356435865164,
    0.003152706427499652,
    0.0028988108970224857,
    0.0026596724055707455,
    0.0024351587053388357,
    0.002225081669166684,
    0.002029106952250004,
    0.0018468290800228715,
    0.0016777659766376019,
    0.001521411701105535,
    0.0013772177044302225,
    0.0012445856118574739,
    0.0011228702496737242,
    0.0010114558972418308,
    0.0009097029687836766,
    0.0008169941720552742
  ],
  "expectations": [
    -16.499977111816406,
    -17.318695068359375,
    -17.71592903137207,
    -18.10442543029785,
    -18.483068466186523,
    -18.850914001464844,
    -19.20711898803711,
    -19.551082611083984,
    -19.882266998291016,
    -20.200389862060547,
    -20.50522804260254,
    -20.796756744384766,
    -21.075057983398438,
    -21.340307235717773,
    -21.59279441833496,
    -21.832860946655273,
    -22.060951232910156,
    -22.277496337890625,
    -22.483013153076172,
    -22.678003311157227,
    -22.862998962402344,
    -23.038503646850586,
    -23.20510482788086,
    -23.363231658935547,
    -23.51343536376953,
    -23.656156539916992,
    -23.791893005371094,
    -23.92105484008789,
    -24.044048309326172,
    -24.161277770996094,
    -24.273075103759766,
    -24.37982749938965,
    -24.48181915283203,
    -24.579345703125,
    -24.672687530517578,
    -24.762104034423828,
    -24.84784698486328,
    -24.930110931396484,
    -25.009109497070312,
    -25.085052490234375,
    -25.158113479614258,
    -25.228439331054688,
    -25.29622459411621,
    -25.361570358276367,
    -25.424644470214844,
    -25.485570907592773,
    -25.544464111328125,
    -25.601408004760742,
    -25.656574249267578,
    -25.70999526977539,
    -25.76178741455078,
    -25.812053680419922,
    -25.860868453979492,
    -25.908267974853516,
    -25.954362869262695,
    -25.999217987060547,
    -26.042861938476562,
    -26.085365295410156,
    -26.126821517944336,
    -26.167205810546875,
    -26.20662498474121,
    -26.245080947875977,
    -26.282629013061523,
    -26.319305419921875,
    -26.355125427246094,
    -26.390121459960938,
    -26.424345016479492,
    -26.45780372619629,
    -26.490489959716797,
    -26.52246856689453,
    -26.55371856689453,
    -26.584278106689453,
    -26.614154815673828,
    -26.64331817626953,
    -26.671836853027344,
    -26.6997013092041,
    -26.726896286010742,
    -26.753463745117188,
    -26.779338836669922,
    -26.80461883544922,
    -26.8292293548584,
    -26.85320281982422,
    -26.87654685974121,
    -26.899261474609375,
    -26.921348571777344,
    -26.942792892456055,
    -26.963605880737305,
    -26.98379135131836,
    -27.003372192382812,
    -27.022315979003906,
    -27.040647506713867,
    -27.058385848999023,
    -27.075510025024414,
    -27.0920467376709,
    -27.10798454284668,
    -27.123329162597656,
    -27.138124465942383,
    -27.152345657348633,
    -27.166048049926758,
    -27.179180145263672,
    -27.19181251525879
  ],