{
  "size": 22,
  "opt_val": -29.0,
  "method": "VQE",
  "operations": [
    "Z16_Y20",
    "Z16_Y5",
    "Z16_Y11",
    "Z20_Y12",
    "Z5_Y8",
    "Z11_Y19",
    "Z11_Y6",
    "Z12_Y15",
    "Z12_Y0",
    "Z3_Y4",
    "Z3_Y19",
    "Z3_Y21",
    "Z4_Y17",
    "Z4_Y7",
    "Z21_Y2",
    "Z17_Y14",
    "Z17_Y18",
    "Z7_Y9",
    "Z7_Y10",
    "Z6_Y13",
    "Z10_Y1",
    "Z20_Y5",
    "Z19_Y6",
    "Z21_Y8",
    "Z8_Y18",
    "Z9_Y14",
    "Z9_Y13",
    "Z14_Y10",
    "Z13_Y0",
    "Z18_Y0",
    "Z2_Y1",
    "Z2_Y15",
    "Z1_Y15"
  ],
  "dt": 0.05,
  "lr": 0.05,
  "lam": 1.0,
  "mu": 0.9,
  "fix_step": 0,
  "constant_c": true,
  "parameters": [
    0.2667900025844574,
    0.8869524598121643,
    1.4019699096679688,
    1.393378734588623,
    0.1454208344221115,
    0.10284940898418427,
    1.036435604095459,
    0.8872781991958618,
    0.5660234093666077,
    1.5183651447296143,
    1.3769992589950562,
    1.5206506252288818,
    1.4973613023757935,
    -0.579954206943512,
    1.4028222560882568,
    0.1531362235546112,
    0.7721340656280518,
    1.5237482786178589,
    1.299646019935608,
    0.516322910785675,
    0.9142645597457886,
    0.5673765540122986,
    0.40908172726631165,
    1.4024626016616821,
    0.7975078225135803,
    1.4138649702072144,
    0.9817711114883423,
    0.2225411832332611,
    0.5985535979270935,
    0.6597734689712524,
    0.4837902784347534,
    0.5480278134346008,
    0.5480080842971802
  ],
  "opt_ratios": [
    9.536730658510351e-07,
    3.1157305784290656e-06,
    5.339753897715127e-06,
    8.857643479132093e-06,
    1.4240666132536717e-05,
    2.2220221580937505e-05,
    3.36960147251375e-05,
    4.973178874934092e-05,
    7.153705519158393e-05,
    0.00010043460497399792,
    0.00013781691086478531,
    0.00018509307119529694,
    0.00024363519332837313,
    0.00031472230330109596,
    0.00039949631900526583,
    0.000498924171552062,
    0.000613774755038321,
    0.0007446107338182628,
    0.0008917883387766778,
    0.0010554759064689279,
    0.0012356739025563002,
    0.001432245597243309,
    0.0016449440736323595,
    0.0018734460463747382,
    0.002117381663993001,
    0.0023763813078403473,
    0.0026500821113586426,
    0.0029381616041064262,
    0.003240356920287013,
    0.003556475741788745,
    0.003886415623128414,
    0.004230177961289883,
    0.004587855190038681,
    0.004959665704518557,
    0.005345939192920923,
    0.005747093819081783,
    0.006163694430142641,
    0.006596376188099384,
    0.00704592140391469,
    0.007513210643082857,
    0.007999185472726822,
    0.00850493274629116,
    0.009031636640429497,
    0.009580533020198345,
    0.01015295647084713,
    0.01075032725930214,
    0.01137415412813425,
    0.012025977484881878,
    0.012707438319921494,
    0.013420237228274345,
    0.014166118577122688,
    0.014946889132261276,
    0.015764430165290833,
    0.016620643436908722,
    0.01751742884516716,
    0.018456710502505302,
    0.019440582022070885,
    0.02047092467546463,
    0.021549921482801437,
    0.022679513320326805,
    0.023861680179834366,
    0.025098545476794243,
    0.02639203518629074,
    0.027744149789214134,
    0.029156841337680817,
    0.030631931498646736,
    0.0321713387966156,
    0.033776793628931046,
    0.035450004041194916,
    0.03719262778759003,
    0.03900614753365517,
    0.040892090648412704,
    0.042851485311985016,
    0.04488535225391388,
    0.046994857490062714,
    0.04918092116713524,
    0.051443520933389664,
    0.053783588111400604,
    0.05620135739445686,
    0.05869631469249725,
    0.061268165707588196,
    0.06391628831624985,
    0.06663975119590759,
    0.06943701207637787,
    0.07230687141418457,
    0.07524760067462921,
    0.07825635373592377,
    0.08133065700531006,
    0.08446770906448364,
    0.087663933634758,
    0.09091566503047943,
    0.09421894699335098,
    0.09756976366043091,
    0.10096326470375061,
    0.10439477860927582,
    0.10785923898220062,
    0.11135123670101166,
    0.11486570537090302,
    0.11839690804481506,
    0.12193948030471802,
    0.12548747658729553
  ],
  "expectations": [
    -16.499977111816406,
    -17.316078186035156,
    -17.707624435424805,
    -18.08817481994629,
    -18.456846237182617,
    -18.812883377075195,
    -19.155759811401367,
    -19.485027313232422,
    -19.80042266845703,
    -20.101791381835938,
    -20.38914680480957,
    -20.662521362304688,
    -20.922161102294922,
    -21.16832733154297,
    -21.401411056518555,
    -21.62181282043457,
    -21.83002471923828,
    -22.026599884033203,
    -22.212059020996094,
    -22.38700294494629,
    -22.551990509033203,
    -22.70762825012207,
    -22.854473114013672,
    -22.993066787719727,
    -23.123981475830078,
    -23.2476806640625,
    -23.36471176147461,
    -23.47549819946289,
    -23.58050537109375,
    -23.680133819580078,
    -23.774782180786133,
    -23.864803314208984,
    -23.950557708740234,
    -24.03232192993164,
    -24.11043357849121,
    -24.185171127319336,
    -24.25678253173828,
    -24.32548713684082,
    -24.391550064086914,
    -24.45517349243164,
    -24.516517639160156,
    -24.57581329345703,
    -24.633195877075195,
    -24.68883514404297,
    -24.742828369140625,
    -24.795377731323242,
    -24.84656524658203,
    -24.89651870727539,
    -24.945301055908203,
    -24.9930477142334,
    -25.039813995361328,
    -25.085697174072266,
    -25.130754470825195,
    -25.175065994262695,
    -25.21864891052246,
    -25.261577606201172,
    -25.303903579711914,
    -25.345645904541016,
    -25.38683319091797,
    -25.427507400512695,
    -25.46769142150879,
    -25.507413864135742,
    -25.546672821044922,
    -25.58550262451172,
    -25.623899459838867,
    -25.66189956665039,
    -25.69948959350586,
    -25.73670196533203,
    -25.773540496826172,
    -25.809995651245117,
    -25.84609031677246,
    -25.881832122802734,
    -25.91724395751953,
    -25.952301025390625,
    -25.987031936645508,
    -26.021438598632812,
    -26.05554962158203,
    -26.089365005493164,
    -26.12287139892578,
    -26.156116485595703,
    -26.18907928466797,
    -26.221797943115234,
    -26.254257202148438,
    -26.286466598510742,
    -26.318462371826172,
    -26.3502140045166,
    -26.38176727294922,
    -26.41310691833496,
    -26.444229125976562,
    -26.475156784057617,
    -26.505903244018555,
    -26.536422729492188,
    -26.56675148010254,
    -26.59689712524414,
    -26.626834869384766,
    -26.656579971313477,
    -26.686098098754883,
    -26.715408325195312,
    -26.744491577148438,
    -26.773351669311523,
    -26.801969528198242
  ],