{
  "size": 16,
  "opt_val": -40.0,
  "method": "VQE",
  "operations": [
    "Z0_Y2",
    "Z0_Y8",
    "Z0_Y1",
    "Z0_Y10",
    "Z0_Y6",
    "Z0_Y12",
    "Z0_Y15",
    "Z2_Y5",
    "Z2_Y14",
    "Z2_Y13",
    "Z8_Y7",
    "Z8_Y9",
    "Z1_Y3",
    "Z1_Y11",
    "Z1_Y4",
    "Z2_Y1",
    "Z2_Y6",
    "Z2_Y15",
    "Z8_Y5",
    "Z8_Y12",
    "Z8_Y10",
    "Z8_Y13",
    "Z1_Y12",
    "Z10_Y7",
    "Z10_Y14",
    "Z6_Y9",
    "Z12_Y3",
    "Z12_Y11",
    "Z15_Y4",
    "Z1_Y5",
    "Z10_Y6",
    "Z10_Y12",
    "Z10_Y13",
    "Z6_Y15",
    "Z6_Y14",
    "Z12_Y5",
    "Z15_Y11",
    "Z3_Y4",
    "Z3_Y7",
    "Z3_Y13",
    "Z11_Y9",
    "Z6_Y13",
    "Z15_Y13",
    "Z15_Y14",
    "Z3_Y11",
    "Z3_Y14",
    "Z5_Y4",
    "Z5_Y7",
    "Z5_Y11",
    "Z4_Y9",
    "Z11_Y4",
    "Z4_Y7",
    "Z14_Y7",
    "Z14_Y9",
    "Z13_Y9",
    "Z7_Y9"
  ],
  "dt": 0.05,
  "lr": 0.05,
  "lam": 1.0,
  "mu": 0.9,
  "fix_step": 0,
  "constant_c": true,
  "parameters": [
    0.9976417422294617,
    1.5664161443710327,
    1.5703896284103394,
    1.1947970390319824,
    0.13770458102226257,
    -0.22686274349689484,
    1.558835744857788,
    0.07042246311903,
    0.20851527154445648,
    0.09515394270420074,
    0.4057856500148773,
    0.1412084996700287,
    -0.6677173972129822,
    0.43797147274017334,
    0.5200172662734985,
    -0.0007401963812299073,
    0.9796003699302673,
    -0.0032317694276571274,
    -0.14757204055786133,
    0.7083517909049988,
    -0.3760053217411041,
    0.27484938502311707,
    0.6266777515411377,
    0.5637646913528442,
    0.4467228651046753,
    0.00458170473575592,
    0.9030880928039551,
    0.1735624372959137,
    0.5262086391448975,
    -0.35353055596351624,
    0.6962226629257202,
    0.022918399423360825,
    0.4140327572822571,
    0.009168552234768867,
    0.19977419078350067,
    1.1192684173583984,
    0.6623820662498474,
    0.3927769660949707,
    0.5527439117431641,
    0.34720832109451294,
    0.01878776028752327,
    0.10888639837503433,
    0.5499639511108398,
    0.7346994280815125,
    0.40527546405792236,
    0.3837413489818573,
    0.1813802868127823,
    0.36692848801612854,
    0.23895996809005737,
    0.430780291557312,
    0.05954849720001221,
    0.20463326573371887,
    0.1139916479587555,
    0.45941072702407837,
    0.46532753109931946,
    0.33773061633110046
  ],
  "opt_ratios": [
    6.1035098042339087e-05,
    0.00018428789917379618,
    0.00028532400028780103,
    0.0004219760885462165,
    0.00060094497166574,
    0.0008289160905405879,
    0.0011122759897261858,
    0.0014567095786333084,
    0.0018670418066903949,
    0.002346850000321865,
    0.0028985138051211834,
    0.0035233893431723118,
    0.004221964627504349,
    0.004994600545614958,
    0.005842214450240135,
    0.0067666019313037395,
    0.0077716633677482605,
    0.00886387750506401,
    0.010053448379039764,
    0.011354575864970684,
    0.012786734849214554,
    0.014376135542988777,
    0.016156964004039764,
    0.018173610791563988,
    0.020483363419771194,
    0.023160243406891823,
    0.0263002198189497,
    0.03002786636352539,
    0.03450551629066467,
    0.039944395422935486,
    0.04661875218153,
    0.054883383214473724,
    0.0651891678571701,
    0.07809445261955261,
    0.09426385164260864,
    0.11443696171045303,
    0.13934215903282166,
    0.16956442594528198,
    0.20534862577915192,
    0.24643321335315704,
    0.2919730842113495,
    0.3406503200531006,
    0.3909170627593994,
    0.4412672519683838,
    0.49042314291000366,
    0.5374038815498352,
    0.5815194845199585,
    0.62232506275177,
    0.6595953702926636,
    0.6932739615440369,
    0.7234376668930054,
    0.7502652406692505,
    0.7740014791488647,
    0.794927716255188,
    0.8133341073989868,
    0.8295103311538696,
    0.8437243700027466,
    0.8562284708023071,
    0.867245614528656,
    0.8769755363464355,
    0.8855917453765869,
    0.8932452201843262,
    0.9000681042671204,
    0.9061706066131592,
    0.9116504788398743,
    0.9165891408920288,
    0.921053409576416,
    0.9251099824905396,
    0.9288066625595093,
    0.9321894645690918,
    0.9352954626083374,
    0.9381558895111084,
    0.9408000111579895,
    0.9432494044303894,
    0.9455248117446899,
    0.9476428031921387,
    0.9496209621429443,
    0.951475203037262,
    0.9532157778739929,
    0.9548529982566833,
    0.9563973546028137,
    0.9578545093536377,
    0.9592338800430298,
    0.9605423808097839,
    0.9617820978164673,
    0.9629602432250977,
    0.9640809297561646,
    0.9651474952697754,
    0.9661658406257629,
    0.9671385884284973,
    0.9680676460266113,
    0.9689574241638184,
    0.9698094725608826,
    0.9706255197525024,
    0.9714087843894958,
    0.972161054611206,
    0.9728834629058838,
    0.9735787510871887,
    0.9742478132247925,
    0.9748913049697876,
    0.9755109548568726
  ],
  "expectations": [
    -27.999969482421875,
    -29.288654327392578,
    -29.778675079345703,
    -30.213253021240234,
    -30.60379981994629,
    -30.958179473876953,
    -31.28213119506836,
    -31.579517364501953,
    -31.85334014892578,
    -32.105621337890625,
    -32.33799743652344,
    -32.55174255371094,
    -32.74810791015625,
    -32.92815399169922,
    -33.09312057495117,
    -33.244163513183594,
    -33.3826904296875,
    -33.50996398925781,
    -33.627532958984375,
    -33.73670196533203,
    -33.83903121948242,
    -33.93598175048828,
    -34.02909851074219,
    -34.11994552612305,
    -34.210235595703125,
    -34.30183410644531,
    -34.39671325683594,
    -34.497283935546875,
    -34.606163024902344,
    -34.72642517089844,
    -34.861595153808594,
    -35.015689849853516,
    -35.193023681640625,
    -35.39788818359375,
    -35.63412094116211,
    -35.903987884521484,
    -36.20707702636719,
    -36.53899383544922,
    -36.890567779541016,
    -37.248435974121094,
    -37.597312927246094,
    -37.92327117919922,
    -38.21651840209961,
    -38.4726676940918,
    -38.69192123413086,
    -38.877403259277344,
    -39.03352355957031,
    -39.164710998535156,
    -39.275108337402344,
    -39.36817169189453,
    -39.44678497314453,
    -39.51342010498047,
    -39.570068359375,
    -39.61834716796875,
    -39.659637451171875,
    -39.69507598876953,
    -39.725582122802734,
    -39.751983642578125,
    -39.774879455566406,
    -39.79484176635742,
    -39.81226348876953,
    -39.82757568359375,
    -39.841087341308594,
    -39.8530158996582,
    -39.86360168457031,
    -39.87306594848633,
    -39.8814697265625,
    -39.88906478881836,
    -39.89586639404297,
    -39.90205383300781,
    -39.907630920410156,
    -39.91271209716797,
    -39.917354583740234,
    -39.921573638916016,
    -39.92547607421875,
    -39.92906951904297,
    -39.93233871459961,
    -39.93536376953125,
    -39.938201904296875,
    -39.94080352783203,
    -39.943267822265625,
    -39.945518493652344,
    -39.947654724121094,
    -39.94966125488281,
    -39.951515197753906,
    -39.95327377319336,
    -39.95494842529297,
    -39.95646286010742,
    -39.95793151855469,
    -39.9593505859375,
    -39.96065139770508,
    -39.9619255065918,
    -39.96312713623047,
    -39.964237213134766,
    -39.96532440185547,
    -39.966339111328125,
    -39.96729278564453,
    -39.968238830566406,
    -39.969139099121094,
    -39.96998596191406,
    -39.97077941894531
  ],