{
  "size": 16,
  "opt_val": -40.0,
  "method": "VQE",
  "operations": [
    "Z0_Y2",
    "Z0_Y8",
    "Z0_Y14",
    "Z0_Y7",
    "Z0_Y10",
    "Z0_Y3",
    "Z0_Y12",
    "Z2_Y1",
    "Z2_Y9",
    "Z2_Y6",
    "Z2_Y15",
    "Z8_Y11",
    "Z14_Y4",
    "Z14_Y13",
    "Z7_Y5",
    "Z2_Y10",
    "Z2_Y12",
    "Z8_Y3",
    "Z8_Y6",
    "Z8_Y12",
    "Z8_Y15",
    "Z8_Y14",
    "Z14_Y1",
    "Z14_Y11",
    "Z7_Y4",
    "Z7_Y10",
    "Z7_Y13",
    "Z10_Y9",
    "Z3_Y5",
    "Z14_Y6",
    "Z7_Y12",
    "Z7_Y11",
    "Z10_Y1",
    "Z10_Y6",
    "Z10_Y13",
    "Z3_Y13",
    "Z3_Y9",
    "Z3_Y15",
    "Z3_Y11",
    "Z12_Y4",
    "Z12_Y5",
    "Z12_Y6",
    "Z1_Y9",
    "Z1_Y15",
    "Z1_Y11",
    "Z1_Y4",
    "Z9_Y5",
    "Z15_Y13",
    "Z11_Y6",
    "Z9_Y4",
    "Z9_Y15",
    "Z15_Y5",
    "Z11_Y13",
    "Z4_Y6",
    "Z13_Y5",
    "Z4_Y5"
  ],
  "dt": 0.05,
  "lr": 0.05,
  "lam": 1.0,
  "mu": 0.9,
  "fix_step": 0,
  "constant_c": true,
  "parameters": [
    1.5532976388931274,
    -1.5687710046768188,
    1.2398592233657837,
    -1.4718021154403687,
    1.0739713907241821,
    1.0517781972885132,
    0.6151732206344604,
    0.2393961250782013,
    0.38904622197151184,
    0.22189700603485107,
    0.13962587714195251,
    0.3576294779777527,
    9.271530871046707e-06,
    0.18754519522190094,
    0.16485288739204407,
    -0.3172401785850525,
    0.14415426552295685,
    0.5190340876579285,
    0.17756131291389465,
    0.8654646277427673,
    0.6665807962417603,
    0.33155813813209534,
    0.3833661675453186,
    -0.04950146749615669,
    0.24643631279468536,
    0.17976734042167664,
    0.022535596042871475,
    0.7210267782211304,
    0.5300108790397644,
    0.25254955887794495,
    0.2346118837594986,
    0.4014633595943451,
    0.9482057094573975,
    0.4914299547672272,
    0.5581378936767578,
    0.3825083374977112,
    0.33498209714889526,
    -0.01733633130788803,
    0.11144372075796127,
    0.07265612483024597,
    0.6173109412193298,
    0.17392674088478088,
    -0.1257094144821167,
    0.7187904119491577,
    0.8742855787277222,
    0.760654091835022,
    0.18706545233726501,
    0.15473487973213196,
    0.24758563935756683,
    0.6367236971855164,
    0.3131164312362671,
    0.5566398501396179,
    0.31938713788986206,
    0.36129820346832275,
    0.17045103013515472,
    0.3860647976398468
  ],
  "opt_ratios": [
    3.0517549021169543e-05,
    9.262879029847682e-05,
    0.00014690669195260853,
    0.00022490766423288733,
    0.0003349189937580377,
    0.000487716868519783,
    0.0006971566472202539,
    0.0009808369213715196,
    0.0013608490116894245,
    0.0018645903328433633,
    0.0025255053769797087,
    0.0033841112162917852,
    0.004488767124712467,
    0.0058968402445316315,
    0.007675524335354567,
    0.009903278201818466,
    0.012671386823058128,
    0.016085688024759293,
    0.02026861347258091,
    0.025360608473420143,
    0.03152346983551979,
    0.03894118219614029,
    0.04781977832317352,
    0.05838635563850403,
    0.07088298350572586,
    0.08555886894464493,
    0.1026555597782135,
    0.122386634349823,
    0.14491473138332367,
    0.17032696306705475,
    0.19860972464084625,
    0.22962726652622223,
    0.2631187438964844,
    0.2987029254436493,
    0.33589765429496765,
    0.37415611743927,
    0.412900447845459,
    0.45156458020210266,
    0.4896310269832611,
    0.526651918888092,
    0.5622686147689819,
    0.5962138772010803,
    0.6283042430877686,
    0.6584308743476868,
    0.6865513324737549,
    0.7126761078834534,
    0.7368437051773071,
    0.7591273188591003,
    0.7796187400817871,
    0.798416793346405,
    0.815629780292511,
    0.8313694596290588,
    0.8457454442977905,
    0.858864963054657,
    0.8708301186561584,
    0.8817381262779236,
    0.8916828632354736,
    0.9007422924041748,
    0.9090001583099365,
    0.9165312647819519,
    0.9233980178833008,
    0.9296621680259705,
    0.9353784322738647,
    0.9405983090400696,
    0.9453662633895874,
    0.9497228860855103,
    0.9537086486816406,
    0.9573544263839722,
    0.9606908559799194,
    0.9637466073036194,
    0.9665464162826538,
    0.9691124558448792,
    0.9714660048484802,
    0.973625898361206,
    0.9756084084510803,
    0.9774301648139954,
    0.9791025519371033,
    0.9806416034698486,
    0.9820550680160522,
    0.9833561778068542,
    0.9845529198646545,
    0.9856556057929993,
    0.986670732498169,
    0.9876058101654053,
    0.9884672164916992,
    0.9892621040344238,
    0.9899946451187134,
    0.9906712770462036,
    0.9912950992584229,
    0.9918712377548218,
    0.9924039840698242,
    0.992896318435669,
    0.9933511018753052,
    0.9937708973884583,
    0.9941601157188416,
    0.9945188760757446,
    0.9948536157608032,
    0.9951618313789368,
    0.9954477548599243,
    0.9957131147384644,
    0.9959585666656494
  ],
  "expectations": [
    -27.999969482421875,
    -29.294776916503906,
    -29.795495986938477,
    -30.243873596191406,
    -30.65171241760254,
    -31.027549743652344,
    -31.377655029296875,
    -31.706710815429688,
    -32.018280029296875,
    -32.31499481201172,
    -32.598854064941406,
    -32.87147903442383,
    -33.13401794433594,
    -33.387691497802734,
    -33.633216857910156,
    -33.87152862548828,
    -34.10340118408203,
    -34.32965087890625,
    -34.55109405517578,
    -34.768611907958984,
    -34.9830322265625,
    -35.19530487060547,
    -35.40614318847656,
    -35.616416931152344,
    -35.826744079589844,
    -36.03759002685547,
    -36.24920654296875,
    -36.46154022216797,
    -36.67432403564453,
    -36.886837005615234,
    -37.098167419433594,
    -37.30705261230469,
    -37.511993408203125,
    -37.71148681640625,
    -37.903907775878906,
    -38.08782958984375,
    -38.261962890625,
    -38.42530822753906,
    -38.577232360839844,
    -38.71734619140625,
    -38.845619201660156,
    -38.96244812011719,
    -39.068153381347656,
    -39.163421630859375,
    -39.2490234375,
    -39.32573699951172,
    -39.39434814453125,
    -39.45560073852539,
    -39.510231018066406,
    -39.558937072753906,
    -39.60236358642578,
    -39.641090393066406,
    -39.675628662109375,
    -39.70649719238281,
    -39.73402404785156,
    -39.758663177490234,
    -39.78069305419922,
    -39.800445556640625,
    -39.818145751953125,
    -39.83405303955078,
    -39.84837341308594,
    -39.861209869384766,
    -39.872798919677734,
    -39.88329315185547,
    -39.89276885986328,
    -39.90131759643555,
    -39.90913772583008,
    -39.91619110107422,
    -39.92258071899414,
    -39.92840576171875,
    -39.933746337890625,
    -39.938560485839844,
    -39.94297790527344,
    -39.94700622558594,
    -39.950706481933594,
    -39.95411682128906,
    -39.957183837890625,
    -39.96007537841797,
    -39.96265411376953,
    -39.965065002441406,
    -39.967262268066406,
    -39.969322204589844,
    -39.971195220947266,
    -39.97291564941406,
    -39.97449493408203,
    -39.975982666015625,
    -39.97732925415039,
    -39.978607177734375,
    -39.979759216308594,
    -39.980831146240234,
    -39.98183822631836,
    -39.98280334472656,
    -39.98365020751953,
    -39.98443603515625,
    -39.985191345214844,
    -39.98583984375,
    -39.98655700683594,
    -39.98713684082031,
    -39.987693786621094,
    -39.98823547363281,
    -39.98872375488281
  ],