{
  "size": 16,
  "opt_val": -42.0,
  "method": "VQE",
  "operations": [
    "Z0_Y2",
    "Z0_Y5",
    "Z0_Y8",
    "Z0_Y11",
    "Z0_Y1",
    "Z0_Y4",
    "Z0_Y9",
    "Z2_Y7",
    "Z2_Y10",
    "Z2_Y3",
    "Z2_Y6",
    "Z2_Y15",
    "Z5_Y12",
    "Z5_Y14",
    "Z8_Y13",
    "Z2_Y9",
    "Z5_Y10",
    "Z5_Y6",
    "Z5_Y15",
    "Z5_Y11",
    "Z8_Y3",
    "Z8_Y6",
    "Z8_Y14",
    "Z11_Y7",
    "Z11_Y9",
    "Z11_Y13",
    "Z1_Y6",
    "Z1_Y4",
    "Z4_Y12",
    "Z8_Y11",
    "Z8_Y10",
    "Z11_Y14",
    "Z1_Y3",
    "Z1_Y15",
    "Z1_Y13",
    "Z1_Y10",
    "Z4_Y3",
    "Z4_Y9",
    "Z9_Y6",
    "Z6_Y12",
    "Z3_Y7",
    "Z4_Y15",
    "Z4_Y13",
    "Z9_Y10",
    "Z9_Y13",
    "Z6_Y14",
    "Z3_Y15",
    "Z3_Y14",
    "Z15_Y7",
    "Z13_Y12",
    "Z15_Y13",
    "Z10_Y7",
    "Z10_Y12",
    "Z7_Y14",
    "Z7_Y12",
    "Z14_Y12"
  ],
  "dt": 0.05,
  "lr": 0.05,
  "lam": 1.0,
  "mu": 0.9,
  "fix_step": 0,
  "constant_c": true,
  "parameters": [
    1.56919264793396,
    1.570775032043457,
    1.5707963705062866,
    -0.38949644565582275,
    1.5707963705062866,
    1.0480384826660156,
    1.0718697309494019,
    0.12093006074428558,
    0.22518759965896606,
    0.38885465264320374,
    0.32295846939086914,
    0.364483118057251,
    0.10629139840602875,
    0.5524441003799438,
    0.5588803887367249,
    -0.281480073928833,
    0.28833064436912537,
    0.19390104711055756,
    0.6580443978309631,
    0.9784831404685974,
    0.4640159010887146,
    0.335530161857605,
    0.6124671101570129,
    0.28663527965545654,
    0.23832610249519348,
    0.08922828733921051,
    0.40353918075561523,
    -0.514640212059021,
    0.2081064134836197,
    0.24527864158153534,
    0.39658448100090027,
    0.13183152675628662,
    0.4500826299190521,
    0.354220449924469,
    0.533729612827301,
    0.3866537809371948,
    0.2678575813770294,
    0.017747776582837105,
    0.31498172879219055,
    0.48610633611679077,
    0.3817737400531769,
    0.2774659991264343,
    0.1510842740535736,
    0.27414414286613464,
    0.45298781991004944,
    -0.09108682721853256,
    0.0834198147058487,
    0.07336089760065079,
    0.5620215535163879,
    0.5479938983917236,
    0.037731464952230453,
    0.4658382833003998,
    0.4692302346229553,
    0.5191078186035156,
    0.13738304376602173,
    0.5188815593719482
  ],
  "opt_ratios": [
    6.1035098042339087e-05,
    0.00022108796110842377,
    0.0003748274757526815,
    0.0006071619573049247,
    0.0009486128110438585,
    0.0014396972255781293,
    0.002134234644472599,
    0.0031040306203067303,
    0.004444966092705727,
    0.0062849875539541245,
    0.00879408698529005,
    0.012195270508527756,
    0.016775362193584442,
    0.022895323112607002,
    0.03099653497338295,
    0.041603073477745056,
    0.05531410500407219,
    0.07277368754148483,
    0.09460832923650742,
    0.12132000923156738,
    0.15316279232501984,
    0.19003164768218994,
    0.23143213987350464,
    0.27653878927230835,
    0.3243148922920227,
    0.3736492097377777,
    0.4234924018383026,
    0.4729234576225281,
    0.5211894512176514,
    0.5677027106285095,
    0.6120197772979736,
    0.6538046598434448,
    0.6927971243858337,
    0.7288362979888916,
    0.7618198990821838,
    0.791725218296051,
    0.8185816407203674,
    0.8424897193908691,
    0.8635962009429932,
    0.8821008205413818,
    0.8982146978378296,
    0.9121692776679993,
    0.9242037534713745,
    0.9345411062240601,
    0.9433954954147339,
    0.9509656429290771,
    0.9574277400970459,
    0.9629340171813965,
    0.9676300883293152,
    0.9716356992721558,
    0.9750508069992065,
    0.9779677391052246,
    0.980462908744812,
    0.982599139213562,
    0.9844297170639038,
    0.9860044717788696,
    0.9873601198196411,
    0.9885291457176208,
    0.9895390272140503,
    0.9904155731201172,
    0.9911772012710571,
    0.9918398857116699,
    0.9924179911613464,
    0.9929250478744507,
    0.9933696985244751,
    0.99376380443573,
    0.9941109418869019,
    0.9944177269935608,
    0.9946917295455933,
    0.9949362277984619,
    0.9951573610305786,
    0.9953536987304688,
    0.9955341815948486,
    0.9956971406936646,
    0.9958465099334717,
    0.9959813952445984,
    0.9961053133010864,
    0.9962192177772522,
    0.9963248372077942,
    0.9964233040809631,
    0.9965149164199829,
    0.9966016411781311,
    0.9966813325881958,
    0.9967583417892456,
    0.996830940246582,
    0.9968991875648499,
    0.9969651103019714,
    0.997026801109314,
    0.9970861673355103,
    0.9971442818641663,
    0.9971995949745178,
    0.997252345085144,
    0.9973042011260986,
    0.9973541498184204,
    0.9974023103713989,
    0.9974483847618103,
    0.9974944591522217,
    0.99753737449646,
    0.9975800514221191,
    0.9976212382316589,
    0.9976626634597778
  ],
  "expectations": [
    -27.999969482421875,
    -29.317413330078125,
    -29.862228393554688,
    -30.368709564208984,
    -30.847543716430664,
    -31.306947708129883,
    -31.753631591796875,
    -32.1934928894043,
    -32.63189697265625,
    -33.073890686035156,
    -33.52411651611328,
    -33.986366271972656,
    -34.4630126953125,
    -34.95442199707031,
    -35.45848846435547,
    -35.97093963623047,
    -36.4862060546875,
    -36.9984130859375,
    -37.50212860107422,
    -37.99193572998047,
    -38.46208953857422,
    -38.90634536743164,
    -39.31859588623047,
    -39.69385528564453,
    -40.029029846191406,
    -40.323280334472656,
    -40.57774353027344,
    -40.79524230957031,
    -40.97953796386719,
    -41.1348991394043,
    -41.26554870605469,
    -41.37548828125,
    -41.46809005737305,
    -41.54627227783203,
    -41.61244583129883,
    -41.668582916259766,
    -41.71623992919922,
    -41.756752014160156,
    -41.791141510009766,
    -41.82044219970703,
    -41.84532165527344,
    -41.86646270751953,
    -41.88446044921875,
    -41.89973831176758,
    -41.9127197265625,
    -41.923797607421875,
    -41.9332160949707,
    -41.94126892089844,
    -41.9481315612793,
    -41.9539794921875,
    -41.958988189697266,
    -41.96331787109375,
    -41.96703338623047,
    -41.97019958496094,
    -41.972923278808594,
    -41.97533416748047,
    -41.97740173339844,
    -41.979209899902344,
    -41.98075866699219,
    -41.982139587402344,
    -41.98335266113281,
    -41.98435974121094,
    -41.98533630371094,
    -41.98614501953125,
    -41.98687744140625,
    -41.987548828125,
    -41.988128662109375,
    -41.9886474609375,
    -41.98910140991211,
    -41.98951721191406,
    -41.989959716796875,
    -41.99026870727539,
    -41.990596771240234,
    -41.99088668823242,
    -41.99116516113281,
    -41.991416931152344,
    -41.99165344238281,
    -41.991851806640625,
    -41.99205017089844,
    -41.99224853515625,
    -41.99239730834961,
    -41.99260711669922,
    -41.99272918701172,
    -41.99290466308594,
    -41.993064880371094,
    -41.993194580078125,
    -41.99333953857422,
    -41.993431091308594,
    -41.993534088134766,
    -41.993682861328125,
    -41.993797302246094,
    -41.99388885498047,
    -41.9940185546875,
    -41.99412536621094,
    -41.994232177734375,
    -41.99430465698242,
    -41.99443054199219,
    -41.994483947753906,
    -41.994571685791016,
    -41.99463653564453,
    -41.99476623535156
  ],