{
  "size": 16,
  "opt_val": -40.0,
  "method": "VQE",
  "operations": [
    "Z0_Y8",
    "Z0_Y11",
    "Z0_Y1",
    "Z0_Y4",
    "Z0_Y10",
    "Z0_Y13",
    "Z0_Y15",
    "Z8_Y2",
    "Z8_Y3",
    "Z8_Y5",
    "Z8_Y14",
    "Z11_Y6",
    "Z11_Y7",
    "Z11_Y9",
    "Z10_Y12",
    "Z8_Y10",
    "Z8_Y13",
    "Z11_Y1",
    "Z11_Y2",
    "Z11_Y13",
    "Z1_Y9",
    "Z1_Y3",
    "Z1_Y5",
    "Z1_Y14",
    "Z4_Y3",
    "Z4_Y15",
    "Z4_Y7",
    "Z13_Y6",
    "Z15_Y12",
    "Z1_Y2",
    "Z4_Y14",
    "Z4_Y10",
    "Z4_Y13",
    "Z10_Y3",
    "Z10_Y15",
    "Z13_Y2",
    "Z15_Y5",
    "Z15_Y6",
    "Z15_Y7",
    "Z9_Y3",
    "Z9_Y12",
    "Z10_Y13",
    "Z9_Y5",
    "Z9_Y7",
    "Z9_Y14",
    "Z3_Y6",
    "Z3_Y12",
    "Z2_Y5",
    "Z2_Y6",
    "Z2_Y7",
    "Z5_Y6",
    "Z5_Y12",
    "Z14_Y6",
    "Z14_Y7",
    "Z14_Y12",
    "Z7_Y12"
  ],
  "dt": 0.05,
  "lr": 0.05,
  "lam": 1.0,
  "mu": 0.9,
  "fix_step": 0,
  "constant_c": true,
  "parameters": [
    1.5707963705062866,
    -0.4932275712490082,
    1.570716142654419,
    1.570485234260559,
    0.7120261192321777,
    0.09887374937534332,
    -0.043373797088861465,
    0.7599248886108398,
    0.5449029803276062,
    0.7573831081390381,
    0.5856689810752869,
    0.0010239556431770325,
    0.6225117444992065,
    1.0499138832092285,
    -0.0025299880653619766,
    -0.31955164670944214,
    0.436673104763031,
    7.942553202155977e-05,
    0.0900828093290329,
    0.06905491650104523,
    -0.4909284710884094,
    0.5995218753814697,
    0.7569218277931213,
    0.6456302404403687,
    0.4128081202507019,
    0.7211936116218567,
    0.3283802568912506,
    0.0005764294764958322,
    0.025342313572764397,
    0.814856231212616,
    0.33932003378868103,
    -0.5101666450500488,
    0.6229895949363708,
    0.013386828824877739,
    0.8060261607170105,
    0.022236356511712074,
    0.0062203174456954,
    0.0738934800028801,
    0.7605149745941162,
    0.0002310028939973563,
    0.018954984843730927,
    0.6030142307281494,
    0.043027766048908234,
    0.5151724219322205,
    0.00022219713719096035,
    0.5138625502586365,
    0.5565316081047058,
    -0.02587740495800972,
    0.14103566110134125,
    0.6925820112228394,
    0.3337942361831665,
    0.46460604667663574,
    0.5077347755432129,
    0.2907855212688446,
    0.567036509513855,
    0.04211274906992912
  ],
  "opt_ratios": [
    0.00030517549021169543,
    0.0009099197341129184,
    0.0014156627003103495,
    0.002111393492668867,
    0.0030422534327954054,
    0.004257770720869303,
    0.005809776484966278,
    0.007750122342258692,
    0.010127747431397438,
    0.012986944988369942,
    0.016367334872484207,
    0.020305920392274857,
    0.02484237402677536,
    0.0300259031355381,
    0.03592170402407646,
    0.04261660948395729,
    0.05022037401795387,
    0.05886276066303253,
    0.06868760287761688,
    0.07984068989753723,
    0.09245635569095612,
    0.10664165019989014,
    0.1224597692489624,
    0.1399143636226654,
    0.158934086561203,
    0.1793738603591919,
    0.20101621747016907,
    0.22358739376068115,
    0.2467852383852005,
    0.2703109383583069,
    0.29389238357543945,
    0.3173068165779114,
    0.34038931131362915,
    0.36302703619003296,
    0.3851553797721863,
    0.40674856305122375,
    0.4278011918067932,
    0.44832515716552734,
    0.4683421552181244,
    0.48787569999694824,
    0.5069493651390076,
    0.5255801677703857,
    0.5437861680984497,
    0.5615814924240112,
    0.5789650678634644,
    0.5959452390670776,
    0.612525224685669,
    0.628699779510498,
    0.6444640159606934,
    0.6598061919212341,
    0.6747177839279175,
    0.6891919374465942,
    0.7032123804092407,
    0.7167723178863525,
    0.729854941368103,
    0.7424488663673401,
    0.7545729875564575,
    0.7661846876144409,
    0.7773014307022095,
    0.7879385948181152,
    0.7980829477310181,
    0.8077372312545776,
    0.8169078826904297,
    0.8256047964096069,
    0.8338379859924316,
    0.8415945768356323,
    0.848918080329895,
    0.855821967124939,
    0.8623242974281311,
    0.8684430122375488,
    0.87419593334198,
    0.8796055316925049,
    0.8846865892410278,
    0.8894602060317993,
    0.8939446210861206,
    0.8981583118438721,
    0.9021197557449341,
    0.9058443307876587,
    0.9093505144119263,
    0.9126490354537964,
    0.9157575368881226,
    0.9186888933181763,
    0.9214555025100708,
    0.9240691065788269,
    0.9265412092208862,
    0.9288804531097412,
    0.9310960173606873,
    0.9331996440887451,
    0.9351973533630371,
    0.9370952844619751,
    0.9389024972915649,
    0.9406243562698364,
    0.9422662258148193,
    0.9438344240188599,
    0.9453316330909729,
    0.9467645287513733,
    0.9481355547904968,
    0.949451208114624,
    0.9507126212120056,
    0.9519234895706177,
    0.9530897736549377
  ],
  "expectations": [
    -27.999969482421875,
    -29.303775787353516,
    -29.822715759277344,
    -30.295272827148438,
    -30.73221206665039,
    -31.14099884033203,
    -31.526859283447266,
    -31.893247604370117,
    -32.24230194091797,
    -32.575408935546875,
    -32.893470764160156,
    -33.1972541809082,
    -33.48771667480469,
    -33.766387939453125,
    -34.03501892089844,
    -34.29603576660156,
    -34.5521240234375,
    -34.806060791015625,
    -35.0604133605957,
    -35.317291259765625,
    -35.57808303833008,
    -35.84344482421875,
    -36.112815856933594,
    -36.38470458984375,
    -36.656646728515625,
    -36.925315856933594,
    -37.18694305419922,
    -37.437583923339844,
    -37.67375564575195,
    -37.89265441894531,
    -38.092628479003906,
    -38.27296829223633,
    -38.433990478515625,
    -38.57673645019531,
    -38.702781677246094,
    -38.81381607055664,
    -38.9117546081543,
    -38.998199462890625,
    -39.074851989746094,
    -39.142974853515625,
    -39.20391082763672,
    -39.258670806884766,
    -39.30801773071289,
    -39.35285949707031,
    -39.393672943115234,
    -39.431068420410156,
    -39.46543884277344,
    -39.49714660644531,
    -39.52655792236328,
    -39.55384826660156,
    -39.57932662963867,
    -39.603126525878906,
    -39.625396728515625,
    -39.64629364013672,
    -39.66587448120117,
    -39.68428421020508,
    -39.70162582397461,
    -39.7179069519043,
    -39.73320770263672,
    -39.74763488769531,
    -39.76122283935547,
    -39.77397918701172,
    -39.78594207763672,
    -39.79718780517578,
    -39.807735443115234,
    -39.81757354736328,
    -39.826805114746094,
    -39.835418701171875,
    -39.843536376953125,
    -39.851097106933594,
    -39.85816192626953,
    -39.86480712890625,
    -39.87099075317383,
    -39.87678909301758,
    -39.8822021484375,
    -39.887245178222656,
    -39.89197540283203,
    -39.89640426635742,
    -39.90061950683594,
    -39.904502868652344,
    -39.908138275146484,
    -39.91161346435547,
    -39.91484832763672,
    -39.917884826660156,
    -39.920806884765625,
    -39.92348098754883,
    -39.926025390625,
    -39.92844009399414,
    -39.930755615234375,
    -39.932891845703125,
    -39.934959411621094,
    -39.936927795410156,
    -39.93877410888672,
    -39.940582275390625,
    -39.9422607421875,
    -39.943870544433594,
    -39.94538116455078,
    -39.946842193603516,
    -39.94822692871094,
    -39.94955062866211,
    -39.95089340209961
  ],