{
  "size": 16,
  "opt_val": -39.0,
  "method": "VQE",
  "operations": [
    "Z0_Y2",
    "Z0_Y8",
    "Z0_Y1",
    "Z0_Y13",
    "Z0_Y3",
    "Z0_Y6",
    "Z0_Y12",
    "Z2_Y11",
    "Z2_Y5",
    "Z2_Y9",
    "Z8_Y4",
    "Z8_Y15",
    "Z8_Y10",
    "Z1_Y14",
    "Z13_Y7",
    "Z2_Y13",
    "Z2_Y3",
    "Z2_Y6",
    "Z8_Y1",
    "Z8_Y5",
    "Z8_Y6",
    "Z1_Y9",
    "Z1_Y12",
    "Z1_Y11",
    "Z13_Y10",
    "Z13_Y14",
    "Z3_Y15",
    "Z6_Y4",
    "Z9_Y7",
    "Z1_Y3",
    "Z13_Y11",
    "Z13_Y12",
    "Z3_Y9",
    "Z3_Y12",
    "Z3_Y14",
    "Z6_Y12",
    "Z6_Y15",
    "Z12_Y4",
    "Z12_Y10",
    "Z9_Y5",
    "Z11_Y7",
    "Z6_Y14",
    "Z9_Y10",
    "Z9_Y15",
    "Z11_Y5",
    "Z11_Y14",
    "Z11_Y15",
    "Z14_Y4",
    "Z14_Y7",
    "Z5_Y4",
    "Z5_Y10",
    "Z5_Y15",
    "Z15_Y7",
    "Z4_Y7",
    "Z4_Y10",
    "Z7_Y10"
  ],
  "dt": 0.05,
  "lr": 0.05,
  "lam": 1.0,
  "mu": 0.9,
  "fix_step": 0,
  "constant_c": true,
  "parameters": [
    -1.5690065622329712,
    0.16780437529087067,
    1.4334715604782104,
    0.7249799966812134,
    0.579096257686615,
    0.5385775566101074,
    0.26895222067832947,
    0.18260549008846283,
    0.7972071766853333,
    0.15171459317207336,
    0.6904451847076416,
    0.04392979294061661,
    0.843147337436676,
    0.08828669786453247,
    -0.005858609918504953,
    0.8462167382240295,
    0.9904608130455017,
    1.032226800918579,
    0.13541918992996216,
    -0.0041051809675991535,
    2.527629112591967e-05,
    1.372256875038147,
    0.588150680065155,
    1.2692440748214722,
    0.5691346526145935,
    0.4523452818393707,
    0.6632509231567383,
    0.44565996527671814,
    0.11791126430034637,
    -0.001403433852829039,
    0.47940462827682495,
    0.3721987009048462,
    0.35171782970428467,
    0.4640848934650421,
    0.587394118309021,
    0.41427621245384216,
    0.653793454170227,
    0.2903239130973816,
    0.09200822561979294,
    0.34968477487564087,
    0.3734647333621979,
    0.502802848815918,
    0.23750606179237366,
    0.008701310493052006,
    0.4228768050670624,
    0.06043218821287155,
    0.02221524529159069,
    0.21668510138988495,
    0.4594968855381012,
    0.8520818948745728,
    0.3942474126815796,
    0.25335896015167236,
    0.5555419921875,
    0.07788074016571045,
    0.600174069404602,
    0.45105209946632385
  ],
  "opt_ratios": [
    0.00015258774510584772,
    0.00042271323036402464,
    0.0006415524985641241,
    0.0009398033726029098,
    0.0013381625758484006,
    0.001861381926573813,
    0.0025387946516275406,
    0.003404797287657857,
    0.004499224945902824,
    0.005867741070687771,
    0.0075621274299919605,
    0.009640221484005451,
    0.012165315449237823,
    0.015206004492938519,
    0.018835369497537613,
    0.02312871627509594,
    0.02816173806786537,
    0.03400760143995285,
    0.040733322501182556,
    0.04839615151286125,
    0.05703899264335632,
    0.06668765097856522,
    0.07734717428684235,
    0.08899896591901779,
    0.10160180926322937,
    0.11509471386671066,
    0.12939710915088654,
    0.14441712200641632,
    0.16005663573741913,
    0.1762179136276245,
    0.19280534982681274,
    0.2097313106060028,
    0.22692027688026428,
    0.2443036437034607,
    0.26182422041893005,
    0.27943480014801025,
    0.297091007232666,
    0.314754843711853,
    0.3323943316936493,
    0.34997543692588806,
    0.36746594309806824,
    0.3848304748535156,
    0.4020385146141052,
    0.4190528392791748,
    0.4358373284339905,
    0.4523569941520691,
    0.46857479214668274,
    0.48445606231689453,
    0.4999716579914093,
    0.5150914788246155,
    0.5297929048538208,
    0.5440559983253479,
    0.5578687191009521,
    0.571224570274353,
    0.5841231942176819,
    0.5965647101402283,
    0.6085584163665771,
    0.6201159954071045,
    0.631253719329834,
    0.6419848203659058,
    0.6523247361183167,
    0.6622921228408813,
    0.6719112396240234,
    0.6811968684196472,
    0.6901663541793823,
    0.6988384127616882,
    0.7072229385375977,
    0.7153391242027283,
    0.7231984734535217,
    0.730812668800354,
    0.7382015585899353,
    0.7453626990318298,
    0.7523066997528076,
    0.7590498328208923,
    0.7656031250953674,
    0.7719712853431702,
    0.7781547904014587,
    0.7841519117355347,
    0.7899627089500427,
    0.7956161499023438,
    0.8011101484298706,
    0.8064209818840027,
    0.8115976452827454,
    0.816596269607544,
    0.8214532732963562,
    0.8261623382568359,
    0.8307220339775085,
    0.8351401090621948,
    0.8394492864608765,
    0.8435938954353333,
    0.847610592842102,
    0.8514992594718933,
    0.8552632927894592,
    0.8589357733726501,
    0.8624606728553772,
    0.8658735156059265,
    0.8691754341125488,
    0.8723710775375366,
    0.8754633665084839,
    0.8784547448158264,
    0.8813462853431702
  ],
  "expectations": [
    -27.999969482421875,
    -29.300579071044922,
    -29.811260223388672,
    -30.270835876464844,
    -30.690038681030273,
    -31.07655143737793,
    -31.436437606811523,
    -31.77414321899414,
    -32.09321594238281,
    -32.396514892578125,
    -32.68622970581055,
    -32.964256286621094,
    -33.231956481933594,
    -33.490631103515625,
    -33.74121856689453,
    -33.98456573486328,
    -34.22136306762695,
    -34.45203399658203,
    -34.676963806152344,
    -34.896331787109375,
    -35.110145568847656,
    -35.318199157714844,
    -35.520263671875,
    -35.715850830078125,
    -35.904319763183594,
    -36.085201263427734,
    -36.25780487060547,
    -36.421730041503906,
    -36.5765380859375,
    -36.72209930419922,
    -36.858306884765625,
    -36.98537063598633,
    -37.103614807128906,
    -37.21343231201172,
    -37.31536102294922,
    -37.409912109375,
    -37.497711181640625,
    -37.57929229736328,
    -37.65519714355469,
    -37.725975036621094,
    -37.79206085205078,
    -37.85388946533203,
    -37.911834716796875,
    -37.966243743896484,
    -38.017364501953125,
    -38.06547546386719,
    -38.11077117919922,
    -38.15338897705078,
    -38.193565368652344,
    -38.231346130371094,
    -38.26691818237305,
    -38.30035400390625,
    -38.331790924072266,
    -38.36132049560547,
    -38.38911437988281,
    -38.41519546508789,
    -38.439727783203125,
    -38.46276092529297,
    -38.48448944091797,
    -38.50495147705078,
    -38.52417755126953,
    -38.542335510253906,
    -38.559547424316406,
    -38.5758171081543,
    -38.59126281738281,
    -38.60588455200195,
    -38.61983108520508,
    -38.63311767578125,
    -38.64578628540039,
    -38.657859802246094,
    -38.66946029663086,
    -38.6805305480957,
    -38.691162109375,
    -38.70135498046875,
    -38.71116638183594,
    -38.72063064575195,
    -38.729644775390625,
    -38.738433837890625,
    -38.74681854248047,
    -38.75489044189453,
    -38.762718200683594,
    -38.77020263671875,
    -38.777427673339844,
    -38.78441619873047,
    -38.7911376953125,
    -38.797607421875,
    -38.803836822509766,
    -38.8098258972168,
    -38.81565856933594,
    -38.821205139160156,
    -38.826560974121094,
    -38.83172607421875,
    -38.83668518066406,
    -38.84149932861328,
    -38.84608459472656,
    -38.85050964355469,
    -38.85474395751953,
    -38.85883331298828,
    -38.862770080566406,
    -38.866554260253906,
    -38.87015914916992
  ],