{
  "size": 16,
  "opt_val": -41.0,
  "method": "VQE",
  "operations": [
    "Z0_Y2",
    "Z0_Y8",
    "Z0_Y11",
    "Z0_Y13",
    "Z0_Y3",
    "Z0_Y12",
    "Z0_Y15",
    "Z2_Y14",
    "Z2_Y4",
    "Z2_Y7",
    "Z8_Y1",
    "Z8_Y5",
    "Z8_Y10",
    "Z11_Y6",
    "Z3_Y9",
    "Z2_Y8",
    "Z2_Y12",
    "Z2_Y15",
    "Z8_Y3",
    "Z8_Y11",
    "Z11_Y1",
    "Z11_Y10",
    "Z11_Y14",
    "Z11_Y13",
    "Z13_Y6",
    "Z3_Y7",
    "Z12_Y4",
    "Z12_Y5",
    "Z12_Y9",
    "Z13_Y1",
    "Z13_Y10",
    "Z13_Y12",
    "Z13_Y15",
    "Z3_Y1",
    "Z3_Y6",
    "Z12_Y7",
    "Z15_Y4",
    "Z15_Y5",
    "Z15_Y9",
    "Z9_Y14",
    "Z3_Y10",
    "Z15_Y7",
    "Z1_Y9",
    "Z1_Y5",
    "Z1_Y4",
    "Z9_Y6",
    "Z5_Y7",
    "Z5_Y10",
    "Z4_Y14",
    "Z9_Y4",
    "Z5_Y6",
    "Z4_Y7",
    "Z14_Y6",
    "Z14_Y7",
    "Z14_Y10",
    "Z10_Y6"
  ],
  "dt": 0.05,
  "lr": 0.05,
  "lam": 1.0,
  "mu": 0.9,
  "fix_step": 0,
  "constant_c": true,
  "parameters": [
    1.5692394971847534,
    -0.44537675380706787,
    1.0161291360855103,
    0.7844148278236389,
    1.162652611732483,
    -0.0588994175195694,
    0.10450772196054459,
    0.5837520956993103,
    -0.05828896537423134,
    0.40830302238464355,
    -3.2317657314706594e-05,
    0.0003921187890227884,
    0.0002869809395633638,
    0.009120752103626728,
    -0.048468105494976044,
    1.1263874769210815,
    0.9348315000534058,
    0.6677182912826538,
    0.4093486964702606,
    0.5544788837432861,
    0.42972907423973083,
    0.3947836458683014,
    0.2721371650695801,
    -0.7863654494285583,
    0.49974992871284485,
    0.7352280616760254,
    0.04094786196947098,
    0.004120673052966595,
    0.10868585854768753,
    0.7711845636367798,
    0.48320475220680237,
    0.5804936289787292,
    1.0075783729553223,
    0.3698823153972626,
    0.41026565432548523,
    0.18149779736995697,
    0.618462860584259,
    0.5510917901992798,
    0.982668936252594,
    0.32655656337738037,
    0.49928224086761475,
    0.1617722362279892,
    0.43620118498802185,
    1.0155748128890991,
    0.8740953803062439,
    0.32716795802116394,
    0.4645935297012329,
    0.3798740804195404,
    0.3942975103855133,
    0.01850728690624237,
    0.5756947994232178,
    0.4584909975528717,
    0.1693049967288971,
    0.15724612772464752,
    0.1900230348110199,
    0.08086485415697098
  ],
  "opt_ratios": [
    3.0517549021169543e-05,
    0.00010307539923815057,
    0.00017018492508213967,
    0.0002694958820939064,
    0.00041237412369810045,
    0.0006130532128736377,
    0.0008890524040907621,
    0.0012617349857464433,
    0.001756705460138619,
    0.0024045046884566545,
    0.0032413594890385866,
    0.004310349468141794,
    0.005662562325596809,
    0.0073595731519162655,
    0.009475904516875744,
    0.012103202752768993,
    0.015356186777353287,
    0.01938055455684662,
    0.024363968521356583,
    0.030549153685569763,
    0.03825421258807182,
    0.047894593328237534,
    0.06000976637005806,
    0.07529479265213013,
    0.09462422877550125,
    0.1190539225935936,
    0.14978833496570587,
    0.18805453181266785,
    0.2348593920469284,
    0.2906232476234436,
    0.35473325848579407,
    0.4252508580684662,
    0.49898073077201843,
    0.5720407962799072,
    0.6407314538955688,
    0.7023296356201172,
    0.7554125785827637,
    0.7997506260871887,
    0.8359403610229492,
    0.8650023937225342,
    0.8881054520606995,
    0.9063671827316284,
    0.9207711815834045,
    0.932142436504364,
    0.9411497116088867,
    0.9483221173286438,
    0.9540746212005615,
    0.958730161190033,
    0.9625341892242432,
    0.9656779170036316,
    0.9683030247688293,
    0.970522940158844,
    0.9724224805831909,
    0.974065899848938,
    0.9755022525787354,
    0.9767743945121765,
    0.9779075980186462,
    0.9789285063743591,
    0.9798547625541687,
    0.9807005524635315,
    0.9814785122871399,
    0.9821971654891968,
    0.9828634858131409,
    0.9834852814674377,
    0.9840668439865112,
    0.9846130609512329,
    0.9851260781288147,
    0.9856107234954834,
    0.9860668778419495,
    0.9865005612373352,
    0.9869117736816406,
    0.9873037338256836,
    0.9876747727394104,
    0.988028347492218,
    0.9883665442466736,
    0.9886904358863831,
    0.9889991879463196,
    0.9892953038215637,
    0.9895787239074707,
    0.9898507595062256,
    0.9901122450828552,
    0.9903622269630432,
    0.990602970123291,
    0.9908342361450195,
    0.9910581111907959,
    0.991272509098053,
    0.9914789199829102,
    0.9916789531707764,
    0.9918719530105591,
    0.9920589923858643,
    0.9922387599945068,
    0.9924127459526062,
    0.9925816059112549,
    0.9927438497543335,
    0.9929018616676331,
    0.9930548667907715,
    0.99320387840271,
    0.9933481216430664,
    0.993486762046814,
    0.9936220645904541,
    0.9937537312507629
  ],
  "expectations": [
    -27.999969482421875,
    -29.301267623901367,
    -29.81385040283203,
    -30.276350021362305,
    -30.699413299560547,
    -31.09079360961914,
    -31.456256866455078,
    -31.800275802612305,
    -32.12628936767578,
    -32.43694305419922,
    -32.73431396484375,
    -33.02009963989258,
    -33.295555114746094,
    -33.56157684326172,
    -33.819122314453125,
    -34.06886291503906,
    -34.311607360839844,
    -34.54845428466797,
    -34.780601501464844,
    -35.00981140136719,
    -35.23846435546875,
    -35.46946716308594,
    -35.70637893676758,
    -35.953529357910156,
    -36.21567153930664,
    -36.49765396118164,
    -36.80397033691406,
    -37.13738250732422,
    -37.49761199951172,
    -37.88008117675781,
    -38.27490997314453,
    -38.66745376586914,
    -39.04131317138672,
    -39.38164520263672,
    -39.6786003112793,
    -39.92858123779297,
    -40.13336181640625,
    -40.29795837402344,
    -40.42877960205078,
    -40.53203582763672,
    -40.61347961425781,
    -40.67765808105469,
    -40.728355407714844,
    -40.76854705810547,
    -40.800559997558594,
    -40.82619857788086,
    -40.84687042236328,
    -40.86370086669922,
    -40.877464294433594,
    -40.88890075683594,
    -40.898414611816406,
    -40.906471252441406,
    -40.9133415222168,
    -40.91925048828125,
    -40.924381256103516,
    -40.928932189941406,
    -40.93290328979492,
    -40.936466217041016,
    -40.93967056274414,
    -40.94257354736328,
    -40.945274353027344,
    -40.947689056396484,
    -40.949928283691406,
    -40.95197296142578,
    -40.953887939453125,
    -40.95568084716797,
    -40.95733642578125,
    -40.95890808105469,
    -40.96033477783203,
    -40.961708068847656,
    -40.9630126953125,
    -40.96427917480469,
    -40.96539306640625,
    -40.966461181640625,
    -40.96751403808594,
    -40.968505859375,
    -40.96942901611328,
    -40.970340728759766,
    -40.97118377685547,
    -40.972007751464844,
    -40.972801208496094,
    -40.9735221862793,
    -40.97422790527344,
    -40.974884033203125,
    -40.97556686401367,
    -40.976173400878906,
    -40.97673797607422,
    -40.977333068847656,
    -40.977882385253906,
    -40.97843933105469,
    -40.97894287109375,
    -40.979427337646484,
    -40.97991943359375,
    -40.98036193847656,
    -40.98080825805664,
    -40.981239318847656,
    -40.981685638427734,
    -40.98210906982422,
    -40.98246765136719,
    -40.98283386230469,
    -40.98319625854492
  ],