{
  "size": 16,
  "opt_val": -41.0,
  "method": "VQE",
  "operations": [
    "Z0_Y14",
    "Z0_Y7",
    "Z0_Y4",
    "Z0_Y10",
    "Z0_Y13",
    "Z0_Y9",
    "Z0_Y15",
    "Z14_Y5",
    "Z14_Y6",
    "Z14_Y8",
    "Z14_Y11",
    "Z7_Y1",
    "Z7_Y2",
    "Z7_Y12",
    "Z13_Y3",
    "Z14_Y10",
    "Z14_Y15",
    "Z7_Y5",
    "Z7_Y15",
    "Z7_Y11",
    "Z4_Y9",
    "Z4_Y15",
    "Z4_Y8",
    "Z4_Y13",
    "Z10_Y1",
    "Z10_Y12",
    "Z13_Y2",
    "Z13_Y6",
    "Z9_Y3",
    "Z4_Y11",
    "Z4_Y10",
    "Z10_Y5",
    "Z10_Y8",
    "Z13_Y5",
    "Z9_Y2",
    "Z9_Y6",
    "Z9_Y12",
    "Z9_Y15",
    "Z1_Y6",
    "Z1_Y3",
    "Z1_Y11",
    "Z13_Y11",
    "Z15_Y2",
    "Z15_Y12",
    "Z1_Y2",
    "Z1_Y8",
    "Z6_Y5",
    "Z6_Y11",
    "Z6_Y8",
    "Z3_Y12",
    "Z3_Y5",
    "Z3_Y11",
    "Z3_Y8",
    "Z2_Y8",
    "Z2_Y12",
    "Z12_Y5"
  ],
  "dt": 0.05,
  "lr": 0.05,
  "lam": 1.0,
  "mu": 0.9,
  "fix_step": 0,
  "constant_c": true,
  "parameters": [
    -1.5017070770263672,
    1.5119479894638062,
    -1.561046838760376,
    1.1188021898269653,
    0.6765020489692688,
    0.268438458442688,
    0.4608672559261322,
    0.8480689525604248,
    -0.003463268745690584,
    0.029712431132793427,
    0.2925602197647095,
    0.5922893285751343,
    0.1811756044626236,
    0.3589480519294739,
    0.01686784066259861,
    0.4227946996688843,
    0.4868384897708893,
    0.36218827962875366,
    0.10099851340055466,
    0.2996537685394287,
    1.3023477792739868,
    0.6643273830413818,
    0.44604697823524475,
    0.8943954706192017,
    0.9674074649810791,
    0.5556328296661377,
    0.6415441036224365,
    0.5410162806510925,
    1.517289638519287,
    0.4980929493904114,
    0.035990599542856216,
    0.23032522201538086,
    0.1616220325231552,
    0.178389772772789,
    0.6862764358520508,
    1.1085875034332275,
    0.4291241765022278,
    -0.059721462428569794,
    0.08232896029949188,
    -0.03587799519300461,
    0.3832429051399231,
    0.16440241038799286,
    0.19682109355926514,
    0.6981699466705322,
    0.13496607542037964,
    0.1523614227771759,
    0.45668870210647583,
    0.4096944332122803,
    0.4108228385448456,
    0.20878055691719055,
    0.561721920967102,
    0.45107850432395935,
    0.2448711395263672,
    0.44865351915359497,
    0.2621834874153137,
    0.4700213372707367
  ],
  "opt_ratios": [
    3.0517549021169543e-05,
    0.00010232148633804172,
    0.00016877659072633833,
    0.00026638203416951,
    0.0004050997958984226,
    0.0005965711316093802,
    0.0008537523099221289,
    0.0011903239646926522,
    0.0016195668140426278,
    0.002153025707229972,
    0.0027988674119114876,
    0.0035603935830295086,
    0.004434681031852961,
    0.005412304773926735,
    0.006477318704128265,
    0.007608969230204821,
    0.008782969787716866,
    0.009974177926778793,
    0.011158175766468048,
    0.01231300737708807,
    0.013420243747532368,
    0.014464749954640865,
    0.015435568988323212,
    0.016324996948242188,
    0.017128048464655876,
    0.01784222200512886,
    0.018465979024767876,
    0.01899920590221882,
    0.019442465156316757,
    0.019795667380094528,
    0.020059948787093163,
    0.02023567445576191,
    0.020323315635323524,
    0.020322706550359726,
    0.0202338807284832,
    0.02005760371685028,
    0.0197935551404953,
    0.019442804157733917,
    0.019006699323654175,
    0.018487228080630302,
    0.017887433990836143,
    0.01721106469631195,
    0.01646331138908863,
    0.01565069518983364,
    0.014780743047595024,
    0.01386228110641241,
    0.012905396521091461,
    0.011921104975044727,
    0.010921473614871502,
    0.009918604977428913,
    0.008925692178308964,
    0.007955125533044338,
    0.007019044831395149,
    0.006128651089966297,
    0.005293574184179306,
    0.004521872848272324,
    0.0038192758802324533,
    0.0031892757397145033,
    0.0026330212131142616,
    0.0021494890097528696,
    0.0017354824813082814,
    0.0013863195199519396,
    0.00109613046515733,
    0.0008582730079069734,
    0.0006659058853983879,
    0.0005122760776430368,
    0.0003910031809937209,
    0.00029629477648995817,
    0.00022306086611934006,
    0.00016693623911123723,
    0.00012426359171513468,
    9.205663081957027e-05,
    6.790846964577213e-05,
    4.990433080820367e-05,
    3.655004911706783e-05,
    2.6689616788644344e-05,
    1.9438131857896224e-05,
    1.4124140761850867e-05,
    1.0242370080959518e-05,
    7.413745152007323e-06,
    5.3578241931973025e-06,
    3.866480710712494e-06,
    2.7870216854353203e-06,
    2.006935346798855e-06,
    1.4436848232435295e-06,
    1.037744937093521e-06,
    7.452861154888524e-07,
    5.349779144125932e-07,
    3.8384766298804607e-07,
    2.752315424459084e-07,
    1.9727934841284878e-07,
    1.4134339210158942e-07,
    1.012515653542323e-07,
    7.250672240388667e-08,
    5.1902464548447824e-08,
    3.715199170528649e-08,
    2.6595929014661124e-08,
    1.902351876026387e-08,
    1.3608955740096462e-08,
    9.733187589233694e-09,
    6.963022602946012e-09
  ],
  "expectations": [
    -27.999969482421875,
    -29.307907104492188,
    -29.831161499023438,
    -30.30610466003418,
    -30.743358612060547,
    -31.15079116821289,
    -31.5344181060791,
    -31.89862060546875,
    -32.24655532836914,
    -32.58037567138672,
    -32.90131378173828,
    -33.21002960205078,
    -33.50660705566406,
    -33.79084014892578,
    -34.0623664855957,
    -34.320709228515625,
    -34.565528869628906,
    -34.796669006347656,
    -35.014060974121094,
    -35.21788787841797,
    -35.40858459472656,
    -35.586517333984375,
    -35.75236511230469,
    -35.90684127807617,
    -36.05059051513672,
    -36.18452453613281,
    -36.309383392333984,
    -36.42607116699219,
    -36.535423278808594,
    -36.63819885253906,
    -36.735260009765625,
    -36.82732391357422,
    -36.915122985839844,
    -36.99925231933594,
    -37.08040237426758,
    -37.15901184082031,
    -37.23564147949219,
    -37.310699462890625,
    -37.38456726074219,
    -37.45763397216797,
    -37.53020477294922,
    -37.60260772705078,
    -37.67506790161133,
    -37.74790954589844,
    -37.821380615234375,
    -37.89568328857422,
    -37.97112274169922,
    -38.04786682128906,
    -38.126129150390625,
    -38.206024169921875,
    -38.287620544433594,
    -38.37094497680664,
    -38.4559326171875,
    -38.54237365722656,
    -38.62987518310547,
    -38.71806335449219,
    -38.80641555786133,
    -38.89419937133789,
    -38.9807014465332,
    -39.06520462036133,
    -39.14698791503906,
    -39.225311279296875,
    -39.299625396728516,
    -39.369503021240234,
    -39.43461608886719,
    -39.49474334716797,
    -39.54990005493164,
    -39.60014343261719,
    -39.64556121826172,
    -39.686500549316406,
    -39.72319793701172,
    -39.755924224853516,
    -39.7850456237793,
    -39.8109130859375,
    -39.833763122558594,
    -39.85395812988281,
    -39.87175750732422,
    -39.887367248535156,
    -39.901153564453125,
    -39.91325378417969,
    -39.923858642578125,
    -39.933162689208984,
    -39.94135284423828,
    -39.94849395751953,
    -39.95475769042969,
    -39.96025466918945,
    -39.965057373046875,
    -39.96924591064453,
    -39.97294616699219,
    -39.976173400878906,
    -39.97900390625,
    -39.98149108886719,
    -39.983673095703125,
    -39.98557662963867,
    -39.98727035522461,
    -39.988746643066406,
    -39.99000549316406,
    -39.99112319946289,
    -39.99214553833008,
    -39.993019104003906,
    -39.99378204345703
  ],