{
  "size": 16,
  "opt_val": -40.0,
  "method": "VQE",
  "operations": [
    "Z0_Y14",
    "Z0_Y4",
    "Z0_Y10",
    "Z0_Y13",
    "Z0_Y3",
    "Z0_Y9",
    "Z0_Y15",
    "Z14_Y1",
    "Z14_Y5",
    "Z14_Y6",
    "Z14_Y7",
    "Z14_Y8",
    "Z14_Y11",
    "Z4_Y2",
    "Z10_Y12",
    "Z4_Y9",
    "Z4_Y15",
    "Z4_Y5",
    "Z4_Y10",
    "Z4_Y13",
    "Z10_Y2",
    "Z10_Y6",
    "Z10_Y8",
    "Z13_Y1",
    "Z13_Y3",
    "Z3_Y12",
    "Z3_Y11",
    "Z9_Y7",
    "Z10_Y9",
    "Z13_Y2",
    "Z13_Y6",
    "Z13_Y8",
    "Z3_Y1",
    "Z3_Y15",
    "Z3_Y5",
    "Z9_Y6",
    "Z9_Y11",
    "Z9_Y15",
    "Z15_Y7",
    "Z1_Y12",
    "Z15_Y2",
    "Z15_Y8",
    "Z1_Y2",
    "Z1_Y11",
    "Z1_Y7",
    "Z12_Y5",
    "Z12_Y6",
    "Z12_Y7",
    "Z12_Y8",
    "Z2_Y11",
    "Z2_Y7",
    "Z11_Y5",
    "Z11_Y6",
    "Z7_Y8",
    "Z5_Y6",
    "Z5_Y8"
  ],
  "dt": 0.05,
  "lr": 0.05,
  "lam": 1.0,
  "mu": 0.9,
  "fix_step": 0,
  "constant_c": true,
  "parameters": [
    1.5650501251220703,
    -1.5700498819351196,
    0.854541540145874,
    0.8201143741607666,
    -0.269222617149353,
    0.5277581810951233,
    0.5140454173088074,
    0.6342536211013794,
    0.01845446415245533,
    0.1660863161087036,
    0.4537070393562317,
    0.14612412452697754,
    0.06927777081727982,
    0.15477390587329865,
    -0.0007737426203675568,
    0.5959595441818237,
    0.39438921213150024,
    0.9175969958305359,
    0.7162754535675049,
    0.7506455779075623,
    0.6227431893348694,
    0.24768510460853577,
    0.2551773190498352,
    0.7740082144737244,
    1.3016172647476196,
    0.791674017906189,
    0.5335537195205688,
    1.0517306327819824,
    -0.08715169131755829,
    0.5784695744514465,
    0.5121333599090576,
    0.44422662258148193,
    -0.16252002120018005,
    0.6643036007881165,
    0.6933241486549377,
    0.0025648148730397224,
    0.04212338849902153,
    0.0020285812206566334,
    0.25290647149086,
    0.7781708240509033,
    0.5516764521598816,
    0.3578331172466278,
    0.027271481230854988,
    0.5013991594314575,
    0.25166386365890503,
    0.0009459967841394246,
    0.2428816258907318,
    0.46339985728263855,
    0.1842207908630371,
    0.6400864720344543,
    0.41401755809783936,
    0.020697373896837234,
    0.20033158361911774,
    0.0028086784295737743,
    0.1992424577474594,
    0.18580493330955505
  ],
  "opt_ratios": [
    0.0002136228431481868,
    0.0006424206076189876,
    0.0010099726496264338,
    0.0015255040489137173,
    0.0022300926502794027,
    0.003172141732648015,
    0.004407817497849464,
    0.006001398898661137,
    0.008025722578167915,
    0.010562164708971977,
    0.013701711781322956,
    0.01754448190331459,
    0.02220081351697445,
    0.02779213897883892,
    0.03445165976881981,
    0.04232790693640709,
    0.051586441695690155,
    0.062415603548288345,
    0.07503289729356766,
    0.08968716859817505,
    0.10665743798017502,
    0.1262376606464386,
    0.14870737493038177,
    0.1742820292711258,
    0.20305773615837097,
    0.23494726419448853,
    0.2696441411972046,
    0.30661559104919434,
    0.34514039754867554,
    0.3843797743320465,
    0.42346709966659546,
    0.46161478757858276,
    0.4981718957424164,
    0.5326654314994812,
    0.5648173689842224,
    0.5945213437080383,
    0.6217949986457825,
    0.6467564105987549,
    0.669585108757019,
    0.6904830932617188,
    0.7096593976020813,
    0.7273152470588684,
    0.7436348795890808,
    0.7587795853614807,
    0.7728893756866455,
    0.7860839366912842,
    0.7984631657600403,
    0.8101076483726501,
    0.8210932612419128,
    0.8314743638038635,
    0.841296374797821,
    0.8506001234054565,
    0.8594211339950562,
    0.867786705493927,
    0.8757224678993225,
    0.8832477927207947,
    0.8903820514678955,
    0.8971428275108337,
    0.9035456776618958,
    0.909604549407959,
    0.9153341054916382,
    0.9207468032836914,
    0.9258546829223633,
    0.9306749105453491,
    0.9352151155471802,
    0.9394896626472473,
    0.9435099959373474,
    0.9472867846488953,
    0.9508282542228699,
    0.9541562795639038,
    0.9572782516479492,
    0.960204005241394,
    0.9629424214363098,
    0.9655024409294128,
    0.9678935408592224,
    0.9701274633407593,
    0.9722130298614502,
    0.9741589426994324,
    0.9759748578071594,
    0.9776679277420044,
    0.9792453646659851,
    0.9807162284851074,
    0.9820839762687683,
    0.98335862159729,
    0.9845433235168457,
    0.985647976398468,
    0.9866759181022644,
    0.9876311421394348,
    0.9885209202766418,
    0.9893447160720825,
    0.9901109337806702,
    0.9908219575881958,
    0.9914828538894653,
    0.9920980930328369,
    0.9926659464836121,
    0.9931935667991638,
    0.9936848282814026,
    0.9941415190696716,
    0.9945651292800903,
    0.9949564933776855,
    0.9953209757804871
  ],
  "expectations": [
    -27.999969482421875,
    -29.308412551879883,
    -29.835418701171875,
    -30.317306518554688,
    -30.763973236083984,
    -31.182565689086914,
    -31.57817840576172,
    -31.954795837402344,
    -32.315311431884766,
    -32.66197204589844,
    -32.996788024902344,
    -33.32115173339844,
    -33.636409759521484,
    -33.943626403808594,
    -34.243648529052734,
    -34.53723907470703,
    -34.825042724609375,
    -35.10764694213867,
    -35.38581848144531,
    -35.66035461425781,
    -35.9322624206543,
    -36.20246124267578,
    -36.471553802490234,
    -36.73957061767578,
    -37.00562286376953,
    -37.2679328918457,
    -37.523895263671875,
    -37.77045440673828,
    -38.00450897216797,
    -38.223392486572266,
    -38.4249382019043,
    -38.607913970947266,
    -38.771846771240234,
    -38.91707229614258,
    -39.04448699951172,
    -39.15550231933594,
    -39.25173568725586,
    -39.334938049316406,
    -39.40673828125,
    -39.468772888183594,
    -39.52241134643555,
    -39.56898498535156,
    -39.609554290771484,
    -39.64503479003906,
    -39.676231384277344,
    -39.703826904296875,
    -39.72834396362305,
    -39.75019073486328,
    -39.769866943359375,
    -39.787567138671875,
    -39.80358123779297,
    -39.81816864013672,
    -39.831512451171875,
    -39.843692779541016,
    -39.854942321777344,
    -39.865238189697266,
    -39.874778747558594,
    -39.88359451293945,
    -39.891746520996094,
    -39.899330139160156,
    -39.9063720703125,
    -39.91290283203125,
    -39.918968200683594,
    -39.924652099609375,
    -39.92991256713867,
    -39.93480682373047,
    -39.939369201660156,
    -39.94363021850586,
    -39.947547912597656,
    -39.95124435424805,
    -39.9547004699707,
    -39.95787811279297,
    -39.960853576660156,
    -39.96361541748047,
    -39.96617126464844,
    -39.96855163574219,
    -39.970802307128906,
    -39.97283935546875,
    -39.974754333496094,
    -39.976558685302734,
    -39.97821044921875,
    -39.979736328125,
    -39.981178283691406,
    -39.982513427734375,
    -39.98371887207031,
    -39.98487854003906,
    -39.9859619140625,
    -39.986942291259766,
    -39.987892150878906,
    -39.98872375488281,
    -39.9895133972168,
    -39.990211486816406,
    -39.99091339111328,
    -39.9915771484375,
    -39.99211120605469,
    -39.99266815185547,
    -39.993194580078125,
    -39.99364471435547,
    -39.99409484863281,
    -39.994483947753906,
    -39.994869232177734
  ],