{
  "size": 16,
  "opt_val": -40.0,
  "method": "VQE",
  "operations": [
    "Z0_Y2",
    "Z0_Y5",
    "Z0_Y11",
    "Z0_Y13",
    "Z0_Y9",
    "Z0_Y12",
    "Z0_Y15",
    "Z2_Y1",
    "Z2_Y4",
    "Z2_Y7",
    "Z2_Y10",
    "Z2_Y6",
    "Z5_Y14",
    "Z11_Y3",
    "Z11_Y8",
    "Z2_Y12",
    "Z5_Y1",
    "Z5_Y7",
    "Z5_Y9",
    "Z5_Y12",
    "Z5_Y11",
    "Z11_Y6",
    "Z11_Y14",
    "Z11_Y15",
    "Z13_Y3",
    "Z13_Y6",
    "Z13_Y8",
    "Z9_Y4",
    "Z15_Y10",
    "Z13_Y9",
    "Z13_Y14",
    "Z13_Y15",
    "Z9_Y12",
    "Z12_Y3",
    "Z12_Y6",
    "Z15_Y4",
    "Z1_Y3",
    "Z1_Y8",
    "Z1_Y7",
    "Z1_Y10",
    "Z9_Y14",
    "Z9_Y15",
    "Z12_Y14",
    "Z15_Y6",
    "Z1_Y4",
    "Z3_Y7",
    "Z3_Y6",
    "Z3_Y8",
    "Z8_Y4",
    "Z8_Y10",
    "Z8_Y6",
    "Z4_Y7",
    "Z4_Y10",
    "Z7_Y14",
    "Z7_Y10",
    "Z10_Y14"
  ],
  "dt": 0.05,
  "lr": 0.05,
  "lam": 1.0,
  "mu": 0.9,
  "fix_step": 0,
  "constant_c": true,
  "parameters": [
    -1.2975879907608032,
    -1.5691266059875488,
    1.3253005743026733,
    1.5695898532867432,
    0.5421174168586731,
    0.9964406490325928,
    0.07614658772945404,
    0.10057461261749268,
    0.06335391104221344,
    0.04063263162970543,
    0.2004397213459015,
    1.058058500289917,
    0.2539297044277191,
    0.04130607470870018,
    0.36804401874542236,
    0.005384782329201698,
    1.4701908826828003,
    0.4972161650657654,
    1.0337083339691162,
    0.6745351552963257,
    0.24594759941101074,
    0.23020650446414948,
    0.4701465368270874,
    0.8825074434280396,
    0.22618134319782257,
    0.3039919137954712,
    0.7883954048156738,
    0.9974731206893921,
    0.13798198103904724,
    0.006191553082317114,
    0.4296776354312897,
    0.34518560767173767,
    0.10548020899295807,
    0.7571476101875305,
    0.2456536442041397,
    -0.006902911234647036,
    0.5463573932647705,
    0.604049563407898,
    0.14110486209392548,
    0.1819368600845337,
    0.2296796441078186,
    0.4211728870868683,
    0.3872818052768707,
    0.4822850823402405,
    0.6438256502151489,
    0.7590082883834839,
    0.3609826862812042,
    0.189154252409935,
    0.02035144530236721,
    0.9173770546913147,
    0.41307371854782104,
    0.4155372083187103,
    0.538998544216156,
    0.25413790345191956,
    0.013422731310129166,
    0.05431833118200302
  ],
  "opt_ratios": [
    3.0517549021169543e-05,
    9.179769403999671e-05,
    0.0001412493147654459,
    0.00020717736333608627,
    0.0002921399427577853,
    0.000398534961277619,
    0.000528549833688885,
    0.0006840893183834851,
    0.0008667596848681569,
    0.0010778718860819936,
    0.0013184730196371675,
    0.0015894592506811023,
    0.0018914692336693406,
    0.0022252751514315605,
    0.002591668860986829,
    0.002991562243551016,
    0.003426134353503585,
    0.0038969300221651793,
    0.004405778367072344,
    0.004955005832016468,
    0.005547710228711367,
    0.006187406834214926,
    0.006878382060676813,
    0.007625822443515062,
    0.008435629308223724,
    0.009314529597759247,
    0.010270274244248867,
    0.011311660520732403,
    0.012448259629309177,
    0.013690815307199955,
    0.015050973743200302,
    0.016541339457035065,
    0.018175270408391953,
    0.019967198371887207,
    0.021931806579232216,
    0.02408492937684059,
    0.026442842558026314,
    0.029023321345448494,
    0.03184530884027481,
    0.03492963686585426,
    0.038297902792692184,
    0.0419764369726181,
    0.04599405825138092,
    0.05038336664438248,
    0.05518149212002754,
    0.060430947691202164,
    0.06617924571037292,
    0.07247994840145111,
    0.07939424365758896,
    0.08698786795139313,
    0.09533235430717468,
    0.10450511425733566,
    0.11459019780158997,
    0.12567400932312012,
    0.1378457397222519,
    0.1511981338262558,
    0.1658233106136322,
    0.1818118691444397,
    0.19924883544445038,
    0.21821419894695282,
    0.2387736290693283,
    0.26097291707992554,
    0.2848307192325592,
    0.3103315234184265,
    0.33741652965545654,
    0.3659844994544983,
    0.3958754539489746,
    0.426885724067688,
    0.4587588608264923,
    0.49120354652404785,
    0.5238983631134033,
    0.556510329246521,
    0.5887064337730408,
    0.6201728582382202,
    0.6506274938583374,
    0.6798281669616699,
    0.7075808644294739,
    0.7337409257888794,
    0.7582188248634338,
    0.7809644937515259,
    0.8019757866859436,
    0.8212831616401672,
    0.8389427661895752,
    0.8550336360931396,
    0.8696427941322327,
    0.8828730583190918,
    0.8948254585266113,
    0.9056006073951721,
    0.9153021574020386,
    0.924023449420929,
    0.9318556189537048,
    0.9388836026191711,
    0.9451850056648254,
    0.9508309364318848,
    0.9558892250061035,
    0.9604185819625854,
    0.9644717574119568,
    0.9681009650230408,
    0.9713478684425354,
    0.9742531776428223,
    0.9768518805503845
  ],
  "expectations": [
    -27.999969482421875,
    -29.291242599487305,
    -29.784664154052734,
    -30.22226905822754,
    -30.61505889892578,
    -30.970903396606445,
    -31.295578002929688,
    -31.593427658081055,
    -31.867847442626953,
    -32.121482849121094,
    -32.35663604736328,
    -32.575279235839844,
    -32.779014587402344,
    -32.96943664550781,
    -33.147918701171875,
    -33.315773010253906,
    -33.474143981933594,
    -33.62420654296875,
    -33.766883850097656,
    -33.90321350097656,
    -34.03400421142578,
    -34.1601448059082,
    -34.282264709472656,
    -34.40119934082031,
    -34.51753616333008,
    -34.631919860839844,
    -34.744930267333984,
    -34.857093811035156,
    -34.96887969970703,
    -35.08081817626953,
    -35.19322204589844,
    -35.30646896362305,
    -35.42082977294922,
    -35.53650665283203,
    -35.65357971191406,
    -35.772071838378906,
    -35.89181137084961,
    -36.01261520385742,
    -36.13414001464844,
    -36.25602722167969,
    -36.37769317626953,
    -36.49879455566406,
    -36.61858367919922,
    -36.73675537109375,
    -36.8526611328125,
    -36.966033935546875,
    -37.07646942138672,
    -37.183738708496094,
    -37.28772735595703,
    -37.388397216796875,
    -37.48573303222656,
    -37.57987976074219,
    -37.670997619628906,
    -37.75934600830078,
    -37.845062255859375,
    -37.92843246459961,
    -38.009620666503906,
    -38.088844299316406,
    -38.166351318359375,
    -38.24224090576172,
    -38.31676483154297,
    -38.3901481628418,
    -38.46250534057617,
    -38.53396987915039,
    -38.604698181152344,
    -38.67475891113281,
    -38.74409484863281,
    -38.812747955322266,
    -38.880531311035156,
    -38.94734191894531,
    -39.01298522949219,
    -39.07720184326172,
    -39.13970947265625,
    -39.20025634765625,
    -39.2586555480957,
    -39.314613342285156,
    -39.368011474609375,
    -39.41862487792969,
    -39.46642303466797,
    -39.51124572753906,
    -39.55315399169922,
    -39.59215545654297,
    -39.6282958984375,
    -39.661705017089844,
    -39.692405700683594,
    -39.7205810546875,
    -39.74639129638672,
    -39.76995086669922,
    -39.79145050048828,
    -39.81095504760742,
    -39.82870101928711,
    -39.84477996826172,
    -39.859352111816406,
    -39.87250900268555,
    -39.884429931640625,
    -39.895198822021484,
    -39.90488815307617,
    -39.913658142089844,
    -39.921546936035156,
    -39.928680419921875,
    -39.93506622314453
  ],