{
  "size": 16,
  "opt_val": -39.0,
  "method": "VQE",
  "operations": [
    "Z0_Y2",
    "Z0_Y8",
    "Z0_Y11",
    "Z0_Y7",
    "Z0_Y13",
    "Z0_Y6",
    "Z0_Y15",
    "Z2_Y3",
    "Z8_Y1",
    "Z8_Y4",
    "Z8_Y9",
    "Z8_Y12",
    "Z11_Y10",
    "Z13_Y5",
    "Z13_Y14",
    "Z2_Y8",
    "Z2_Y7",
    "Z2_Y13",
    "Z2_Y6",
    "Z2_Y15",
    "Z8_Y11",
    "Z11_Y3",
    "Z11_Y12",
    "Z7_Y10",
    "Z13_Y1",
    "Z13_Y4",
    "Z6_Y5",
    "Z6_Y14",
    "Z15_Y9",
    "Z11_Y6",
    "Z11_Y7",
    "Z7_Y3",
    "Z7_Y12",
    "Z7_Y15",
    "Z13_Y15",
    "Z15_Y5",
    "Z15_Y14",
    "Z1_Y3",
    "Z1_Y4",
    "Z1_Y10",
    "Z3_Y9",
    "Z6_Y3",
    "Z6_Y12",
    "Z1_Y12",
    "Z1_Y14",
    "Z3_Y10",
    "Z12_Y4",
    "Z14_Y5",
    "Z14_Y9",
    "Z12_Y14",
    "Z4_Y9",
    "Z4_Y5",
    "Z4_Y10",
    "Z10_Y5",
    "Z10_Y9",
    "Z9_Y5"
  ],
  "dt": 0.05,
  "lr": 0.05,
  "lam": 1.0,
  "mu": 0.9,
  "fix_step": 0,
  "constant_c": true,
  "parameters": [
    -1.5692821741104126,
    1.3615087270736694,
    -0.3431031405925751,
    0.7498385310173035,
    0.8693605661392212,
    0.8825244903564453,
    0.7574915885925293,
    0.457288920879364,
    0.6288430690765381,
    -0.025109803304076195,
    0.1370663344860077,
    0.09036283940076828,
    0.012845066376030445,
    0.030216500163078308,
    -0.00458518136292696,
    0.190251886844635,
    0.5887984037399292,
    0.7005810737609863,
    0.6772785782814026,
    0.805793821811676,
    1.2280768156051636,
    0.5882911682128906,
    0.1372680515050888,
    -0.009945240803062916,
    0.9431160688400269,
    0.0609893761575222,
    0.668349027633667,
    0.03278117999434471,
    0.22425934672355652,
    0.014995374716818333,
    0.23178867995738983,
    0.20279556512832642,
    0.860236406326294,
    0.12555359303951263,
    -0.13334563374519348,
    0.4894286096096039,
    0.08468957990407944,
    0.7710015177726746,
    0.6275114417076111,
    1.1935617923736572,
    0.601569652557373,
    0.08389289677143097,
    0.6337361335754395,
    -0.12270061671733856,
    1.1166685819625854,
    -0.2983108460903168,
    0.9780592918395996,
    0.029062461107969284,
    0.06234189122915268,
    0.5680270791053772,
    0.27944430708885193,
    0.3224569857120514,
    -0.06043223291635513,
    0.19538408517837524,
    0.2758391499519348,
    0.1548091471195221
  ],
  "opt_ratios": [
    6.1035098042339087e-05,
    0.00016521915677003562,
    0.0002468091552145779,
    0.00035487767308950424,
    0.0004948679124936461,
    0.0006729412125423551,
    0.0008959155529737473,
    0.0011714367428794503,
    0.001507916720584035,
    0.0019146912964060903,
    0.0024020581040531397,
    0.0029816878959536552,
    0.0036665231455117464,
    0.004471372812986374,
    0.005413352511823177,
    0.006512145511806011,
    0.007790991570800543,
    0.00927719660103321,
    0.011003287509083748,
    0.013007530942559242,
    0.015336275100708008,
    0.01804381236433983,
    0.021195370703935623,
    0.024868641048669815,
    0.02915525808930397,
    0.034164346754550934,
    0.040023323148489,
    0.046881020069122314,
    0.05491170287132263,
    0.06431600451469421,
    0.07532393932342529,
    0.08819539844989777,
    0.10322033613920212,
    0.12071292102336884,
    0.14100539684295654,
    0.16443327069282532,
    0.19130851328372955,
    0.22188520431518555,
    0.2563195526599884,
    0.29461944103240967,
    0.3365854024887085,
    0.3817787766456604,
    0.42950358986854553,
    0.4788408875465393,
    0.5286975502967834,
    0.5779194235801697,
    0.6253946423530579,
    0.6701781749725342,
    0.7115463018417358,
    0.7490415573120117,
    0.7824598550796509,
    0.8118236064910889,
    0.837327778339386,
    0.8592634797096252,
    0.8779994249343872,
    0.8939192295074463,
    0.9074005484580994,
    0.9187988042831421,
    0.9284355640411377,
    0.9365858435630798,
    0.9434987306594849,
    0.9493787288665771,
    0.9543936252593994,
    0.9586946368217468,
    0.9624060392379761,
    0.9656143188476562,
    0.9684083461761475,
    0.9708550572395325,
    0.973009467124939,
    0.9749163389205933,
    0.9766223430633545,
    0.9781505465507507,
    0.9795256853103638,
    0.9807707667350769,
    0.9818999171257019,
    0.9829310178756714,
    0.9838777184486389,
    0.984746515750885,
    0.9855464696884155,
    0.9862889647483826,
    0.9869811534881592,
    0.987621009349823,
    0.9882181286811829,
    0.9887785315513611,
    0.9893034100532532,
    0.98979651927948,
    0.9902596473693848,
    0.9906962513923645,
    0.9911088347434998,
    0.9914969205856323,
    0.9918656945228577,
    0.9922129511833191,
    0.9925435781478882,
    0.9928560256958008,
    0.9931541681289673,
    0.993436336517334,
    0.9937049150466919,
    0.9939600229263306,
    0.9942033290863037,
    0.994435727596283,
    0.9946566820144653
  ],
  "expectations": [
    -27.999969482421875,
    -29.289823532104492,
    -29.77994155883789,
    -30.212871551513672,
    -30.60009765625,
    -30.95012664794922,
    -31.26929473876953,
    -31.562664031982422,
    -31.83403778076172,
    -32.08667755126953,
    -32.32310485839844,
    -32.54557800292969,
    -32.755943298339844,
    -32.955810546875,
    -33.14671325683594,
    -33.329891204833984,
    -33.506553649902344,
    -33.67784881591797,
    -33.8447265625,
    -34.00807189941406,
    -34.16876983642578,
    -34.32748794555664,
    -34.484859466552734,
    -34.64143753051758,
    -34.79759979248047,
    -34.953704833984375,
    -35.11000061035156,
    -35.26654815673828,
    -35.42347717285156,
    -35.58073425292969,
    -35.73839569091797,
    -35.89640426635742,
    -36.054840087890625,
    -36.213706970214844,
    -36.373085021972656,
    -36.53295135498047,
    -36.69318389892578,
    -36.85359191894531,
    -37.013648986816406,
    -37.17261505126953,
    -37.32940673828125,
    -37.48274230957031,
    -37.6309928894043,
    -37.772640228271484,
    -37.906211853027344,
    -38.03030014038086,
    -38.143951416015625,
    -38.24671936035156,
    -38.338417053222656,
    -38.41934585571289,
    -38.49016571044922,
    -38.55156707763672,
    -38.60468673706055,
    -38.65031433105469,
    -38.68955993652344,
    -38.72325897216797,
    -38.75218200683594,
    -38.777099609375,
    -38.798641204833984,
    -38.81727981567383,
    -38.833560943603516,
    -38.84777069091797,
    -38.86022186279297,
    -38.87123107910156,
    -38.88100051879883,
    -38.88970184326172,
    -38.89747619628906,
    -38.904449462890625,
    -38.910789489746094,
    -38.916473388671875,
    -38.92169189453125,
    -38.92643737792969,
    -38.93080139160156,
    -38.934791564941406,
    -38.93842697143555,
    -38.94185256958008,
    -38.944984436035156,
    -38.94795227050781,
    -38.95060729980469,
    -38.95310592651367,
    -38.95551300048828,
    -38.95769500732422,
    -38.95970153808594,
    -38.96165466308594,
    -38.963462829589844,
    -38.965179443359375,
    -38.966758728027344,
    -38.96826171875,
    -38.969722747802734,
    -38.97101593017578,
    -38.972320556640625,
    -38.973480224609375,
    -38.974647521972656,
    -38.97569274902344,
    -38.97675323486328,
    -38.97770690917969,
    -38.9786262512207,
    -38.97948455810547,
    -38.98031234741211,
    -38.981117248535156,
    -38.98185729980469
  ],