{
  "size": 16,
  "opt_val": -40.0,
  "method": "VQE",
  "operations": [
    "Z0_Y5",
    "Z0_Y14",
    "Z0_Y11",
    "Z0_Y1",
    "Z0_Y7",
    "Z0_Y4",
    "Z0_Y6",
    "Z5_Y2",
    "Z5_Y15",
    "Z5_Y8",
    "Z14_Y10",
    "Z14_Y13",
    "Z11_Y3",
    "Z1_Y12",
    "Z7_Y9",
    "Z5_Y1",
    "Z5_Y4",
    "Z5_Y7",
    "Z14_Y2",
    "Z14_Y7",
    "Z14_Y8",
    "Z14_Y15",
    "Z11_Y2",
    "Z11_Y6",
    "Z11_Y13",
    "Z1_Y3",
    "Z4_Y12",
    "Z6_Y9",
    "Z3_Y10",
    "Z11_Y4",
    "Z11_Y8",
    "Z1_Y15",
    "Z1_Y8",
    "Z1_Y7",
    "Z7_Y2",
    "Z4_Y6",
    "Z4_Y13",
    "Z6_Y3",
    "Z6_Y12",
    "Z3_Y9",
    "Z12_Y10",
    "Z7_Y15",
    "Z4_Y15",
    "Z6_Y13",
    "Z3_Y13",
    "Z3_Y8",
    "Z12_Y2",
    "Z12_Y9",
    "Z12_Y15",
    "Z8_Y9",
    "Z8_Y10",
    "Z15_Y2",
    "Z2_Y10",
    "Z10_Y9",
    "Z10_Y13",
    "Z13_Y9"
  ],
  "dt": 0.05,
  "lr": 0.05,
  "lam": 1.0,
  "mu": 0.9,
  "fix_step": 0,
  "constant_c": true,
  "parameters": [
    1.5667588710784912,
    1.5707900524139404,
    1.5706766843795776,
    1.5530389547348022,
    -0.000728958344552666,
    1.182680606842041,
    1.140357255935669,
    0.5868139266967773,
    0.34862732887268066,
    0.268061101436615,
    0.027583954855799675,
    0.5322500467300415,
    0.5657391548156738,
    0.712942361831665,
    0.005785031244158745,
    -0.018293151631951332,
    -0.21354718506336212,
    0.4600573182106018,
    0.4972599446773529,
    0.46622392535209656,
    0.43002161383628845,
    0.469368040561676,
    0.7710742950439453,
    -0.3851853013038635,
    0.4243355989456177,
    0.7162714600563049,
    0.2775009870529175,
    0.145405113697052,
    0.17536799609661102,
    -0.17772914469242096,
    0.4627397358417511,
    0.44170042872428894,
    0.43980666995048523,
    0.6435849666595459,
    0.17047080397605896,
    -0.04513704031705856,
    0.13416792452335358,
    0.2928580939769745,
    0.5824682116508484,
    0.4103904962539673,
    0.4469579756259918,
    0.1946084052324295,
    0.6731925010681152,
    0.2400345802307129,
    0.09656451642513275,
    0.029840609058737755,
    0.009644074365496635,
    0.4256328344345093,
    0.16737490892410278,
    0.5366560220718384,
    0.49759095907211304,
    0.10431145876646042,
    0.4821219742298126,
    0.1219099685549736,
    0.33671537041664124,
    0.46558329463005066
  ],
  "opt_ratios": [
    6.1035098042339087e-05,
    0.0001869772677309811,
    0.0002958144177682698,
    0.0004506797413341701,
    0.0006663954118266702,
    0.0009618661715649068,
    0.001361203147098422,
    0.0018951564561575651,
    0.00260302796959877,
    0.0035351887345314026,
    0.004755990579724312,
    0.006347941234707832,
    0.00841628946363926,
    0.0110950181260705,
    0.014552973210811615,
    0.018999777734279633,
    0.024691889062523842,
    0.03193734586238861,
    0.041095070540905,
    0.05257171764969826,
    0.06681084632873535,
    0.08427518606185913,
    0.10542004555463791,
    0.13065022230148315,
    0.16026955842971802,
    0.19441446661949158,
    0.2329871654510498,
    0.2756081819534302,
    0.3216134309768677,
    0.37008437514305115,
    0.4199412763118744,
    0.4700547456741333,
    0.5193610191345215,
    0.5669359564781189,
    0.6120651960372925,
    0.6542437672615051,
    0.6931627988815308,
    0.7286930084228516,
    0.7608361840248108,
    0.7896928787231445,
    0.815427303314209,
    0.8382479548454285,
    0.8583887219429016,
    0.8760974407196045,
    0.8916146755218506,
    0.9051767587661743,
    0.9170078635215759,
    0.9273126125335693,
    0.9362822771072388,
    0.9440844058990479,
    0.9508718252182007,
    0.9567780494689941,
    0.9619225859642029,
    0.9664058089256287,
    0.9703136086463928,
    0.9737251996994019,
    0.9767066240310669,
    0.9793137311935425,
    0.981597900390625,
    0.9836012125015259,
    0.985358476638794,
    0.986902117729187,
    0.98826003074646,
    0.9894543290138245,
    0.9905064105987549,
    0.9914342164993286,
    0.9922536611557007,
    0.9929764866828918,
    0.99361652135849,
    0.9941823482513428,
    0.9946838021278381,
    0.9951277375221252,
    0.9955214858055115,
    0.9958711862564087,
    0.9961819648742676,
    0.9964577555656433,
    0.9967027902603149,
    0.9969222545623779,
    0.9971175193786621,
    0.9972910284996033,
    0.9974472522735596,
    0.9975863099098206,
    0.9977110624313354,
    0.99782395362854,
    0.9979238510131836,
    0.9980148077011108,
    0.9980974197387695,
    0.9981697797775269,
    0.998236894607544,
    0.9982975125312805,
    0.9983534812927246,
    0.9984025955200195,
    0.9984499216079712,
    0.9984914660453796,
    0.9985301494598389,
    0.998565673828125,
    0.9985989332199097,
    0.9986299872398376,
    0.9986586570739746,
    0.9986856579780579,
    0.998710036277771
  ],
  "expectations": [
    -27.999969482421875,
    -29.287656784057617,
    -29.776554107666016,
    -30.211307525634766,
    -30.6044979095459,
    -30.96529769897461,
    -31.300582885742188,
    -31.615694046020508,
    -31.914962768554688,
    -32.20199966430664,
    -32.48004150390625,
    -32.7519416809082,
    -33.02046203613281,
    -33.2882080078125,
    -33.55766296386719,
    -33.831031799316406,
    -34.11028289794922,
    -34.39685821533203,
    -34.691619873046875,
    -34.99470520019531,
    -35.30555725097656,
    -35.62283706665039,
    -35.94464111328125,
    -36.268585205078125,
    -36.59174346923828,
    -36.91081237792969,
    -37.22197723388672,
    -37.521270751953125,
    -37.804847717285156,
    -38.06932067871094,
    -38.31206512451172,
    -38.531646728515625,
    -38.72759246826172,
    -38.90054702758789,
    -39.05168533325195,
    -39.18286895751953,
    -39.29607391357422,
    -39.393436431884766,
    -39.476905822753906,
    -39.54844665527344,
    -39.60965347290039,
    -39.66199493408203,
    -39.706809997558594,
    -39.74518585205078,
    -39.778053283691406,
    -39.80621337890625,
    -39.83039474487305,
    -39.851158142089844,
    -39.869102478027344,
    -39.88453674316406,
    -39.89786148071289,
    -39.90937805175781,
    -39.91941833496094,
    -39.928157806396484,
    -39.93572998046875,
    -39.94232177734375,
    -39.94812774658203,
    -39.953208923339844,
    -39.957672119140625,
    -39.96162414550781,
    -39.965065002441406,
    -39.968116760253906,
    -39.970863342285156,
    -39.973236083984375,
    -39.975399017333984,
    -39.97731018066406,
    -39.979026794433594,
    -39.98051071166992,
    -39.98189163208008,
    -39.98310852050781,
    -39.984214782714844,
    -39.985206604003906,
    -39.98609924316406,
    -39.986907958984375,
    -39.987640380859375,
    -39.98830032348633,
    -39.98887634277344,
    -39.98944854736328,
    -39.98994445800781,
    -39.990379333496094,
    -39.990821838378906,
    -39.991180419921875,
    -39.991539001464844,
    -39.99188232421875,
    -39.992156982421875,
    -39.99243927001953,
    -39.99272918701172,
    -39.99292755126953,
    -39.993133544921875,
    -39.99333190917969,
    -39.993568420410156,
    -39.99369430541992,
    -39.993900299072266,
    -39.99402618408203,
    -39.99418640136719,
    -39.99433135986328,
    -39.99446487426758,
    -39.994590759277344,
    -39.994712829589844,
    -39.99484634399414,
    -39.99494171142578
  ],