{
  "size": 16,
  "opt_val": -40.0,
  "method": "VQE",
  "operations": [
    "Z0_Y2",
    "Z0_Y8",
    "Z0_Y14",
    "Z0_Y11",
    "Z0_Y9",
    "Z0_Y3",
    "Z0_Y6",
    "Z2_Y5",
    "Z2_Y4",
    "Z2_Y10",
    "Z2_Y13",
    "Z2_Y12",
    "Z8_Y1",
    "Z14_Y15",
    "Z11_Y7",
    "Z2_Y11",
    "Z8_Y9",
    "Z8_Y11",
    "Z8_Y14",
    "Z8_Y10",
    "Z8_Y13",
    "Z14_Y1",
    "Z14_Y6",
    "Z11_Y3",
    "Z11_Y15",
    "Z9_Y5",
    "Z9_Y7",
    "Z9_Y12",
    "Z3_Y4",
    "Z14_Y10",
    "Z14_Y11",
    "Z9_Y13",
    "Z9_Y15",
    "Z3_Y1",
    "Z3_Y7",
    "Z3_Y12",
    "Z3_Y5",
    "Z6_Y1",
    "Z6_Y15",
    "Z6_Y10",
    "Z1_Y4",
    "Z6_Y5",
    "Z6_Y12",
    "Z1_Y15",
    "Z1_Y13",
    "Z15_Y4",
    "Z15_Y10",
    "Z4_Y5",
    "Z4_Y7",
    "Z4_Y13",
    "Z13_Y7",
    "Z13_Y12",
    "Z5_Y7",
    "Z10_Y7",
    "Z5_Y12",
    "Z10_Y12"
  ],
  "dt": 0.05,
  "lr": 0.05,
  "lam": 1.0,
  "mu": 0.9,
  "fix_step": 0,
  "constant_c": true,
  "parameters": [
    1.5707963705062866,
    1.5704890489578247,
    1.0901069641113281,
    -0.18101820349693298,
    0.9199395179748535,
    1.0002708435058594,
    1.3273812532424927,
    0.5982741713523865,
    0.3601170778274536,
    0.3845711052417755,
    0.596442461013794,
    0.3893471360206604,
    0.3537582755088806,
    -0.026185620576143265,
    0.00038182747084647417,
    0.7000541090965271,
    0.25351983308792114,
    0.6891337633132935,
    -0.4810410737991333,
    0.5010375380516052,
    0.7069163918495178,
    0.3165852427482605,
    -0.24344195425510406,
    0.5705406665802002,
    0.8873580694198608,
    0.0053250836208462715,
    0.019641496241092682,
    0.977106511592865,
    0.3936734199523926,
    0.23202823102474213,
    0.0008345723035745323,
    0.5730553865432739,
    0.1024591326713562,
    0.4991842210292816,
    0.03219674155116081,
    0.5000235438346863,
    0.4394187331199646,
    0.4012737274169922,
    -0.05879946053028107,
    0.2204083651304245,
    0.13530100882053375,
    0.546820342540741,
    0.45894309878349304,
    0.568011462688446,
    0.17380572855472565,
    0.9501732587814331,
    0.2332923710346222,
    0.01791173778474331,
    0.41748759150505066,
    0.1411854475736618,
    0.08274427801370621,
    0.5671996474266052,
    0.41378745436668396,
    0.7051280736923218,
    0.11391286551952362,
    0.17753060162067413
  ],
  "opt_ratios": [
    0.00015258774510584772,
    0.00045917867100797594,
    0.0007238647085614502,
    0.0010995091870427132,
    0.001621683593839407,
    0.0023351996205747128,
    0.003295785980299115,
    0.0045717922039330006,
    0.00624573789536953,
    0.008415873162448406,
    0.011197282932698727,
    0.014722960069775581,
    0.0191444531083107,
    0.024631723761558533,
    0.03137120604515076,
    0.03956404700875282,
    0.04941915348172188,
    0.06114806979894638,
    0.07494940608739853,
    0.0909990519285202,
    0.10943184792995453,
    0.1303263008594513,
    0.15368668735027313,
    0.1794281303882599,
    0.2073693722486496,
    0.23722441494464874,
    0.26860857009887695,
    0.3010559380054474,
    0.33403876423835754,
    0.3670111894607544,
    0.39944958686828613,
    0.4308854639530182,
    0.4609370231628418,
    0.48932507634162903,
    0.515882134437561,
    0.5405321717262268,
    0.563279926776886,
    0.5842005610466003,
    0.6034020185470581,
    0.6210271120071411,
    0.6372275948524475,
    0.6521515250205994,
    0.6659409403800964,
    0.6787247657775879,
    0.6906365752220154,
    0.701776921749115,
    0.7122463583946228,
    0.7221317887306213,
    0.7315009236335754,
    0.7404195070266724,
    0.7489355206489563,
    0.7570922374725342,
    0.7649255394935608,
    0.7724626064300537,
    0.7797275185585022,
    0.7867453694343567,
    0.7935310006141663,
    0.8000983595848083,
    0.8064603209495544,
    0.8126246333122253,
    0.818600058555603,
    0.8243957757949829,
    0.8300125002861023,
    0.8354631066322327,
    0.8407442569732666,
    0.8458627462387085,
    0.8508208990097046,
    0.8556216359138489,
    0.860270619392395,
    0.8647674322128296,
    0.8691192269325256,
    0.8733276128768921,
    0.8773979544639587,
    0.8813312649726868,
    0.8851318955421448,
    0.888805091381073,
    0.892352819442749,
    0.8957791328430176,
    0.8990890383720398,
    0.902283787727356,
    0.905366837978363,
    0.9083428978919983,
    0.9112146496772766,
    0.9139856696128845,
    0.9166597127914429,
    0.9192392826080322,
    0.9217272400856018,
    0.9241275787353516,
    0.9264428019523621,
    0.928676962852478,
    0.9308320879936218,
    0.9329115152359009,
    0.9349151253700256,
    0.9368516802787781,
    0.9387171268463135,
    0.9405176043510437,
    0.9422546029090881,
    0.9439327120780945,
    0.9455519318580627,
    0.9471139907836914,
    0.9486224055290222
  ],
  "expectations": [
    -27.999969482421875,
    -29.30633544921875,
    -29.830032348632812,
    -30.308887481689453,
    -30.75383949279785,
    -31.172870635986328,
    -31.571762084960938,
    -31.95477294921875,
    -32.32488250732422,
    -32.68421173095703,
    -33.03425598144531,
    -33.3759765625,
    -33.71012878417969,
    -34.0372314453125,
    -34.357704162597656,
    -34.67184066772461,
    -34.97990036010742,
    -35.28199005126953,
    -35.57806396484375,
    -35.86785888671875,
    -36.15093994140625,
    -36.42683410644531,
    -36.694854736328125,
    -36.954322814941406,
    -37.20439910888672,
    -37.444236755371094,
    -37.672821044921875,
    -37.88922119140625,
    -38.09226989746094,
    -38.281089782714844,
    -38.45491027832031,
    -38.61332702636719,
    -38.75624465942383,
    -38.883949279785156,
    -38.99718475341797,
    -39.096893310546875,
    -39.18409729003906,
    -39.260162353515625,
    -39.326332092285156,
    -39.3837890625,
    -39.43372344970703,
    -39.47719192504883,
    -39.515098571777344,
    -39.54826354980469,
    -39.577415466308594,
    -39.60315704345703,
    -39.62599182128906,
    -39.64640426635742,
    -39.664756774902344,
    -39.681312561035156,
    -39.696388244628906,
    -39.71014404296875,
    -39.72285461425781,
    -39.73457336425781,
    -39.74544143676758,
    -39.755653381347656,
    -39.76519775390625,
    -39.77421569824219,
    -39.78272247314453,
    -39.79082107543945,
    -39.79847717285156,
    -39.80581283569336,
    -39.812767028808594,
    -39.819515228271484,
    -39.82591247558594,
    -39.83201599121094,
    -39.83790588378906,
    -39.84355926513672,
    -39.8489990234375,
    -39.85420227050781,
    -39.85921096801758,
    -39.864009857177734,
    -39.86864471435547,
    -39.873085021972656,
    -39.87737274169922,
    -39.881500244140625,
    -39.88543701171875,
    -39.88922882080078,
    -39.89292526245117,
    -39.89643859863281,
    -39.899803161621094,
    -39.9030647277832,
    -39.90618896484375,
    -39.909217834472656,
    -39.91215515136719,
    -39.91493225097656,
    -39.91761779785156,
    -39.92021942138672,
    -39.922691345214844,
    -39.92509841918945,
    -39.92742919921875,
    -39.9296875,
    -39.93177795410156,
    -39.933929443359375,
    -39.93589401245117,
    -39.93779754638672,
    -39.93962478637695,
    -39.94145202636719,
    -39.94316864013672,
    -39.94482421875,
    -39.94641876220703
  ],