{
  "size": 16,
  "opt_val": -39.0,
  "method": "VQE",
  "operations": [
    "Z0_Y2",
    "Z0_Y8",
    "Z0_Y7",
    "Z0_Y1",
    "Z0_Y4",
    "Z0_Y10",
    "Z0_Y12",
    "Z2_Y11",
    "Z2_Y14",
    "Z2_Y13",
    "Z2_Y9",
    "Z8_Y6",
    "Z8_Y15",
    "Z7_Y3",
    "Z7_Y5",
    "Z2_Y4",
    "Z2_Y7",
    "Z8_Y9",
    "Z8_Y12",
    "Z8_Y11",
    "Z8_Y10",
    "Z7_Y12",
    "Z7_Y14",
    "Z1_Y9",
    "Z1_Y3",
    "Z4_Y6",
    "Z4_Y5",
    "Z4_Y13",
    "Z10_Y15",
    "Z7_Y11",
    "Z1_Y12",
    "Z1_Y11",
    "Z1_Y4",
    "Z1_Y10",
    "Z4_Y9",
    "Z10_Y5",
    "Z10_Y13",
    "Z12_Y3",
    "Z12_Y6",
    "Z12_Y15",
    "Z3_Y14",
    "Z10_Y9",
    "Z9_Y3",
    "Z9_Y6",
    "Z3_Y13",
    "Z3_Y5",
    "Z11_Y5",
    "Z11_Y14",
    "Z11_Y15",
    "Z14_Y6",
    "Z14_Y13",
    "Z14_Y15",
    "Z13_Y5",
    "Z13_Y6",
    "Z5_Y15",
    "Z6_Y15"
  ],
  "dt": 0.05,
  "lr": 0.05,
  "lam": 1.0,
  "mu": 0.9,
  "fix_step": 0,
  "constant_c": true,
  "parameters": [
    1.5691776275634766,
    1.5592342615127563,
    1.3690630197525024,
    1.3161711692810059,
    1.243103265762329,
    1.3084853887557983,
    -0.05006597191095352,
    0.41930535435676575,
    0.523503839969635,
    0.6445861458778381,
    0.6384234428405762,
    0.19535255432128906,
    0.1986929476261139,
    -0.22299765050411224,
    0.5255106091499329,
    -0.37794551253318787,
    -0.1812029778957367,
    0.3054632246494293,
    0.4369119703769684,
    0.49320188164711,
    -0.2904643416404724,
    1.0064246654510498,
    1.000135064125061,
    0.017920566722750664,
    0.020918073132634163,
    0.20215515792369843,
    0.46461382508277893,
    0.14095458388328552,
    0.2373609095811844,
    0.13920557498931885,
    0.07833032310009003,
    0.5221496224403381,
    0.09136591851711273,
    0.03155267983675003,
    0.12227948755025864,
    0.33974501490592957,
    0.6114984154701233,
    0.6591672301292419,
    0.3722679913043976,
    0.5762293934822083,
    0.07903674989938736,
    0.4871360957622528,
    0.7121443748474121,
    0.5464180707931519,
    0.3950684368610382,
    0.6378332376480103,
    0.1348072588443756,
    0.02297218330204487,
    0.5569977760314941,
    0.39085644483566284,
    0.22156718373298645,
    0.5407925844192505,
    0.25619813799858093,
    0.6587030291557312,
    0.5355793237686157,
    0.20897558331489563
  ],
  "opt_ratios": [
    6.1035098042339087e-05,
    0.0001687225594650954,
    0.0002538333646953106,
    0.00036685363738797605,
    0.0005128380144014955,
    0.0006969375535845757,
    0.0009242463856935501,
    0.001199632533825934,
    0.0015276838093996048,
    0.0019125579856336117,
    0.002358044032007456,
    0.0028675547800958157,
    0.0034445119090378284,
    0.004092340357601643,
    0.004814835265278816,
    0.005616764072328806,
    0.0065042730420827866,
    0.007485278882086277,
    0.008570488542318344,
    0.009773656725883484,
    0.011112537235021591,
    0.012609435245394707,
    0.014292113482952118,
    0.016195006668567657,
    0.0183601975440979,
    0.020837463438510895,
    0.023687412962317467,
    0.02698059380054474,
    0.030800489708781242,
    0.03524245694279671,
    0.04041769355535507,
    0.04645049199461937,
    0.053480491042137146,
    0.06166103109717369,
    0.0711568295955658,
    0.08214159309864044,
    0.09479311853647232,
    0.10928285866975784,
    0.125772163271904,
    0.14439274370670319,
    0.1652405858039856,
    0.18835970759391785,
    0.21372675895690918,
    0.24124176800251007,
    0.2707245647907257,
    0.3019137382507324,
    0.33447927236557007,
    0.36802932620048523,
    0.40214788913726807,
    0.4364073872566223,
    0.470388799905777,
    0.503713846206665,
    0.5360479950904846,
    0.5671358108520508,
    0.5967727899551392,
    0.6248204112052917,
    0.6512032151222229,
    0.675892174243927,
    0.6989005208015442,
    0.7202701568603516,
    0.7400742173194885,
    0.7583953142166138,
    0.7753228545188904,
    0.7909525632858276,
    0.8053775429725647,
    0.8186959028244019,
    0.8309929370880127,
    0.8423566222190857,
    0.8528593182563782,
    0.8625760674476624,
    0.8715735673904419,
    0.8799102306365967,
    0.8876408338546753,
    0.8948136568069458,
    0.9014754295349121,
    0.907667875289917,
    0.9134286046028137,
    0.9187915921211243,
    0.9237884879112244,
    0.9284471869468689,
    0.9327936768531799,
    0.9368516802787781,
    0.9406437873840332,
    0.9441878795623779,
    0.947502851486206,
    0.9506044387817383,
    0.9535097479820251,
    0.9562302827835083,
    0.9587782621383667,
    0.9611684679985046,
    0.9634087085723877,
    0.9655123353004456,
    0.9674861431121826,
    0.9693394303321838,
    0.9710800647735596,
    0.9727150201797485,
    0.9742510914802551,
    0.9756956696510315,
    0.9770533442497253,
    0.9783307313919067,
    0.9795321226119995
  ],
  "expectations": [
    -27.999969482421875,
    -29.302322387695312,
    -29.814720153808594,
    -30.274593353271484,
    -30.691776275634766,
    -31.07347869873047,
    -31.424999237060547,
    -31.750490188598633,
    -32.05310821533203,
    -32.33543395996094,
    -32.599510192871094,
    -32.84699249267578,
    -33.07933044433594,
    -33.297691345214844,
    -33.503135681152344,
    -33.69666290283203,
    -33.879058837890625,
    -34.051239013671875,
    -34.2139778137207,
    -34.368064880371094,
    -34.51434326171875,
    -34.65363693237305,
    -34.78670120239258,
    -34.91438674926758,
    -35.037513732910156,
    -35.15681076049805,
    -35.27312088012695,
    -35.387115478515625,
    -35.49953842163086,
    -35.611000061035156,
    -35.722137451171875,
    -35.833473205566406,
    -35.945404052734375,
    -36.05839920043945,
    -36.17271423339844,
    -36.28857421875,
    -36.406070709228516,
    -36.525169372558594,
    -36.64573669433594,
    -36.76754379272461,
    -36.89015197753906,
    -37.013092041015625,
    -37.13563537597656,
    -37.25708770751953,
    -37.37654113769531,
    -37.493141174316406,
    -37.60601043701172,
    -37.71434020996094,
    -37.8173713684082,
    -37.91459655761719,
    -38.00553894042969,
    -38.09002685546875,
    -38.16796875,
    -38.23948669433594,
    -38.304779052734375,
    -38.36410140991211,
    -38.41795349121094,
    -38.46663284301758,
    -38.510597229003906,
    -38.55034637451172,
    -38.58623504638672,
    -38.61864471435547,
    -38.647972106933594,
    -38.674564361572266,
    -38.69866180419922,
    -38.72059631347656,
    -38.740562438964844,
    -38.75883865356445,
    -38.77550506591797,
    -38.79074478149414,
    -38.80480194091797,
    -38.817710876464844,
    -38.829612731933594,
    -38.84053039550781,
    -38.85066223144531,
    -38.86001968383789,
    -38.868690490722656,
    -38.876747131347656,
    -38.88420867919922,
    -38.89115524291992,
    -38.897613525390625,
    -38.90361404418945,
    -38.90924072265625,
    -38.91450500488281,
    -38.919395446777344,
    -38.9239387512207,
    -38.92822265625,
    -38.932220458984375,
    -38.935935974121094,
    -38.93948745727539,
    -38.94275665283203,
    -38.945865631103516,
    -38.94877243041992,
    -38.95148849487305,
    -38.95404815673828,
    -38.95646286010742,
    -38.95872116088867,
    -38.960872650146484,
    -38.962852478027344,
    -38.96476364135742,
    -38.96656036376953
  ],