{
  "size": 16,
  "opt_val": -40.0,
  "method": "VQE",
  "operations": [
    "Z0_Y14",
    "Z0_Y1",
    "Z0_Y4",
    "Z0_Y10",
    "Z0_Y9",
    "Z0_Y15",
    "Z0_Y6",
    "Z14_Y2",
    "Z14_Y7",
    "Z14_Y11",
    "Z14_Y13",
    "Z1_Y5",
    "Z4_Y3",
    "Z4_Y12",
    "Z4_Y8",
    "Z14_Y1",
    "Z14_Y15",
    "Z1_Y6",
    "Z1_Y7",
    "Z1_Y13",
    "Z4_Y9",
    "Z4_Y6",
    "Z10_Y2",
    "Z10_Y3",
    "Z10_Y7",
    "Z10_Y8",
    "Z9_Y11",
    "Z9_Y12",
    "Z15_Y5",
    "Z1_Y15",
    "Z4_Y13",
    "Z10_Y9",
    "Z10_Y13",
    "Z9_Y6",
    "Z9_Y15",
    "Z15_Y8",
    "Z15_Y12",
    "Z6_Y2",
    "Z6_Y7",
    "Z5_Y2",
    "Z5_Y11",
    "Z13_Y3",
    "Z6_Y12",
    "Z5_Y7",
    "Z5_Y12",
    "Z5_Y8",
    "Z7_Y11",
    "Z13_Y2",
    "Z13_Y8",
    "Z2_Y3",
    "Z7_Y8",
    "Z2_Y11",
    "Z11_Y3",
    "Z11_Y12",
    "Z3_Y8",
    "Z3_Y12"
  ],
  "dt": 0.05,
  "lr": 0.05,
  "lam": 1.0,
  "mu": 0.9,
  "fix_step": 0,
  "constant_c": true,
  "parameters": [
    1.4884045124053955,
    -1.5406455993652344,
    1.5698128938674927,
    1.5707732439041138,
    -0.3697882890701294,
    0.6154394149780273,
    0.7631482481956482,
    0.21613414585590363,
    0.22948719561100006,
    -0.016132254153490067,
    0.09424269199371338,
    1.5577704906463623,
    0.4081684648990631,
    0.2917814552783966,
    0.3531457185745239,
    0.011087680235505104,
    0.10234493017196655,
    0.1497817486524582,
    0.18414926528930664,
    1.2175666093826294,
    0.6079471111297607,
    0.018841562792658806,
    0.41589024662971497,
    0.4538339078426361,
    0.6999300122261047,
    0.31157955527305603,
    0.04120037704706192,
    0.002794967032968998,
    -0.006571517791599035,
    0.3680802583694458,
    -0.16322511434555054,
    0.5923007726669312,
    -0.25042924284935,
    0.6767622828483582,
    0.6894049644470215,
    0.5492922067642212,
    0.4129238426685333,
    0.7497031688690186,
    0.6379455327987671,
    0.1761372834444046,
    0.02537699230015278,
    0.5567269325256348,
    0.4761168360710144,
    0.1880282163619995,
    0.23065729439258575,
    0.6063438653945923,
    0.9305719137191772,
    0.013327998109161854,
    0.3093867301940918,
    0.4427267014980316,
    0.2570343315601349,
    0.6097785234451294,
    0.5942248106002808,
    0.28772035241127014,
    0.3019660711288452,
    0.1256989687681198
  ],
  "opt_ratios": [
    6.1035098042339087e-05,
    0.0001858580217231065,
    0.00028989423299208283,
    0.0004326090565882623,
    0.0006227339617908001,
    0.0008701258921064436,
    0.00118579575791955,
    0.0015821235720068216,
    0.0020729191601276398,
    0.0026736764702945948,
    0.003401729743927717,
    0.004276410676538944,
    0.00531946774572134,
    0.006554846651852131,
    0.00800911895930767,
    0.00971171073615551,
    0.011694868095219135,
    0.013993172906339169,
    0.016644174233078957,
    0.019687339663505554,
    0.02316400222480297,
    0.027116719633340836,
    0.03158785030245781,
    0.03662024810910225,
    0.04225679486989975,
    0.0485386848449707,
    0.055507928133010864,
    0.06320622563362122,
    0.07167551666498184,
    0.08096294850111008,
    0.09111541509628296,
    0.10218540579080582,
    0.11422628909349442,
    0.12729334831237793,
    0.14143973588943481,
    0.15671873092651367,
    0.17317700386047363,
    0.19085843861103058,
    0.20979459583759308,
    0.23000672459602356,
    0.2515002489089966,
    0.27427297830581665,
    0.2982994318008423,
    0.3235391080379486,
    0.3499249219894409,
    0.3773777484893799,
    0.40578263998031616,
    0.4350125193595886,
    0.46491557359695435,
    0.4953056573867798,
    0.5259944200515747,
    0.5567596554756165,
    0.5873785614967346,
    0.617617130279541,
    0.6472300291061401,
    0.676001250743866,
    0.703721284866333,
    0.7302077412605286,
    0.7553083896636963,
    0.7789057493209839,
    0.8009207248687744,
    0.821307897567749,
    0.8400667905807495,
    0.8572109937667847,
    0.872793436050415,
    0.8868864178657532,
    0.8995690941810608,
    0.9109405279159546,
    0.9211005568504333,
    0.9301489591598511,
    0.9381878972053528,
    0.9453148245811462,
    0.9516218304634094,
    0.9571925401687622,
    0.9621119499206543,
    0.9664480686187744,
    0.9702684879302979,
    0.9736337065696716,
    0.9765958189964294,
    0.9792084097862244,
    0.9815077781677246,
    0.9835326671600342,
    0.9853186011314392,
    0.9868940114974976,
    0.9882828593254089,
    0.9895125031471252,
    0.9905990362167358,
    0.9915623664855957,
    0.9924153089523315,
    0.9931721091270447,
    0.9938467741012573,
    0.994444727897644,
    0.9949796199798584,
    0.9954559803009033,
    0.9958822131156921,
    0.996263325214386,
    0.9966051578521729,
    0.9969114661216736,
    0.9971875548362732,
    0.9974361062049866,
    0.9976598024368286
  ],
  "expectations": [
    -27.999969482421875,
    -29.29853057861328,
    -29.80517578125,
    -30.25974464416504,
    -30.673233032226562,
    -31.053775787353516,
    -31.407407760620117,
    -31.73870849609375,
    -32.05126190185547,
    -32.347900390625,
    -32.63090515136719,
    -32.90208435058594,
    -33.16288757324219,
    -33.414581298828125,
    -33.658111572265625,
    -33.89421081542969,
    -34.123558044433594,
    -34.34648132324219,
    -34.563297271728516,
    -34.774147033691406,
    -34.979007720947266,
    -35.177894592285156,
    -35.3707160949707,
    -35.557373046875,
    -35.73780059814453,
    -35.91206359863281,
    -36.08018112182617,
    -36.24235534667969,
    -36.39883041381836,
    -36.54998016357422,
    -36.69611358642578,
    -36.83775329589844,
    -36.97522735595703,
    -37.109039306640625,
    -37.239498138427734,
    -37.36692810058594,
    -37.491554260253906,
    -37.61363983154297,
    -37.7332763671875,
    -37.850486755371094,
    -37.96538543701172,
    -38.077877044677734,
    -38.18797302246094,
    -38.29560089111328,
    -38.40060043334961,
    -38.502891540527344,
    -38.60234832763672,
    -38.698760986328125,
    -38.792015075683594,
    -38.881935119628906,
    -38.968292236328125,
    -39.050987243652344,
    -39.129791259765625,
    -39.2046012878418,
    -39.27525329589844,
    -39.341705322265625,
    -39.40386199951172,
    -39.461700439453125,
    -39.515281677246094,
    -39.564613342285156,
    -39.609840393066406,
    -39.651145935058594,
    -39.68867874145508,
    -39.722618103027344,
    -39.753204345703125,
    -39.780704498291016,
    -39.8053092956543,
    -39.82728576660156,
    -39.846885681152344,
    -39.864288330078125,
    -39.87975311279297,
    -39.893463134765625,
    -39.90559768676758,
    -39.91631317138672,
    -39.925811767578125,
    -39.934226989746094,
    -39.94158172607422,
    -39.94811248779297,
    -39.95386505126953,
    -39.959007263183594,
    -39.963478088378906,
    -39.96739959716797,
    -39.970916748046875,
    -39.97403335571289,
    -39.976722717285156,
    -39.97917938232422,
    -39.981285095214844,
    -39.98322296142578,
    -39.98491287231445,
    -39.986419677734375,
    -39.98777770996094,
    -39.98891830444336,
    -39.9899787902832,
    -39.99090576171875,
    -39.99176788330078,
    -39.99250793457031,
    -39.99317932128906,
    -39.9937858581543,
    -39.99433898925781,
    -39.99482727050781,
    -39.995262145996094
  ],