{
  "size": 16,
  "opt_val": -40.0,
  "method": "VQE",
  "operations": [
    "Z0_Y2",
    "Z0_Y5",
    "Z0_Y14",
    "Z0_Y11",
    "Z0_Y8",
    "Z0_Y3",
    "Z0_Y12",
    "Z2_Y1",
    "Z2_Y4",
    "Z2_Y13",
    "Z2_Y9",
    "Z2_Y6",
    "Z5_Y7",
    "Z5_Y15",
    "Z11_Y10",
    "Z2_Y8",
    "Z5_Y3",
    "Z5_Y4",
    "Z5_Y13",
    "Z5_Y12",
    "Z14_Y3",
    "Z14_Y6",
    "Z14_Y7",
    "Z14_Y9",
    "Z14_Y11",
    "Z14_Y15",
    "Z11_Y1",
    "Z8_Y1",
    "Z8_Y10",
    "Z11_Y3",
    "Z11_Y9",
    "Z11_Y15",
    "Z8_Y3",
    "Z8_Y7",
    "Z3_Y10",
    "Z3_Y12",
    "Z12_Y1",
    "Z12_Y6",
    "Z12_Y13",
    "Z6_Y4",
    "Z8_Y15",
    "Z12_Y9",
    "Z1_Y6",
    "Z1_Y7",
    "Z1_Y13",
    "Z6_Y10",
    "Z6_Y9",
    "Z7_Y4",
    "Z4_Y15",
    "Z7_Y10",
    "Z7_Y13",
    "Z13_Y4",
    "Z13_Y9",
    "Z9_Y15",
    "Z4_Y10",
    "Z10_Y15"
  ],
  "dt": 0.05,
  "lr": 0.05,
  "lam": 1.0,
  "mu": 0.9,
  "fix_step": 0,
  "constant_c": true,
  "parameters": [
    1.5622613430023193,
    1.56867253780365,
    1.5707759857177734,
    1.2346354722976685,
    1.4321104288101196,
    -0.12148547917604446,
    0.8335267901420593,
    0.3538394868373871,
    0.5675997734069824,
    -0.03515629097819328,
    0.44441208243370056,
    0.2960946261882782,
    0.37312281131744385,
    0.3177310526371002,
    0.041672706604003906,
    -0.13869798183441162,
    0.25636693835258484,
    0.3575528860092163,
    0.16631706058979034,
    0.007326033897697926,
    0.5961340069770813,
    0.8538573384284973,
    0.8273102045059204,
    0.2983449101448059,
    -0.3360717296600342,
    0.41879987716674805,
    0.6951071619987488,
    0.32853683829307556,
    0.10167112946510315,
    0.27783724665641785,
    0.5275620818138123,
    0.24929839372634888,
    0.3189971446990967,
    0.49302005767822266,
    0.5189266800880432,
    0.7446008324623108,
    0.193305104970932,
    0.5481431484222412,
    0.07561234384775162,
    0.26063773036003113,
    0.3422105014324188,
    0.4390646517276764,
    0.13613106310367584,
    0.12263041734695435,
    0.74789959192276,
    0.5978926420211792,
    0.2277042716741562,
    0.3322864770889282,
    0.00010129553265869617,
    0.5731033682823181,
    0.4417285621166229,
    1.1812200546264648,
    0.09325810521841049,
    0.09388566762208939,
    0.024999478831887245,
    0.33654144406318665
  ],
  "opt_ratios": [
    0.00012207019608467817,
    0.0003693175676744431,
    0.0005811929004266858,
    0.0008798128692433238,
    0.0012912629172205925,
    0.0018475967226549983,
    0.002587741706520319,
    0.0035581716801971197,
    0.004813764244318008,
    0.006418112199753523,
    0.008443957194685936,
    0.010973813012242317,
    0.014100836589932442,
    0.017930198460817337,
    0.0225809495896101,
    0.028189288452267647,
    0.034913189709186554,
    0.042933762073516846,
    0.052460141479969025,
    0.063731849193573,
    0.07701583206653595,
    0.09259895980358124,
    0.11077385395765305,
    0.13180746138095856,
    0.15590421855449677,
    0.18314838409423828,
    0.2134552150964737,
    0.24652963876724243,
    0.28185826539993286,
    0.31874144077301025,
    0.35637590289115906,
    0.39394429326057434,
    0.43071016669273376,
    0.4660871624946594,
    0.49966174364089966,
    0.5311931371688843,
    0.5605971217155457,
    0.5878955125808716,
    0.6131882071495056,
    0.6366171836853027,
    0.6583441495895386,
    0.6785295009613037,
    0.6973271369934082,
    0.7148774862289429,
    0.731304407119751,
    0.7467164993286133,
    0.7612056136131287,
    0.7748505473136902,
    0.7877202033996582,
    0.7998741269111633,
    0.8113616108894348,
    0.8222254514694214,
    0.832503080368042,
    0.8422269225120544,
    0.8514285087585449,
    0.8601316809654236,
    0.8683602809906006,
    0.8761355876922607,
    0.8834793567657471,
    0.8904082179069519,
    0.896942138671875,
    0.9030987024307251,
    0.9088927507400513,
    0.9143404960632324,
    0.9194612503051758,
    0.9242702722549438,
    0.9287808537483215,
    0.9330093860626221,
    0.936966598033905,
    0.9406737685203552,
    0.9441409111022949,
    0.9473814368247986,
    0.9504115581512451,
    0.9532427787780762,
    0.955888569355011,
    0.958360493183136,
    0.9606682062149048,
    0.9628249406814575,
    0.9648383855819702,
    0.9667212963104248,
    0.9684811234474182,
    0.9701276421546936,
    0.9716677665710449,
    0.9731090068817139,
    0.9744579195976257,
    0.9757223129272461,
    0.9769080877304077,
    0.978020191192627,
    0.9790664315223694,
    0.9800468683242798,
    0.9809700846672058,
    0.9818376898765564,
    0.98265540599823,
    0.9834258556365967,
    0.9841521382331848,
    0.9848365783691406,
    0.9854846000671387,
    0.9860939383506775,
    0.9866732358932495,
    0.9872199296951294,
    0.987738311290741
  ],
  "expectations": [
    -27.999969482421875,
    -29.30322265625,
    -29.81954574584961,
    -30.287389755249023,
    -30.717561721801758,
    -31.118070602416992,
    -31.49480438232422,
    -31.852291107177734,
    -32.19395446777344,
    -32.52251434326172,
    -32.839908599853516,
    -33.147743225097656,
    -33.447181701660156,
    -33.739112854003906,
    -34.02423858642578,
    -34.30312728881836,
    -34.57643127441406,
    -34.844642639160156,
    -35.108306884765625,
    -35.36818313598633,
    -35.62506103515625,
    -35.87983703613281,
    -36.133460998535156,
    -36.38676452636719,
    -36.64015197753906,
    -36.893470764160156,
    -37.1456298828125,
    -37.39463424682617,
    -37.63764190673828,
    -37.87129211425781,
    -38.09231948852539,
    -38.297874450683594,
    -38.48588180541992,
    -38.65536880493164,
    -38.80621337890625,
    -38.93914031982422,
    -39.05540466308594,
    -39.15666961669922,
    -39.24463653564453,
    -39.32107162475586,
    -39.3875732421875,
    -39.44561004638672,
    -39.49643325805664,
    -39.541175842285156,
    -39.58073425292969,
    -39.61592102050781,
    -39.6473274230957,
    -39.67546844482422,
    -39.70085906982422,
    -39.72382736206055,
    -39.74468231201172,
    -39.76367950439453,
    -39.781005859375,
    -39.79684066772461,
    -39.811424255371094,
    -39.8248176574707,
    -39.83713150024414,
    -39.848487854003906,
    -39.85897445678711,
    -39.86863708496094,
    -39.87757110595703,
    -39.88584518432617,
    -39.893497467041016,
    -39.90053176879883,
    -39.907081604003906,
    -39.91314697265625,
    -39.91875457763672,
    -39.923980712890625,
    -39.928733825683594,
    -39.933250427246094,
    -39.937339782714844,
    -39.94114685058594,
    -39.94469451904297,
    -39.947975158691406,
    -39.95102310180664,
    -39.95384216308594,
    -39.95647048950195,
    -39.95891189575195,
    -39.961177825927734,
    -39.96329116821289,
    -39.9652214050293,
    -39.96706008911133,
    -39.968753814697266,
    -39.97034454345703,
    -39.97180938720703,
    -39.97318649291992,
    -39.9744873046875,
    -39.97565841674805,
    -39.976837158203125,
    -39.977867126464844,
    -39.97887420654297,
    -39.97978973388672,
    -39.980690002441406,
    -39.98152160644531,
    -39.98230743408203,
    -39.9830322265625,
    -39.983741760253906,
    -39.984336853027344,
    -39.98500061035156,
    -39.98554992675781,
    -39.986122131347656
  ],