{
  "size": 16,
  "opt_val": -40.0,
  "method": "VQE",
  "operations": [
    "Z0_Y8",
    "Z0_Y14",
    "Z0_Y10",
    "Z0_Y7",
    "Z0_Y1",
    "Z0_Y13",
    "Z0_Y15",
    "Z8_Y2",
    "Z8_Y5",
    "Z8_Y9",
    "Z8_Y12",
    "Z14_Y6",
    "Z10_Y4",
    "Z10_Y11",
    "Z7_Y3",
    "Z8_Y7",
    "Z8_Y13",
    "Z14_Y1",
    "Z14_Y2",
    "Z14_Y7",
    "Z14_Y9",
    "Z14_Y12",
    "Z10_Y1",
    "Z10_Y5",
    "Z10_Y15",
    "Z7_Y4",
    "Z13_Y3",
    "Z13_Y11",
    "Z9_Y6",
    "Z10_Y9",
    "Z7_Y13",
    "Z7_Y15",
    "Z1_Y9",
    "Z1_Y12",
    "Z1_Y15",
    "Z15_Y2",
    "Z15_Y3",
    "Z15_Y5",
    "Z9_Y11",
    "Z12_Y6",
    "Z2_Y4",
    "Z1_Y13",
    "Z13_Y9",
    "Z12_Y2",
    "Z12_Y3",
    "Z12_Y11",
    "Z2_Y6",
    "Z4_Y3",
    "Z4_Y5",
    "Z2_Y3",
    "Z4_Y6",
    "Z4_Y11",
    "Z3_Y5",
    "Z6_Y5",
    "Z6_Y11",
    "Z5_Y11"
  ],
  "dt": 0.05,
  "lr": 0.05,
  "lam": 1.0,
  "mu": 0.9,
  "fix_step": 0,
  "constant_c": true,
  "parameters": [
    1.5693377256393433,
    1.5707908868789673,
    1.4442827701568604,
    -0.19691021740436554,
    0.027628319337964058,
    0.5120371580123901,
    0.69852215051651,
    0.6300561428070068,
    0.5774590373039246,
    0.9445699453353882,
    1.0624406337738037,
    0.06097487732768059,
    0.6790966391563416,
    0.6503414511680603,
    9.72332272795029e-05,
    0.6126681566238403,
    0.23703965544700623,
    0.601058840751648,
    0.397294819355011,
    0.7612518668174744,
    0.6108304262161255,
    0.5589050650596619,
    0.9827648401260376,
    0.04267276078462601,
    0.09158866107463837,
    0.2885010838508606,
    -7.544349500676617e-05,
    0.014101224020123482,
    0.4560849070549011,
    0.1281309425830841,
    0.5117772817611694,
    0.8186269998550415,
    0.17482492327690125,
    0.05084983631968498,
    0.1450301557779312,
    0.49622341990470886,
    -0.047971125692129135,
    0.30465713143348694,
    0.25502294301986694,
    0.5396136045455933,
    0.15660212934017181,
    0.7788482308387756,
    0.062450360506772995,
    -0.04655860736966133,
    0.8656275868415833,
    0.4657207727432251,
    0.635666012763977,
    0.007401058916002512,
    0.0009765343856997788,
    0.6518344879150391,
    0.0012488850625231862,
    1.190445899963379,
    0.32940661907196045,
    0.31704458594322205,
    0.25697195529937744,
    0.3009011745452881
  ],
  "opt_ratios": [
    0.0002136228431481868,
    0.0006520817405544221,
    0.0010268974583595991,
    0.001553632435388863,
    0.002276155399158597,
    0.0032477930653840303,
    0.004532771185040474,
    0.006207569967955351,
    0.00836179219186306,
    0.011098281480371952,
    0.014532734639942646,
    0.01879023388028145,
    0.02400158904492855,
    0.0302957221865654,
    0.03779013454914093,
    0.046581659466028214,
    0.056736886501312256,
    0.06828756630420685,
    0.08122938126325607,
    0.09552671015262604,
    0.11112110316753387,
    0.12793561816215515,
    0.14587438106536865,
    0.16482290625572205,
    0.18464362621307373,
    0.20517337322235107,
    0.22623151540756226,
    0.2476297914981842,
    0.26918724179267883,
    0.2907441556453705,
    0.3121701180934906,
    0.3333663046360016,
    0.3542609214782715,
    0.3748108744621277,
    0.3949897587299347,
    0.41477707028388977,
    0.4341669976711273,
    0.45315250754356384,
    0.4717199504375458,
    0.48986077308654785,
    0.5075598955154419,
    0.5248104333877563,
    0.5416005253791809,
    0.5579266548156738,
    0.5737781524658203,
    0.5891519784927368,
    0.6040509939193726,
    0.6184836626052856,
    0.6324488520622253,
    0.6459581255912781,
    0.6590231657028198,
    0.6716534495353699,
    0.6838675141334534,
    0.6956866383552551,
    0.707125186920166,
    0.7181867361068726,
    0.7288947701454163,
    0.7392545938491821,
    0.7492868304252625,
    0.7589986324310303,
    0.7684054374694824,
    0.7775135636329651,
    0.7863346934318542,
    0.7948763370513916,
    0.803144097328186,
    0.8111490607261658,
    0.8188934922218323,
    0.8263846039772034,
    0.8336263298988342,
    0.8406261801719666,
    0.8473865389823914,
    0.8539147973060608,
    0.860212504863739,
    0.8662851452827454,
    0.8721378445625305,
    0.8777742385864258,
    0.8832006454467773,
    0.8884187340736389,
    0.8934360146522522,
    0.8982563614845276,
    0.9028834700584412,
    0.907323956489563,
    0.9115813970565796,
    0.9156624674797058,
    0.9195709824562073,
    0.9233132600784302,
    0.9268942475318909,
    0.9303183555603027,
    0.9335915446281433,
    0.9367195963859558,
    0.9397058486938477,
    0.942557156085968,
    0.945278525352478,
    0.9478739500045776,
    0.9503499865531921,
    0.9527099132537842,
    0.9549590349197388,
    0.9571024179458618,
    0.9591437578201294,
    0.9610885381698608,
    0.9629398584365845
  ],
  "expectations": [
    -27.999969482421875,
    -29.30080795288086,
    -29.813493728637695,
    -30.277973175048828,
    -30.706031799316406,
    -31.106468200683594,
    -31.48607635498047,
    -31.850177764892578,
    -32.20302963256836,
    -32.547889709472656,
    -32.88739013671875,
    -33.22339630126953,
    -33.557159423828125,
    -33.88927459716797,
    -34.21965026855469,
    -34.547698974609375,
    -34.8722038269043,
    -35.19163513183594,
    -35.504425048828125,
    -35.80891036987305,
    -36.10381317138672,
    -36.388084411621094,
    -36.66085433959961,
    -36.92137145996094,
    -37.168888092041016,
    -37.402503967285156,
    -37.62140655517578,
    -37.82481384277344,
    -38.01213073730469,
    -38.18319320678711,
    -38.33818817138672,
    -38.47760772705078,
    -38.60235595703125,
    -38.71355438232422,
    -38.81242370605469,
    -38.900230407714844,
    -38.97831726074219,
    -39.047889709472656,
    -39.11003875732422,
    -39.16581726074219,
    -39.21601867675781,
    -39.26142883300781,
    -39.302711486816406,
    -39.34041213989258,
    -39.37502670288086,
    -39.406898498535156,
    -39.436405181884766,
    -39.46383285522461,
    -39.48942947387695,
    -39.51337432861328,
    -39.535858154296875,
    -39.55699157714844,
    -39.57695007324219,
    -39.59586715698242,
    -39.61382293701172,
    -39.63087463378906,
    -39.647125244140625,
    -39.662620544433594,
    -39.677406311035156,
    -39.691497802734375,
    -39.705078125,
    -39.718017578125,
    -39.73043441772461,
    -39.74236297607422,
    -39.753753662109375,
    -39.7647590637207,
    -39.7752685546875,
    -39.78540802001953,
    -39.79508972167969,
    -39.804439544677734,
    -39.81338119506836,
    -39.822021484375,
    -39.83026885986328,
    -39.83818054199219,
    -39.84576416015625,
    -39.8530158996582,
    -39.860008239746094,
    -39.86663055419922,
    -39.87302780151367,
    -39.87916564941406,
    -39.88497543334961,
    -39.89057159423828,
    -39.89590835571289,
    -39.9010124206543,
    -39.90585708618164,
    -39.9105110168457,
    -39.91494369506836,
    -39.91915512084961,
    -39.923179626464844,
    -39.927024841308594,
    -39.930641174316406,
    -39.934112548828125,
    -39.937408447265625,
    -39.940521240234375,
    -39.943511962890625,
    -39.94634246826172,
    -39.94902801513672,
    -39.95158386230469,
    -39.95398712158203,
    -39.95629119873047,
    -39.95847702026367
  ],