{
  "size": 16,
  "opt_val": -38.0,
  "method": "VQE",
  "operations": [
    "Z0_Y2",
    "Z0_Y5",
    "Z0_Y1",
    "Z0_Y4",
    "Z0_Y10",
    "Z0_Y7",
    "Z0_Y6",
    "Z2_Y14",
    "Z2_Y13",
    "Z2_Y12",
    "Z2_Y3",
    "Z5_Y15",
    "Z5_Y11",
    "Z4_Y9",
    "Z4_Y8",
    "Z2_Y1",
    "Z2_Y6",
    "Z5_Y7",
    "Z5_Y10",
    "Z5_Y6",
    "Z5_Y12",
    "Z1_Y3",
    "Z1_Y14",
    "Z1_Y4",
    "Z10_Y8",
    "Z10_Y9",
    "Z10_Y15",
    "Z7_Y11",
    "Z3_Y13",
    "Z1_Y12",
    "Z1_Y7",
    "Z4_Y3",
    "Z4_Y6",
    "Z4_Y7",
    "Z10_Y12",
    "Z10_Y14",
    "Z7_Y15",
    "Z7_Y8",
    "Z6_Y11",
    "Z6_Y9",
    "Z14_Y13",
    "Z6_Y12",
    "Z3_Y12",
    "Z3_Y15",
    "Z3_Y8",
    "Z12_Y11",
    "Z14_Y8",
    "Z14_Y9",
    "Z13_Y8",
    "Z14_Y11",
    "Z13_Y9",
    "Z13_Y11",
    "Z13_Y15",
    "Z15_Y8",
    "Z15_Y9",
    "Z9_Y11"
  ],
  "dt": 0.05,
  "lr": 0.05,
  "lam": 1.0,
  "mu": 0.9,
  "fix_step": 0,
  "constant_c": true,
  "parameters": [
    1.5686198472976685,
    0.1548372507095337,
    1.007311463356018,
    1.1844905614852905,
    1.5273370742797852,
    -0.03503292798995972,
    0.5838282704353333,
    0.5749480724334717,
    1.1093310117721558,
    0.5121898651123047,
    0.3479003310203552,
    0.18913356959819794,
    0.10677915066480637,
    0.3162643313407898,
    0.1126185804605484,
    -0.5634885430335999,
    0.3848762512207031,
    0.0035032518208026886,
    0.0420524999499321,
    1.3846681118011475,
    0.13475872576236725,
    0.5289385914802551,
    0.7462955117225647,
    -0.36119964718818665,
    0.21620047092437744,
    0.6439758539199829,
    0.07178638875484467,
    0.00030214156140573323,
    -0.05272983759641647,
    0.609056293964386,
    0.865227222442627,
    0.6953487992286682,
    0.25281384587287903,
    0.669515073299408,
    0.5291511416435242,
    0.24970412254333496,
    0.5773411989212036,
    0.4872784912586212,
    0.10958840698003769,
    0.07213576883077621,
    -0.3601478934288025,
    0.13414913415908813,
    0.07997143268585205,
    0.6500908732414246,
    0.41322624683380127,
    0.5310584902763367,
    0.5534232258796692,
    0.03319164738059044,
    0.5760141611099243,
    0.6298412680625916,
    0.12392814457416534,
    0.25213342905044556,
    0.27579089999198914,
    0.1447681188583374,
    0.741543173789978,
    0.15719781816005707
  ],
  "opt_ratios": [
    0.0003967281663790345,
    0.0009934846311807632,
    0.001425555907189846,
    0.0019685637671500444,
    0.0026351409032940865,
    0.003437945619225502,
    0.004389874171465635,
    0.005504236090928316,
    0.006795078050345182,
    0.008277736604213715,
    0.009969121776521206,
    0.011888551525771618,
    0.014058616012334824,
    0.016505425795912743,
    0.019259918481111526,
    0.022358587011694908,
    0.025844788178801537,
    0.02976898103952408,
    0.034189965575933456,
    0.03917650133371353,
    0.044806577265262604,
    0.05117008090019226,
    0.05836698040366173,
    0.06650787591934204,
    0.0757131278514862,
    0.08611132204532623,
    0.09783469140529633,
    0.11101116240024567,
    0.1257634311914444,
    0.14219561219215393,
    0.16038095951080322,
    0.18035535514354706,
    0.20210589468479156,
    0.22556178271770477,
    0.25059080123901367,
    0.27700066566467285,
    0.3045509159564972,
    0.33296075463294983,
    0.3619323968887329,
    0.3911572992801666,
    0.42034292221069336,
    0.4492189288139343,
    0.4775504767894745,
    0.5051417946815491,
    0.5318340063095093,
    0.5575101375579834,
    0.5820842981338501,
    0.6055059432983398,
    0.6277486085891724,
    0.6488135457038879,
    0.6687143445014954,
    0.6874797940254211,
    0.7051492929458618,
    0.721767008304596,
    0.7373849153518677,
    0.7520544528961182,
    0.76583331823349,
    0.7787680625915527,
    0.7909190058708191,
    0.802331805229187,
    0.8130568265914917,
    0.8231390118598938,
    0.8326202630996704,
    0.8415396213531494,
    0.8499365448951721,
    0.8578447699546814,
    0.8652943968772888,
    0.8723158240318298,
    0.8789392113685608,
    0.885193407535553,
    0.8910949230194092,
    0.8966736197471619,
    0.9019450545310974,
    0.906928300857544,
    0.9116454124450684,
    0.9161025285720825,
    0.9203211069107056,
    0.924315333366394,
    0.9280994534492493,
    0.9316887259483337,
    0.9350855946540833,
    0.938306450843811,
    0.9413610100746155,
    0.9442567825317383,
    0.9470032453536987,
    0.9496082663536072,
    0.9520787000656128,
    0.9544252753257751,
    0.9566487073898315,
    0.9587616920471191,
    0.9607651233673096,
    0.9626661539077759,
    0.9644708037376404,
    0.9661851525306702,
    0.967811107635498,
    0.9693554639816284,
    0.9708217978477478,
    0.9722135066986084,
    0.9735356569290161,
    0.9747905731201172,
    0.9759830236434937
  ],
  "expectations": [
    -27.999969482421875,
    -29.291292190551758,
    -29.783428192138672,
    -30.218177795410156,
    -30.606605529785156,
    -30.9569149017334,
    -31.275222778320312,
    -31.56627655029297,
    -31.833786010742188,
    -32.08084487915039,
    -32.309879302978516,
    -32.52306365966797,
    -32.722267150878906,
    -32.90907287597656,
    -33.085025787353516,
    -33.25141143798828,
    -33.40952682495117,
    -33.56055450439453,
    -33.70555877685547,
    -33.845611572265625,
    -33.981685638427734,
    -34.11473083496094,
    -34.245643615722656,
    -34.37529754638672,
    -34.504493713378906,
    -34.633949279785156,
    -34.76435852050781,
    -34.89619064331055,
    -35.02989196777344,
    -35.165672302246094,
    -35.30349349975586,
    -35.4432373046875,
    -35.58428192138672,
    -35.725929260253906,
    -35.867244720458984,
    -36.007049560546875,
    -36.14423370361328,
    -36.27750015258789,
    -36.40582275390625,
    -36.528167724609375,
    -36.643890380859375,
    -36.752418518066406,
    -36.853538513183594,
    -36.94713592529297,
    -37.03331756591797,
    -37.11238479614258,
    -37.184593200683594,
    -37.250389099121094,
    -37.310157775878906,
    -37.36444091796875,
    -37.41368103027344,
    -37.458309173583984,
    -37.498809814453125,
    -37.53550338745117,
    -37.56882858276367,
    -37.59912872314453,
    -37.62669372558594,
    -37.65178680419922,
    -37.674747467041016,
    -37.69572448730469,
    -37.7149543762207,
    -37.73259735107422,
    -37.74884033203125,
    -37.76383590698242,
    -37.77768325805664,
    -37.79048156738281,
    -37.8023681640625,
    -37.81342315673828,
    -37.82365417480469,
    -37.833251953125,
    -37.84215545654297,
    -37.85055160522461,
    -37.85838317871094,
    -37.865699768066406,
    -37.87262725830078,
    -37.87906265258789,
    -37.88517761230469,
    -37.89088439941406,
    -37.89630126953125,
    -37.90144348144531,
    -37.90620422363281,
    -37.910762786865234,
    -37.91510772705078,
    -37.91914367675781,
    -37.92300033569336,
    -37.926612854003906,
    -37.93006134033203,
    -37.933349609375,
    -37.936405181884766,
    -37.939369201660156,
    -37.94212341308594,
    -37.944759368896484,
    -37.94724655151367,
    -37.949668884277344,
    -37.95188903808594,
    -37.95404815673828,
    -37.9560661315918,
    -37.9580078125,
    -37.95984649658203,
    -37.96156692504883,
    -37.963233947753906
  ],