{
  "size": 16,
  "opt_val": -40.0,
  "method": "VQE",
  "operations": [
    "Z0_Y5",
    "Z0_Y8",
    "Z0_Y11",
    "Z0_Y1",
    "Z0_Y10",
    "Z0_Y9",
    "Z0_Y6",
    "Z5_Y2",
    "Z5_Y3",
    "Z5_Y15",
    "Z5_Y14",
    "Z11_Y7",
    "Z1_Y12",
    "Z1_Y4",
    "Z1_Y13",
    "Z5_Y1",
    "Z5_Y10",
    "Z8_Y3",
    "Z8_Y9",
    "Z8_Y15",
    "Z8_Y11",
    "Z8_Y14",
    "Z8_Y10",
    "Z11_Y2",
    "Z1_Y6",
    "Z10_Y4",
    "Z10_Y7",
    "Z10_Y12",
    "Z10_Y13",
    "Z11_Y1",
    "Z11_Y9",
    "Z11_Y15",
    "Z9_Y2",
    "Z9_Y3",
    "Z9_Y4",
    "Z9_Y6",
    "Z6_Y14",
    "Z6_Y7",
    "Z6_Y13",
    "Z12_Y2",
    "Z6_Y4",
    "Z12_Y7",
    "Z12_Y13",
    "Z12_Y15",
    "Z12_Y14",
    "Z4_Y3",
    "Z4_Y14",
    "Z13_Y2",
    "Z4_Y13",
    "Z13_Y7",
    "Z2_Y3",
    "Z2_Y15",
    "Z3_Y14",
    "Z15_Y7",
    "Z3_Y15",
    "Z14_Y7"
  ],
  "dt": 0.05,
  "lr": 0.05,
  "lam": 1.0,
  "mu": 0.9,
  "fix_step": 0,
  "constant_c": true,
  "parameters": [
    1.5693172216415405,
    1.570595622062683,
    1.220976710319519,
    -0.2526320815086365,
    0.1851879209280014,
    -0.07815838605165482,
    0.747083842754364,
    0.07324602454900742,
    0.2675127685070038,
    0.3973184823989868,
    0.24901385605335236,
    0.08548767119646072,
    0.0004507669364102185,
    -0.00013756900443695486,
    -0.00020942602714058012,
    0.8769774436950684,
    0.7802584171295166,
    0.14183418452739716,
    1.1452054977416992,
    0.5717440247535706,
    -0.34558379650115967,
    0.38687190413475037,
    0.9757313132286072,
    0.4060538709163666,
    0.11440766602754593,
    1.0350029468536377,
    0.5475691556930542,
    1.570021629333496,
    -0.12262376397848129,
    0.44449976086616516,
    0.3474936783313751,
    0.1218414381146431,
    0.7124383449554443,
    0.5186460018157959,
    0.5013887882232666,
    0.709343433380127,
    0.1292775422334671,
    0.13969901204109192,
    0.5114102363586426,
    0.06442023068666458,
    -0.03446732833981514,
    0.10980992019176483,
    0.4052584171295166,
    0.47773629426956177,
    0.35084831714630127,
    0.24757473170757294,
    0.4548899531364441,
    0.32465627789497375,
    0.4606109857559204,
    0.4366547167301178,
    1.2958476543426514,
    0.06092726066708565,
    8.034858183236793e-05,
    0.4171298146247864,
    0.05878424644470215,
    0.5010989904403687
  ],
  "opt_ratios": [
    0.00012207019608467817,
    0.00036872446071356535,
    0.000572167569771409,
    0.0008488096063956618,
    0.0012138320598751307,
    0.0016836354043334723,
    0.0022755926474928856,
    0.003007732331752777,
    0.00389856961555779,
    0.004966743290424347,
    0.006230578292161226,
    0.007708034012466669,
    0.00941622257232666,
    0.011372195556759834,
    0.013592666015028954,
    0.016095001250505447,
    0.01889793574810028,
    0.02202286757528782,
    0.025495123118162155,
    0.02934437058866024,
    0.03360723704099655,
    0.038326799869537354,
    0.043555114418268204,
    0.04935480281710625,
    0.055800799280405045,
    0.06298407167196274,
    0.07101459801197052,
    0.08002682030200958,
    0.09018300473690033,
    0.10168128460645676,
    0.11475608497858047,
    0.12968388199806213,
    0.14678087830543518,
    0.16638606786727905,
    0.1888464391231537,
    0.21447646617889404,
    0.24350616335868835,
    0.27602410316467285,
    0.31190750002861023,
    0.350776731967926,
    0.39198607206344604,
    0.43464604020118713,
    0.4777294993400574,
    0.5201771259307861,
    0.5610294342041016,
    0.5995215177536011,
    0.6351341009140015,
    0.6675922870635986,
    0.6968413591384888,
    0.7229831218719482,
    0.746221661567688,
    0.7668265104293823,
    0.7850850224494934,
    0.8012769818305969,
    0.815668523311615,
    0.8285004496574402,
    0.8399865031242371,
    0.8503149747848511,
    0.859637975692749,
    0.8680905699729919,
    0.8757893443107605,
    0.8828296065330505,
    0.8892933130264282,
    0.8952531814575195,
    0.9007584452629089,
    0.9058641791343689,
    0.910611629486084,
    0.9150376319885254,
    0.9191702604293823,
    0.9230384826660156,
    0.9266655445098877,
    0.9300715923309326,
    0.9332726001739502,
    0.9362882375717163,
    0.9391282200813293,
    0.9418085813522339,
    0.9443389177322388,
    0.94673091173172,
    0.9489922523498535,
    0.9511328935623169,
    0.953158974647522,
    0.9550794363021851,
    0.9569004774093628,
    0.9586268663406372,
    0.9602669477462769,
    0.9618237018585205,
    0.9633029699325562,
    0.9647095799446106,
    0.9660470485687256,
    0.9673197865486145,
    0.9685315489768982,
    0.9696855545043945,
    0.9707861542701721,
    0.9718340635299683,
    0.9728350639343262,
    0.973789393901825,
    0.974701464176178,
    0.9755713939666748,
    0.9764034748077393,
    0.9771996140480042,
    0.977961540222168
  ],
  "expectations": [
    -27.999969482421875,
    -29.298927307128906,
    -29.804706573486328,
    -30.25600814819336,
    -30.663042068481445,
    -31.03345489501953,
    -31.37298583984375,
    -31.686128616333008,
    -31.976299285888672,
    -32.24633026123047,
    -32.49845886230469,
    -32.7344970703125,
    -32.955841064453125,
    -33.16377258300781,
    -33.35932540893555,
    -33.54344177246094,
    -33.71710205078125,
    -33.88115692138672,
    -34.03656005859375,
    -34.18439865112305,
    -34.32569122314453,
    -34.461509704589844,
    -34.59307861328125,
    -34.72160720825195,
    -34.84834289550781,
    -34.974586486816406,
    -35.101768493652344,
    -35.23133087158203,
    -35.364959716796875,
    -35.50425720214844,
    -35.651039123535156,
    -35.80730056762695,
    -35.97490692138672,
    -36.1556396484375,
    -36.35099792480469,
    -36.56175994873047,
    -36.78785705566406,
    -37.02799987792969,
    -37.27940368652344,
    -37.537818908691406,
    -37.79765319824219,
    -38.052734375,
    -38.29664993286133,
    -38.52394104003906,
    -38.73040771484375,
    -38.913726806640625,
    -39.07318878173828,
    -39.209564208984375,
    -39.32463836669922,
    -39.4207763671875,
    -39.50054931640625,
    -39.566551208496094,
    -39.621116638183594,
    -39.666236877441406,
    -39.703678131103516,
    -39.73493957519531,
    -39.7611083984375,
    -39.783287048339844,
    -39.80213165283203,
    -39.81830596923828,
    -39.832313537597656,
    -39.84450149536133,
    -39.85521697998047,
    -39.86475372314453,
    -39.87319564819336,
    -39.88080596923828,
    -39.88768768310547,
    -39.8939323425293,
    -39.899635314941406,
    -39.904869079589844,
    -39.90971374511719,
    -39.91417694091797,
    -39.918270111083984,
    -39.92219543457031,
    -39.92573928833008,
    -39.9290771484375,
    -39.93223190307617,
    -39.935203552246094,
    -39.937984466552734,
    -39.94060516357422,
    -39.94305419921875,
    -39.94538879394531,
    -39.947608947753906,
    -39.94963836669922,
    -39.95164489746094,
    -39.95350646972656,
    -39.955284118652344,
    -39.956974029541016,
    -39.95857238769531,
    -39.9600830078125,
    -39.96154022216797,
    -39.96289825439453,
    -39.96424102783203,
    -39.96546173095703,
    -39.96668243408203,
    -39.967811584472656,
    -39.968910217285156,
    -39.96992492675781,
    -39.97091293334961,
    -39.971885681152344,
    -39.97283172607422
  ],