{
  "size": 16,
  "opt_val": -42.0,
  "method": "VQE",
  "operations": [
    "Z0_Y8",
    "Z0_Y13",
    "Z0_Y3",
    "Z0_Y9",
    "Z0_Y6",
    "Z0_Y12",
    "Z0_Y15",
    "Z8_Y1",
    "Z8_Y7",
    "Z8_Y10",
    "Z13_Y2",
    "Z13_Y4",
    "Z13_Y14",
    "Z3_Y5",
    "Z3_Y11",
    "Z8_Y6",
    "Z8_Y9",
    "Z8_Y13",
    "Z13_Y15",
    "Z3_Y4",
    "Z3_Y9",
    "Z9_Y1",
    "Z9_Y5",
    "Z9_Y7",
    "Z6_Y2",
    "Z6_Y10",
    "Z12_Y4",
    "Z12_Y11",
    "Z12_Y14",
    "Z13_Y9",
    "Z3_Y6",
    "Z3_Y15",
    "Z6_Y1",
    "Z6_Y5",
    "Z12_Y5",
    "Z12_Y10",
    "Z15_Y2",
    "Z15_Y7",
    "Z15_Y14",
    "Z1_Y11",
    "Z1_Y4",
    "Z12_Y15",
    "Z1_Y2",
    "Z1_Y14",
    "Z2_Y5",
    "Z2_Y11",
    "Z2_Y10",
    "Z11_Y7",
    "Z14_Y4",
    "Z11_Y5",
    "Z11_Y10",
    "Z14_Y5",
    "Z14_Y7",
    "Z4_Y7",
    "Z4_Y10",
    "Z10_Y7"
  ],
  "dt": 0.05,
  "lr": 0.05,
  "lam": 1.0,
  "mu": 0.9,
  "fix_step": 0,
  "constant_c": true,
  "parameters": [
    1.5692384243011475,
    -0.9805962443351746,
    -1.5707956552505493,
    0.5147845149040222,
    0.6840372085571289,
    -0.8981960415840149,
    0.4647708237171173,
    0.36726129055023193,
    0.17762316763401031,
    0.4216124713420868,
    0.16395613551139832,
    0.004455870017409325,
    0.06512328237295151,
    0.14371657371520996,
    0.6578719019889832,
    -0.09144660830497742,
    -0.14466530084609985,
    0.5885090231895447,
    0.15837924182415009,
    0.7812325358390808,
    0.9110284447669983,
    0.7026987075805664,
    0.4226638674736023,
    0.3394944965839386,
    -0.03262171894311905,
    0.003638958791270852,
    0.0023914866615086794,
    2.0107359887333587e-05,
    0.07962992787361145,
    0.0006356221856549382,
    0.7958788275718689,
    0.932253360748291,
    0.5008546710014343,
    0.4196504056453705,
    0.004696860443800688,
    0.0026415821630507708,
    -0.1242237389087677,
    0.269765704870224,
    -0.19704194366931915,
    0.9204826354980469,
    0.8330230712890625,
    0.019778558984398842,
    1.1849602460861206,
    1.233488917350769,
    0.17635442316532135,
    0.007616410963237286,
    0.19682197272777557,
    0.4180298447608948,
    0.04974326118826866,
    0.4011918306350708,
    0.4696435332298279,
    0.2986363172531128,
    0.11740756779909134,
    0.3735817074775696,
    0.4819842278957367,
    0.12500493228435516
  ],
  "opt_ratios": [
    3.0517549021169543e-05,
    0.00010882877541007474,
    0.0001823965139919892,
    0.0002904047432821244,
    0.0004430529079400003,
    0.0006517458241432905,
    0.0009288510773330927,
    0.001287010032683611,
    0.0017385352402925491,
    0.0022945022210478783,
    0.002964083570986986,
    0.003753801342099905,
    0.004667355213314295,
    0.005705724004656076,
    0.006867675110697746,
    0.008151046931743622,
    0.009554203599691391,
    0.011076809838414192,
    0.01272107195109129,
    0.014495176263153553,
    0.016411472111940384,
    0.01848912611603737,
    0.020756082609295845,
    0.02324771322309971,
    0.026010360568761826,
    0.029100434854626656,
    0.0325869545340538,
    0.03655180335044861,
    0.04108748212456703,
    0.04629906639456749,
    0.052300166338682175,
    0.059205561876297,
    0.06712620705366135,
    0.07615338265895844,
    0.08634760230779648,
    0.09772609174251556,
    0.11025138199329376,
    0.12383504211902618,
    0.13833560049533844,
    0.1535821259021759,
    0.16939614713191986,
    0.18560387194156647,
    0.2020532786846161,
    0.21862459182739258,
    0.2352316826581955,
    0.2518090307712555,
    0.26831573247909546,
    0.2847304046154022,
    0.301033079624176,
    0.31722262501716614,
    0.3332873284816742,
    0.34922054409980774,
    0.3650251626968384,
    0.3806971311569214,
    0.3962305784225464,
    0.4116199016571045,
    0.42686936259269714,
    0.44196951389312744,
    0.45691394805908203,
    0.47170040011405945,
    0.4863280951976776,
    0.500787079334259,
    0.51507169008255,
    0.5291824340820312,
    0.543111264705658,
    0.5568459630012512,
    0.5703917741775513,
    0.5837354063987732,
    0.5968747138977051,
    0.6097993850708008,
    0.622504711151123,
    0.6349901556968689,
    0.647240400314331,
    0.6592509746551514,
    0.6710199117660522,
    0.6825451850891113,
    0.6938149333000183,
    0.7048312425613403,
    0.7155889272689819,
    0.7260859608650208,
    0.7363187670707703,
    0.746285080909729,
    0.7559812068939209,
    0.7654112577438354,
    0.7745702266693115,
    0.7834646701812744,
    0.7920913100242615,
    0.8004500269889832,
    0.8085454702377319,
    0.8163809180259705,
    0.8239603042602539,
    0.8312858939170837,
    0.8383607268333435,
    0.8451882004737854,
    0.8517740964889526,
    0.8581224083900452,
    0.8642387390136719,
    0.870126485824585,
    0.8757951855659485,
    0.8812463283538818,
    0.8864880800247192
  ],
  "expectations": [
    -27.999969482421875,
    -29.31243133544922,
    -29.844310760498047,
    -30.329620361328125,
    -30.777530670166016,
    -31.194839477539062,
    -31.58660125732422,
    -31.956619262695312,
    -32.30768966674805,
    -32.64179992675781,
    -32.960472106933594,
    -33.264617919921875,
    -33.554901123046875,
    -33.83183288574219,
    -34.095558166503906,
    -34.34638214111328,
    -34.58464050292969,
    -34.810699462890625,
    -35.0251579284668,
    -35.22883605957031,
    -35.42286682128906,
    -35.60871887207031,
    -35.78809356689453,
    -35.963111877441406,
    -36.136077880859375,
    -36.309600830078125,
    -36.48640823364258,
    -36.669349670410156,
    -36.86128234863281,
    -37.06475067138672,
    -37.281951904296875,
    -37.51423645019531,
    -37.761863708496094,
    -38.023643493652344,
    -38.296661376953125,
    -38.57643127441406,
    -38.85694885253906,
    -39.13169860839844,
    -39.39402770996094,
    -39.638526916503906,
    -39.861183166503906,
    -40.05999755859375,
    -40.23468017578125,
    -40.386451721191406,
    -40.51731872558594,
    -40.62993621826172,
    -40.726829528808594,
    -40.81062698364258,
    -40.883541107177734,
    -40.947547912597656,
    -41.00421142578125,
    -41.05482482910156,
    -41.10050964355469,
    -41.14201354980469,
    -41.18010711669922,
    -41.215301513671875,
    -41.24797439575195,
    -41.27853012084961,
    -41.30724334716797,
    -41.334312438964844,
    -41.359947204589844,
    -41.38427734375,
    -41.407493591308594,
    -41.42967987060547,
    -41.450927734375,
    -41.471275329589844,
    -41.490875244140625,
    -41.50975799560547,
    -41.527923583984375,
    -41.54545974731445,
    -41.56239318847656,
    -41.578800201416016,
    -41.59463882446289,
    -41.60994338989258,
    -41.62474060058594,
    -41.63911437988281,
    -41.6529541015625,
    -41.66642761230469,
    -41.679412841796875,
    -41.69202423095703,
    -41.70421600341797,
    -41.715999603271484,
    -41.72736740112305,
    -41.7383918762207,
    -41.7490119934082,
    -41.75932312011719,
    -41.76923370361328,
    -41.778785705566406,
    -41.78799819946289,
    -41.79688262939453,
    -41.80548095703125,
    -41.813743591308594,
    -41.82168197631836,
    -41.82936477661133,
    -41.83672332763672,
    -41.84379959106445,
    -41.850608825683594,
    -41.85711669921875,
    -41.86345672607422,
    -41.86948013305664,
    -41.87528610229492
  ],