{
  "size": 16,
  "opt_val": -40.0,
  "method": "VQE",
  "operations": [
    "Z0_Y2",
    "Z0_Y5",
    "Z0_Y14",
    "Z0_Y7",
    "Z0_Y4",
    "Z0_Y9",
    "Z0_Y15",
    "Z2_Y1",
    "Z2_Y11",
    "Z2_Y8",
    "Z2_Y3",
    "Z5_Y10",
    "Z5_Y12",
    "Z7_Y6",
    "Z7_Y13",
    "Z2_Y14",
    "Z2_Y4",
    "Z5_Y1",
    "Z5_Y3",
    "Z5_Y4",
    "Z5_Y11",
    "Z14_Y8",
    "Z14_Y9",
    "Z14_Y10",
    "Z14_Y15",
    "Z7_Y4",
    "Z4_Y6",
    "Z4_Y12",
    "Z15_Y13",
    "Z14_Y11",
    "Z7_Y10",
    "Z7_Y9",
    "Z7_Y11",
    "Z4_Y9",
    "Z9_Y6",
    "Z9_Y12",
    "Z15_Y1",
    "Z15_Y3",
    "Z15_Y6",
    "Z15_Y8",
    "Z1_Y13",
    "Z9_Y10",
    "Z1_Y6",
    "Z1_Y12",
    "Z1_Y10",
    "Z6_Y11",
    "Z6_Y13",
    "Z12_Y3",
    "Z12_Y8",
    "Z12_Y13",
    "Z13_Y3",
    "Z13_Y8",
    "Z10_Y8",
    "Z10_Y11",
    "Z11_Y3",
    "Z8_Y3"
  ],
  "dt": 0.05,
  "lr": 0.05,
  "lam": 1.0,
  "mu": 0.9,
  "fix_step": 0,
  "constant_c": true,
  "parameters": [
    1.5707963705062866,
    1.5700658559799194,
    0.9800819158554077,
    1.569126844406128,
    0.04845436289906502,
    -0.13751518726348877,
    1.5678696632385254,
    0.9260557293891907,
    0.23362749814987183,
    0.4082757532596588,
    0.48556041717529297,
    -0.0227349866181612,
    0.09063085913658142,
    -0.12634088099002838,
    0.7327665686607361,
    -0.48185428977012634,
    0.7461869120597839,
    0.3065706193447113,
    0.5119807124137878,
    0.39753830432891846,
    0.21768583357334137,
    0.13518394529819489,
    0.14827190339565277,
    0.07800528407096863,
    -0.00271416874602437,
    0.47555965185165405,
    0.6271990537643433,
    0.6732052564620972,
    0.23679068684577942,
    0.03129174932837486,
    0.050635065883398056,
    0.7473703026771545,
    0.3326445519924164,
    -0.5379225611686707,
    0.6240586042404175,
    0.3319718837738037,
    0.33816564083099365,
    0.6004423499107361,
    0.19579492509365082,
    0.2547071874141693,
    0.3520733714103699,
    0.6931253671646118,
    0.3890024721622467,
    0.6562594175338745,
    0.9823784232139587,
    0.5161227583885193,
    0.6324254274368286,
    0.3774203658103943,
    0.44575235247612,
    0.3208508789539337,
    0.1659272313117981,
    0.21986925601959229,
    0.5469773411750793,
    0.23950286209583282,
    0.11660826951265335,
    0.12219707667827606
  ],
  "opt_ratios": [
    3.0517549021169543e-05,
    9.182297071674839e-05,
    0.00014410204312298447,
    0.00021748387371189892,
    0.00031804366153664887,
    0.00045306008541956544,
    0.0006310202879831195,
    0.000861592183355242,
    0.0011556093813851476,
    0.0015249958960339427,
    0.001982515212148428,
    0.0025418088771402836,
    0.0032171134371310472,
    0.00402345834299922,
    0.004976649768650532,
    0.006093570496886969,
    0.007392640691250563,
    0.008894545026123524,
    0.010622561909258366,
    0.012604312971234322,
    0.014873243868350983,
    0.01746917888522148,
    0.02044149860739708,
    0.02385004237294197,
    0.027768263593316078,
    0.03228313848376274,
    0.037499383091926575,
    0.04353821650147438,
    0.05053675174713135,
    0.05864714831113815,
    0.06802672892808914,
    0.0788327157497406,
    0.09120555967092514,
    0.10525746643543243,
    0.1210523322224617,
    0.13859772682189941,
    0.1578350067138672,
    0.17865221202373505,
    0.20089933276176453,
    0.22439324855804443,
    0.24896936118602753,
    0.27448517084121704,
    0.30082929134368896,
    0.32791411876678467,
    0.35567983984947205,
    0.3840709626674652,
    0.4130266606807709,
    0.4424583315849304,
    0.4722546637058258,
    0.5022643804550171,
    0.5323083400726318,
    0.5621910095214844,
    0.591685950756073,
    0.620575487613678,
    0.6486387252807617,
    0.6756863594055176,
    0.7015650272369385,
    0.7261379361152649,
    0.7493103742599487,
    0.7710594534873962,
    0.7913358807563782,
    0.8101500868797302,
    0.8275486826896667,
    0.8436166644096375,
    0.8583387136459351,
    0.8718100190162659,
    0.8841373920440674,
    0.8953824639320374,
    0.9055858850479126,
    0.9148655533790588,
    0.9232811331748962,
    0.9309186339378357,
    0.9378100633621216,
    0.9440558552742004,
    0.9496901035308838,
    0.9547678828239441,
    0.9593515992164612,
    0.9634827971458435,
    0.9672051072120667,
    0.9705525636672974,
    0.9735716581344604,
    0.9762836694717407,
    0.9787230491638184,
    0.9809140563011169,
    0.9828835129737854,
    0.9846510291099548,
    0.9862367510795593,
    0.9876599311828613,
    0.9889371991157532,
    0.9900832176208496,
    0.9911119937896729,
    0.9920330047607422,
    0.9928597807884216,
    0.9936017990112305,
    0.9942657947540283,
    0.9948617815971375,
    0.9953968524932861,
    0.9958733320236206,
    0.9963029623031616,
    0.9966891407966614,
    0.9970313906669617
  ],
  "expectations": [
    -27.999969482421875,
    -29.300945281982422,
    -29.813831329345703,
    -30.27783203125,
    -30.703590393066406,
    -31.09868812561035,
    -31.468509674072266,
    -31.816944122314453,
    -32.14678192138672,
    -32.46012878417969,
    -32.75843811035156,
    -33.04286193847656,
    -33.31425476074219,
    -33.57334899902344,
    -33.8207893371582,
    -34.05714416503906,
    -34.28298568725586,
    -34.4988899230957,
    -34.70552062988281,
    -34.90351104736328,
    -35.09354782104492,
    -35.276580810546875,
    -35.453392028808594,
    -35.624969482421875,
    -35.79243850708008,
    -35.956787109375,
    -36.11921691894531,
    -36.28083801269531,
    -36.44263458251953,
    -36.60564422607422,
    -36.770469665527344,
    -36.937538146972656,
    -37.10687255859375,
    -37.27796173095703,
    -37.4497184753418,
    -37.62068557739258,
    -37.7889289855957,
    -37.952354431152344,
    -38.10909652709961,
    -38.257408142089844,
    -38.39618682861328,
    -38.524940490722656,
    -38.64368438720703,
    -38.752742767333984,
    -38.852970123291016,
    -38.945152282714844,
    -39.03025817871094,
    -39.10909652709961,
    -39.182373046875,
    -39.250755310058594,
    -39.31458282470703,
    -39.374229431152344,
    -39.42992401123047,
    -39.481842041015625,
    -39.530006408691406,
    -39.57453155517578,
    -39.615570068359375,
    -39.6532096862793,
    -39.687538146972656,
    -39.71885299682617,
    -39.74718475341797,
    -39.77281951904297,
    -39.79595184326172,
    -39.81684875488281,
    -39.83559799194336,
    -39.852455139160156,
    -39.86761474609375,
    -39.881248474121094,
    -39.8934326171875,
    -39.90440368652344,
    -39.91423034667969,
    -39.92304229736328,
    -39.930946350097656,
    -39.93806838989258,
    -39.944419860839844,
    -39.95014953613281,
    -39.95527648925781,
    -39.959861755371094,
    -39.963966369628906,
    -39.96767807006836,
    -39.97100830078125,
    -39.97398376464844,
    -39.976646423339844,
    -39.97899627685547,
    -39.98118209838867,
    -39.983131408691406,
    -39.984840393066406,
    -39.986366271972656,
    -39.98774719238281,
    -39.98896026611328,
    -39.99009704589844,
    -39.991111755371094,
    -39.992027282714844,
    -39.99281311035156,
    -39.993534088134766,
    -39.99414825439453,
    -39.9947509765625,
    -39.995235443115234,
    -39.995697021484375,
    -39.99614715576172,
    -39.99650573730469
  ],