{
  "size": 16,
  "opt_val": -21.0,
  "method": "VQELBFGS",
  "operations": [
    "Z1_Z12",
    "Z4_Z9",
    "Z3_Z8",
    "Z0_Z9",
    "Z3_Z6",
    "Z0_Z7",
    "Z11_Z9",
    "Z13_Z7",
    "Z10_Z6",
    "Z12_Z4",
    "Z12_Z2",
    "Z13_Z14",
    "Z8_Z2",
    "Z5_Z15",
    "Z6_Z2",
    "Z10_Z13",
    "Z5_Z1",
    "Z10_Z11",
    "Z3_Z15",
    "Z5_Z14",
    "Z1_Z14",
    "Z4_Z11",
    "Z7_Z8",
    "Z0_Z15",
    "M0",
    "M1",
    "M2",
    "M3",
    "M4",
    "M5",
    "M6",
    "M7",
    "M8",
    "M9",
    "M10",
    "M11",
    "M12",
    "M13",
    "M14",
    "M15"
  ],
  "dt": 0.05,
  "lr": 0.05,
  "lam": 1.0,
  "mu": 0.9,
  "fix_step": 0,
  "constant_c": true,
  "parameters": [
    -3.1416494846343994,
    3.179601117153652e-05,
    3.141378402709961,
    3.141280174255371,
    7.11907196091488e-05,
    1.4195563380781095e-05,
    0.00017945948638953269,
    -3.1415507793426514,
    3.1415982246398926,
    -2.8153415314591257e-06,
    2.7406291337683797e-05,
    6.285473773459671e-06,
    0.00011164673196617514,
    -3.141690492630005,
    2.0088804376428016e-05,
    -2.578794737928547e-05,
    -5.1150116632925346e-05,
    -7.719980203546584e-05,
    3.211478906450793e-05,
    6.193539593368769e-05,
    -2.788819074339699e-05,
    0.0001190280745504424,
    3.1414973735809326,
    -0.00022089453705120832,
    -1.5707722902297974,
    1.5704013109207153,
    -1.57060968875885,
    1.5712823867797852,
    -1.570351481437683,
    -1.5706803798675537,
    -1.5707036256790161,
    -1.5709130764007568,
    1.5706913471221924,
    1.5707546472549438,
    1.5708116292953491,
    1.5706672668457031,
    -1.5704450607299805,
    -1.5707128047943115,
    4.712296962738037,
    1.570909857749939
  ],
  "opt_ratios": [
    3.0517549021169543e-05,
    3.6648772947955877e-05,
    5.810960283270106e-05,
    0.006700651254504919,
    0.05607392638921738,
    0.1124088391661644,
    0.5498091578483582,
    0.8993072509765625,
    0.983493983745575,
    0.9977301359176636,
    0.9997171759605408,
    0.9999648332595825,
    0.9999849200248718,
    0.9999958872795105,
    0.9999986290931702,
    0.9999986886978149,
    0.9999985694885254,
    0.9999980926513672,
    0.9999980926513672,
    0.9999980926513672,
    0.9999983310699463,
    0.9999983310699463,
    0.9999984502792358,
    0.9999982118606567,
    0.9999980926513672,
    0.9999982118606567,
    0.9999983310699463,
    0.9999986886978149,
    0.9999980926513672,
    0.9999984502792358,
    0.9999984502792358,
    0.9999983310699463,
    0.9999984502792358,
    0.9999984502792358,
    0.9999984502792358,
    0.9999984502792358,
    0.9999984502792358,
    0.9999984502792358,
    0.9999984502792358,
    0.9999984502792358,
    0.9999984502792358,
    0.9999984502792358,
    0.9999984502792358,
    0.9999984502792358,
    0.9999984502792358,
    0.9999984502792358,
    0.9999984502792358,
    0.9999984502792358,
    0.9999984502792358,
    0.9999984502792358,
    0.9999984502792358
  ],
  "expectations": [
    -11.99998664855957,
    -12.297330856323242,
    -15.956531524658203,
    -17.481037139892578,
    -19.366689682006836,
    -20.06695556640625,
    -20.434465408325195,
    -20.836687088012695,
    -20.973894119262695,
    -20.996379852294922,
    -20.99953269958496,
    -20.99993324279785,
    -20.999963760375977,
    -20.99997329711914,
    -20.99997329711914,
    -20.999975204467773,
    -20.99997329711914,
    -20.999961853027344,
    -20.999961853027344,
    -20.999961853027344,
    -20.99996566772461,
    -20.99996566772461,
    -20.99996566772461,
    -20.999961853027344,
    -20.999961853027344,
    -20.999961853027344,
    -20.99996566772461,
    -20.99997329711914,
    -20.999961853027344,
    -20.99996566772461,
    -20.99996566772461,
    -20.99996566772461,
    -20.99996566772461,
    -20.99996566772461,
    -20.99996566772461,
    -20.99996566772461,
    -20.99996566772461,
    -20.99996566772461,
    -20.99996566772461,
    -20.99996566772461,
    -20.99996566772461,
    -20.99996566772461,
    -20.99996566772461,
    -20.99996566772461,
    -20.99996566772461,
    -20.99996566772461,
    -20.99996566772461,
    -20.99996566772461,
    -20.99996566772461,
    -20.99996566772461,
    -20.99996566772461
  ],
  "approx_ratios": [
    0.5714279356456938,
    0.5855871836344401,
    0.7598348345075335,
    0.8324303399948847,
    0.9222233181908017,
    0.9555693126860119,
    0.9730697813488188,
    0.9922231946672712,
    0.9987568628220331,
    0.9998276120140439,
    0.9999777475992838,
    0.9999968210856119,
    0.999998274303618,
    0.9999987284342448,
    0.9999987284342448,
    0.9999988192603702,
    0.9999987284342448,
    0.9999981834774926,
    0.9999981834774926,
    0.9999981834774926,
    0.9999983651297433,
    0.9999983651297433,
    0.9999983651297433,
    0.9999981834774926,
    0.9999981834774926,
    0.9999981834774926,
    0.9999983651297433,
    0.9999987284342448,
    0.9999981834774926,
    0.9999983651297433,
    0.9999983651297433,
    0.9999983651297433,
    0.9999983651297433,
    0.9999983651297433,
    0.9999983651297433,
    0.9999983651297433,
    0.9999983651297433,
    0.9999983651297433,
    0.9999983651297433,
    0.9999983651297433,
    0.9999983651297433,
    0.9999983651297433,
    0.9999983651297433,
    0.9999983651297433,
    0.9999983651297433,
    0.9999983651297433,
    0.9999983651297433,
    0.9999983651297433,
    0.9999983651297433,
    0.9999983651297433,
    0.9999983651297433
  ],
  "iter": 50,
  "best_iter": 15,
  "norm_history": [],
  "w_history": [
    1
  ],
  "edges": [
    [
      4,
      9
    ],
    [
      4,
      12
    ],
    [
      4,
      11
    ],
    [
      9,
      11
    ],
    [
      9,
      0
    ],
    [
      12,
      1
    ],
    [
      12,
      2
    ],
    [
      11,
      10
    ],
    [
      2,
      8
    ],
    [
      2,
      6
    ],
    [
      8,
      3
    ],
    [
      8,
      7
    ],
    [
      13,
      14
    ],
    [
      13,
      7
    ],
    [
      13,
      10
    ],
    [
      14,
      1
    ],
    [
      14,
      5
    ],
    [
      1,
      5
    ],
    [
      7,
      0
    ],
    [
      3,
      6
    ],
    [
      3,
      15
    ],
    [
      6,
      10
    ],
    [
      15,
      5
    ],
    [
      15,
      0
    ]
  ]
}