{
  "size": 16,
  "opt_val": -21.0,
  "method": "VQELBFGS",
  "operations": [
    "Z2_Z11",
    "Z6_Z7",
    "Z1_Z10",
    "Z14_Z10",
    "Z0_Z9",
    "Z4_Z5",
    "Z12_Z15",
    "Z1_Z4",
    "Z2_Z3",
    "Z9_Z7",
    "Z13_Z3",
    "Z8_Z15",
    "Z10_Z0",
    "Z12_Z13",
    "Z5_Z15",
    "Z6_Z2",
    "Z8_Z0",
    "Z11_Z12",
    "Z7_Z14",
    "Z3_Z1",
    "Z5_Z14",
    "Z8_Z11",
    "Z4_Z13",
    "Z6_Z9",
    "M0",
    "M1",
    "M2",
    "M3",
    "M4",
    "M5",
    "M6",
    "M7",
    "M8",
    "M9",
    "M10",
    "M11",
    "M12",
    "M13",
    "M14",
    "M15"
  ],
  "dt": 0.05,
  "lr": 0.05,
  "lam": 1.0,
  "mu": 0.9,
  "fix_step": 0,
  "constant_c": true,
  "parameters": [
    -0.00025676266523078084,
    -3.1412124633789062,
    6.282900810241699,
    6.282883644104004,
    -6.283109188079834,
    -3.1414995193481445,
    -9.42435359954834,
    3.1408677101135254,
    9.129902900895104e-05,
    -3.142014503479004,
    -21.99138641357422,
    -9.424814224243164,
    3.141155481338501,
    6.283199787139893,
    8.700468606548384e-05,
    0.00021064835891593248,
    12.566307067871094,
    -3.1420624256134033,
    -0.0001275473478017375,
    3.1412689685821533,
    0.00018155747966375202,
    6.282970428466797,
    6.283336639404297,
    6.283169746398926,
    -4.71223258972168,
    1.5707169771194458,
    -4.712271213531494,
    -1.5708914995193481,
    -1.5704829692840576,
    -7.853835105895996,
    1.5706067085266113,
    7.855416774749756,
    -1.5711532831192017,
    -7.855074882507324,
    4.712214946746826,
    -4.7119646072387695,
    7.853535175323486,
    10.996450424194336,
    -1.570703148841858,
    -1.5708457231521606
  ],
  "opt_ratios": [
    6.1035098042339087e-05,
    8.22211368358694e-05,
    0.0002547880867496133,
    0.0008819049689918756,
    0.05035284534096718,
    0.18547752499580383,
    0.6436305046081543,
    0.8839951753616333,
    0.9764947295188904,
    0.996953547000885,
    0.9996165633201599,
    0.9999510645866394,
    0.9999930262565613,
    0.9999976754188538,
    0.9999984502792358,
    0.9999985098838806,
    0.9999985098838806,
    0.9999983310699463,
    0.9999988079071045,
    0.9999985694885254,
    0.9999984502792358,
    0.9999986886978149,
    0.9999986886978149,
    0.9999983310699463,
    0.9999982118606567,
    0.9999983310699463,
    0.9999983310699463,
    0.9999983310699463,
    0.9999984502792358,
    0.9999984502792358,
    0.9999985694885254,
    0.9999982118606567,
    0.9999984502792358,
    0.9999984502792358,
    0.9999983310699463,
    0.9999983310699463,
    0.9999983310699463,
    0.9999983310699463,
    0.9999984502792358,
    0.9999984502792358,
    0.9999985694885254,
    0.9999984502792358,
    0.9999984502792358,
    0.9999982118606567,
    0.9999984502792358,
    0.9999982118606567,
    0.9999984502792358,
    0.9999980926513672,
    0.9999984502792358,
    0.9999983310699463,
    0.9999984502792358
  ],
  "expectations": [
    -11.99998664855957,
    -12.462209701538086,
    -13.674419403076172,
    -15.111862182617188,
    -18.25356674194336,
    -19.601409912109375,
    -20.334897994995117,
    -20.784582138061523,
    -20.9609432220459,
    -20.995092391967773,
    -20.999364852905273,
    -20.999906539916992,
    -20.999963760375977,
    -20.999980926513672,
    -20.99997329711914,
    -20.999967575073242,
    -20.999967575073242,
    -20.999967575073242,
    -20.99997329711914,
    -20.999969482421875,
    -20.99996566772461,
    -20.99997329711914,
    -20.99997329711914,
    -20.99996566772461,
    -20.999961853027344,
    -20.99996566772461,
    -20.99996566772461,
    -20.99996566772461,
    -20.99996566772461,
    -20.99996566772461,
    -20.999969482421875,
    -20.999961853027344,
    -20.99996566772461,
    -20.99996566772461,
    -20.99996566772461,
    -20.99996566772461,
    -20.99996566772461,
    -20.99996566772461,
    -20.99996566772461,
    -20.99996566772461,
    -20.999969482421875,
    -20.99996566772461,
    -20.99996566772461,
    -20.999961853027344,
    -20.99996566772461,
    -20.999961853027344,
    -20.99996566772461,
    -20.999961853027344,
    -20.99996566772461,
    -20.99996566772461,
    -20.99996566772461
  ],
  "approx_ratios": [
    0.5714279356456938,
    0.5934385572160993,
    0.651162828717913,
    0.7196124848865327,
    0.8692174639020648,
    0.9334004720052084,
    0.9683284759521484,
    0.9897420065743583,
    0.998140153430757,
    0.9997663043794178,
    0.9999697549002511,
    0.9999955495198568,
    0.999998274303618,
    0.9999990917387462,
    0.9999987284342448,
    0.9999984559558687,
    0.9999984559558687,
    0.9999984559558687,
    0.9999987284342448,
    0.9999985467819941,
    0.9999983651297433,
    0.9999987284342448,
    0.9999987284342448,
    0.9999983651297433,
    0.9999981834774926,
    0.9999983651297433,
    0.9999983651297433,
    0.9999983651297433,
    0.9999983651297433,
    0.9999983651297433,
    0.9999985467819941,
    0.9999981834774926,
    0.9999983651297433,
    0.9999983651297433,
    0.9999983651297433,
    0.9999983651297433,
    0.9999983651297433,
    0.9999983651297433,
    0.9999983651297433,
    0.9999983651297433,
    0.9999985467819941,
    0.9999983651297433,
    0.9999983651297433,
    0.9999981834774926,
    0.9999983651297433,
    0.9999981834774926,
    0.9999983651297433,
    0.9999981834774926,
    0.9999983651297433,
    0.9999983651297433,
    0.9999983651297433
  ],
  "iter": 50,
  "best_iter": 13,
  "norm_history": [],
  "w_history": [
    1
  ],
  "edges": [
    [
      12,
      13
    ],
    [
      12,
      15
    ],
    [
      12,
      11
    ],
    [
      13,
      3
    ],
    [
      13,
      4
    ],
    [
      3,
      1
    ],
    [
      3,
      2
    ],
    [
      0,
      8
    ],
    [
      0,
      10
    ],
    [
      0,
      9
    ],
    [
      8,
      15
    ],
    [
      8,
      11
    ],
    [
      15,
      5
    ],
    [
      1,
      4
    ],
    [
      1,
      10
    ],
    [
      2,
      11
    ],
    [
      2,
      6
    ],
    [
      4,
      5
    ],
    [
      5,
      14
    ],
    [
      10,
      14
    ],
    [
      14,
      7
    ],
    [
      7,
      9
    ],
    [
      7,
      6
    ],
    [
      9,
      6
    ]
  ]
}