{
  "size": 16,
  "opt_val": -20.0,
  "method": "VQELBFGS",
  "operations": [
    "Z4_Z9",
    "Z1_Z10",
    "Z13_Z15",
    "Z12_Z10",
    "Z0_Z7",
    "Z11_Z9",
    "Z12_Z8",
    "Z14_Z6",
    "Z0_Z1",
    "Z9_Z5",
    "Z4_Z2",
    "Z5_Z1",
    "Z6_Z0",
    "Z7_Z14",
    "Z8_Z13",
    "Z3_Z15",
    "Z2_Z15",
    "Z3_Z14",
    "Z6_Z11",
    "Z2_Z13",
    "Z3_Z12",
    "Z4_Z11",
    "Z5_Z10",
    "Z7_Z8",
    "M0",
    "M1",
    "M2",
    "M3",
    "M4",
    "M5",
    "M6",
    "M7",
    "M8",
    "M9",
    "M10",
    "M11",
    "M12",
    "M13",
    "M14",
    "M15"
  ],
  "dt": 0.05,
  "lr": 0.05,
  "lam": 1.0,
  "mu": 0.9,
  "fix_step": 0,
  "constant_c": true,
  "parameters": [
    -1.4810158063482959e-05,
    3.323090641060844e-05,
    -2.0502577626757557e-06,
    1.6982427041511983e-05,
    -1.8106099730630376e-08,
    3.4949046039400855e-06,
    -9.463062724535121e-07,
    -3.14160418510437,
    9.748532647790853e-07,
    4.225588321685791,
    -0.00010934640158666298,
    1.0817891359329224,
    -3.1415364742279053,
    7.4179515650030226e-06,
    3.1416025161743164,
    -1.3350078006624244e-05,
    -1.9310435163788497e-05,
    -1.7885182387544774e-05,
    -3.993433892901521e-06,
    -3.0403900836972753e-06,
    7.412708669107815e-07,
    -3.003014796831849e-07,
    4.813129635294899e-06,
    3.1415858268737793,
    -1.5707635879516602,
    2.3677620887756348,
    1.5707294940948486,
    -1.570781946182251,
    -1.5708112716674805,
    0.43150436878204346,
    -1.5706342458724976,
    1.5707858800888062,
    1.5707941055297852,
    -2.3675103187561035,
    -1.5707695484161377,
    1.5707836151123047,
    1.5707648992538452,
    1.5707930326461792,
    -1.5710153579711914,
    1.5696351528167725
  ],
  "opt_ratios": [
    0.00024414039216935635,
    2.1896412363275886e-05,
    0.004371913615614176,
    0.07636787742376328,
    0.15995174646377563,
    0.12898793816566467,
    0.12280246615409851,
    0.12433309853076935,
    0.13393735885620117,
    0.13889291882514954,
    0.139730304479599,
    0.13977943360805511,
    0.14007234573364258,
    0.14011120796203613,
    0.14011460542678833,
    0.14017237722873688,
    0.1401718556880951,
    0.14016655087471008,
    0.14016087353229523,
    0.14016035199165344,
    0.14015734195709229,
    0.14015084505081177,
    0.1401454508304596,
    0.14013978838920593,
    0.14013953506946564,
    0.14013923704624176,
    0.1401386260986328,
    0.14013846218585968,
    0.1401330530643463,
    0.14013224840164185,
    0.14013086259365082,
    0.14013054966926575,
    0.14013026654720306,
    0.14012998342514038,
    0.1401291787624359,
    0.1401289850473404,
    0.14012810587882996,
    0.14012740552425385,
    0.14012569189071655,
    0.1401212364435196,
    0.1401185393333435,
    0.1401175558567047,
    0.14011679589748383,
    0.14011606574058533,
    0.14011546969413757,
    0.14011427760124207,
    0.1401137411594391,
    0.1401137113571167,
    0.14011304080486298,
    0.1401127278804779,
    0.14011245965957642
  ],
  "expectations": [
    -11.999987602233887,
    -12.019500732421875,
    -16.168930053710938,
    -18.138484954833984,
    -18.88408851623535,
    -19.010034561157227,
    -19.02878761291504,
    -19.03240394592285,
    -19.0345458984375,
    -19.03567123413086,
    -19.035812377929688,
    -19.03582191467285,
    -19.035818099975586,
    -19.035823822021484,
    -19.03582191467285,
    -19.035818099975586,
    -19.035818099975586,
    -19.035818099975586,
    -19.035810470581055,
    -19.035825729370117,
    -19.03582191467285,
    -19.035810470581055,
    -19.035818099975586,
    -19.035825729370117,
    -19.035825729370117,
    -19.035825729370117,
    -19.03582191467285,
    -19.03582191467285,
    -19.03582191467285,
    -19.035831451416016,
    -19.03581428527832,
    -19.03581428527832,
    -19.03581428527832,
    -19.03581428527832,
    -19.035818099975586,
    -19.035818099975586,
    -19.035816192626953,
    -19.035818099975586,
    -19.03581428527832,
    -19.035804748535156,
    -19.035823822021484,
    -19.035816192626953,
    -19.03581428527832,
    -19.035816192626953,
    -19.035818099975586,
    -19.035825729370117,
    -19.035825729370117,
    -19.035825729370117,
    -19.03582000732422,
    -19.035825729370117,
    -19.03582191467285
  ],
  "approx_ratios": [
    0.5999993801116943,
    0.6009750366210938,
    0.8084465026855469,
    0.9069242477416992,
    0.9442044258117676,
    0.9505017280578614,
    0.951439380645752,
    0.9516201972961426,
    0.951727294921875,
    0.951783561706543,
    0.9517906188964844,
    0.9517910957336426,
    0.9517909049987793,
    0.9517911911010742,
    0.9517910957336426,
    0.9517909049987793,
    0.9517909049987793,
    0.9517909049987793,
    0.9517905235290527,
    0.9517912864685059,
    0.9517910957336426,
    0.9517905235290527,
    0.9517909049987793,
    0.9517912864685059,
    0.9517912864685059,
    0.9517912864685059,
    0.9517910957336426,
    0.9517910957336426,
    0.9517910957336426,
    0.9517915725708008,
    0.951790714263916,
    0.951790714263916,
    0.951790714263916,
    0.951790714263916,
    0.9517909049987793,
    0.9517909049987793,
    0.9517908096313477,
    0.9517909049987793,
    0.951790714263916,
    0.9517902374267578,
    0.9517911911010742,
    0.9517908096313477,
    0.951790714263916,
    0.9517908096313477,
    0.9517909049987793,
    0.9517912864685059,
    0.9517912864685059,
    0.9517912864685059,
    0.9517910003662109,
    0.9517912864685059,
    0.9517910957336426
  ],
  "iter": 50,
  "best_iter": 29,
  "norm_history": [],
  "w_history": [
    1
  ],
  "edges": [
    [
      4,
      9
    ],
    [
      4,
      11
    ],
    [
      4,
      2
    ],
    [
      9,
      11
    ],
    [
      9,
      5
    ],
    [
      5,
      10
    ],
    [
      5,
      1
    ],
    [
      10,
      12
    ],
    [
      10,
      1
    ],
    [
      8,
      12
    ],
    [
      8,
      13
    ],
    [
      8,
      7
    ],
    [
      12,
      3
    ],
    [
      11,
      6
    ],
    [
      6,
      14
    ],
    [
      6,
      0
    ],
    [
      14,
      3
    ],
    [
      14,
      7
    ],
    [
      3,
      15
    ],
    [
      15,
      2
    ],
    [
      15,
      13
    ],
    [
      0,
      1
    ],
    [
      0,
      7
    ],
    [
      2,
      13
    ]
  ]
}