{
  "size": 16,
  "opt_val": -22.0,
  "method": "VQELBFGS",
  "operations": [
    "Z0_Z13",
    "Z4_Z9",
    "Z0_Z11",
    "Z2_Z9",
    "Z4_Z5",
    "Z14_Z8",
    "Z2_Z5",
    "Z12_Z8",
    "Z13_Z7",
    "Z2_Z3",
    "Z10_Z8",
    "Z9_Z15",
    "Z10_Z6",
    "Z12_Z0",
    "Z6_Z4",
    "Z7_Z3",
    "Z5_Z15",
    "Z7_Z1",
    "Z11_Z12",
    "Z10_Z11",
    "Z6_Z13",
    "Z3_Z14",
    "Z1_Z15",
    "Z1_Z14",
    "M0",
    "M1",
    "M2",
    "M3",
    "M4",
    "M5",
    "M6",
    "M7",
    "M8",
    "M9",
    "M10",
    "M11",
    "M12",
    "M13",
    "M14",
    "M15"
  ],
  "dt": 0.05,
  "lr": 0.05,
  "lam": 1.0,
  "mu": 0.9,
  "fix_step": 0,
  "constant_c": true,
  "parameters": [
    5.914331436157227,
    -2.614917502796743e-05,
    3.835004099528305e-05,
    -3.1412765979766846,
    -4.679918129113503e-05,
    2.4330283849849366e-05,
    3.1417739391326904,
    0.00011934759095311165,
    7.260045822476968e-05,
    5.19000832355232e-06,
    -0.000144740377436392,
    -4.851427729590796e-05,
    -9.449351637158543e-06,
    -0.00031328111072070897,
    -0.00028559481143020093,
    0.0002717267780099064,
    6.387549092323752e-06,
    0.001382789807394147,
    0.00042221954208798707,
    -0.0008169565699063241,
    9.364895959151909e-05,
    3.1418075561523438,
    -2.2563099264516495e-05,
    -8.161511686921585e-06,
    1.5700608491897583,
    1.5709304809570312,
    -1.570837140083313,
    -1.5706945657730103,
    -1.5705689191818237,
    -1.5712015628814697,
    1.5713131427764893,
    -1.5708123445510864,
    1.5708792209625244,
    -1.570421576499939,
    -1.5706820487976074,
    1.5695216655731201,
    -1.5705170631408691,
    -1.5694124698638916,
    1.5702046155929565,
    -1.5710493326187134
  ],
  "opt_ratios": [
    6.1035098042339087e-05,
    1.0764955732156523e-05,
    0.039735883474349976,
    0.17471808195114136,
    0.44778013229370117,
    0.8992682695388794,
    0.9824895262718201,
    0.9970458149909973,
    0.9995483160018921,
    0.999944806098938,
    0.9999929070472717,
    0.9999969601631165,
    0.9999972581863403,
    0.9999976754188538,
    0.999997615814209,
    0.9999979138374329,
    0.9999975562095642,
    0.9999976754188538,
    0.9999973177909851,
    0.999997615814209,
    0.9999973773956299,
    0.9999972581863403,
    0.9999976754188538,
    0.9999972581863403,
    0.9999971985816956,
    0.9999973773956299,
    0.9999972581863403,
    0.9999973773956299,
    0.9999972581863403,
    0.9999972581863403,
    0.9999973773956299,
    0.9999969601631165,
    0.9999970197677612,
    0.9999969601631165,
    0.9999974966049194,
    0.9999975562095642,
    0.9999974370002747,
    0.9999970197677612,
    0.9999971985816956,
    0.9999971389770508,
    0.9999968409538269,
    0.9999971985816956,
    0.9999974966049194,
    0.9999973177909851,
    0.999997615814209,
    0.999997079372406,
    0.999997079372406,
    0.9999971985816956,
    0.9999971985816956,
    0.9999971985816956,
    0.999997079372406
  ],
  "expectations": [
    -11.99998664855957,
    -11.84843635559082,
    -16.272302627563477,
    -18.5250186920166,
    -20.79092025756836,
    -21.848739624023438,
    -21.9702091217041,
    -21.994626998901367,
    -21.99919891357422,
    -21.9998836517334,
    -21.999958038330078,
    -21.999975204467773,
    -21.999969482421875,
    -21.999975204467773,
    -21.999967575073242,
    -21.99997329711914,
    -21.999963760375977,
    -21.999967575073242,
    -21.999963760375977,
    -21.999969482421875,
    -21.999963760375977,
    -21.999961853027344,
    -21.999971389770508,
    -21.999963760375977,
    -21.999963760375977,
    -21.999967575073242,
    -21.999963760375977,
    -21.999967575073242,
    -21.999963760375977,
    -21.999963760375977,
    -21.999963760375977,
    -21.999956130981445,
    -21.999958038330078,
    -21.999958038330078,
    -21.999969482421875,
    -21.999971389770508,
    -21.999969482421875,
    -21.999963760375977,
    -21.99996566772461,
    -21.999963760375977,
    -21.999958038330078,
    -21.999967575073242,
    -21.99997329711914,
    -21.999969482421875,
    -21.99997329711914,
    -21.999963760375977,
    -21.999963760375977,
    -21.999963760375977,
    -21.999963760375977,
    -21.999963760375977,
    -21.999963760375977
  ],
  "approx_ratios": [
    0.5454539385708895,
    0.5385652888904918,
    0.7396501194347035,
    0.8420463041825728,
    0.9450418298894708,
    0.9931245283647017,
    0.9986458691683683,
    0.9997557726773348,
    0.9999635869806464,
    0.9999947114424272,
    0.9999980926513672,
    0.9999988729303534,
    0.9999986128373579,
    0.9999988729303534,
    0.9999985261396929,
    0.9999987862326882,
    0.9999983527443626,
    0.9999985261396929,
    0.9999983527443626,
    0.9999986128373579,
    0.9999983527443626,
    0.9999982660466974,
    0.9999986995350231,
    0.9999983527443626,
    0.9999983527443626,
    0.9999985261396929,
    0.9999983527443626,
    0.9999985261396929,
    0.9999983527443626,
    0.9999983527443626,
    0.9999983527443626,
    0.999998005953702,
    0.9999980926513672,
    0.9999980926513672,
    0.9999986128373579,
    0.9999986995350231,
    0.9999986128373579,
    0.9999983527443626,
    0.9999984394420277,
    0.9999983527443626,
    0.9999980926513672,
    0.9999985261396929,
    0.9999987862326882,
    0.9999986128373579,
    0.9999987862326882,
    0.9999983527443626,
    0.9999983527443626,
    0.9999983527443626,
    0.9999983527443626,
    0.9999983527443626,
    0.9999983527443626
  ],
  "iter": 50,
  "best_iter": 11,
  "norm_history": [],
  "w_history": [
    1
  ],
  "edges": [
    [
      4,
      9
    ],
    [
      4,
      6
    ],
    [
      4,
      5
    ],
    [
      9,
      15
    ],
    [
      9,
      2
    ],
    [
      3,
      7
    ],
    [
      3,
      14
    ],
    [
      3,
      2
    ],
    [
      7,
      13
    ],
    [
      7,
      1
    ],
    [
      6,
      13
    ],
    [
      6,
      10
    ],
    [
      8,
      12
    ],
    [
      8,
      14
    ],
    [
      8,
      10
    ],
    [
      12,
      11
    ],
    [
      12,
      0
    ],
    [
      2,
      5
    ],
    [
      5,
      15
    ],
    [
      0,
      11
    ],
    [
      0,
      13
    ],
    [
      11,
      10
    ],
    [
      1,
      15
    ],
    [
      1,
      14
    ]
  ]
}