{
  "size": 16,
  "opt_val": -22.0,
  "method": "VQELBFGS",
  "operations": [
    "Z3_Z8",
    "Z5_Z6",
    "Z13_Z15",
    "Z2_Z7",
    "Z12_Z10",
    "Z11_Z15",
    "Z14_Z6",
    "Z10_Z15",
    "Z13_Z5",
    "Z0_Z3",
    "Z14_Z2",
    "Z0_Z1",
    "Z8_Z6",
    "Z9_Z5",
    "Z10_Z4",
    "Z11_Z3",
    "Z13_Z1",
    "Z7_Z1",
    "Z9_Z14",
    "Z11_Z12",
    "Z4_Z2",
    "Z9_Z12",
    "Z4_Z0",
    "Z7_Z8",
    "M0",
    "M1",
    "M2",
    "M3",
    "M4",
    "M5",
    "M6",
    "M7",
    "M8",
    "M9",
    "M10",
    "M11",
    "M12",
    "M13",
    "M14",
    "M15"
  ],
  "dt": 0.05,
  "lr": 0.05,
  "lam": 1.0,
  "mu": 0.9,
  "fix_step": 0,
  "constant_c": true,
  "parameters": [
    -3.1416807174682617,
    3.2487467251485214e-05,
    -3.1415021419525146,
    3.14143967628479,
    5.694470019079745e-05,
    -3.1415910720825195,
    2.94972414849326e-06,
    3.141566753387451,
    -4.111929956707172e-05,
    3.421955170779256e-06,
    -4.603744309861213e-05,
    1.3930340173828881e-05,
    -3.1414976119995117,
    -9.664141543908045e-05,
    -3.1415839195251465,
    3.141568422317505,
    -2.9637953048222698e-05,
    -9.389631304657087e-05,
    3.141697645187378,
    3.141615629196167,
    2.0037257854710333e-05,
    3.057532012462616e-05,
    3.888881110469811e-05,
    -0.15304537117481232,
    -1.570755958557129,
    1.5707857608795166,
    1.5707389116287231,
    1.5707299709320068,
    -1.5707212686538696,
    1.5711246728897095,
    1.571250557899475,
    -1.5710697174072266,
    -1.5708281993865967,
    1.5708353519439697,
    -1.5708563327789307,
    1.5708491802215576,
    -1.5707169771194458,
    1.5708216428756714,
    -1.570863962173462,
    -1.5708000659942627
  ],
  "opt_ratios": [
    6.1035098042339087e-05,
    3.0746450647711754e-06,
    0.004685745574533939,
    0.03462137281894684,
    0.210624098777771,
    0.6346390247344971,
    0.9185611009597778,
    0.9879201650619507,
    0.99853515625,
    0.9998257160186768,
    0.9999715089797974,
    0.9999769926071167,
    0.9999865293502808,
    0.9999964833259583,
    0.999998152256012,
    0.9999988675117493,
    0.9999980926513672,
    0.9999986886978149,
    0.9999987483024597,
    0.9999986290931702,
    0.9999987483024597,
    0.9999990463256836,
    0.9999988079071045,
    0.9999984502792358,
    0.9999983906745911,
    0.9999987483024597,
    0.9999986886978149,
    0.9999985694885254,
    0.9999986290931702,
    0.9999984502792358,
    0.9999986886978149,
    0.9999985694885254,
    0.9999985098838806,
    0.9999987483024597,
    0.9999986886978149,
    0.9999984502792358,
    0.9999987483024597,
    0.9999987483024597,
    0.9999987483024597,
    0.9999983906745911,
    0.9999988079071045,
    0.9999985694885254,
    0.9999984502792358,
    0.9999988079071045,
    0.9999985098838806,
    0.9999985694885254,
    0.9999985694885254,
    0.9999983310699463,
    0.9999985694885254,
    0.9999984502792358,
    0.9999985098838806
  ],
  "expectations": [
    -11.99998664855957,
    -10.804964065551758,
    -14.726634979248047,
    -17.03135108947754,
    -19.549116134643555,
    -21.20454978942871,
    -21.865285873413086,
    -21.982234954833984,
    -21.997900009155273,
    -21.999731063842773,
    -21.999940872192383,
    -21.99994468688965,
    -21.99995994567871,
    -21.999977111816406,
    -21.999969482421875,
    -21.99997901916504,
    -21.999961853027344,
    -21.999971389770508,
    -21.999971389770508,
    -21.999971389770508,
    -21.999971389770508,
    -21.99997901916504,
    -21.999975204467773,
    -21.99996566772461,
    -21.999963760375977,
    -21.99997329711914,
    -21.999969482421875,
    -21.999969482421875,
    -21.999969482421875,
    -21.99996566772461,
    -21.999971389770508,
    -21.999969482421875,
    -21.999967575073242,
    -21.99997329711914,
    -21.999971389770508,
    -21.99996566772461,
    -21.99997329711914,
    -21.99997329711914,
    -21.99997329711914,
    -21.99996566772461,
    -21.99997329711914,
    -21.999967575073242,
    -21.999967575073242,
    -21.999975204467773,
    -21.999967575073242,
    -21.999969482421875,
    -21.999969482421875,
    -21.999963760375977,
    -21.999969482421875,
    -21.99996566772461,
    -21.99996566772461
  ],
  "approx_ratios": [
    0.5454539385708895,
    0.4911347302523526,
    0.6693924990567294,
    0.774152322248979,
    0.8885961879383434,
    0.9638431722467596,
    0.9938766306096857,
    0.9991924979469993,
    0.9999045458706942,
    0.9999877756292169,
    0.999997312372381,
    0.9999974857677113,
    0.9999981793490323,
    0.9999989596280184,
    0.9999986128373579,
    0.9999990463256836,
    0.9999982660466974,
    0.9999986995350231,
    0.9999986995350231,
    0.9999986995350231,
    0.9999986995350231,
    0.9999990463256836,
    0.9999988729303534,
    0.9999984394420277,
    0.9999983527443626,
    0.9999987862326882,
    0.9999986128373579,
    0.9999986128373579,
    0.9999986128373579,
    0.9999984394420277,
    0.9999986995350231,
    0.9999986128373579,
    0.9999985261396929,
    0.9999987862326882,
    0.9999986995350231,
    0.9999984394420277,
    0.9999987862326882,
    0.9999987862326882,
    0.9999987862326882,
    0.9999984394420277,
    0.9999987862326882,
    0.9999985261396929,
    0.9999985261396929,
    0.9999988729303534,
    0.9999985261396929,
    0.9999986128373579,
    0.9999986128373579,
    0.9999983527443626,
    0.9999986128373579,
    0.9999984394420277,
    0.9999984394420277
  ],
  "iter": 50,
  "best_iter": 15,
  "norm_history": [],
  "w_history": [
    1
  ],
  "edges": [
    [
      5,
      13
    ],
    [
      5,
      6
    ],
    [
      5,
      9
    ],
    [
      13,
      1
    ],
    [
      13,
      15
    ],
    [
      9,
      14
    ],
    [
      9,
      12
    ],
    [
      14,
      2
    ],
    [
      14,
      6
    ],
    [
      10,
      12
    ],
    [
      10,
      15
    ],
    [
      10,
      4
    ],
    [
      12,
      11
    ],
    [
      2,
      4
    ],
    [
      2,
      7
    ],
    [
      15,
      11
    ],
    [
      6,
      8
    ],
    [
      8,
      3
    ],
    [
      8,
      7
    ],
    [
      0,
      1
    ],
    [
      0,
      4
    ],
    [
      0,
      3
    ],
    [
      1,
      7
    ],
    [
      3,
      11
    ]
  ]
}