{
  "size": 16,
  "opt_val": -20.0,
  "method": "VQELBFGS",
  "operations": [
    "Z1_Z12",
    "Z0_Z11",
    "Z1_Z8",
    "Z3_Z6",
    "Z0_Z7",
    "Z2_Z5",
    "Z14_Z4",
    "Z9_Z15",
    "Z13_Z1",
    "Z7_Z5",
    "Z8_Z4",
    "Z10_Z2",
    "Z6_Z15",
    "Z10_Z0",
    "Z11_Z14",
    "Z12_Z13",
    "Z5_Z3",
    "Z9_Z14",
    "Z8_Z13",
    "Z2_Z15",
    "Z7_Z10",
    "Z3_Z12",
    "Z4_Z11",
    "Z6_Z9",
    "M0",
    "M1",
    "M2",
    "M3",
    "M4",
    "M5",
    "M6",
    "M7",
    "M8",
    "M9",
    "M10",
    "M11",
    "M12",
    "M13",
    "M14",
    "M15"
  ],
  "dt": 0.05,
  "lr": 0.05,
  "lam": 1.0,
  "mu": 0.9,
  "fix_step": 0,
  "constant_c": true,
  "parameters": [
    -6.188534462125972e-05,
    -2.5691606998443604,
    1.7142885553766973e-05,
    8.386721310671419e-05,
    -2.2811467715655454e-05,
    1.2338517080934253e-05,
    -5.350373612600379e-05,
    3.1415998935699463,
    4.047817856189795e-05,
    3.1415977478027344,
    -4.6715049961676414e-07,
    -9.838056030275766e-06,
    1.3639350072480738e-05,
    3.141576051712036,
    -3.141550064086914,
    1.7695912220005994e-06,
    2.162971031793859e-05,
    -3.141592502593994,
    -3.1415579319000244,
    4.368687223177403e-05,
    -8.600281580584124e-05,
    -3.4215885534649715e-05,
    -5.023065568821039e-06,
    6.219698843779042e-05,
    -1.5705883502960205,
    1.5722576379776,
    1.5707933902740479,
    1.570809245109558,
    1.5707335472106934,
    1.57026207447052,
    -1.5707896947860718,
    -1.5708001852035522,
    1.570783019065857,
    1.570796251296997,
    1.570866346359253,
    1.570858120918274,
    -1.570757269859314,
    -1.570682168006897,
    -1.5713422298431396,
    1.5708673000335693
  ],
  "opt_ratios": [
    6.1035098042339087e-05,
    6.5255508161499165e-06,
    0.012315512634813786,
    0.18752454221248627,
    0.7264229655265808,
    0.9599786996841431,
    0.9965404868125916,
    0.9995535016059875,
    0.9999446868896484,
    0.9999898076057434,
    0.9999921917915344,
    0.9999982118606567,
    0.9999980926513672,
    0.9999976754188538,
    0.9999974370002747,
    0.9999977350234985,
    0.9999977350234985,
    0.999997615814209,
    0.9999975562095642,
    0.9999974966049194,
    0.9999978542327881,
    0.9999980926513672,
    0.9999980330467224,
    0.9999979734420776,
    0.9999982714653015,
    0.9999975562095642,
    0.9999979734420776,
    0.999997615814209,
    0.9999979734420776,
    0.9999980330467224,
    0.9999978542327881,
    0.9999979138374329,
    0.999998152256012,
    0.9999979138374329,
    0.9999978542327881,
    0.9999976754188538,
    0.999998152256012,
    0.999997615814209,
    0.9999980330467224,
    0.9999979734420776,
    0.9999979734420776,
    0.9999979734420776,
    0.9999977350234985,
    0.9999979734420776,
    0.999998152256012,
    0.9999980330467224,
    0.9999983906745911,
    0.999998152256012,
    0.9999982714653015,
    0.999998152256012,
    0.999998152256012
  ],
  "expectations": [
    -11.99998664855957,
    -11.154175758361816,
    -15.81674575805664,
    -17.787036895751953,
    -19.44723892211914,
    -19.928319931030273,
    -19.994123458862305,
    -19.999244689941406,
    -19.999895095825195,
    -19.999958038330078,
    -19.999958038330078,
    -19.999977111816406,
    -19.999975204467773,
    -19.999969482421875,
    -19.99997329711914,
    -19.999980926513672,
    -19.99997901916504,
    -19.999971389770508,
    -19.999969482421875,
    -19.999967575073242,
    -19.999975204467773,
    -19.999977111816406,
    -19.999975204467773,
    -19.999975204467773,
    -19.999980926513672,
    -19.999967575073242,
    -19.99997329711914,
    -19.999967575073242,
    -19.999975204467773,
    -19.999975204467773,
    -19.99997329711914,
    -19.99997329711914,
    -19.999977111816406,
    -19.99997329711914,
    -19.99997329711914,
    -19.999967575073242,
    -19.99997901916504,
    -19.999969482421875,
    -19.999975204467773,
    -19.99997329711914,
    -19.99997329711914,
    -19.99997329711914,
    -19.999969482421875,
    -19.99997329711914,
    -19.99997901916504,
    -19.999975204467773,
    -19.999982833862305,
    -19.99997901916504,
    -19.99997901916504,
    -19.99997901916504,
    -19.99997901916504
  ],
  "approx_ratios": [
    0.5999993324279785,
    0.5577087879180909,
    0.790837287902832,
    0.8893518447875977,
    0.972361946105957,
    0.9964159965515137,
    0.9997061729431153,
    0.9999622344970703,
    0.9999947547912598,
    0.999997901916504,
    0.999997901916504,
    0.9999988555908204,
    0.9999987602233886,
    0.9999984741210938,
    0.999998664855957,
    0.9999990463256836,
    0.999998950958252,
    0.9999985694885254,
    0.9999984741210938,
    0.9999983787536622,
    0.9999987602233886,
    0.9999988555908204,
    0.9999987602233886,
    0.9999987602233886,
    0.9999990463256836,
    0.9999983787536622,
    0.999998664855957,
    0.9999983787536622,
    0.9999987602233886,
    0.9999987602233886,
    0.999998664855957,
    0.999998664855957,
    0.9999988555908204,
    0.999998664855957,
    0.999998664855957,
    0.9999983787536622,
    0.999998950958252,
    0.9999984741210938,
    0.9999987602233886,
    0.999998664855957,
    0.999998664855957,
    0.999998664855957,
    0.9999984741210938,
    0.999998664855957,
    0.999998950958252,
    0.9999987602233886,
    0.9999991416931152,
    0.999998950958252,
    0.999998950958252,
    0.999998950958252,
    0.999998950958252
  ],
  "iter": 50,
  "best_iter": 46,
  "norm_history": [],
  "w_history": [
    1
  ],
  "edges": [
    [
      6,
      15
    ],
    [
      6,
      3
    ],
    [
      6,
      9
    ],
    [
      15,
      9
    ],
    [
      15,
      2
    ],
    [
      12,
      13
    ],
    [
      12,
      1
    ],
    [
      12,
      3
    ],
    [
      13,
      8
    ],
    [
      13,
      1
    ],
    [
      5,
      7
    ],
    [
      5,
      2
    ],
    [
      5,
      3
    ],
    [
      7,
      10
    ],
    [
      7,
      0
    ],
    [
      9,
      14
    ],
    [
      14,
      11
    ],
    [
      14,
      4
    ],
    [
      2,
      10
    ],
    [
      11,
      0
    ],
    [
      11,
      4
    ],
    [
      0,
      10
    ],
    [
      1,
      8
    ],
    [
      4,
      8
    ]
  ]
}