{
  "size": 16,
  "opt_val": -20.0,
  "method": "VQELBFGS",
  "operations": [
    "Z0_Z13",
    "Z2_Z11",
    "Z3_Z10",
    "Z4_Z9",
    "Z0_Z11",
    "Z4_Z7",
    "Z3_Z6",
    "Z12_Z8",
    "Z11_Z7",
    "Z13_Z5",
    "Z12_Z4",
    "Z8_Z6",
    "Z13_Z14",
    "Z8_Z2",
    "Z5_Z15",
    "Z6_Z2",
    "Z5_Z1",
    "Z9_Z12",
    "Z9_Z10",
    "Z3_Z14",
    "Z7_Z10",
    "Z1_Z15",
    "Z1_Z14",
    "Z0_Z15",
    "M0",
    "M1",
    "M2",
    "M3",
    "M4",
    "M5",
    "M6",
    "M7",
    "M8",
    "M9",
    "M10",
    "M11",
    "M12",
    "M13",
    "M14",
    "M15"
  ],
  "dt": 0.05,
  "lr": 0.05,
  "lam": 1.0,
  "mu": 0.9,
  "fix_step": 0,
  "constant_c": true,
  "parameters": [
    2.6390071070636623e-06,
    3.141573429107666,
    1.5648190299089038e-07,
    -1.2985004786969512e-06,
    1.4869948472551187e-06,
    1.8357682165515143e-06,
    -6.8173903855495155e-06,
    -2.8671343326568604,
    -3.1415822505950928,
    0.00024040191783569753,
    -1.596689435245935e-05,
    -5.022908680984983e-06,
    3.1415889263153076,
    -3.141477346420288,
    1.5731890243841917e-06,
    3.1416091918945312,
    1.3318401670403546e-07,
    6.545246833411511e-06,
    3.7629556572937872e-06,
    4.090574748261133e-06,
    1.992294073716039e-06,
    -1.1455306321295211e-06,
    3.141587257385254,
    0.19252054393291473,
    1.570806622505188,
    1.5707695484161377,
    1.570792317390442,
    -1.5708043575286865,
    1.571048378944397,
    1.570972204208374,
    -1.5707976818084717,
    1.5707931518554688,
    1.5702613592147827,
    -1.5707889795303345,
    1.5707910060882568,
    1.5714941024780273,
    1.5712063312530518,
    1.570857286453247,
    1.5707945823669434,
    -1.570796251296997
  ],
  "opt_ratios": [
    0.00033569306833669543,
    0.00012038231216138229,
    0.01185073982924223,
    0.14558692276477814,
    0.7254748940467834,
    0.966686487197876,
    0.995923638343811,
    0.9995151162147522,
    0.999945878982544,
    0.9999852180480957,
    0.999995231628418,
    0.9999802112579346,
    0.9999971389770508,
    0.9999982714653015,
    0.9999948740005493,
    0.9999983906745911,
    0.9999983906745911,
    0.9999987483024597,
    0.9999982118606567,
    0.9999980330467224,
    0.9999959468841553,
    0.9999961853027344,
    0.9999959468841553,
    0.9999955892562866,
    0.9999953508377075,
    0.999995231628418,
    0.9999963045120239,
    0.9999970197677612,
    0.999998152256012,
    0.9999978542327881,
    0.9999977350234985,
    0.9999982714653015,
    0.9999985098838806,
    0.999998152256012,
    0.9999986886978149,
    0.9999984502792358,
    0.9999985694885254,
    0.999998927116394,
    0.9999984502792358,
    0.999998152256012,
    0.9999983310699463,
    0.9999983906745911,
    0.9999982714653015,
    0.9999985694885254,
    0.9999987483024597,
    0.9999985694885254,
    0.9999985694885254,
    0.9999980330467224,
    0.9999985098838806,
    0.9999980330467224,
    0.9999985694885254
  ],
  "expectations": [
    -11.99998664855957,
    -11.544958114624023,
    -15.152868270874023,
    -17.239408493041992,
    -19.59121322631836,
    -19.955833435058594,
    -19.99454116821289,
    -19.999324798583984,
    -19.999921798706055,
    -19.999958038330078,
    -19.999967575073242,
    -19.999954223632812,
    -19.99995994567871,
    -19.999971389770508,
    -19.999963760375977,
    -19.999971389770508,
    -19.999969482421875,
    -19.999975204467773,
    -19.999963760375977,
    -19.999971389770508,
    -19.999967575073242,
    -19.999975204467773,
    -19.999975204467773,
    -19.99997329711914,
    -19.99996566772461,
    -19.999971389770508,
    -19.99997329711914,
    -19.99996566772461,
    -19.999971389770508,
    -19.999967575073242,
    -19.999963760375977,
    -19.99997329711914,
    -19.99997329711914,
    -19.99996566772461,
    -19.99997901916504,
    -19.999969482421875,
    -19.99997329711914,
    -19.99997901916504,
    -19.99997329711914,
    -19.999963760375977,
    -19.999967575073242,
    -19.999969482421875,
    -19.999969482421875,
    -19.99997329711914,
    -19.999977111816406,
    -19.999975204467773,
    -19.99997329711914,
    -19.999961853027344,
    -19.99997329711914,
    -19.999961853027344,
    -19.99997329711914
  ],
  "approx_ratios": [
    0.5999993324279785,
    0.5772479057312012,
    0.7576434135437011,
    0.8619704246520996,
    0.979560661315918,
    0.9977916717529297,
    0.9997270584106446,
    0.9999662399291992,
    0.9999960899353028,
    0.999997901916504,
    0.9999983787536622,
    0.9999977111816406,
    0.9999979972839356,
    0.9999985694885254,
    0.9999981880187988,
    0.9999985694885254,
    0.9999984741210938,
    0.9999987602233886,
    0.9999981880187988,
    0.9999985694885254,
    0.9999983787536622,
    0.9999987602233886,
    0.9999987602233886,
    0.999998664855957,
    0.9999982833862304,
    0.9999985694885254,
    0.999998664855957,
    0.9999982833862304,
    0.9999985694885254,
    0.9999983787536622,
    0.9999981880187988,
    0.999998664855957,
    0.999998664855957,
    0.9999982833862304,
    0.999998950958252,
    0.9999984741210938,
    0.999998664855957,
    0.999998950958252,
    0.999998664855957,
    0.9999981880187988,
    0.9999983787536622,
    0.9999984741210938,
    0.9999984741210938,
    0.999998664855957,
    0.9999988555908204,
    0.9999987602233886,
    0.999998664855957,
    0.9999980926513672,
    0.999998664855957,
    0.9999980926513672,
    0.999998664855957
  ],
  "iter": 50,
  "best_iter": 34,
  "norm_history": [],
  "w_history": [
    1
  ],
  "edges": [
    [
      4,
      9
    ],
    [
      4,
      12
    ],
    [
      4,
      7
    ],
    [
      9,
      10
    ],
    [
      9,
      12
    ],
    [
      12,
      8
    ],
    [
      3,
      10
    ],
    [
      3,
      6
    ],
    [
      3,
      14
    ],
    [
      10,
      7
    ],
    [
      5,
      13
    ],
    [
      5,
      15
    ],
    [
      5,
      1
    ],
    [
      13,
      14
    ],
    [
      13,
      0
    ],
    [
      8,
      2
    ],
    [
      8,
      6
    ],
    [
      2,
      11
    ],
    [
      2,
      6
    ],
    [
      11,
      0
    ],
    [
      11,
      7
    ],
    [
      0,
      15
    ],
    [
      14,
      1
    ],
    [
      1,
      15
    ]
  ]
}