{
  "size": 16,
  "opt_val": -20.0,
  "method": "VQELBFGS",
  "operations": [
    "Z1_Z12",
    "Z2_Z9",
    "Z5_Z6",
    "Z0_Z7",
    "Z2_Z5",
    "Z3_Z4",
    "Z11_Z9",
    "Z10_Z15",
    "Z13_Z3",
    "Z8_Z6",
    "Z13_Z14",
    "Z9_Z1",
    "Z12_Z13",
    "Z8_Z0",
    "Z4_Z15",
    "Z6_Z0",
    "Z10_Z11",
    "Z2_Z15",
    "Z3_Z14",
    "Z5_Z12",
    "Z7_Z10",
    "Z1_Z14",
    "Z4_Z11",
    "Z7_Z8",
    "M0",
    "M1",
    "M2",
    "M3",
    "M4",
    "M5",
    "M6",
    "M7",
    "M8",
    "M9",
    "M10",
    "M11",
    "M12",
    "M13",
    "M14",
    "M15"
  ],
  "dt": 0.05,
  "lr": 0.05,
  "lam": 1.0,
  "mu": 0.9,
  "fix_step": 0,
  "constant_c": true,
  "parameters": [
    -1.1559739505173638e-05,
    -3.1416847705841064,
    -3.8172747736098245e-05,
    -1.1818238817795645e-05,
    1.568806529045105,
    5.93335153098451e-06,
    -1.571224129293114e-05,
    5.037281425757101e-06,
    3.141557455062866,
    3.019951873284299e-05,
    -1.4228464351617731e-05,
    -1.802225597202778e-05,
    -6.290410237852484e-05,
    1.932297891471535e-05,
    -2.457133405187051e-06,
    -3.141671895980835,
    3.14152455329895,
    3.141552209854126,
    -5.537860488402657e-06,
    -3.1415371894836426,
    3.141526937484741,
    -3.1058338208822533e-05,
    1.7883863620227203e-05,
    -2.55607592407614e-05,
    1.570845603942871,
    1.5707567930221558,
    -0.7853566408157349,
    -1.570798397064209,
    -1.5707898139953613,
    -2.3562800884246826,
    -1.5707889795303345,
    -1.5707330703735352,
    -1.5707703828811646,
    1.5716888904571533,
    -1.5707042217254639,
    -1.570766806602478,
    1.5707333087921143,
    -1.5703787803649902,
    -1.5707682371139526,
    -1.570860505104065
  ],
  "opt_ratios": [
    0.00024414039216935635,
    2.8683478376478888e-05,
    0.006128882057964802,
    0.11716848611831665,
    0.7115981578826904,
    0.9607735276222229,
    0.9948387742042542,
    0.999332845211029,
    0.9999151229858398,
    0.9999891519546509,
    0.9999968409538269,
    0.9999979138374329,
    0.9999979734420776,
    0.9999980330467224,
    0.9999977946281433,
    0.9999982714653015,
    0.999997615814209,
    0.9999977350234985,
    0.9999977350234985,
    0.9999980926513672,
    0.9999970197677612,
    0.9999973177909851,
    0.9999973773956299,
    0.9999973773956299,
    0.9999972581863403,
    0.999997079372406,
    0.9999975562095642,
    0.9999974966049194,
    0.9999980926513672,
    0.9999977350234985,
    0.999997615814209,
    0.9999974966049194,
    0.9999977946281433,
    0.9999977350234985,
    0.9999977350234985,
    0.9999973177909851,
    0.9999975562095642,
    0.9999974370002747,
    0.9999977946281433,
    0.9999974966049194,
    0.9999973177909851,
    0.9999974370002747,
    0.9999974966049194,
    0.9999979138374329,
    0.9999974966049194,
    0.9999976754188538,
    0.9999974370002747,
    0.999997615814209,
    0.9999973773956299,
    0.9999975562095642,
    0.9999980330467224
  ],
  "expectations": [
    -11.99998664855957,
    -12.329541206359863,
    -15.151569366455078,
    -17.092464447021484,
    -19.437278747558594,
    -19.923452377319336,
    -19.98959732055664,
    -19.998619079589844,
    -19.999805450439453,
    -19.99996566772461,
    -19.999977111816406,
    -19.99997329711914,
    -19.999971389770508,
    -19.999975204467773,
    -19.999969482421875,
    -19.99997901916504,
    -19.99996566772461,
    -19.999969482421875,
    -19.999969482421875,
    -19.999977111816406,
    -19.999956130981445,
    -19.999961853027344,
    -19.999961853027344,
    -19.999961853027344,
    -19.999961853027344,
    -19.999958038330078,
    -19.99996566772461,
    -19.99996566772461,
    -19.999977111816406,
    -19.999969482421875,
    -19.999967575073242,
    -19.99996566772461,
    -19.999969482421875,
    -19.999969482421875,
    -19.999969482421875,
    -19.999961853027344,
    -19.99996566772461,
    -19.999961853027344,
    -19.999971389770508,
    -19.99996566772461,
    -19.999961853027344,
    -19.999961853027344,
    -19.99996566772461,
    -19.99997329711914,
    -19.99996566772461,
    -19.999969482421875,
    -19.99996566772461,
    -19.99996566772461,
    -19.999961853027344,
    -19.99996566772461,
    -19.99997329711914
  ],
  "approx_ratios": [
    0.5999993324279785,
    0.6164770603179932,
    0.7575784683227539,
    0.8546232223510742,
    0.9718639373779296,
    0.9961726188659668,
    0.999479866027832,
    0.9999309539794922,
    0.9999902725219727,
    0.9999982833862304,
    0.9999988555908204,
    0.999998664855957,
    0.9999985694885254,
    0.9999987602233886,
    0.9999984741210938,
    0.999998950958252,
    0.9999982833862304,
    0.9999984741210938,
    0.9999984741210938,
    0.9999988555908204,
    0.9999978065490722,
    0.9999980926513672,
    0.9999980926513672,
    0.9999980926513672,
    0.9999980926513672,
    0.999997901916504,
    0.9999982833862304,
    0.9999982833862304,
    0.9999988555908204,
    0.9999984741210938,
    0.9999983787536622,
    0.9999982833862304,
    0.9999984741210938,
    0.9999984741210938,
    0.9999984741210938,
    0.9999980926513672,
    0.9999982833862304,
    0.9999980926513672,
    0.9999985694885254,
    0.9999982833862304,
    0.9999980926513672,
    0.9999980926513672,
    0.9999982833862304,
    0.999998664855957,
    0.9999982833862304,
    0.9999984741210938,
    0.9999982833862304,
    0.9999982833862304,
    0.9999980926513672,
    0.9999982833862304,
    0.999998664855957
  ],
  "iter": 50,
  "best_iter": 15,
  "norm_history": [],
  "w_history": [
    1
  ],
  "edges": [
    [
      3,
      4
    ],
    [
      3,
      13
    ],
    [
      3,
      14
    ],
    [
      4,
      15
    ],
    [
      4,
      11
    ],
    [
      12,
      13
    ],
    [
      12,
      1
    ],
    [
      12,
      5
    ],
    [
      13,
      14
    ],
    [
      15,
      10
    ],
    [
      15,
      2
    ],
    [
      9,
      11
    ],
    [
      9,
      1
    ],
    [
      9,
      2
    ],
    [
      11,
      10
    ],
    [
      0,
      8
    ],
    [
      0,
      7
    ],
    [
      0,
      6
    ],
    [
      8,
      6
    ],
    [
      8,
      7
    ],
    [
      2,
      5
    ],
    [
      5,
      6
    ],
    [
      1,
      14
    ],
    [
      10,
      7
    ]
  ]
}