{
  "size": 16,
  "opt_val": -20.0,
  "method": "VQELBFGS",
  "operations": [
    "Z6_Z7",
    "Z14_Z15",
    "Z0_Z11",
    "Z2_Z9",
    "Z13_Z11",
    "Z4_Z5",
    "Z12_Z10",
    "Z13_Z9",
    "Z14_Z8",
    "Z1_Z6",
    "Z10_Z15",
    "Z1_Z2",
    "Z9_Z3",
    "Z12_Z0",
    "Z5_Z3",
    "Z7_Z1",
    "Z11_Z12",
    "Z4_Z15",
    "Z4_Z2",
    "Z6_Z0",
    "Z8_Z13",
    "Z3_Z14",
    "Z5_Z10",
    "Z7_Z8",
    "M0",
    "M1",
    "M2",
    "M3",
    "M4",
    "M5",
    "M6",
    "M7",
    "M8",
    "M9",
    "M10",
    "M11",
    "M12",
    "M13",
    "M14",
    "M15"
  ],
  "dt": 0.05,
  "lr": 0.05,
  "lam": 1.0,
  "mu": 0.9,
  "fix_step": 0,
  "constant_c": true,
  "parameters": [
    373.8495178222656,
    -490.08843994140625,
    -166.50430297851562,
    -493.2301330566406,
    -373.8495178222656,
    345.57513427734375,
    -37.699153900146484,
    138.23008728027344,
    -640.8849487304688,
    53.40715026855469,
    518.36279296875,
    -337.72149658203125,
    216.77003479003906,
    -15.708076477050781,
    329.8673400878906,
    -31.41579246520996,
    6.283081531524658,
    474.3804016113281,
    427.2567443847656,
    -169.64599609375,
    289.02655029296875,
    270.1770935058594,
    75.39823913574219,
    -166.5044708251953,
    -212.05738830566406,
    -55.76291275024414,
    468.882568359375,
    -237.19024658203125,
    -234.04852294921875,
    391.1282958984375,
    86.39408874511719,
    196.34957885742188,
    340.86273193359375,
    237.19056701660156,
    582.7654418945312,
    193.207763671875,
    447.67694091796875,
    -102.10171508789062,
    -136.65927124023438,
    -956.6149291992188
  ],
  "opt_ratios": [
    0.00024414039216935635,
    3.9225957152666524e-05,
    0.00026846773107536137,
    0.00461376691237092,
    0.20953582227230072,
    0.7933211922645569,
    0.9577172994613647,
    0.9932069778442383,
    0.9990993738174438,
    0.9998830556869507,
    0.9999688863754272,
    0.9999886155128479,
    0.9999921321868896,
    0.9999985098838806,
    0.9999985694885254,
    0.9999986886978149,
    0.9999983906745911,
    0.9999986886978149,
    0.9999988675117493,
    0.9999988675117493,
    0.9999983906745911,
    0.9999984502792358,
    0.9999984502792358,
    0.9999983906745911,
    0.9999983906745911,
    0.9999984502792358,
    0.9999984502792358,
    0.9999984502792358,
    0.9999984502792358,
    0.9999984502792358,
    0.9999984502792358,
    0.9999984502792358,
    0.9999984502792358,
    0.9999984502792358,
    0.9999984502792358,
    0.9999984502792358,
    0.9999983906745911,
    0.9999984502792358,
    0.9999984502792358,
    0.9999983906745911,
    0.9999984502792358,
    0.9999984502792358,
    0.9999983906745911,
    0.9999984502792358,
    0.9999984502792358,
    0.9999983906745911,
    0.9999984502792358,
    0.9999984502792358,
    0.9999984502792358,
    0.9999984502792358,
    0.9999984502792358
  ],
  "expectations": [
    -11.99998664855957,
    -11.179410934448242,
    -12.188915252685547,
    -14.745397567749023,
    -17.403533935546875,
    -19.511289596557617,
    -19.911136627197266,
    -19.986268997192383,
    -19.998205184936523,
    -19.999759674072266,
    -19.99991798400879,
    -19.999958038330078,
    -19.999963760375977,
    -19.999977111816406,
    -19.99997329711914,
    -19.999975204467773,
    -19.999969482421875,
    -19.999975204467773,
    -19.99997901916504,
    -19.999977111816406,
    -19.999971389770508,
    -19.999971389770508,
    -19.999971389770508,
    -19.999971389770508,
    -19.999971389770508,
    -19.999971389770508,
    -19.999971389770508,
    -19.999971389770508,
    -19.999971389770508,
    -19.999971389770508,
    -19.999971389770508,
    -19.999971389770508,
    -19.99997329711914,
    -19.999971389770508,
    -19.999971389770508,
    -19.999971389770508,
    -19.999971389770508,
    -19.999971389770508,
    -19.999971389770508,
    -19.999971389770508,
    -19.99997329711914,
    -19.999971389770508,
    -19.999971389770508,
    -19.999971389770508,
    -19.999971389770508,
    -19.999971389770508,
    -19.999971389770508,
    -19.999971389770508,
    -19.999971389770508,
    -19.999971389770508,
    -19.999971389770508
  ],
  "approx_ratios": [
    0.5999993324279785,
    0.5589705467224121,
    0.6094457626342773,
    0.7372698783874512,
    0.8701766967773438,
    0.9755644798278809,
    0.9955568313598633,
    0.9993134498596191,
    0.9999102592468262,
    0.9999879837036133,
    0.9999958992004394,
    0.999997901916504,
    0.9999981880187988,
    0.9999988555908204,
    0.999998664855957,
    0.9999987602233886,
    0.9999984741210938,
    0.9999987602233886,
    0.999998950958252,
    0.9999988555908204,
    0.9999985694885254,
    0.9999985694885254,
    0.9999985694885254,
    0.9999985694885254,
    0.9999985694885254,
    0.9999985694885254,
    0.9999985694885254,
    0.9999985694885254,
    0.9999985694885254,
    0.9999985694885254,
    0.9999985694885254,
    0.9999985694885254,
    0.999998664855957,
    0.9999985694885254,
    0.9999985694885254,
    0.9999985694885254,
    0.9999985694885254,
    0.9999985694885254,
    0.9999985694885254,
    0.9999985694885254,
    0.999998664855957,
    0.9999985694885254,
    0.9999985694885254,
    0.9999985694885254,
    0.9999985694885254,
    0.9999985694885254,
    0.9999985694885254,
    0.9999985694885254,
    0.9999985694885254,
    0.9999985694885254,
    0.9999985694885254
  ],
  "iter": 50,
  "best_iter": 18,
  "norm_history": [],
  "w_history": [
    1
  ],
  "edges": [
    [
      4,
      15
    ],
    [
      4,
      5
    ],
    [
      4,
      2
    ],
    [
      15,
      10
    ],
    [
      15,
      14
    ],
    [
      5,
      10
    ],
    [
      5,
      3
    ],
    [
      10,
      12
    ],
    [
      1,
      6
    ],
    [
      1,
      2
    ],
    [
      1,
      7
    ],
    [
      6,
      7
    ],
    [
      6,
      0
    ],
    [
      12,
      0
    ],
    [
      12,
      11
    ],
    [
      0,
      11
    ],
    [
      11,
      13
    ],
    [
      3,
      9
    ],
    [
      3,
      14
    ],
    [
      9,
      13
    ],
    [
      9,
      2
    ],
    [
      14,
      8
    ],
    [
      8,
      13
    ],
    [
      8,
      7
    ]
  ]
}