{
  "size": 16,
  "opt_val": -44.0,
  "method": "VQE",
  "operations": [
    "Z0_Y2",
    "Z0_Y5",
    "Z0_Y11",
    "Z0_Y7",
    "Z0_Y4",
    "Z0_Y3",
    "Z0_Y9",
    "Z0_Y15",
    "Z2_Y14",
    "Z2_Y10",
    "Z2_Y6",
    "Z5_Y13",
    "Z5_Y8",
    "Z11_Y1",
    "Z11_Y12",
    "Z2_Y5",
    "Z2_Y4",
    "Z2_Y3",
    "Z2_Y9",
    "Z5_Y7",
    "Z5_Y11",
    "Z5_Y14",
    "Z11_Y8",
    "Z11_Y15",
    "Z7_Y1",
    "Z7_Y6",
    "Z7_Y10",
    "Z7_Y13",
    "Z4_Y12",
    "Z5_Y3",
    "Z11_Y3",
    "Z11_Y7",
    "Z7_Y15",
    "Z4_Y3",
    "Z4_Y9",
    "Z4_Y6",
    "Z4_Y8",
    "Z4_Y10",
    "Z3_Y14",
    "Z9_Y13",
    "Z9_Y12",
    "Z15_Y1",
    "Z3_Y10",
    "Z3_Y9",
    "Z9_Y6",
    "Z9_Y8",
    "Z15_Y6",
    "Z15_Y12",
    "Z15_Y14",
    "Z1_Y6",
    "Z1_Y13",
    "Z15_Y10",
    "Z1_Y12",
    "Z1_Y8",
    "Z1_Y14",
    "Z6_Y8",
    "Z6_Y13",
    "Z12_Y10",
    "Z12_Y13",
    "Z12_Y14",
    "Z8_Y14",
    "Z14_Y10",
    "Z8_Y13",
    "Z13_Y10"
  ],
  "dt": 0.05,
  "lr": 0.05,
  "lam": 1.0,
  "mu": 0.9,
  "fix_step": 0,
  "constant_c": true,
  "parameters": [
    1.5491653680801392,
    -0.43667885661125183,
    1.5364915132522583,
    0.7117209434509277,
    1.4781205654144287,
    -0.07593705505132675,
    0.6960035562515259,
    1.1566193103790283,
    0.1931186467409134,
    0.2763840854167938,
    0.31799083948135376,
    0.0001145743444794789,
    3.177051621605642e-05,
    0.43177905678749084,
    0.585021436214447,
    1.1338928937911987,
    -0.09269463270902634,
    0.18399810791015625,
    0.09836692363023758,
    0.8651700019836426,
    0.036993809044361115,
    0.23593725264072418,
    0.5994896292686462,
    -0.04549388587474823,
    0.7006353139877319,
    0.3392467200756073,
    0.44656527042388916,
    0.04143102094531059,
    0.675796389579773,
    0.21902425587177277,
    0.9463698863983154,
    0.009611895307898521,
    -0.3687027394771576,
    0.5835264325141907,
    -0.27685314416885376,
    0.3714736998081207,
    0.5533601641654968,
    0.2803356349468231,
    0.36639857292175293,
    0.001247931970283389,
    0.015381285920739174,
    0.43834903836250305,
    0.20773421227931976,
    0.6962617635726929,
    0.14548681676387787,
    0.545850932598114,
    0.5219942331314087,
    0.3128295838832855,
    0.17940430343151093,
    0.12537625432014465,
    0.4373728334903717,
    0.33875158429145813,
    0.015774725005030632,
    0.02860085479915142,
    0.40320634841918945,
    0.09928238391876221,
    0.5473054051399231,
    0.2023829221725464,
    0.3415411412715912,
    0.42627206444740295,
    0.5115389227867126,
    0.24037498235702515,
    0.28707829117774963,
    0.39847418665885925
  ],
  "opt_ratios": [
    0.00012207019608467817,
    0.00036229685065336525,
    0.000553840771317482,
    0.0008137724362313747,
    0.001160430139862001,
    0.00161658669821918,
    0.0022100377827882767,
    0.0029743032064288855,
    0.003949051722884178,
    0.005180790554732084,
    0.006722647696733475,
    0.008634816855192184,
    0.010983452200889587,
    0.013840809464454651,
    0.017284344881772995,
    0.021396368741989136,
    0.026263520121574402,
    0.03197839856147766,
    0.03863965719938278,
    0.04635613411664963,
    0.055250637233257294,
    0.06546440720558167,
    0.07716754078865051,
    0.09056558459997177,
    0.10591037571430206,
    0.12350595742464066,
    0.14370760321617126,
    0.16691960394382477,
    0.1935688853263855,
    0.22407266497612,
    0.25876688957214355,
    0.2978367209434509,
    0.34122055768966675,
    0.38851815462112427,
    0.4389420747756958,
    0.4913189709186554,
    0.5441840291023254,
    0.5959650278091431,
    0.6452037692070007,
    0.6907353401184082,
    0.7318195104598999,
    0.7681443095207214,
    0.7997711896896362,
    0.8270124793052673,
    0.8503214120864868,
    0.8702051639556885,
    0.8871599435806274,
    0.9016417264938354,
    0.9140441417694092,
    0.9246988892555237,
    0.9338891506195068,
    0.9418423175811768,
    0.9487501382827759,
    0.9547686576843262,
    0.9600286483764648,
    0.9646342396736145,
    0.9686775207519531,
    0.9722336530685425,
    0.9753642082214355,
    0.978127121925354,
    0.9805653095245361,
    0.9827222228050232,
    0.9846298098564148,
    0.9863178730010986,
    0.9878138303756714,
    0.9891409873962402,
    0.9903167486190796,
    0.9913614392280579,
    0.9922881722450256,
    0.9931118488311768,
    0.9938437938690186,
    0.9944941997528076,
    0.9950737953186035,
    0.9955886006355286,
    0.9960470199584961,
    0.9964555501937866,
    0.9968196749687195,
    0.9971436262130737,
    0.9974335432052612,
    0.9976910948753357,
    0.9979219436645508,
    0.9981275796890259,
    0.9983134865760803,
    0.9984773993492126,
    0.9986251592636108,
    0.9987573623657227,
    0.9988749027252197,
    0.9989819526672363,
    0.9990764856338501,
    0.9991621971130371,
    0.9992398023605347,
    0.9993079900741577,
    0.9993706941604614,
    0.9994264841079712,
    0.9994767904281616,
    0.9995228052139282,
    0.999563455581665,
    0.9996012449264526,
    0.9996347427368164,
    0.9996645450592041,
    0.9996919631958008
  ],
  "expectations": [
    -31.999969482421875,
    -33.43840789794922,
    -33.948917388916016,
    -34.395965576171875,
    -34.79661560058594,
    -35.16260528564453,
    -35.502113342285156,
    -35.82115173339844,
    -36.124053955078125,
    -36.41398620605469,
    -36.693275451660156,
    -36.963706970214844,
    -37.22638702392578,
    -37.48214340209961,
    -37.731510162353516,
    -37.97480773925781,
    -38.21223831176758,
    -38.443992614746094,
    -38.670204162597656,
    -38.8911018371582,
    -39.106937408447266,
    -39.31805419921875,
    -39.525054931640625,
    -39.72867202758789,
    -39.92985534667969,
    -40.12969970703125,
    -40.32952117919922,
    -40.53068923950195,
    -40.73460388183594,
    -40.942344665527344,
    -41.15462112426758,
    -41.371517181396484,
    -41.5924072265625,
    -41.81547546386719,
    -42.03813552856445,
    -42.25675964355469,
    -42.467193603515625,
    -42.665313720703125,
    -42.84754943847656,
    -43.011375427246094,
    -43.15563201904297,
    -43.2803955078125,
    -43.386959075927734,
    -43.47697448730469,
    -43.55267333984375,
    -43.61610412597656,
    -43.66923522949219,
    -43.71394729614258,
    -43.751651763916016,
    -43.78355407714844,
    -43.810752868652344,
    -43.83401870727539,
    -43.85403823852539,
    -43.871280670166016,
    -43.88629150390625,
    -43.8992919921875,
    -43.91067886352539,
    -43.920677185058594,
    -43.929386138916016,
    -43.93712615966797,
    -43.943885803222656,
    -43.94993209838867,
    -43.95524597167969,
    -43.95989990234375,
    -43.96406173706055,
    -43.967811584472656,
    -43.9710693359375,
    -43.9740104675293,
    -43.97660827636719,
    -43.978919982910156,
    -43.980995178222656,
    -43.98283386230469,
    -43.984519958496094,
    -43.98597717285156,
    -43.9872932434082,
    -43.988487243652344,
    -43.98955154418945,
    -43.990478515625,
    -43.99135971069336,
    -43.99208068847656,
    -43.992774963378906,
    -43.99338150024414,
    -43.9940185546875,
    -43.994483947753906,
    -43.99494171142578,
    -43.995361328125,
    -43.995689392089844,
    -43.996070861816406,
    -43.99635314941406,
    -43.99663162231445,
    -43.996917724609375,
    -43.997093200683594,
    -43.99732208251953,
    -43.99749755859375,
    -43.99766540527344,
    -43.997840881347656,
    -43.99796676635742,
    -43.99812316894531,
    -43.998226165771484,
    -43.99830627441406,
    -43.9984130859375
  ],