{
  "size": 16,
  "opt_val": -44.0,
  "method": "VQE",
  "operations": [
    "Z0_Y2",
    "Z0_Y11",
    "Z0_Y1",
    "Z0_Y10",
    "Z0_Y4",
    "Z0_Y13",
    "Z0_Y9",
    "Z0_Y15",
    "Z2_Y8",
    "Z2_Y14",
    "Z2_Y7",
    "Z2_Y12",
    "Z11_Y3",
    "Z1_Y6",
    "Z10_Y5",
    "Z2_Y11",
    "Z2_Y10",
    "Z2_Y15",
    "Z11_Y1",
    "Z11_Y4",
    "Z11_Y7",
    "Z11_Y9",
    "Z11_Y14",
    "Z1_Y3",
    "Z1_Y8",
    "Z1_Y13",
    "Z10_Y6",
    "Z10_Y12",
    "Z4_Y5",
    "Z1_Y15",
    "Z1_Y10",
    "Z10_Y4",
    "Z10_Y8",
    "Z4_Y7",
    "Z4_Y13",
    "Z13_Y5",
    "Z13_Y9",
    "Z13_Y12",
    "Z9_Y3",
    "Z9_Y6",
    "Z9_Y14",
    "Z4_Y15",
    "Z4_Y8",
    "Z13_Y7",
    "Z13_Y8",
    "Z9_Y5",
    "Z9_Y8",
    "Z15_Y3",
    "Z15_Y6",
    "Z15_Y12",
    "Z15_Y14",
    "Z6_Y3",
    "Z6_Y5",
    "Z6_Y12",
    "Z6_Y7",
    "Z3_Y14",
    "Z8_Y7",
    "Z3_Y7",
    "Z3_Y5",
    "Z8_Y12",
    "Z14_Y5",
    "Z14_Y12",
    "Z14_Y7",
    "Z12_Y5"
  ],
  "dt": 0.05,
  "lr": 0.05,
  "lam": 1.0,
  "mu": 0.9,
  "fix_step": 0,
  "constant_c": true,
  "parameters": [
    1.265985369682312,
    -0.19343675673007965,
    0.223510280251503,
    0.06622748076915741,
    0.07822580635547638,
    -0.024444127455353737,
    0.17883433401584625,
    0.18775705993175507,
    0.17077387869358063,
    0.5419033169746399,
    0.15478286147117615,
    0.14786620438098907,
    0.0006787383463233709,
    0.0014578802511096,
    0.012649552896618843,
    1.3772814273834229,
    0.8753495812416077,
    0.5077658295631409,
    1.347172737121582,
    1.1046143770217896,
    0.2763940393924713,
    0.49320223927497864,
    -0.05962956324219704,
    0.3744350075721741,
    0.47877177596092224,
    1.1056917905807495,
    -0.005565135274082422,
    0.006204836070537567,
    0.05195128545165062,
    0.28589922189712524,
    0.7541267275810242,
    0.38843414187431335,
    0.10830292850732803,
    0.12284788489341736,
    0.4412086009979248,
    0.3503391444683075,
    0.9008472561836243,
    0.49559256434440613,
    0.2272796332836151,
    1.3691223859786987,
    1.0682942867279053,
    0.8790639638900757,
    0.30400949716567993,
    0.39159080386161804,
    -0.04247565194964409,
    0.15463055670261383,
    0.683249831199646,
    0.7356263995170593,
    -0.1948111653327942,
    0.2760012745857239,
    0.1009349599480629,
    0.06629220396280289,
    0.4543602168560028,
    0.21975493431091309,
    0.4609829783439636,
    0.00199305173009634,
    0.38816240429878235,
    0.004225708544254303,
    0.6876731514930725,
    0.5392874479293823,
    0.5023524761199951,
    0.1837380826473236,
    0.3302570581436157,
    0.2115333527326584
  ],
  "opt_ratios": [
    0.00027465797029435635,
    0.0008327813120558858,
    0.0012826333986595273,
    0.001897794078104198,
    0.0027242526412010193,
    0.003819451667368412,
    0.005254119634628296,
    0.0071143354289233685,
    0.009502651169896126,
    0.01253805123269558,
    0.016354642808437347,
    0.021097902208566666,
    0.026918983086943626,
    0.03396620601415634,
    0.0423760861158371,
    0.052266329526901245,
    0.06373102962970734,
    0.07684343308210373,
    0.09166409820318222,
    0.10825535655021667,
    0.12669315934181213,
    0.14708079397678375,
    0.1695462167263031,
    0.1942344307899475,
    0.22129522264003754,
    0.25085631012916565,
    0.2829866111278534,
    0.31767886877059937,
    0.35480737686157227,
    0.39410969614982605,
    0.43517738580703735,
    0.4774552583694458,
    0.5202922821044922,
    0.562965989112854,
    0.6047439575195312,
    0.6449441909790039,
    0.6829869747161865,
    0.7184309363365173,
    0.7509832978248596,
    0.780497670173645,
    0.8069536685943604,
    0.8304359912872314,
    0.8511072397232056,
    0.8691819310188293,
    0.8848974108695984,
    0.8985099196434021,
    0.9102673530578613,
    0.9204040169715881,
    0.9291384816169739,
    0.936668872833252,
    0.9431698322296143,
    0.9487936496734619,
    0.9536711573600769,
    0.957915186882019,
    0.9616249203681946,
    0.9648783206939697,
    0.9677438735961914,
    0.9702807068824768,
    0.9725344777107239,
    0.9745461940765381,
    0.9763491153717041,
    0.9779723882675171,
    0.9794389009475708,
    0.9807682037353516,
    0.9819790124893188,
    0.9830825328826904,
    0.9840927124023438,
    0.9850208163261414,
    0.9858744740486145,
    0.9866611361503601,
    0.9873892068862915,
    0.9880633354187012,
    0.9886878132820129,
    0.9892693161964417,
    0.9898104071617126,
    0.9903154969215393,
    0.990786612033844,
    0.9912278056144714,
    0.9916409254074097,
    0.9920270442962646,
    0.9923906922340393,
    0.9927330613136292,
    0.9930546879768372,
    0.9933567047119141,
    0.9936401844024658,
    0.9939099550247192,
    0.994163990020752,
    0.9944030046463013,
    0.9946302175521851,
    0.9948447346687317,
    0.995048999786377,
    0.9952417612075806,
    0.9954244494438171,
    0.9955986142158508,
    0.9957643747329712,
    0.9959204196929932,
    0.9960693120956421,
    0.9962124824523926,
    0.9963480830192566,
    0.9964765906333923,
    0.9966005682945251
  ],
  "expectations": [
    -31.999969482421875,
    -33.45688247680664,
    -33.99940490722656,
    -34.48609161376953,
    -34.9333381652832,
    -35.3525390625,
    -35.751731872558594,
    -36.136741638183594,
    -36.511680603027344,
    -36.87929916381836,
    -37.24124526977539,
    -37.59800720214844,
    -37.94934844970703,
    -38.294029235839844,
    -38.630271911621094,
    -38.95587158203125,
    -39.26849365234375,
    -39.56599426269531,
    -39.84669494628906,
    -40.10990905761719,
    -40.355567932128906,
    -40.58464813232422,
    -40.79875564575195,
    -40.999794006347656,
    -41.18987274169922,
    -41.371070861816406,
    -41.545021057128906,
    -41.71322250366211,
    -41.87652587890625,
    -42.03546905517578,
    -42.190147399902344,
    -42.340118408203125,
    -42.484832763671875,
    -42.623497009277344,
    -42.755126953125,
    -42.87892150878906,
    -42.994178771972656,
    -43.10050964355469,
    -43.197601318359375,
    -43.28558349609375,
    -43.36464309692383,
    -43.43519592285156,
    -43.497802734375,
    -43.553077697753906,
    -43.6016845703125,
    -43.644317626953125,
    -43.681610107421875,
    -43.71421813964844,
    -43.74272918701172,
    -43.76763153076172,
    -43.78945541381836,
    -43.80857849121094,
    -43.82539367675781,
    -43.840187072753906,
    -43.85331726074219,
    -43.86493682861328,
    -43.87527847290039,
    -43.88457489013672,
    -43.89284896850586,
    -43.90033721923828,
    -43.90706253051758,
    -43.91318893432617,
    -43.91874694824219,
    -43.923828125,
    -43.92847442626953,
    -43.93272399902344,
    -43.93658447265625,
    -43.940189361572266,
    -43.94352722167969,
    -43.94657516479492,
    -43.949440002441406,
    -43.952091217041016,
    -43.95452117919922,
    -43.95680236816406,
    -43.95891571044922,
    -43.96092224121094,
    -43.96278381347656,
    -43.96453857421875,
    -43.9661865234375,
    -43.967689514160156,
    -43.9691162109375,
    -43.970516204833984,
    -43.97180938720703,
    -43.97299575805664,
    -43.974090576171875,
    -43.97520446777344,
    -43.97622299194336,
    -43.977134704589844,
    -43.97805404663086,
    -43.978904724121094,
    -43.979759216308594,
    -43.98051452636719,
    -43.98122024536133,
    -43.98194885253906,
    -43.982627868652344,
    -43.983238220214844,
    -43.98380661010742,
    -43.98442459106445,
    -43.984962463378906,
    -43.98545837402344,
    -43.985984802246094
  ],