{
  "size": 16,
  "opt_val": -46.0,
  "method": "VQE",
  "operations": [
    "Z0_Y5",
    "Z0_Y8",
    "Z0_Y11",
    "Z0_Y1",
    "Z0_Y4",
    "Z0_Y13",
    "Z0_Y6",
    "Z0_Y15",
    "Z5_Y2",
    "Z5_Y3",
    "Z5_Y7",
    "Z5_Y10",
    "Z5_Y14",
    "Z8_Y9",
    "Z8_Y12",
    "Z5_Y6",
    "Z5_Y8",
    "Z8_Y7",
    "Z8_Y15",
    "Z8_Y14",
    "Z8_Y10",
    "Z11_Y1",
    "Z11_Y3",
    "Z11_Y4",
    "Z11_Y6",
    "Z11_Y13",
    "Z1_Y12",
    "Z4_Y2",
    "Z4_Y9",
    "Z11_Y14",
    "Z11_Y15",
    "Z1_Y6",
    "Z1_Y4",
    "Z1_Y7",
    "Z1_Y13",
    "Z1_Y10",
    "Z4_Y15",
    "Z13_Y3",
    "Z13_Y12",
    "Z6_Y2",
    "Z6_Y9",
    "Z4_Y6",
    "Z4_Y10",
    "Z13_Y6",
    "Z13_Y7",
    "Z13_Y15",
    "Z15_Y2",
    "Z15_Y12",
    "Z12_Y3",
    "Z12_Y9",
    "Z12_Y14",
    "Z15_Y10",
    "Z12_Y7",
    "Z7_Y2",
    "Z7_Y10",
    "Z7_Y9",
    "Z10_Y3",
    "Z10_Y14",
    "Z2_Y14",
    "Z2_Y3",
    "Z2_Y9",
    "Z14_Y3",
    "Z14_Y9",
    "Z3_Y9"
  ],
  "dt": 0.05,
  "lr": 0.05,
  "lam": 1.0,
  "mu": 0.9,
  "fix_step": 0,
  "constant_c": true,
  "parameters": [
    -1.4739406108856201,
    0.9264875650405884,
    -1.5696196556091309,
    0.3182443082332611,
    0.592021107673645,
    0.02752644382417202,
    0.2919510304927826,
    0.07226843386888504,
    -0.0023898205254226923,
    0.0036511733196675777,
    0.021957164630293846,
    0.002548944903537631,
    0.043289847671985626,
    0.026292843744158745,
    0.0010730071226134896,
    0.08382661640644073,
    0.6432544589042664,
    0.035836443305015564,
    0.007862869650125504,
    0.057967737317085266,
    0.003922497387975454,
    1.2523019313812256,
    0.34989067912101746,
    0.94020015001297,
    0.80649334192276,
    -0.890289843082428,
    0.5096151232719421,
    0.24147917330265045,
    0.371292382478714,
    0.4657703638076782,
    0.8574767708778381,
    -0.05546288564801216,
    -0.04539686441421509,
    -0.0730379968881607,
    0.7080647349357605,
    0.3634152114391327,
    -0.007451696787029505,
    0.34083595871925354,
    -0.14874714612960815,
    0.04045223817229271,
    0.10353145003318787,
    0.14263421297073364,
    0.2072034329175949,
    0.47800180315971375,
    0.7908278107643127,
    0.6414353251457214,
    0.7830147743225098,
    0.9114745855331421,
    0.2566114366054535,
    0.1378059834241867,
    0.32616424560546875,
    0.6043872237205505,
    0.7208210229873657,
    0.5046152472496033,
    0.39443081617355347,
    0.4092774987220764,
    0.3825782239437103,
    0.401574045419693,
    0.3919987976551056,
    0.2992124855518341,
    0.08280359953641891,
    0.061934761703014374,
    0.40699225664138794,
    0.4820375144481659
  ],
  "opt_ratios": [
    3.0517549021169543e-05,
    0.00010942955850623548,
    0.0001822110207285732,
    0.00029013605671934783,
    0.0004464398662094027,
    0.0006686168489977717,
    0.0009796724189072847,
    0.001409550430253148,
    0.0019968529231846333,
    0.0027906547766178846,
    0.003852556925266981,
    0.005258640740066767,
    0.007101581897586584,
    0.00949191302061081,
    0.012559179216623306,
    0.016452185809612274,
    0.02133609727025032,
    0.02738502062857151,
    0.03476707264780998,
    0.043620895594358444,
    0.054027214646339417,
    0.06598775833845139,
    0.07941550761461258,
    0.09414693713188171,
    0.10996586829423904,
    0.12662948668003082,
    0.14389996230602264,
    0.16156969964504242,
    0.1794947385787964,
    0.1976151466369629,
    0.21595549583435059,
    0.23460641503334045,
    0.25369858741760254,
    0.27336353063583374,
    0.2937210500240326,
    0.3148562014102936,
    0.33681854605674744,
    0.3596181571483612,
    0.3832316994667053,
    0.4075973331928253,
    0.43262746930122375,
    0.4582105278968811,
    0.48420873284339905,
    0.5104736685752869,
    0.5368380546569824,
    0.5631358623504639,
    0.5891960263252258,
    0.6148561239242554,
    0.6399614214897156,
    0.6643707156181335,
    0.6879581809043884,
    0.7106217741966248,
    0.7322762608528137,
    0.7528581023216248,
    0.772327184677124,
    0.7906573414802551,
    0.8078457713127136,
    0.8239020109176636,
    0.8388479351997375,
    0.8527159690856934,
    0.8655455708503723,
    0.8773861527442932,
    0.8882889151573181,
    0.8983055949211121,
    0.9074927568435669,
    0.9159055352210999,
    0.9235963225364685,
    0.9306195378303528,
    0.9370242357254028,
    0.9428589940071106,
    0.9481715559959412,
    0.9530026912689209,
    0.9573961496353149,
    0.9613850712776184,
    0.9650045037269592,
    0.9682903289794922,
    0.9712681174278259,
    0.9739693999290466,
    0.9764156937599182,
    0.9786331057548523,
    0.980640172958374,
    0.9824584722518921,
    0.9841031432151794,
    0.9855910539627075,
    0.9869379997253418,
    0.9881559610366821,
    0.9892600774765015,
    0.990257740020752,
    0.9911618828773499,
    0.9919753670692444,
    0.9927139282226562,
    0.9933843016624451,
    0.9939903616905212,
    0.994537889957428,
    0.9950315356254578,
    0.9954756498336792,
    0.9958831071853638,
    0.9962491989135742,
    0.996584415435791,
    0.996880829334259,
    0.9971548318862915
  ],
  "expectations": [
    -31.999969482421875,
    -33.4461555480957,
    -33.97138977050781,
    -34.437705993652344,
    -34.86201477050781,
    -35.256004333496094,
    -35.62824249267578,
    -35.985252380371094,
    -36.332176208496094,
    -36.67314147949219,
    -37.01148223876953,
    -37.350006103515625,
    -37.690711975097656,
    -38.03522872924805,
    -38.384544372558594,
    -38.739280700683594,
    -39.09954833984375,
    -39.4649772644043,
    -39.83457946777344,
    -40.206504821777344,
    -40.57811737060547,
    -40.94594192504883,
    -41.306297302246094,
    -41.65533447265625,
    -41.989295959472656,
    -42.304595947265625,
    -42.597679138183594,
    -42.86568069458008,
    -43.106563568115234,
    -43.320045471191406,
    -43.50748825073242,
    -43.67157745361328,
    -43.81590270996094,
    -43.94408416748047,
    -44.059547424316406,
    -44.16514587402344,
    -44.2632942199707,
    -44.355743408203125,
    -44.44380187988281,
    -44.528472900390625,
    -44.61033630371094,
    -44.68989562988281,
    -44.76729965209961,
    -44.84257507324219,
    -44.91577911376953,
    -44.98678970336914,
    -45.055450439453125,
    -45.12152862548828,
    -45.184940338134766,
    -45.24558639526367,
    -45.30316162109375,
    -45.357696533203125,
    -45.40911865234375,
    -45.45732879638672,
    -45.502479553222656,
    -45.54447937011719,
    -45.583465576171875,
    -45.61958312988281,
    -45.652915954589844,
    -45.68361282348633,
    -45.71180725097656,
    -45.737640380859375,
    -45.76129913330078,
    -45.782894134521484,
    -45.80262756347656,
    -45.820648193359375,
    -45.837005615234375,
    -45.85189437866211,
    -45.86543655395508,
    -45.87776184082031,
    -45.88895797729492,
    -45.899131774902344,
    -45.908363342285156,
    -45.916717529296875,
    -45.924312591552734,
    -45.93122863769531,
    -45.937461853027344,
    -45.943111419677734,
    -45.94819641113281,
    -45.952857971191406,
    -45.957054138183594,
    -45.96088409423828,
    -45.9643669128418,
    -45.967491149902344,
    -45.970340728759766,
    -45.972877502441406,
    -45.97523498535156,
    -45.977333068847656,
    -45.97926712036133,
    -45.980979919433594,
    -45.9825439453125,
    -45.9839973449707,
    -45.98530578613281,
    -45.98649597167969,
    -45.98756408691406,
    -45.98851013183594,
    -45.98937225341797,
    -45.99021911621094,
    -45.99097442626953,
    -45.991600036621094,
    -45.9921989440918
  ],