{
  "size": 16,
  "opt_val": -44.0,
  "method": "VQE",
  "operations": [
    "Z0_Y2",
    "Z0_Y5",
    "Z0_Y14",
    "Z0_Y11",
    "Z0_Y8",
    "Z0_Y10",
    "Z0_Y12",
    "Z0_Y6",
    "Z2_Y1",
    "Z2_Y4",
    "Z2_Y7",
    "Z2_Y13",
    "Z2_Y15",
    "Z5_Y3",
    "Z11_Y9",
    "Z2_Y5",
    "Z2_Y10",
    "Z5_Y7",
    "Z5_Y12",
    "Z5_Y15",
    "Z5_Y11",
    "Z5_Y8",
    "Z14_Y4",
    "Z14_Y6",
    "Z14_Y7",
    "Z11_Y1",
    "Z11_Y13",
    "Z8_Y3",
    "Z8_Y9",
    "Z14_Y8",
    "Z14_Y10",
    "Z14_Y11",
    "Z14_Y12",
    "Z11_Y7",
    "Z8_Y4",
    "Z10_Y1",
    "Z10_Y15",
    "Z10_Y13",
    "Z12_Y3",
    "Z12_Y6",
    "Z12_Y9",
    "Z11_Y12",
    "Z8_Y7",
    "Z8_Y10",
    "Z10_Y4",
    "Z12_Y1",
    "Z6_Y1",
    "Z6_Y3",
    "Z6_Y15",
    "Z6_Y13",
    "Z6_Y9",
    "Z3_Y4",
    "Z1_Y3",
    "Z1_Y9",
    "Z1_Y15",
    "Z3_Y7",
    "Z3_Y13",
    "Z15_Y4",
    "Z9_Y7",
    "Z9_Y13",
    "Z9_Y15",
    "Z4_Y7",
    "Z15_Y13",
    "Z4_Y13"
  ],
  "dt": 0.05,
  "lr": 0.05,
  "lam": 1.0,
  "mu": 0.9,
  "fix_step": 0,
  "constant_c": true,
  "parameters": [
    1.569254755973816,
    -0.6840323209762573,
    -1.5685514211654663,
    0.9211853742599487,
    0.6855822205543518,
    0.7609972953796387,
    0.446837842464447,
    0.7367540001869202,
    0.5615161657333374,
    0.406451553106308,
    0.29947179555892944,
    0.41754525899887085,
    -0.10260719805955887,
    0.0006446557235904038,
    0.0037711639888584614,
    0.887056291103363,
    -0.2370014488697052,
    0.34024864435195923,
    0.5878777503967285,
    0.8431627154350281,
    0.6348089575767517,
    0.8528192043304443,
    0.13501723110675812,
    0.7516713738441467,
    0.49336180090904236,
    0.4944627583026886,
    0.4269919693470001,
    -0.002836409490555525,
    0.5754761695861816,
    0.03896622732281685,
    0.5925770401954651,
    0.01796840690076351,
    0.5329062938690186,
    0.26530328392982483,
    0.5636273622512817,
    0.3118976056575775,
    0.006045055575668812,
    0.41632211208343506,
    0.21879984438419342,
    -0.08237013965845108,
    0.7296135425567627,
    -0.004093629773706198,
    0.13703057169914246,
    0.024979347363114357,
    0.34244564175605774,
    0.12383947521448135,
    0.07914099097251892,
    0.24943029880523682,
    0.1256328672170639,
    0.37509050965309143,
    0.4204609990119934,
    0.0025231880135834217,
    0.7962364554405212,
    0.15819428861141205,
    0.5624470114707947,
    0.5755818486213684,
    0.008873742073774338,
    0.3994365930557251,
    0.4752413332462311,
    0.1887694150209427,
    0.2100418657064438,
    0.3865521550178528,
    0.29231297969818115,
    0.17423813045024872
  ],
  "opt_ratios": [
    0.00018310529412701726,
    0.0005389263387769461,
    0.0008160152356140316,
    0.001185889821499586,
    0.0016718637198209763,
    0.0023032110184431076,
    0.0031165755353868008,
    0.0041576409712433815,
    0.005483779590576887,
    0.007166740950196981,
    0.009296780452132225,
    0.011988751590251923,
    0.015388457104563713,
    0.019682656973600388,
    0.025110647082328796,
    0.03197970613837242,
    0.040683019906282425,
    0.05172008275985718,
    0.06571744382381439,
    0.08344485610723495,
    0.10581845790147781,
    0.1338702142238617,
    0.1686648428440094,
    0.2111305445432663,
    0.2617829442024231,
    0.32037729024887085,
    0.3855837285518646,
    0.45489633083343506,
    0.5249336361885071,
    0.5921497344970703,
    0.6536519527435303,
    0.7077285051345825,
    0.753899335861206,
    0.792586088180542,
    0.824696958065033,
    0.8512743711471558,
    0.8733081817626953,
    0.8916431665420532,
    0.906968355178833,
    0.9198344945907593,
    0.9306800365447998,
    0.9398529529571533,
    0.9476344585418701,
    0.9542526006698608,
    0.9598922729492188,
    0.9647082686424255,
    0.9688305854797363,
    0.9723647832870483,
    0.9754021763801575,
    0.9780170917510986,
    0.9802751541137695,
    0.9822289943695068,
    0.9839248061180115,
    0.9853975772857666,
    0.9866828322410583,
    0.9878082275390625,
    0.9887951612472534,
    0.9896644353866577,
    0.9904314875602722,
    0.991112232208252,
    0.991716742515564,
    0.9922549724578857,
    0.9927390813827515,
    0.9931720495223999,
    0.9935619831085205,
    0.9939152002334595,
    0.9942361116409302,
    0.9945266842842102,
    0.9947920441627502,
    0.9950366020202637,
    0.9952594041824341,
    0.9954657554626465,
    0.9956560134887695,
    0.9958324432373047,
    0.9959962964057922,
    0.9961479306221008,
    0.9962911605834961,
    0.99642413854599,
    0.996549665927887,
    0.9966672658920288,
    0.9967772960662842,
    0.9968811273574829,
    0.9969799518585205,
    0.9970734119415283,
    0.9971621632575989,
    0.9972453117370605,
    0.9973248839378357,
    0.9974005222320557,
    0.9974735975265503,
    0.9975427985191345,
    0.9976081252098083,
    0.9976716637611389,
    0.9977321624755859,
    0.9977896213531494,
    0.9978457689285278,
    0.9978992938995361,
    0.9979501366615295,
    0.9979998469352722,
    0.9980465769767761,
    0.9980920553207397,
    0.9981368780136108
  ],
  "expectations": [
    -31.999969482421875,
    -33.443809509277344,
    -33.96137237548828,
    -34.41564178466797,
    -34.82386016845703,
    -35.19789123535156,
    -35.546356201171875,
    -35.875389099121094,
    -36.18974304199219,
    -36.492881774902344,
    -36.7874870300293,
    -37.07575988769531,
    -37.35936737060547,
    -37.639892578125,
    -37.918697357177734,
    -38.19694519042969,
    -38.476078033447266,
    -38.75740051269531,
    -39.042442321777344,
    -39.332786560058594,
    -39.62996292114258,
    -39.93559265136719,
    -40.25071716308594,
    -40.57550811767578,
    -40.908607482910156,
    -41.2464714050293,
    -41.582786560058594,
    -41.90916442871094,
    -42.21589660644531,
    -42.49445343017578,
    -42.73915481567383,
    -42.9481201171875,
    -43.12285232543945,
    -43.26704406738281,
    -43.38536834716797,
    -43.48231506347656,
    -43.56197738647461,
    -43.62781524658203,
    -43.682373046875,
    -43.72789764404297,
    -43.766014099121094,
    -43.798072814941406,
    -43.82508850097656,
    -43.84800720214844,
    -43.86741638183594,
    -43.88391876220703,
    -43.89801788330078,
    -43.91004180908203,
    -43.92034149169922,
    -43.92913818359375,
    -43.936767578125,
    -43.94329833984375,
    -43.94898986816406,
    -43.953861236572266,
    -43.9581298828125,
    -43.961883544921875,
    -43.96510314941406,
    -43.967979431152344,
    -43.97048568725586,
    -43.97270965576172,
    -43.97468566894531,
    -43.97639465332031,
    -43.977996826171875,
    -43.97937774658203,
    -43.9806022644043,
    -43.98174285888672,
    -43.98279571533203,
    -43.98368835449219,
    -43.984500885009766,
    -43.985313415527344,
    -43.985984802246094,
    -43.98664093017578,
    -43.98722839355469,
    -43.98778533935547,
    -43.988304138183594,
    -43.988746643066406,
    -43.98921203613281,
    -43.989601135253906,
    -43.99000549316406,
    -43.99039077758789,
    -43.99070358276367,
    -43.990997314453125,
    -43.99131774902344,
    -43.991615295410156,
    -43.99189758300781,
    -43.99212646484375,
    -43.99235916137695,
    -43.992576599121094,
    -43.992828369140625,
    -43.9930419921875,
    -43.993202209472656,
    -43.993412017822266,
    -43.99359893798828,
    -43.993743896484375,
    -43.993934631347656,
    -43.99409866333008,
    -43.994232177734375,
    -43.994380950927734,
    -43.99449157714844,
    -43.99461364746094,
    -43.994773864746094
  ],