{
  "size": 16,
  "opt_val": -44.0,
  "method": "VQE",
  "operations": [
    "Z0_Y5",
    "Z0_Y14",
    "Z0_Y1",
    "Z0_Y7",
    "Z0_Y13",
    "Z0_Y9",
    "Z0_Y6",
    "Z0_Y15",
    "Z5_Y3",
    "Z5_Y4",
    "Z5_Y8",
    "Z14_Y2",
    "Z14_Y11",
    "Z1_Y10",
    "Z9_Y12",
    "Z5_Y1",
    "Z5_Y7",
    "Z5_Y15",
    "Z5_Y14",
    "Z14_Y4",
    "Z14_Y9",
    "Z14_Y13",
    "Z1_Y6",
    "Z1_Y2",
    "Z1_Y8",
    "Z7_Y10",
    "Z7_Y11",
    "Z6_Y12",
    "Z15_Y3",
    "Z14_Y15",
    "Z1_Y9",
    "Z1_Y13",
    "Z7_Y4",
    "Z7_Y6",
    "Z7_Y9",
    "Z7_Y8",
    "Z13_Y10",
    "Z13_Y11",
    "Z9_Y2",
    "Z15_Y2",
    "Z15_Y12",
    "Z2_Y3",
    "Z13_Y4",
    "Z13_Y6",
    "Z13_Y8",
    "Z9_Y6",
    "Z9_Y11",
    "Z6_Y10",
    "Z15_Y4",
    "Z2_Y11",
    "Z2_Y12",
    "Z8_Y3",
    "Z6_Y11",
    "Z15_Y8",
    "Z2_Y10",
    "Z8_Y4",
    "Z8_Y12",
    "Z10_Y3",
    "Z10_Y12",
    "Z10_Y11",
    "Z11_Y3",
    "Z3_Y4",
    "Z3_Y12",
    "Z12_Y4"
  ],
  "dt": 0.05,
  "lr": 0.05,
  "lam": 1.0,
  "mu": 0.9,
  "fix_step": 0,
  "constant_c": true,
  "parameters": [
    -1.5692790746688843,
    0.8669473528862,
    0.9483546018600464,
    1.0801336765289307,
    1.1674301624298096,
    0.2750610411167145,
    0.10544149577617645,
    0.9895122647285461,
    0.31313180923461914,
    0.20502644777297974,
    0.10184483975172043,
    0.024662332609295845,
    0.08725329488515854,
    0.013001793995499611,
    0.0024951077066361904,
    0.6225873827934265,
    0.4905962646007538,
    0.5463311076164246,
    0.7000308036804199,
    0.24971778690814972,
    0.40822747349739075,
    -0.06610387563705444,
    0.7052924036979675,
    0.8756388425827026,
    0.5251315832138062,
    0.7942257523536682,
    0.7091562151908875,
    0.0213763564825058,
    0.035644035786390305,
    -0.034819345921278,
    0.3645320534706116,
    -0.3373330235481262,
    0.3808589279651642,
    0.2515261769294739,
    0.32798972725868225,
    0.5317742824554443,
    0.6308326721191406,
    0.6672438979148865,
    -0.007630166132003069,
    0.6659404039382935,
    0.0677526444196701,
    0.32806792855262756,
    0.3818633258342743,
    0.30572959780693054,
    0.5204527974128723,
    0.37165793776512146,
    0.2122354954481125,
    -0.0059488508850336075,
    0.276131272315979,
    -0.014246173202991486,
    0.46114274859428406,
    0.29713964462280273,
    0.2266000360250473,
    0.10206833481788635,
    -0.1286710947751999,
    0.12407175451517105,
    0.5443838834762573,
    0.47071897983551025,
    0.6004468202590942,
    -0.1327204406261444,
    0.2026715725660324,
    0.3248118460178375,
    -0.016696540638804436,
    0.2870196998119354
  ],
  "opt_ratios": [
    0.00012207019608467817,
    0.0003629812563303858,
    0.0005570558132603765,
    0.0008223506156355143,
    0.0011791654396802187,
    0.0016535557806491852,
    0.0022788350470364094,
    0.0030975956469774246,
    0.004164597485214472,
    0.005550107918679714,
    0.007344376295804977,
    0.009663112461566925,
    0.012654392048716545,
    0.01650712825357914,
    0.021460823714733124,
    0.027816157788038254,
    0.03594670444726944,
    0.04631059616804123,
    0.05945660173892975,
    0.07602453976869583,
    0.09673459827899933,
    0.12234427779912949,
    0.15359322726726532,
    0.1910773366689682,
    0.23510819673538208,
    0.28552502393722534,
    0.34154295921325684,
    0.4017142653465271,
    0.4640120267868042,
    0.526151180267334,
    0.5859318971633911,
    0.6415750980377197,
    0.6919015645980835,
    0.7363548278808594,
    0.774888813495636,
    0.807820737361908,
    0.83568274974823,
    0.859093189239502,
    0.8786852359771729,
    0.8950533866882324,
    0.9087293148040771,
    0.9201714992523193,
    0.9297715425491333,
    0.9378584623336792,
    0.9446982145309448,
    0.9505136013031006,
    0.9554839730262756,
    0.9597549438476562,
    0.9634498357772827,
    0.9666630625724792,
    0.9694749116897583,
    0.9719475507736206,
    0.9741352796554565,
    0.9760788083076477,
    0.9778143763542175,
    0.9793736934661865,
    0.9807791709899902,
    0.9820505976676941,
    0.9832032918930054,
    0.9842555522918701,
    0.9852162599563599,
    0.9860973358154297,
    0.9869056940078735,
    0.9876508712768555,
    0.9883391261100769,
    0.9889737367630005,
    0.9895626306533813,
    0.9901061058044434,
    0.9906144142150879,
    0.9910880327224731,
    0.9915289878845215,
    0.991939902305603,
    0.9923227429389954,
    0.9926817417144775,
    0.9930170774459839,
    0.9933319687843323,
    0.9936283826828003,
    0.993908703327179,
    0.9941716194152832,
    0.9944206476211548,
    0.994653582572937,
    0.9948732852935791,
    0.995080828666687,
    0.9952766299247742,
    0.9954610466957092,
    0.995635986328125,
    0.9958021640777588,
    0.9959587454795837,
    0.9961085319519043,
    0.9962499141693115,
    0.9963839054107666,
    0.9965122938156128,
    0.9966327548027039,
    0.9967480897903442,
    0.9968585968017578,
    0.9969629645347595,
    0.9970622062683105,
    0.9971573352813721,
    0.9972480535507202,
    0.9973344802856445,
    0.9974179863929749
  ],
  "expectations": [
    -31.999969482421875,
    -33.43522644042969,
    -33.9385986328125,
    -34.375518798828125,
    -34.76331329345703,
    -35.11381149291992,
    -35.43552780151367,
    -35.73473358154297,
    -36.01637268066406,
    -36.28425598144531,
    -36.54173278808594,
    -36.7915153503418,
    -37.03618621826172,
    -37.2780647277832,
    -37.519378662109375,
    -37.762306213378906,
    -38.009132385253906,
    -38.262054443359375,
    -38.523258209228516,
    -38.794891357421875,
    -39.078826904296875,
    -39.37652587890625,
    -39.68877410888672,
    -40.01512908935547,
    -40.35371398925781,
    -40.700714111328125,
    -41.050086975097656,
    -41.394569396972656,
    -41.7258415222168,
    -42.03619384765625,
    -42.31952667236328,
    -42.572105407714844,
    -42.79264450073242,
    -42.98200225830078,
    -43.142459869384766,
    -43.277103424072266,
    -43.389381408691406,
    -43.4825325012207,
    -43.559627532958984,
    -43.623443603515625,
    -43.676300048828125,
    -43.720096588134766,
    -43.756507873535156,
    -43.786964416503906,
    -43.81243133544922,
    -43.83391571044922,
    -43.85209655761719,
    -43.86753463745117,
    -43.88078689575195,
    -43.89215850830078,
    -43.90204620361328,
    -43.910621643066406,
    -43.918155670166016,
    -43.924766540527344,
    -43.93064498901367,
    -43.935916900634766,
    -43.9405517578125,
    -43.944725036621094,
    -43.94850158691406,
    -43.95191955566406,
    -43.95505905151367,
    -43.957862854003906,
    -43.96044921875,
    -43.96282196044922,
    -43.964988708496094,
    -43.96696472167969,
    -43.96883010864258,
    -43.97051239013672,
    -43.972103118896484,
    -43.97356033325195,
    -43.974937438964844,
    -43.97618865966797,
    -43.97734451293945,
    -43.97846984863281,
    -43.97947692871094,
    -43.980430603027344,
    -43.98133087158203,
    -43.98219299316406,
    -43.982940673828125,
    -43.983734130859375,
    -43.984405517578125,
    -43.98506164550781,
    -43.98566436767578,
    -43.98626708984375,
    -43.986785888671875,
    -43.9873046875,
    -43.98780822753906,
    -43.98823547363281,
    -43.98870086669922,
    -43.98911666870117,
    -43.98948669433594,
    -43.989898681640625,
    -43.990211486816406,
    -43.99054718017578,
    -43.99089050292969,
    -43.991188049316406,
    -43.991455078125,
    -43.991729736328125,
    -43.99198532104492,
    -43.99224090576172,
    -43.992515563964844
  ],