{
  "size": 16,
  "opt_val": -46.0,
  "method": "VQE",
  "operations": [
    "Z0_Y2",
    "Z0_Y5",
    "Z0_Y14",
    "Z0_Y11",
    "Z0_Y1",
    "Z0_Y3",
    "Z0_Y12",
    "Z0_Y15",
    "Z2_Y7",
    "Z2_Y10",
    "Z2_Y13",
    "Z2_Y9",
    "Z5_Y4",
    "Z14_Y8",
    "Z3_Y6",
    "Z2_Y14",
    "Z2_Y12",
    "Z2_Y15",
    "Z5_Y7",
    "Z5_Y13",
    "Z5_Y10",
    "Z5_Y9",
    "Z5_Y15",
    "Z5_Y11",
    "Z14_Y1",
    "Z14_Y4",
    "Z11_Y3",
    "Z11_Y8",
    "Z12_Y6",
    "Z14_Y7",
    "Z14_Y10",
    "Z14_Y12",
    "Z11_Y1",
    "Z11_Y13",
    "Z11_Y15",
    "Z11_Y12",
    "Z1_Y3",
    "Z1_Y8",
    "Z3_Y4",
    "Z3_Y9",
    "Z15_Y6",
    "Z1_Y12",
    "Z1_Y7",
    "Z1_Y10",
    "Z3_Y7",
    "Z12_Y4",
    "Z15_Y4",
    "Z15_Y9",
    "Z8_Y4",
    "Z8_Y6",
    "Z8_Y13",
    "Z3_Y10",
    "Z12_Y7",
    "Z15_Y7",
    "Z8_Y9",
    "Z8_Y10",
    "Z7_Y13",
    "Z10_Y6",
    "Z13_Y4",
    "Z13_Y6",
    "Z10_Y9",
    "Z13_Y9",
    "Z9_Y6",
    "Z4_Y6"
  ],
  "dt": 0.05,
  "lr": 0.05,
  "lam": 1.0,
  "mu": 0.9,
  "fix_step": 0,
  "constant_c": true,
  "parameters": [
    0.012507857754826546,
    1.5707985162734985,
    1.2238962650299072,
    -0.6876214146614075,
    0.4944387972354889,
    0.753437876701355,
    0.7703602910041809,
    0.6057442426681519,
    0.0012857432011514902,
    0.0673631802201271,
    0.0005390168516896665,
    0.0018676382023841143,
    0.3487163186073303,
    -0.09739463031291962,
    0.0003615768800955266,
    0.3422531187534332,
    0.0023221697192639112,
    2.5072239395740326e-07,
    0.3441231846809387,
    -0.14178989827632904,
    0.4998933672904968,
    0.39674121141433716,
    -0.1929979771375656,
    0.8831700086593628,
    0.37797001004219055,
    0.014193008653819561,
    0.8173466324806213,
    1.4688963890075684,
    0.005685934331268072,
    0.010831557214260101,
    0.2258017361164093,
    0.012652409262955189,
    0.34849250316619873,
    0.6942214369773865,
    0.7720502018928528,
    0.8123654723167419,
    -9.692149433249142e-06,
    -0.011252249591052532,
    0.33625519275665283,
    0.3790282905101776,
    0.5364477038383484,
    0.0016539325006306171,
    0.0013284487649798393,
    0.14361883699893951,
    0.45680132508277893,
    0.21613293886184692,
    0.29938361048698425,
    0.3384888172149658,
    0.12389970570802689,
    0.4647778272628784,
    -0.022022228688001633,
    0.3891890347003937,
    0.3160611391067505,
    0.44279807806015015,
    0.2206358015537262,
    0.32073789834976196,
    0.7125967741012573,
    0.05118421092629433,
    0.23306086659431458,
    0.5390746593475342,
    0.03931708261370659,
    0.2737593948841095,
    -0.009729170240461826,
    -0.06561514735221863
  ],
  "opt_ratios": [
    0.00018310529412701726,
    0.000638111203443259,
    0.001049923012033105,
    0.0016577693168073893,
    0.002544586081057787,
    0.003831852227449417,
    0.005699162371456623,
    0.008412295952439308,
    0.012363750487565994,
    0.018127670511603355,
    0.026524290442466736,
    0.03867872804403305,
    0.05603088438510895,
    0.08023039996623993,
    0.11286352574825287,
    0.15501093864440918,
    0.20676779747009277,
    0.26687324047088623,
    0.332705557346344,
    0.400795578956604,
    0.4677439332008362,
    0.5309460163116455,
    0.5888387560844421,
    0.6407381296157837,
    0.6865754723548889,
    0.7266353368759155,
    0.761391818523407,
    0.7913873195648193,
    0.8171776533126831,
    0.8392926454544067,
    0.8582254648208618,
    0.874411940574646,
    0.8882477283477783,
    0.9000867605209351,
    0.910231351852417,
    0.9189392328262329,
    0.9264403581619263,
    0.932924747467041,
    0.9385490417480469,
    0.9434503316879272,
    0.9477407932281494,
    0.951515793800354,
    0.9548540115356445,
    0.9578209519386292,
    0.9604679942131042,
    0.9628450274467468,
    0.9649867415428162,
    0.9669250249862671,
    0.9686861038208008,
    0.9702938199043274,
    0.9717656373977661,
    0.9731161594390869,
    0.9743618369102478,
    0.9755131602287292,
    0.9765796065330505,
    0.9775704741477966,
    0.978492021560669,
    0.9793528318405151,
    0.980158805847168,
    0.9809128046035767,
    0.9816204309463501,
    0.9822866916656494,
    0.9829144477844238,
    0.983505368232727,
    0.9840645790100098,
    0.9845940470695496,
    0.9850941896438599,
    0.9855698943138123,
    0.9860211610794067,
    0.9864506125450134,
    0.9868597388267517,
    0.9872498512268066,
    0.9876224994659424,
    0.9879774451255798,
    0.9883173704147339,
    0.9886434078216553,
    0.9889551997184753,
    0.9892538785934448,
    0.9895411133766174,
    0.9898164868354797,
    0.9900816082954407,
    0.9903373122215271,
    0.9905819892883301,
    0.9908180832862854,
    0.9910461902618408,
    0.9912661910057068,
    0.9914772510528564,
    0.9916821718215942,
    0.9918800592422485,
    0.9920715689659119,
    0.992256224155426,
    0.9924347996711731,
    0.9926082491874695,
    0.9927750825881958,
    0.9929381608963013,
    0.9930950403213501,
    0.9932482242584229,
    0.9933960437774658,
    0.9935392141342163,
    0.9936784505844116,
    0.993813157081604
  ],
  "expectations": [
    -31.999969482421875,
    -33.45716857910156,
    -34.0015754699707,
    -34.493534088134766,
    -34.951927185058594,
    -35.39165496826172,
    -35.825347900390625,
    -36.26483917236328,
    -36.72178649902344,
    -37.20819854736328,
    -37.73600769042969,
    -38.31561279296875,
    -38.952903747558594,
    -39.6447639465332,
    -40.37535095214844,
    -41.116302490234375,
    -41.832950592041016,
    -42.4931640625,
    -43.07441711425781,
    -43.567222595214844,
    -43.97454833984375,
    -44.30714416503906,
    -44.57835006713867,
    -44.8004264831543,
    -44.983253479003906,
    -45.13445281982422,
    -45.25996398925781,
    -45.364501953125,
    -45.45173645019531,
    -45.52471160888672,
    -45.58588790893555,
    -45.637271881103516,
    -45.6805305480957,
    -45.71703338623047,
    -45.74797821044922,
    -45.77428436279297,
    -45.79674530029297,
    -45.81599426269531,
    -45.83258819580078,
    -45.84699249267578,
    -45.859466552734375,
    -45.87042999267578,
    -45.880035400390625,
    -45.8885383605957,
    -45.89605712890625,
    -45.90281677246094,
    -45.90886688232422,
    -45.914276123046875,
    -45.919166564941406,
    -45.923667907714844,
    -45.92774963378906,
    -45.93140411376953,
    -45.93482971191406,
    -45.937965393066406,
    -45.94085693359375,
    -45.94355392456055,
    -45.94599914550781,
    -45.94829559326172,
    -45.95050048828125,
    -45.95249557495117,
    -45.95433807373047,
    -45.95611572265625,
    -45.95778274536133,
    -45.95928955078125,
    -45.96075439453125,
    -45.96217346191406,
    -45.963436126708984,
    -45.96466827392578,
    -45.965816497802734,
    -45.96693420410156,
    -45.967979431152344,
    -45.96897888183594,
    -45.96995162963867,
    -45.97083282470703,
    -45.971683502197266,
    -45.97252655029297,
    -45.97331619262695,
    -45.97405242919922,
    -45.97478103637695,
    -45.975460052490234,
    -45.97612380981445,
    -45.97679901123047,
    -45.977386474609375,
    -45.97795867919922,
    -45.978538513183594,
    -45.97909927368164,
    -45.97956848144531,
    -45.98008728027344,
    -45.98058319091797,
    -45.9810676574707,
    -45.981510162353516,
    -45.98194122314453,
    -45.98237609863281,
    -45.982757568359375,
    -45.98319625854492,
    -45.983551025390625,
    -45.98394012451172,
    -45.98428726196289,
    -45.9846076965332,
    -45.984947204589844,
    -45.985252380371094
  ],