{
  "size": 16,
  "opt_val": -46.0,
  "method": "VQE",
  "operations": [
    "Z0_Y11",
    "Z0_Y14",
    "Z0_Y1",
    "Z0_Y4",
    "Z0_Y13",
    "Z0_Y3",
    "Z0_Y9",
    "Z0_Y6",
    "Z11_Y5",
    "Z11_Y8",
    "Z11_Y10",
    "Z11_Y15",
    "Z14_Y7",
    "Z4_Y2",
    "Z3_Y12",
    "Z11_Y6",
    "Z11_Y9",
    "Z11_Y13",
    "Z14_Y1",
    "Z14_Y3",
    "Z14_Y6",
    "Z14_Y8",
    "Z14_Y15",
    "Z1_Y5",
    "Z1_Y4",
    "Z4_Y7",
    "Z13_Y10",
    "Z6_Y2",
    "Z6_Y12",
    "Z14_Y13",
    "Z1_Y3",
    "Z1_Y9",
    "Z1_Y8",
    "Z1_Y13",
    "Z4_Y3",
    "Z4_Y15",
    "Z13_Y7",
    "Z3_Y5",
    "Z9_Y6",
    "Z6_Y10",
    "Z5_Y2",
    "Z5_Y12",
    "Z4_Y9",
    "Z4_Y8",
    "Z13_Y3",
    "Z13_Y15",
    "Z3_Y9",
    "Z9_Y7",
    "Z6_Y8",
    "Z5_Y7",
    "Z5_Y10",
    "Z8_Y2",
    "Z8_Y12",
    "Z9_Y8",
    "Z5_Y15",
    "Z2_Y7",
    "Z2_Y10",
    "Z2_Y12",
    "Z2_Y15",
    "Z7_Y10",
    "Z7_Y12",
    "Z10_Y15",
    "Z10_Y12",
    "Z12_Y15"
  ],
  "dt": 0.05,
  "lr": 0.05,
  "lam": 1.0,
  "mu": 0.9,
  "fix_step": 0,
  "constant_c": true,
  "parameters": [
    1.5551881790161133,
    1.570793867111206,
    -0.37874481081962585,
    0.6951115727424622,
    0.536864161491394,
    -0.06239107623696327,
    0.35501620173454285,
    -0.09751404076814651,
    0.022366754710674286,
    0.34030476212501526,
    0.6369765996932983,
    0.09107152372598648,
    0.4489307999610901,
    -0.00012557790614664555,
    -0.0002824899274855852,
    0.5047115087509155,
    0.012911124154925346,
    0.012345598079264164,
    1.1921840906143188,
    0.7126028537750244,
    0.964155912399292,
    0.6653712391853333,
    0.4075227677822113,
    0.959526002407074,
    0.8756895065307617,
    0.3154170513153076,
    0.0007211098563857377,
    0.7016023397445679,
    0.2976410984992981,
    -0.3490998446941376,
    -0.28112301230430603,
    0.5861032009124756,
    0.001434036297723651,
    0.6971767544746399,
    0.4970347285270691,
    0.3221360445022583,
    0.24392476677894592,
    0.6335743069648743,
    0.006343993358314037,
    0.11532361805438995,
    -0.09472408145666122,
    -0.04070466756820679,
    -0.02598770149052143,
    0.5443110466003418,
    0.020641544833779335,
    0.271973192691803,
    0.6165973544120789,
    0.3732324242591858,
    -0.02015206776559353,
    0.14077749848365784,
    0.4709918797016144,
    0.7742529511451721,
    0.5076163411140442,
    0.003440109547227621,
    0.2096429020166397,
    0.04851633682847023,
    0.5636776089668274,
    0.13351978361606598,
    0.11709985882043839,
    -0.01387818157672882,
    0.7406138777732849,
    0.14378011226654053,
    0.11777090281248093,
    0.2951495349407196
  ],
  "opt_ratios": [
    3.0517549021169543e-05,
    0.0001084994146367535,
    0.00017873567412607372,
    0.0002815723419189453,
    0.0004294103418942541,
    0.0006394927040673792,
    0.0009359955438412726,
    0.0013530364958569407,
    0.0019390874076634645,
    0.0027633337303996086,
    0.003924905322492123,
    0.005566268693655729,
    0.007891303859651089,
    0.011189580895006657,
    0.01586485095322132,
    0.022464238107204437,
    0.031696613878011703,
    0.04441739618778229,
    0.06156185269355774,
    0.08401307463645935,
    0.11242050677537918,
    0.14704199135303497,
    0.18769603967666626,
    0.2338625192642212,
    0.28482764959335327,
    0.3397335708141327,
    0.39749863743782043,
    0.45672959089279175,
    0.5157392024993896,
    0.5727400183677673,
    0.6261191964149475,
    0.6746993660926819,
    0.717852771282196,
    0.7554835081100464,
    0.7878869771957397,
    0.8155964016914368,
    0.8392326235771179,
    0.8594138026237488,
    0.8766955733299255,
    0.8915587663650513,
    0.9044023752212524,
    0.9155550599098206,
    0.9252793788909912,
    0.9337939023971558,
    0.9412721395492554,
    0.9478585720062256,
    0.9536747932434082,
    0.9588189721107483,
    0.9633761048316956,
    0.9674196243286133,
    0.9710058569908142,
    0.9741932153701782,
    0.9770269989967346,
    0.9795453548431396,
    0.9817858934402466,
    0.9837785363197327,
    0.9855514168739319,
    0.9871296882629395,
    0.9885345101356506,
    0.989784836769104,
    0.9908967614173889,
    0.9918876886367798,
    0.9927690029144287,
    0.9935537576675415,
    0.9942518472671509,
    0.9948747754096985,
    0.9954283237457275,
    0.995922863483429,
    0.9963619709014893,
    0.9967537522315979,
    0.997103214263916,
    0.997412383556366,
    0.9976897835731506,
    0.9979360103607178,
    0.9981569647789001,
    0.9983525276184082,
    0.9985272288322449,
    0.9986838102340698,
    0.9988225698471069,
    0.9989470839500427,
    0.9990571737289429,
    0.9991530179977417,
    0.9992426633834839,
    0.9993218779563904,
    0.999390184879303,
    0.9994542598724365,
    0.9995108842849731,
    0.9995589256286621,
    0.9996058344841003,
    0.9996435046195984,
    0.9996798634529114,
    0.999713122844696,
    0.9997385144233704,
    0.9997677803039551,
    0.9997881650924683,
    0.9998079538345337,
    0.9998295307159424,
    0.9998437166213989,
    0.999856173992157,
    0.999870777130127,
    0.9998841285705566
  ],
  "expectations": [
    -31.999969482421875,
    -33.440635681152344,
    -33.95799255371094,
    -34.417083740234375,
    -34.83622741699219,
    -35.22809600830078,
    -35.60203552246094,
    -35.96525192260742,
    -36.32357406616211,
    -36.6820068359375,
    -37.04502868652344,
    -37.41703796386719,
    -37.80230712890625,
    -38.205238342285156,
    -38.63007354736328,
    -39.08029556274414,
    -39.557777404785156,
    -40.06121826171875,
    -40.585174560546875,
    -41.11925506591797,
    -41.64868927001953,
    -42.156707763671875,
    -42.628028869628906,
    -43.052764892578125,
    -43.428428649902344,
    -43.75857162475586,
    -44.04944610595703,
    -44.307106018066406,
    -44.535888671875,
    -44.73835754394531,
    -44.91599655151367,
    -45.070220947265625,
    -45.202510833740234,
    -45.315025329589844,
    -45.41007995605469,
    -45.49026870727539,
    -45.55780792236328,
    -45.615028381347656,
    -45.66358184814453,
    -45.70503234863281,
    -45.740631103515625,
    -45.77135467529297,
    -45.79801940917969,
    -45.821292877197266,
    -45.84156799316406,
    -45.859352111816406,
    -45.87506103515625,
    -45.88887023925781,
    -45.901092529296875,
    -45.91197967529297,
    -45.921512603759766,
    -45.930015563964844,
    -45.93761444091797,
    -45.94430923461914,
    -45.950279235839844,
    -45.955589294433594,
    -45.96030044555664,
    -45.96453857421875,
    -45.968299865722656,
    -45.97165298461914,
    -45.97461700439453,
    -45.97728729248047,
    -45.97962188720703,
    -45.98173904418945,
    -45.98358917236328,
    -45.985313415527344,
    -45.98677444458008,
    -45.988136291503906,
    -45.98931121826172,
    -45.99040985107422,
    -45.99138259887695,
    -45.99217987060547,
    -45.992977142333984,
    -45.99363327026367,
    -45.99427032470703,
    -45.99480056762695,
    -45.99529266357422,
    -45.995765686035156,
    -45.99613952636719,
    -45.99651336669922,
    -45.99683380126953,
    -45.997039794921875,
    -45.997337341308594,
    -45.99755096435547,
    -45.99775314331055,
    -45.99794006347656,
    -45.99812316894531,
    -45.99823760986328,
    -45.99842071533203,
    -45.99848937988281,
    -45.99860382080078,
    -45.998741149902344,
    -45.99878692626953,
    -45.99888610839844,
    -45.998931884765625,
    -45.99900817871094,
    -45.99908447265625,
    -45.99909210205078,
    -45.99915313720703,
    -45.999176025390625,
    -45.99923324584961
  ],