{
  "size": 16,
  "opt_val": -44.0,
  "method": "VQE",
  "operations": [
    "Z0_Y2",
    "Z0_Y5",
    "Z0_Y14",
    "Z0_Y8",
    "Z0_Y1",
    "Z0_Y7",
    "Z0_Y4",
    "Z0_Y3",
    "Z2_Y11",
    "Z2_Y10",
    "Z2_Y9",
    "Z2_Y6",
    "Z2_Y15",
    "Z5_Y12",
    "Z14_Y13",
    "Z2_Y5",
    "Z2_Y4",
    "Z5_Y10",
    "Z5_Y6",
    "Z5_Y9",
    "Z5_Y8",
    "Z5_Y14",
    "Z14_Y11",
    "Z14_Y12",
    "Z14_Y15",
    "Z8_Y1",
    "Z8_Y7",
    "Z8_Y13",
    "Z1_Y3",
    "Z14_Y4",
    "Z14_Y10",
    "Z8_Y4",
    "Z8_Y6",
    "Z8_Y9",
    "Z1_Y6",
    "Z1_Y12",
    "Z1_Y15",
    "Z7_Y10",
    "Z7_Y13",
    "Z7_Y11",
    "Z4_Y3",
    "Z1_Y9",
    "Z1_Y10",
    "Z7_Y9",
    "Z7_Y12",
    "Z7_Y15",
    "Z4_Y12",
    "Z4_Y13",
    "Z3_Y10",
    "Z3_Y6",
    "Z3_Y11",
    "Z4_Y10",
    "Z3_Y13",
    "Z3_Y9",
    "Z6_Y12",
    "Z6_Y15",
    "Z6_Y11",
    "Z9_Y11",
    "Z9_Y10",
    "Z12_Y13",
    "Z12_Y15",
    "Z15_Y11",
    "Z15_Y13",
    "Z11_Y13"
  ],
  "dt": 0.05,
  "lr": 0.05,
  "lam": 1.0,
  "mu": 0.9,
  "fix_step": 0,
  "constant_c": true,
  "parameters": [
    1.5655134916305542,
    1.3631582260131836,
    1.3754713535308838,
    -0.550992488861084,
    1.0183939933776855,
    1.1545335054397583,
    0.558821976184845,
    0.9054592251777649,
    0.47080108523368835,
    0.22643177211284637,
    0.3937211334705353,
    0.009883616119623184,
    0.3975016474723816,
    0.3472273349761963,
    0.19063358008861542,
    -0.19680583477020264,
    0.17312930524349213,
    0.2500803470611572,
    -0.04464293643832207,
    0.3619193434715271,
    1.0196951627731323,
    -0.19148069620132446,
    0.4836454391479492,
    0.2008485198020935,
    0.2903100252151489,
    0.5524338483810425,
    0.4163036644458771,
    0.5014874935150146,
    -0.03045228123664856,
    -0.003729940624907613,
    0.27509763836860657,
    1.0531158447265625,
    0.8639981746673584,
    0.27853360772132874,
    -0.19854430854320526,
    0.4251316487789154,
    0.536655068397522,
    0.4241059422492981,
    0.19498983025550842,
    0.5148934125900269,
    0.506848931312561,
    0.3479725122451782,
    0.36262404918670654,
    0.27493351697921753,
    0.37683579325675964,
    0.35688692331314087,
    0.2077816277742386,
    0.2988472878932953,
    0.01444217562675476,
    0.49267274141311646,
    0.07228237390518188,
    0.05973609909415245,
    0.47378215193748474,
    0.47163742780685425,
    0.0218211580067873,
    0.08317723870277405,
    0.19605036079883575,
    0.10200970619916916,
    0.03891313448548317,
    0.41758596897125244,
    0.08842353522777557,
    0.028172122314572334,
    0.38476818799972534,
    0.4723844528198242
  ],
  "opt_ratios": [
    0.00070190365659073,
    0.0020721005275845528,
    0.0031413936521857977,
    0.004563109949231148,
    0.0064208125695586205,
    0.008820212446153164,
    0.011892545036971569,
    0.015799468383193016,
    0.02073446661233902,
    0.026923485100269318,
    0.0346212238073349,
    0.04410417377948761,
    0.05565546452999115,
    0.06955127418041229,
    0.08603905141353607,
    0.1053236648440361,
    0.12755939364433289,
    0.15285338461399078,
    0.18126630783081055,
    0.21281737089157104,
    0.24746888875961304,
    0.28510648012161255,
    0.32550427317619324,
    0.368307888507843,
    0.41301289200782776,
    0.4589707851409912,
    0.505424439907074,
    0.5515503287315369,
    0.5965091586112976,
    0.6395288705825806,
    0.679955005645752,
    0.7173107266426086,
    0.7513002157211304,
    0.7818191647529602,
    0.808907151222229,
    0.8327263593673706,
    0.8535144329071045,
    0.8715476393699646,
    0.8871275782585144,
    0.9005436301231384,
    0.9120753407478333,
    0.9219770431518555,
    0.9304794669151306,
    0.9377869963645935,
    0.9440780282020569,
    0.9495038390159607,
    0.9541966319084167,
    0.9582657814025879,
    0.9618083238601685,
    0.9649016261100769,
    0.9676133394241333,
    0.9699999690055847,
    0.9721089005470276,
    0.9739803075790405,
    0.9756461381912231,
    0.977136492729187,
    0.9784762263298035,
    0.9796831607818604,
    0.980774998664856,
    0.9817664623260498,
    0.9826707243919373,
    0.9834974408149719,
    0.9842571020126343,
    0.9849559664726257,
    0.9856027960777283,
    0.9861997961997986,
    0.9867556691169739,
    0.9872734546661377,
    0.9877558946609497,
    0.9882072806358337,
    0.9886316657066345,
    0.989030659198761,
    0.9894067049026489,
    0.9897626042366028,
    0.9900973439216614,
    0.9904160499572754,
    0.9907172918319702,
    0.9910033941268921,
    0.9912759065628052,
    0.9915357828140259,
    0.9917842745780945,
    0.9920212030410767,
    0.9922481775283813,
    0.9924654960632324,
    0.9926725029945374,
    0.9928721785545349,
    0.9930641055107117,
    0.993248462677002,
    0.9934254884719849,
    0.9935974478721619,
    0.9937607645988464,
    0.9939188957214355,
    0.9940717816352844,
    0.9942198395729065,
    0.9943607449531555,
    0.9944974184036255,
    0.9946308135986328,
    0.994758665561676,
    0.9948822259902954,
    0.9950010776519775,
    0.9951172471046448
  ],
  "expectations": [
    -31.999969482421875,
    -33.460025787353516,
    -34.006656646728516,
    -34.49799346923828,
    -34.950927734375,
    -35.377479553222656,
    -35.78633117675781,
    -36.18389892578125,
    -36.574676513671875,
    -36.96186828613281,
    -37.347320556640625,
    -37.73172378540039,
    -38.114723205566406,
    -38.49486541748047,
    -38.86997985839844,
    -39.23743438720703,
    -39.59429931640625,
    -39.938194274902344,
    -40.26725769042969,
    -40.58054733276367,
    -40.877830505371094,
    -41.1593017578125,
    -41.425315856933594,
    -41.67618942260742,
    -41.91209030151367,
    -42.13285446166992,
    -42.33837127685547,
    -42.528358459472656,
    -42.702598571777344,
    -42.86100769042969,
    -43.00370788574219,
    -43.13104248046875,
    -43.243717193603516,
    -43.34265899658203,
    -43.4288444519043,
    -43.50360107421875,
    -43.568084716796875,
    -43.62340545654297,
    -43.67086410522461,
    -43.71143341064453,
    -43.74610900878906,
    -43.77568435668945,
    -43.800933837890625,
    -43.82251739501953,
    -43.84101867675781,
    -43.856910705566406,
    -43.870567321777344,
    -43.88233947753906,
    -43.89257049560547,
    -43.901466369628906,
    -43.909210205078125,
    -43.91597366333008,
    -43.921958923339844,
    -43.927284240722656,
    -43.931949615478516,
    -43.93610382080078,
    -43.939903259277344,
    -43.94325256347656,
    -43.946285247802734,
    -43.94902801513672,
    -43.951515197753906,
    -43.95378112792969,
    -43.95587921142578,
    -43.95778274536133,
    -43.9595947265625,
    -43.961204528808594,
    -43.962738037109375,
    -43.96418380737305,
    -43.965484619140625,
    -43.96670150756836,
    -43.96788024902344,
    -43.96895980834961,
    -43.96997833251953,
    -43.97099304199219,
    -43.97185134887695,
    -43.97275924682617,
    -43.97357177734375,
    -43.974334716796875,
    -43.97507095336914,
    -43.97578430175781,
    -43.976470947265625,
    -43.97711944580078,
    -43.97773742675781,
    -43.97834777832031,
    -43.978878021240234,
    -43.97943115234375,
    -43.97996520996094,
    -43.980464935302734,
    -43.980926513671875,
    -43.98143768310547,
    -43.98185729980469,
    -43.98228454589844,
    -43.98271179199219,
    -43.98316192626953,
    -43.9835205078125,
    -43.98388671875,
    -43.98427200317383,
    -43.98461151123047,
    -43.984954833984375,
    -43.985267639160156,
    -43.98560333251953
  ],