{
  "size": 16,
  "opt_val": -44.0,
  "method": "VQE",
  "operations": [
    "Z0_Y8",
    "Z0_Y7",
    "Z0_Y1",
    "Z0_Y13",
    "Z0_Y3",
    "Z0_Y6",
    "Z0_Y12",
    "Z0_Y15",
    "Z8_Y11",
    "Z8_Y14",
    "Z8_Y10",
    "Z7_Y4",
    "Z7_Y5",
    "Z7_Y9",
    "Z13_Y2",
    "Z8_Y1",
    "Z8_Y6",
    "Z8_Y12",
    "Z8_Y13",
    "Z7_Y6",
    "Z7_Y11",
    "Z1_Y3",
    "Z1_Y15",
    "Z1_Y5",
    "Z1_Y14",
    "Z13_Y9",
    "Z13_Y10",
    "Z3_Y2",
    "Z3_Y4",
    "Z7_Y13",
    "Z7_Y12",
    "Z1_Y6",
    "Z1_Y11",
    "Z13_Y3",
    "Z13_Y15",
    "Z3_Y10",
    "Z3_Y11",
    "Z3_Y14",
    "Z6_Y4",
    "Z12_Y9",
    "Z15_Y5",
    "Z5_Y2",
    "Z6_Y12",
    "Z6_Y15",
    "Z6_Y11",
    "Z12_Y4",
    "Z12_Y10",
    "Z15_Y9",
    "Z15_Y14",
    "Z5_Y4",
    "Z11_Y2",
    "Z12_Y15",
    "Z5_Y10",
    "Z5_Y11",
    "Z5_Y14",
    "Z14_Y2",
    "Z14_Y9",
    "Z2_Y4",
    "Z11_Y14",
    "Z2_Y10",
    "Z2_Y9",
    "Z4_Y9",
    "Z4_Y10",
    "Z10_Y9"
  ],
  "dt": 0.05,
  "lr": 0.05,
  "lam": 1.0,
  "mu": 0.9,
  "fix_step": 0,
  "constant_c": true,
  "parameters": [
    1.5693732500076294,
    1.5685786008834839,
    -0.4351879060268402,
    -0.25650733709335327,
    0.7214468121528625,
    0.6105517148971558,
    0.033593080937862396,
    0.6028377413749695,
    0.42960700392723083,
    0.7091182470321655,
    0.5361467003822327,
    0.37920844554901123,
    -0.01782696321606636,
    0.18181389570236206,
    0.0004733786336146295,
    1.135500431060791,
    -0.05792764201760292,
    0.7302484512329102,
    0.8801536560058594,
    -0.10650857537984848,
    0.5179755091667175,
    0.42880335450172424,
    0.20869743824005127,
    1.230204701423645,
    0.15289093554019928,
    0.05871554836630821,
    0.0013728546909987926,
    -0.021723590791225433,
    0.03894265368580818,
    0.4341079294681549,
    0.6608313918113708,
    0.7958112359046936,
    0.198589026927948,
    0.42128264904022217,
    0.7679794430732727,
    0.47693631052970886,
    0.4498535692691803,
    0.5508625507354736,
    0.5670530796051025,
    0.2966783046722412,
    -0.32279032468795776,
    0.06511715054512024,
    0.21699273586273193,
    0.1810731589794159,
    0.37019747495651245,
    0.11367104947566986,
    0.20652636885643005,
    0.06862442940473557,
    0.274122029542923,
    0.25423359870910645,
    0.8806037306785583,
    0.19136065244674683,
    0.6268969178199768,
    0.0026956854853779078,
    0.1909712553024292,
    0.7318001389503479,
    0.521513044834137,
    0.44599610567092896,
    -0.0015787351876497269,
    0.25724875926971436,
    0.15337735414505005,
    0.5056772828102112,
    0.11890009790658951,
    0.5988118052482605
  ],
  "opt_ratios": [
    3.0517549021169543e-05,
    9.295521158492193e-05,
    0.0001430731499567628,
    0.00021105802443344146,
    0.00030128503567539155,
    0.00041900909855030477,
    0.00057060900144279,
    0.0007638429524376988,
    0.0010081646032631397,
    0.0013152558822184801,
    0.0016994352918118238,
    0.002178650815039873,
    0.0027751701418310404,
    0.003517001634463668,
    0.004439259879291058,
    0.005586272571235895,
    0.007014140486717224,
    0.008793745189905167,
    0.011014856398105621,
    0.013791188597679138,
    0.017267750576138496,
    0.021626971662044525,
    0.027102112770080566,
    0.03398647531867027,
    0.042650241404771805,
    0.05355397239327431,
    0.06726393848657608,
    0.08445767313241959,
    0.10592412948608398,
    0.13252755999565125,
    0.16515101492404938,
    0.20457576215267181,
    0.2513023018836975,
    0.30537691712379456,
    0.36617353558540344,
    0.432277113199234,
    0.5015104413032532,
    0.5711568593978882,
    0.6383453011512756,
    0.7005289196968079,
    0.7558714747428894,
    0.8034198880195618,
    0.8430710434913635,
    0.8753352761268616,
    0.9011070132255554,
    0.921410322189331,
    0.9372539520263672,
    0.9495537281036377,
    0.959081768989563,
    0.9664638042449951,
    0.9722027778625488,
    0.9766795039176941,
    0.9801930785179138,
    0.9829681515693665,
    0.9851796627044678,
    0.9869575500488281,
    0.9883986711502075,
    0.9895790815353394,
    0.9905543327331543,
    0.9913693070411682,
    0.9920567870140076,
    0.9926417469978333,
    0.9931436777114868,
    0.9935792088508606,
    0.9939591288566589,
    0.9942940473556519,
    0.9945917725563049,
    0.994857668876648,
    0.9950973987579346,
    0.9953145384788513,
    0.9955118894577026,
    0.9956926703453064,
    0.995857834815979,
    0.9960107207298279,
    0.9961521625518799,
    0.9962834715843201,
    0.9964056611061096,
    0.9965206384658813,
    0.9966272115707397,
    0.9967290163040161,
    0.9968236088752747,
    0.9969133138656616,
    0.9969981908798218,
    0.9970791935920715,
    0.9971563220024109,
    0.9972284436225891,
    0.9972984790802002,
    0.9973642230033875,
    0.9974266290664673,
    0.9974877238273621,
    0.9975452423095703,
    0.9976012110710144,
    0.9976533651351929,
    0.9977036714553833,
    0.9977527856826782,
    0.9977993965148926,
    0.9978444576263428,
    0.9978878498077393,
    0.9979302883148193,
    0.9979696869850159,
    0.9980087876319885
  ],
  "expectations": [
    -31.999969482421875,
    -33.44089889526367,
    -33.95322799682617,
    -34.400230407714844,
    -34.79859924316406,
    -35.15978240966797,
    -35.491859436035156,
    -35.800743103027344,
    -36.09080505371094,
    -36.365440368652344,
    -36.62721252441406,
    -36.878326416015625,
    -37.120361328125,
    -37.35468292236328,
    -37.58231735229492,
    -37.804176330566406,
    -38.020877838134766,
    -38.23302459716797,
    -38.441123962402344,
    -38.645545959472656,
    -38.846824645996094,
    -39.04545974731445,
    -39.242183685302734,
    -39.437774658203125,
    -39.633544921875,
    -39.83070755004883,
    -40.031005859375,
    -40.23616027832031,
    -40.447994232177734,
    -40.667991638183594,
    -40.897377014160156,
    -41.13644790649414,
    -41.38446807861328,
    -41.63936996459961,
    -41.89777374267578,
    -42.154911041259766,
    -42.40534210205078,
    -42.64299011230469,
    -42.86229705810547,
    -43.058807373046875,
    -43.22999572753906,
    -43.37508010864258,
    -43.49530029296875,
    -43.5930061340332,
    -43.671302795410156,
    -43.73345184326172,
    -43.78235626220703,
    -43.82085418701172,
    -43.851112365722656,
    -43.87495803833008,
    -43.893829345703125,
    -43.90885925292969,
    -43.920936584472656,
    -43.93064880371094,
    -43.93861389160156,
    -43.945152282714844,
    -43.950557708740234,
    -43.95515823364258,
    -43.95902633666992,
    -43.96231460571289,
    -43.965171813964844,
    -43.967674255371094,
    -43.969825744628906,
    -43.97174835205078,
    -43.973453521728516,
    -43.97496795654297,
    -43.97637176513672,
    -43.97759246826172,
    -43.97871398925781,
    -43.979766845703125,
    -43.98072814941406,
    -43.98161315917969,
    -43.982398986816406,
    -43.983154296875,
    -43.983848571777344,
    -43.9844856262207,
    -43.985076904296875,
    -43.985652923583984,
    -43.98613739013672,
    -43.986671447753906,
    -43.98711395263672,
    -43.98755645751953,
    -43.987953186035156,
    -43.98835754394531,
    -43.98875427246094,
    -43.98907470703125,
    -43.98943328857422,
    -43.98973083496094,
    -43.98999786376953,
    -43.990318298339844,
    -43.99057388305664,
    -43.99086380004883,
    -43.99107360839844,
    -43.99129104614258,
    -43.99152374267578,
    -43.991729736328125,
    -43.99193572998047,
    -43.99212646484375,
    -43.992347717285156,
    -43.99248504638672,
    -43.99266815185547
  ],