{
  "size": 16,
  "opt_val": -46.0,
  "method": "VQE",
  "operations": [
    "Z0_Y5",
    "Z0_Y14",
    "Z0_Y11",
    "Z0_Y7",
    "Z0_Y1",
    "Z0_Y10",
    "Z0_Y3",
    "Z0_Y6",
    "Z5_Y4",
    "Z5_Y13",
    "Z5_Y9",
    "Z5_Y8",
    "Z14_Y12",
    "Z11_Y2",
    "Z1_Y15",
    "Z5_Y6",
    "Z5_Y11",
    "Z5_Y14",
    "Z14_Y1",
    "Z14_Y4",
    "Z14_Y7",
    "Z14_Y9",
    "Z14_Y10",
    "Z11_Y8",
    "Z11_Y13",
    "Z11_Y12",
    "Z7_Y2",
    "Z1_Y3",
    "Z3_Y15",
    "Z11_Y9",
    "Z11_Y10",
    "Z7_Y4",
    "Z7_Y6",
    "Z7_Y10",
    "Z7_Y13",
    "Z7_Y12",
    "Z1_Y6",
    "Z1_Y8",
    "Z3_Y2",
    "Z3_Y13",
    "Z6_Y15",
    "Z1_Y9",
    "Z1_Y4",
    "Z10_Y4",
    "Z10_Y6",
    "Z10_Y12",
    "Z3_Y9",
    "Z3_Y8",
    "Z6_Y2",
    "Z9_Y15",
    "Z15_Y13",
    "Z10_Y9",
    "Z3_Y12",
    "Z6_Y12",
    "Z9_Y12",
    "Z15_Y2",
    "Z15_Y4",
    "Z15_Y8",
    "Z8_Y12",
    "Z8_Y13",
    "Z8_Y2",
    "Z4_Y2",
    "Z4_Y13",
    "Z2_Y13"
  ],
  "dt": 0.05,
  "lr": 0.05,
  "lam": 1.0,
  "mu": 0.9,
  "fix_step": 0,
  "constant_c": true,
  "parameters": [
    1.1736507415771484,
    -0.06299501657485962,
    0.9740934371948242,
    1.0666470527648926,
    0.1250038594007492,
    0.443636953830719,
    0.9503147006034851,
    0.1192493811249733,
    0.43398410081863403,
    0.3818795084953308,
    0.8279200792312622,
    0.5313412547111511,
    -0.00024108155048452318,
    0.12180229276418686,
    0.0003952961415052414,
    0.8512994050979614,
    0.1947992593050003,
    1.5078113079071045,
    1.4458085298538208,
    0.12277419120073318,
    0.5042141675949097,
    -0.08990471065044403,
    1.1869442462921143,
    -0.00027946833870373666,
    0.19913822412490845,
    0.10931899398565292,
    -0.030681176111102104,
    0.38364869356155396,
    0.0004455616290215403,
    0.007400446571409702,
    0.05306124687194824,
    0.05983096733689308,
    0.15926791727542877,
    0.04183859005570412,
    0.6819354295730591,
    -0.057929277420043945,
    0.6734579205513,
    0.5959875583648682,
    0.12465289235115051,
    0.13239851593971252,
    0.7832766175270081,
    0.6411178112030029,
    0.5060043931007385,
    0.33625251054763794,
    0.006047631613910198,
    0.020620811730623245,
    0.000835687736980617,
    -0.00024144569761119783,
    0.5928436517715454,
    0.7877629399299622,
    0.36344030499458313,
    0.0071191079914569855,
    0.13570666313171387,
    0.5339359045028687,
    0.3980569839477539,
    0.011461073532700539,
    0.360544353723526,
    0.44390472769737244,
    0.5278266072273254,
    0.14529122412204742,
    0.4570949971675873,
    0.47392067313194275,
    0.1683611124753952,
    0.17228136956691742
  ],
  "opt_ratios": [
    3.0517549021169543e-05,
    0.00010943568486254662,
    0.0001812555274227634,
    0.00028698728419840336,
    0.0004391121619846672,
    0.0006538177258335054,
    0.0009516893187537789,
    0.0013581441016867757,
    0.001903456635773182,
    0.002622220665216446,
    0.0035518333315849304,
    0.004730062559247017,
    0.006190702319145203,
    0.00796013418585062,
    0.01005175057798624,
    0.012461279518902302,
    0.015164315700531006,
    0.018113993108272552,
    0.02124069631099701,
    0.024454265832901,
    0.027648309245705605,
    0.030705833807587624,
    0.03350955620408058,
    0.0359509252011776,
    0.03794354572892189,
    0.03943377733230591,
    0.04040328785777092,
    0.040871262550354004,
    0.040888071060180664,
    0.04052407667040825,
    0.039860308170318604,
    0.03897654265165329,
    0.03794312849640846,
    0.03681941330432892,
    0.03565092384815216,
    0.03447103500366211,
    0.033303577452898026,
    0.03216513246297836,
    0.031066538766026497,
    0.030013611540198326,
    0.029009610414505005,
    0.02805609256029129,
    0.027153560891747475,
    0.026300236582756042,
    0.02549518272280693,
    0.02473600208759308,
    0.024021001532673836,
    0.02334785833954811,
    0.02271379716694355,
    0.02211768366396427,
    0.021556897088885307,
    0.021029556170105934,
    0.020533820614218712,
    0.020067879930138588,
    0.01963011920452118,
    0.01921876333653927,
    0.018832307308912277,
    0.018469594419002533,
    0.018129484727978706,
    0.017810549587011337,
    0.017511893063783646,
    0.017232635989785194,
    0.016971686854958534,
    0.01672826148569584,
    0.016501056030392647,
    0.01628994569182396,
    0.01609417051076889,
    0.01591292768716812,
    0.015745878219604492,
    0.01559249497950077,
    0.015452305786311626,
    0.015325016342103481,
    0.015210209414362907,
    0.015107604674994946,
    0.015016726218163967,
    0.014937740750610828,
    0.014869868755340576,
    0.0148134995251894,
    0.014768078923225403,
    0.01473400741815567,
    0.014710535295307636,
    0.014697974547743797,
    0.0146962720900774,
    0.014705223962664604,
    0.01472493540495634,
    0.014755808748304844,
    0.014797857962548733,
    0.014850799925625324,
    0.014914990402758121,
    0.014990652911365032,
    0.015078349970281124,
    0.015177933499217033,
    0.015289840288460255,
    0.015414428897202015,
    0.0155520373955369,
    0.015702929347753525,
    0.015867935493588448,
    0.016047094017267227,
    0.01624094881117344,
    0.016450755298137665,
    0.016676999628543854
  ],
  "expectations": [
    -31.999969482421875,
    -33.44534683227539,
    -33.96931838989258,
    -34.435218811035156,
    -34.86071014404297,
    -35.25774383544922,
    -35.634708404541016,
    -35.99751281738281,
    -36.350196838378906,
    -36.695716857910156,
    -37.035888671875,
    -37.372047424316406,
    -37.704681396484375,
    -38.034271240234375,
    -38.361087799072266,
    -38.685489654541016,
    -39.00818634033203,
    -39.32984161376953,
    -39.6514892578125,
    -39.97382736206055,
    -40.29716491699219,
    -40.62098693847656,
    -40.94347381591797,
    -41.261512756347656,
    -41.57083511352539,
    -41.866424560546875,
    -42.14306640625,
    -42.39613342285156,
    -42.622100830078125,
    -42.81920623779297,
    -42.98783874511719,
    -43.12969207763672,
    -43.24775695800781,
    -43.34551239013672,
    -43.42634201049805,
    -43.493438720703125,
    -43.54942321777344,
    -43.596527099609375,
    -43.6364860534668,
    -43.6706657409668,
    -43.700191497802734,
    -43.72578811645508,
    -43.748207092285156,
    -43.767967224121094,
    -43.785423278808594,
    -43.80101013183594,
    -43.81494140625,
    -43.82743835449219,
    -43.83868408203125,
    -43.84894561767578,
    -43.85822677612305,
    -43.86669921875,
    -43.87441635131836,
    -43.881561279296875,
    -43.88813781738281,
    -43.894134521484375,
    -43.89971160888672,
    -43.90491485595703,
    -43.90969467163086,
    -43.9141845703125,
    -43.918365478515625,
    -43.92227554321289,
    -43.92591857910156,
    -43.92932891845703,
    -43.932594299316406,
    -43.93561553955078,
    -43.93845748901367,
    -43.941165924072266,
    -43.9437255859375,
    -43.9461555480957,
    -43.94847106933594,
    -43.95066833496094,
    -43.95271301269531,
    -43.95475769042969,
    -43.95658874511719,
    -43.95842742919922,
    -43.960174560546875,
    -43.961822509765625,
    -43.963401794433594,
    -43.96497344970703,
    -43.966434478759766,
    -43.96786117553711,
    -43.969215393066406,
    -43.97052001953125,
    -43.97183609008789,
    -43.97308349609375,
    -43.97431182861328,
    -43.97549057006836,
    -43.976627349853516,
    -43.97779846191406,
    -43.978904724121094,
    -43.97991943359375,
    -43.98103713989258,
    -43.98209762573242,
    -43.98310852050781,
    -43.98411178588867,
    -43.985164642333984,
    -43.986183166503906,
    -43.98716354370117,
    -43.98817825317383,
    -43.98918151855469
  ],