{
  "size": 16,
  "opt_val": -44.0,
  "method": "VQE",
  "operations": [
    "Z0_Y2",
    "Z0_Y8",
    "Z0_Y14",
    "Z0_Y1",
    "Z0_Y13",
    "Z0_Y6",
    "Z0_Y12",
    "Z0_Y15",
    "Z2_Y5",
    "Z2_Y11",
    "Z2_Y10",
    "Z2_Y9",
    "Z8_Y3",
    "Z8_Y7",
    "Z14_Y4",
    "Z2_Y1",
    "Z2_Y8",
    "Z2_Y6",
    "Z8_Y9",
    "Z8_Y15",
    "Z8_Y11",
    "Z8_Y13",
    "Z14_Y1",
    "Z14_Y3",
    "Z14_Y5",
    "Z14_Y7",
    "Z1_Y12",
    "Z13_Y4",
    "Z6_Y10",
    "Z14_Y6",
    "Z14_Y11",
    "Z1_Y9",
    "Z1_Y15",
    "Z1_Y7",
    "Z1_Y13",
    "Z13_Y3",
    "Z13_Y5",
    "Z6_Y3",
    "Z6_Y12",
    "Z12_Y4",
    "Z12_Y10",
    "Z13_Y7",
    "Z13_Y15",
    "Z6_Y5",
    "Z6_Y7",
    "Z12_Y3",
    "Z12_Y11",
    "Z12_Y15",
    "Z15_Y4",
    "Z15_Y9",
    "Z7_Y10",
    "Z15_Y11",
    "Z9_Y3",
    "Z9_Y4",
    "Z9_Y5",
    "Z9_Y7",
    "Z7_Y11",
    "Z5_Y10",
    "Z5_Y4",
    "Z5_Y11",
    "Z11_Y10",
    "Z10_Y3",
    "Z10_Y4",
    "Z3_Y4"
  ],
  "dt": 0.05,
  "lr": 0.05,
  "lam": 1.0,
  "mu": 0.9,
  "fix_step": 0,
  "constant_c": true,
  "parameters": [
    0.8048188090324402,
    0.9885053038597107,
    1.5707957744598389,
    -0.4904994070529938,
    0.9173675775527954,
    0.4185824692249298,
    0.743004322052002,
    0.5676051378250122,
    0.061448074877262115,
    0.09977367520332336,
    0.04946800321340561,
    -0.028255827724933624,
    0.04474494978785515,
    0.27283811569213867,
    0.5444620847702026,
    0.004426507279276848,
    0.47222626209259033,
    1.010849118232727,
    -0.03296363353729248,
    0.426665335893631,
    0.06284017860889435,
    -0.0007419303874485195,
    1.076324224472046,
    0.3487919569015503,
    0.3960117995738983,
    0.5074630975723267,
    0.8270646333694458,
    0.006241888273507357,
    0.042941633611917496,
    0.00820559449493885,
    0.6472170352935791,
    1.5072202682495117,
    0.5819579362869263,
    0.11263546347618103,
    0.6528290510177612,
    0.36814916133880615,
    0.6082327961921692,
    0.003010623622685671,
    0.0009817780228331685,
    0.5514252185821533,
    -0.20365384221076965,
    0.6001495122909546,
    0.17468683421611786,
    0.03076423704624176,
    0.036729633808135986,
    0.24463266134262085,
    0.6264618635177612,
    -0.18673177063465118,
    0.05503398925065994,
    -0.029502790421247482,
    0.19450822472572327,
    0.11187269538640976,
    0.2619911730289459,
    0.28452929854393005,
    0.5256929993629456,
    0.29790136218070984,
    -0.009985801763832569,
    0.6909728646278381,
    0.12323424220085144,
    -0.055723775178194046,
    0.5046055912971497,
    0.3048255443572998,
    0.3329528272151947,
    0.07349792867898941
  ],
  "opt_ratios": [
    0.0005493158823810518,
    0.0016294822562485933,
    0.0024804426357150078,
    0.0036170026287436485,
    0.005102281458675861,
    0.007009625900536776,
    0.009422825649380684,
    0.012436829507350922,
    0.016156930476427078,
    0.020698990672826767,
    0.026187537238001823,
    0.03275465965270996,
    0.0405389666557312,
    0.049683041870594025,
    0.06033492088317871,
    0.07264500856399536,
    0.0867689996957779,
    0.10286976397037506,
    0.1211184561252594,
    0.14169663190841675,
    0.16479387879371643,
    0.19059881567955017,
    0.21928194165229797,
    0.25097140669822693,
    0.2857060730457306,
    0.32339388132095337,
    0.36375993490219116,
    0.4063202738761902,
    0.45039263367652893,
    0.4951425790786743,
    0.539656400680542,
    0.5830559730529785,
    0.6245614290237427,
    0.6635565757751465,
    0.6995953321456909,
    0.7324216961860657,
    0.7619315385818481,
    0.7881675958633423,
    0.8112724423408508,
    0.8314642906188965,
    0.8490146398544312,
    0.8642096519470215,
    0.8773432970046997,
    0.8886911273002625,
    0.8985182046890259,
    0.9070501923561096,
    0.9144904017448425,
    0.9210129976272583,
    0.9267591834068298,
    0.931852400302887,
    0.9363893270492554,
    0.9404572248458862,
    0.9441240429878235,
    0.9474471807479858,
    0.9504711627960205,
    0.9532370567321777,
    0.9557738900184631,
    0.9581097364425659,
    0.9602667093276978,
    0.9622648358345032,
    0.9641191959381104,
    0.9658448696136475,
    0.9674533605575562,
    0.9689562320709229,
    0.9703631401062012,
    0.9716822504997253,
    0.9729196429252625,
    0.9740840792655945,
    0.9751800298690796,
    0.9762145280838013,
    0.9771882891654968,
    0.9781101942062378,
    0.9789820313453674,
    0.9798073768615723,
    0.9805904626846313,
    0.9813328385353088,
    0.9820384979248047,
    0.9827088713645935,
    0.983346700668335,
    0.9839548468589783,
    0.9845331907272339,
    0.9850851893424988,
    0.9856124520301819,
    0.9861153364181519,
    0.9865957498550415,
    0.9870545268058777,
    0.9874934554100037,
    0.9879147410392761,
    0.9883166551589966,
    0.9887024164199829,
    0.989071249961853,
    0.9894262552261353,
    0.9897655248641968,
    0.9900921583175659,
    0.9904052019119263,
    0.9907070398330688,
    0.9909965991973877,
    0.9912744760513306,
    0.9915406703948975,
    0.9917987585067749,
    0.9920469522476196
  ],
  "expectations": [
    -31.999969482421875,
    -33.45857238769531,
    -34.00139617919922,
    -34.485023498535156,
    -34.92462158203125,
    -35.33051300048828,
    -35.71004867553711,
    -36.068763732910156,
    -36.410675048828125,
    -36.739044189453125,
    -37.0562858581543,
    -37.36436462402344,
    -37.6649284362793,
    -37.95930480957031,
    -38.24855422973633,
    -38.53345489501953,
    -38.81466293334961,
    -39.092567443847656,
    -39.367366790771484,
    -39.63902282714844,
    -39.90742874145508,
    -40.172271728515625,
    -40.433204650878906,
    -40.68988037109375,
    -40.941734313964844,
    -41.18815994262695,
    -41.42829895019531,
    -41.66082763671875,
    -41.88438415527344,
    -42.09716796875,
    -42.29756164550781,
    -42.484031677246094,
    -42.655601501464844,
    -42.81165313720703,
    -42.95195770263672,
    -43.07688903808594,
    -43.1871337890625,
    -43.28362274169922,
    -43.36750793457031,
    -43.44004821777344,
    -43.50257873535156,
    -43.55622100830078,
    -43.60236740112305,
    -43.64196014404297,
    -43.676055908203125,
    -43.705467224121094,
    -43.7309684753418,
    -43.753204345703125,
    -43.77264404296875,
    -43.789794921875,
    -43.804901123046875,
    -43.818363189697266,
    -43.830421447753906,
    -43.841278076171875,
    -43.85102081298828,
    -43.85993194580078,
    -43.868011474609375,
    -43.875404357910156,
    -43.88216018676758,
    -43.88841247558594,
    -43.8941650390625,
    -43.89948272705078,
    -43.90440368652344,
    -43.908973693847656,
    -43.913246154785156,
    -43.91724395751953,
    -43.920928955078125,
    -43.9244384765625,
    -43.927696228027344,
    -43.930809020996094,
    -43.933631896972656,
    -43.936370849609375,
    -43.938934326171875,
    -43.94135284423828,
    -43.94365692138672,
    -43.94581604003906,
    -43.94788360595703,
    -43.9498176574707,
    -43.951663970947266,
    -43.953468322753906,
    -43.955108642578125,
    -43.956695556640625,
    -43.95823669433594,
    -43.959678649902344,
    -43.96105194091797,
    -43.96235656738281,
    -43.963600158691406,
    -43.96484375,
    -43.96596145629883,
    -43.967079162597656,
    -43.968109130859375,
    -43.969154357910156,
    -43.970088958740234,
    -43.971038818359375,
    -43.97191619873047,
    -43.972816467285156,
    -43.9736328125,
    -43.97441864013672,
    -43.97513198852539,
    -43.97590637207031,
    -43.97661590576172
  ],