{
  "size": 16,
  "opt_val": -44.0,
  "method": "VQE",
  "operations": [
    "Z0_Y2",
    "Z0_Y1",
    "Z0_Y10",
    "Z0_Y3",
    "Z0_Y9",
    "Z0_Y12",
    "Z0_Y6",
    "Z0_Y15",
    "Z2_Y11",
    "Z2_Y4",
    "Z2_Y7",
    "Z1_Y8",
    "Z1_Y13",
    "Z3_Y5",
    "Z3_Y14",
    "Z2_Y1",
    "Z2_Y10",
    "Z2_Y6",
    "Z2_Y15",
    "Z1_Y12",
    "Z1_Y11",
    "Z10_Y7",
    "Z10_Y8",
    "Z10_Y9",
    "Z10_Y13",
    "Z3_Y4",
    "Z3_Y13",
    "Z12_Y5",
    "Z12_Y14",
    "Z1_Y6",
    "Z1_Y10",
    "Z10_Y15",
    "Z3_Y9",
    "Z3_Y12",
    "Z3_Y15",
    "Z9_Y7",
    "Z9_Y8",
    "Z9_Y11",
    "Z6_Y4",
    "Z6_Y13",
    "Z15_Y5",
    "Z15_Y14",
    "Z9_Y12",
    "Z9_Y15",
    "Z12_Y6",
    "Z12_Y8",
    "Z6_Y7",
    "Z11_Y4",
    "Z11_Y5",
    "Z11_Y7",
    "Z11_Y14",
    "Z11_Y13",
    "Z6_Y8",
    "Z15_Y8",
    "Z8_Y4",
    "Z8_Y5",
    "Z13_Y4",
    "Z13_Y14",
    "Z4_Y7",
    "Z13_Y5",
    "Z4_Y14",
    "Z7_Y5",
    "Z7_Y14",
    "Z5_Y14"
  ],
  "dt": 0.05,
  "lr": 0.05,
  "lam": 1.0,
  "mu": 0.9,
  "fix_step": 0,
  "constant_c": true,
  "parameters": [
    -0.7234051823616028,
    1.5639400482177734,
    1.561622142791748,
    -0.028544897213578224,
    1.081290602684021,
    -0.27833348512649536,
    1.0864403247833252,
    -0.10937368124723434,
    0.005103139206767082,
    0.0927634909749031,
    0.002634021220728755,
    0.2909187078475952,
    0.4624999761581421,
    0.0019031981937587261,
    0.027668427675962448,
    0.007916095666587353,
    0.007991928607225418,
    0.019171813502907753,
    0.17292699217796326,
    0.7196229100227356,
    0.688877522945404,
    0.44926977157592773,
    0.5389990210533142,
    -0.48952069878578186,
    0.7992225289344788,
    0.018829092383384705,
    0.00033322616945952177,
    0.00831480510532856,
    0.06019779294729233,
    -0.242068350315094,
    -0.004064473323523998,
    0.6771624684333801,
    8.331269782502204e-06,
    0.000949535402469337,
    0.3241976499557495,
    0.480852335691452,
    0.5202014446258545,
    0.8856463432312012,
    0.004946794826537371,
    0.1937532126903534,
    0.004175147973001003,
    0.05860191211104393,
    0.573074460029602,
    0.5704017281532288,
    0.23253946006298065,
    0.12415734678506851,
    0.42278552055358887,
    0.3341343402862549,
    0.291991263628006,
    0.027381185442209244,
    0.5735890865325928,
    -0.1167025938630104,
    0.3463205397129059,
    0.0016107168048620224,
    0.7219213843345642,
    0.5021917819976807,
    0.42904573678970337,
    0.45614147186279297,
    0.2473844736814499,
    0.3142375648021698,
    0.09907414764165878,
    0.45186159014701843,
    0.5368779301643372,
    -0.0009110320243053138
  ],
  "opt_ratios": [
    0.0002136228431481868,
    0.0006360369734466076,
    0.0009810110786929727,
    0.0014541688142344356,
    0.002089798916131258,
    0.0029291303362697363,
    0.004021193366497755,
    0.005423452239483595,
    0.0072028012946248055,
    0.009436532855033875,
    0.01221271138638258,
    0.015632202848792076,
    0.019810751080513,
    0.024880744516849518,
    0.030997080728411674,
    0.03834206238389015,
    0.04713232070207596,
    0.05762606859207153,
    0.07013225555419922,
    0.08500931411981583,
    0.10267026722431183,
    0.123566634953022,
    0.1481589823961258,
    0.1768738478422165,
    0.21003355085849762,
    0.24776427447795868,
    0.2899119555950165,
    0.3359591066837311,
    0.38501620292663574,
    0.4358714520931244,
    0.48712804913520813,
    0.5373861789703369,
    0.585418164730072,
    0.6302902102470398,
    0.6714075803756714,
    0.7084999084472656,
    0.7415571808815002,
    0.7707501649856567,
    0.7963609099388123,
    0.818733811378479,
    0.838229775428772,
    0.8551967144012451,
    0.869965136051178,
    0.8828321695327759,
    0.8940562605857849,
    0.903870701789856,
    0.9124753475189209,
    0.9200382828712463,
    0.926707923412323,
    0.9326074123382568,
    0.9378440380096436,
    0.9425065517425537,
    0.9466700553894043,
    0.9504033327102661,
    0.9537603855133057,
    0.9567853212356567,
    0.9595233201980591,
    0.9620066285133362,
    0.9642649292945862,
    0.966326892375946,
    0.9682132005691528,
    0.9699418544769287,
    0.9715309739112854,
    0.9729959964752197,
    0.9743473529815674,
    0.9755985140800476,
    0.9767575860023499,
    0.977836012840271,
    0.9788388609886169,
    0.9797749519348145,
    0.9806482195854187,
    0.9814658761024475,
    0.9822321534156799,
    0.9829519391059875,
    0.9836272597312927,
    0.9842640161514282,
    0.9848638772964478,
    0.9854298233985901,
    0.9859644174575806,
    0.9864698052406311,
    0.9869492053985596,
    0.9874028563499451,
    0.9878336787223816,
    0.9882426857948303,
    0.9886317253112793,
    0.9890016913414001,
    0.9893543720245361,
    0.9896903038024902,
    0.9900112152099609,
    0.9903169274330139,
    0.9906098246574402,
    0.9908894896507263,
    0.9911569952964783,
    0.9914129972457886,
    0.9916585087776184,
    0.9918938875198364,
    0.9921194911003113,
    0.9923364520072937,
    0.9925459027290344,
    0.9927462339401245,
    0.9929389953613281
  ],
  "expectations": [
    -31.999969482421875,
    -33.447021484375,
    -33.970584869384766,
    -34.431480407714844,
    -34.845855712890625,
    -35.224578857421875,
    -35.57548522949219,
    -35.90411376953125,
    -36.21468734741211,
    -36.51030349731445,
    -36.7933349609375,
    -37.06559371948242,
    -37.32855224609375,
    -37.58325958251953,
    -37.830909729003906,
    -38.07251739501953,
    -38.3093147277832,
    -38.54277420043945,
    -38.77459716796875,
    -39.00688934326172,
    -39.24183654785156,
    -39.48182678222656,
    -39.72895050048828,
    -39.984779357910156,
    -40.250091552734375,
    -40.524375915527344,
    -40.8055419921875,
    -41.09003448486328,
    -41.372962951660156,
    -41.64867401123047,
    -41.911468505859375,
    -42.15656280517578,
    -42.380496978759766,
    -42.581443786621094,
    -42.7591552734375,
    -42.91450119018555,
    -43.0491828918457,
    -43.165367126464844,
    -43.265174865722656,
    -43.35087966918945,
    -43.42449188232422,
    -43.487701416015625,
    -43.54220199584961,
    -43.58928298950195,
    -43.63001251220703,
    -43.66546630859375,
    -43.69635009765625,
    -43.72340774536133,
    -43.74718475341797,
    -43.7681770324707,
    -43.7867546081543,
    -43.80328369140625,
    -43.81793975830078,
    -43.831153869628906,
    -43.84300994873047,
    -43.853599548339844,
    -43.863258361816406,
    -43.871978759765625,
    -43.87986755371094,
    -43.8870849609375,
    -43.893714904785156,
    -43.89972686767578,
    -43.905235290527344,
    -43.910362243652344,
    -43.91501235961914,
    -43.919334411621094,
    -43.923309326171875,
    -43.92705535888672,
    -43.93049621582031,
    -43.933738708496094,
    -43.936710357666016,
    -43.939491271972656,
    -43.94209289550781,
    -43.94457244873047,
    -43.94682693481445,
    -43.948997497558594,
    -43.951019287109375,
    -43.95292282104492,
    -43.95471954345703,
    -43.956398010253906,
    -43.95802688598633,
    -43.95953369140625,
    -43.960960388183594,
    -43.96232604980469,
    -43.9636116027832,
    -43.9648323059082,
    -43.96601867675781,
    -43.96711730957031,
    -43.96819305419922,
    -43.96917724609375,
    -43.97016143798828,
    -43.97107696533203,
    -43.97194290161133,
    -43.972774505615234,
    -43.97356414794922,
    -43.97431945800781,
    -43.97504425048828,
    -43.975738525390625,
    -43.976463317871094,
    -43.97710037231445,
    -43.977718353271484
  ],