{
  "size": 16,
  "opt_val": -22.0,
  "method": "cQITE",
  "operations": [
    "Y0",
    "Y1",
    "Y2",
    "Y3",
    "Y4",
    "Y5",
    "Y6",
    "Y7",
    "Y8",
    "Y9",
    "Y10",
    "Y11",
    "Y12",
    "Y13",
    "Y14",
    "Y15"
  ],
  "dt": 0.1,
  "lr": 0.05,
  "lam": 1.1,
  "parameters": [
    0.0,
    -1.5707648992538452,
    1.5707956552505493,
    1.5707913637161255,
    1.5322834253311157,
    -1.5707954168319702,
    -1.5707836151123047,
    -1.5707954168319702,
    1.5707956552505493,
    1.5310918092727661,
    1.5707892179489136,
    -1.5501981973648071,
    1.5707900524139404,
    -1.5501980781555176,
    -1.570783019065857,
    1.570796012878418
  ],
  "opt_ratios": [
    3.0517545383190736e-05,
    4.0600396459922194e-05,
    5.570760549744591e-05,
    7.945825927890837e-05,
    0.0001183350250357762,
    0.00018418589024804533,
    0.00029880317742936313,
    0.000501990900374949,
    0.0008652554824948311,
    0.001515001873485744,
    0.002674356335774064,
    0.0047445353120565414,
    0.008463092148303986,
    0.015184340998530388,
    0.027290422469377518,
    0.048578232526779175,
    0.08411439508199692,
    0.13879872858524323,
    0.21457919478416443,
    0.30804669857025146,
    0.41077131032943726,
    0.5125259757041931,
    0.6050216555595398,
    0.6838463544845581,
    0.7481993436813354,
    0.7994925379753113,
    0.8399732112884521,
    0.8718864321708679,
    0.8971319198608398,
    0.9171992540359497,
    0.9332273006439209,
    0.9460799098014832,
    0.9564173817634583,
    0.9647500514984131,
    0.9714760780334473,
    0.9769121408462524,
    0.9813085198402405,
    0.9848654270172119,
    0.9877442121505737,
    0.9900749325752258,
    0.9919618368148804,
    0.9934890270233154,
    0.9947265982627869,
    0.9957290291786194,
    0.996540904045105,
    0.997197687625885,
    0.997730016708374,
    0.9981611967086792,
    0.9985105395317078,
    0.9987934827804565,
    0.999022364616394
  ],
  "expectations": [
    -11.999985694885254,
    -12.149737358093262,
    -12.307098388671875,
    -12.48797607421875,
    -12.707559585571289,
    -12.98004150390625,
    -13.31646728515625,
    -13.720577239990234,
    -14.18447208404541,
    -14.687920570373535,
    -15.205434799194336,
    -15.719133377075195,
    -16.228586196899414,
    -16.749940872192383,
    -17.304866790771484,
    -17.905681610107422,
    -18.543603897094727,
    -19.1870059967041,
    -19.792598724365234,
    -20.323060989379883,
    -20.758495330810547,
    -21.096860885620117,
    -21.348331451416016,
    -21.529085159301758,
    -21.656368255615234,
    -21.745466232299805,
    -21.808237075805664,
    -21.853164672851562,
    -21.886011123657227,
    -21.91050910949707,
    -21.929153442382812,
    -21.943567276000977,
    -21.954856872558594,
    -21.96376609802246,
    -21.970834732055664,
    -21.976497650146484,
    -21.981037139892578,
    -21.984683990478516,
    -21.987619400024414,
    -21.989990234375,
    -21.99190330505371,
    -21.99342918395996,
    -21.99468231201172,
    -21.995698928833008,
    -21.996524810791016,
    -21.997173309326172,
    -21.997705459594727,
    -21.998136520385742,
    -21.998491287231445,
    -21.998777389526367,
    -21.999000549316406
  ],
  "approx_ratios": [
    0.545453895222057,
    0.5522607890042391,
    0.5594135631214489,
    0.5676352761008523,
    0.577616344798695,
    0.5900018865411932,
    0.6052939675071023,
    0.6236626018177379,
    0.6447487310929731,
    0.667632753198797,
    0.6911561272361062,
    0.714506062594327,
    0.7376630089499734,
    0.7613609487360175,
    0.7865848541259766,
    0.8138946186412465,
    0.8428910862315785,
    0.8721366362138228,
    0.8996635783802379,
    0.9237754995172675,
    0.9435679695822976,
    0.9589482220736417,
    0.9703787023370917,
    0.9785947799682617,
    0.9843803752552379,
    0.9884302832863547,
    0.991283503445712,
    0.9933256669477983,
    0.9948186874389648,
    0.9959322322498668,
    0.9967797019264915,
    0.9974348761818626,
    0.9979480396617543,
    0.9983530044555664,
    0.9986743060025302,
    0.9989317113702948,
    0.999138051813299,
    0.9993038177490234,
    0.9994372454556552,
    0.9995450106534091,
    0.9996319684115323,
    0.9997013265436346,
    0.9997582869096235,
    0.9998044967651367,
    0.9998420368541371,
    0.9998715140602805,
    0.9998957027088512,
    0.99991529638117,
    0.9999314221468839,
    0.9999444267966531,
    0.999954570423473
  ],
  "iter": 50,
  "best_iter": 50,
  "norm_history": [],
  "w_history": [
    0
  ],
  "edges": [
    [
      6,
      12
    ],
    [
      6,
      4
    ],
    [
      6,
      3
    ],
    [
      12,
      1
    ],
    [
      12,
      7
    ],
    [
      4,
      9
    ],
    [
      4,
      1
    ],
    [
      9,
      14
    ],
    [
      9,
      1
    ],
    [
      0,
      2
    ],
    [
      0,
      8
    ],
    [
      0,
      15
    ],
    [
      2,
      7
    ],
    [
      2,
      13
    ],
    [
      14,
      10
    ],
    [
      14,
      3
    ],
    [
      8,
      11
    ],
    [
      8,
      5
    ],
    [
      3,
      5
    ],
    [
      11,
      10
    ],
    [
      11,
      13
    ],
    [
      5,
      15
    ],
    [
      15,
      7
    ],
    [
      10,
      13
    ]
  ]
}