{
  "size": 16,
  "opt_val": -21.0,
  "method": "cQITE",
  "operations": [
    "Y0",
    "Y1",
    "Y2",
    "Y3",
    "Y4",
    "Y5",
    "Y6",
    "Y7",
    "Y8",
    "Y9",
    "Y10",
    "Y11",
    "Y12",
    "Y13",
    "Y14",
    "Y15"
  ],
  "dt": 0.1,
  "lr": 0.05,
  "lam": 1.1,
  "parameters": [
    0.0,
    1.486929178237915,
    1.55665123462677,
    1.5707955360412598,
    -1.5707778930664062,
    -1.5707130432128906,
    -1.5707556009292603,
    -1.5707929134368896,
    1.5469202995300293,
    1.51692795753479,
    1.5707919597625732,
    -1.5707933902740479,
    1.5686906576156616,
    1.522905707359314,
    1.5707957744598389,
    -1.5707927942276
  ],
  "opt_ratios": [
    3.0517545383190736e-05,
    4.060038554598577e-05,
    5.4611700761597604e-05,
    7.497554906876758e-05,
    0.00010571501479716972,
    0.000153665678226389,
    0.0002306648821104318,
    0.00035751337418332696,
    0.0005711677949875593,
    0.0009377879905514419,
    0.0015761007089167833,
    0.002697607735171914,
    0.0046702297404408455,
    0.008104889653623104,
    0.013945669867098331,
    0.023519616574048996,
    0.038496702909469604,
    0.06073499098420143,
    0.09201028198003769,
    0.1336372047662735,
    0.18602705001831055,
    0.24831852316856384,
    0.3182796537876129,
    0.3926120698451996,
    0.46760818362236023,
    0.5398964285850525,
    0.6069760322570801,
    0.6673882603645325,
    0.7205840945243835,
    0.7666552066802979,
    0.8060690760612488,
    0.8394760489463806,
    0.8675848245620728,
    0.8910924792289734,
    0.9106526374816895,
    0.9268576502799988,
    0.940232515335083,
    0.9512372016906738,
    0.9602665305137634,
    0.967659056186676,
    0.9736993312835693,
    0.9786269068717957,
    0.9826422333717346,
    0.9859092831611633,
    0.9885668158531189,
    0.9907256364822388,
    0.9924787282943726,
    0.9939018487930298,
    0.995056688785553,
    0.9959929585456848,
    0.9967528581619263
  ],
  "expectations": [
    -11.999985694885254,
    -12.149738311767578,
    -12.305021286010742,
    -12.47673225402832,
    -12.673787117004395,
    -12.90351676940918,
    -13.171266555786133,
    -13.479608535766602,
    -13.827765464782715,
    -14.21209716796875,
    -14.627974510192871,
    -15.072000503540039,
    -15.542360305786133,
    -16.036069869995117,
    -16.545143127441406,
    -17.055526733398438,
    -17.550819396972656,
    -18.017837524414062,
    -18.449176788330078,
    -18.841989517211914,
    -19.19538688659668,
    -19.50874900817871,
    -19.78159523010254,
    -20.014080047607422,
    -20.207717895507812,
    -20.36566734313965,
    -20.492408752441406,
    -20.593135833740234,
    -20.67291831970215,
    -20.73621940612793,
    -20.786651611328125,
    -20.82706642150879,
    -20.859647750854492,
    -20.885982513427734,
    -20.9073543548584,
    -20.924718856811523,
    -20.938831329345703,
    -20.950319290161133,
    -20.959653854370117,
    -20.96725845336914,
    -20.973432540893555,
    -20.97844123840332,
    -20.982521057128906,
    -20.98581314086914,
    -20.98850440979004,
    -20.990678787231445,
    -20.992435455322266,
    -20.993865966796875,
    -20.99502944946289,
    -20.995962142944336,
    -20.996732711791992
  ],
  "approx_ratios": [
    0.5714278902326312,
    0.5785589672270275,
    0.5859533945719401,
    0.594130107334682,
    0.6035136722383045,
    0.6144531794956752,
    0.6272031693231492,
    0.6418861207507905,
    0.6584650221325102,
    0.6767665318080357,
    0.696570214771089,
    0.7177143096923828,
    0.7401123955136254,
    0.7636223747616723,
    0.7878639584495908,
    0.8121679396856398,
    0.8357533046177456,
    0.8579922630673363,
    0.878532228015718,
    0.8972375960577101,
    0.9140660422188895,
    0.9289880480085101,
    0.941980725242978,
    0.9530514308384487,
    0.9622722807384673,
    0.9697936830066499,
    0.9758289882114956,
    0.9806255158923921,
    0.9844246818905785,
    0.9874390193394252,
    0.9898405529203869,
    0.9917650676908947,
    0.9933165595644996,
    0.9945705958775112,
    0.9955883026123047,
    0.9964151836576915,
    0.9970872061593192,
    0.9976342519124349,
    0.9980787549700055,
    0.9984408787318638,
    0.998734882899693,
    0.99897339230492,
    0.9991676693870908,
    0.9993244352794829,
    0.9994525909423828,
    0.999556132725307,
    0.9996397835867745,
    0.9997079031808036,
    0.9997633071172805,
    0.9998077210925874,
    0.9998444148472377
  ],
  "iter": 50,
  "best_iter": 50,
  "norm_history": [],
  "w_history": [
    0
  ],
  "edges": [
    [
      3,
      4
    ],
    [
      3,
      15
    ],
    [
      3,
      0
    ],
    [
      4,
      9
    ],
    [
      4,
      13
    ],
    [
      9,
      7
    ],
    [
      9,
      12
    ],
    [
      5,
      13
    ],
    [
      5,
      2
    ],
    [
      5,
      1
    ],
    [
      13,
      8
    ],
    [
      1,
      6
    ],
    [
      1,
      2
    ],
    [
      6,
      8
    ],
    [
      6,
      10
    ],
    [
      8,
      15
    ],
    [
      15,
      10
    ],
    [
      2,
      11
    ],
    [
      11,
      14
    ],
    [
      11,
      10
    ],
    [
      14,
      0
    ],
    [
      14,
      7
    ],
    [
      0,
      12
    ],
    [
      7,
      12
    ]
  ]
}