{
  "size": 16,
  "opt_val": -22.0,
  "method": "cQITE",
  "operations": [
    "Y0",
    "Y1",
    "Y2",
    "Y3",
    "Y4",
    "Y5",
    "Y6",
    "Y7",
    "Y8",
    "Y9",
    "Y10",
    "Y11",
    "Y12",
    "Y13",
    "Y14",
    "Y15"
  ],
  "dt": 0.1,
  "lr": 0.05,
  "lam": 1.1,
  "parameters": [
    0.0,
    1.5707951784133911,
    1.5467866659164429,
    1.5707958936691284,
    1.5699262619018555,
    1.5467866659164429,
    -1.570775032043457,
    1.4804167747497559,
    -1.570784091949463,
    -1.5707581043243408,
    1.5707908868789673,
    -1.5707581043243408,
    1.5312049388885498,
    -1.5707908868789673,
    -1.5707954168319702,
    1.5312049388885498
  ],
  "opt_ratios": [
    3.0517545383190736e-05,
    3.322969496366568e-05,
    3.5823617508867756e-05,
    3.82979451387655e-05,
    4.051706855534576e-05,
    4.2191128159174696e-05,
    4.2877134546870366e-05,
    4.204234210192226e-05,
    3.923036638298072e-05,
    3.4317319659749046e-05,
    2.7726495318347588e-05,
    2.040504477918148e-05,
    1.3497674444806762e-05,
    7.90932790550869e-06,
    4.032337528769858e-06,
    1.7486603383076726e-06,
    6.285598033173301e-07,
    1.8262760193010763e-07,
    4.209771375940363e-08,
    7.642137589414233e-09,
    1.0982924569802321e-09,
    1.269121752134339e-10,
    1.2047999750630645e-11,
    9.620767724149992e-13,
    6.613476042846567e-14,
    3.998014569281611e-15,
    2.1657275885087873e-16,
    1.0688105746735465e-17,
    4.87407904140746e-19,
    2.079156274390968e-20,
    8.381723101055641e-22,
    3.223366438089749e-23,
    1.191123168898552e-24,
    4.2592652543831166e-26,
    1.4810292457295986e-27,
    5.027921486150692e-29,
    1.678756584330228e-30,
    5.514274562560472e-32,
    1.7828491393471316e-33,
    5.740640308667137e-35,
    1.820230473853161e-36,
    5.758993650510931e-38,
    1.796272653374803e-39,
    5.651156446929122e-41,
    1.7558269757989958e-42,
    5.465064010866787e-44,
    1.401298464324817e-45,
    0.0,
    0.0,
    0.0,
    0.0
  ],
  "expectations": [
    -11.999985694885254,
    -12.149736404418945,
    -12.305070877075195,
    -12.477409362792969,
    -12.676656723022461,
    -12.911205291748047,
    -13.18695068359375,
    -13.505598068237305,
    -13.862943649291992,
    -14.248974800109863,
    -14.651288986206055,
    -15.061206817626953,
    -15.478924751281738,
    -15.91383171081543,
    -16.379112243652344,
    -16.88292694091797,
    -17.420082092285156,
    -17.96871566772461,
    -18.495874404907227,
    -18.970121383666992,
    -19.372846603393555,
    -19.70087432861328,
    -19.961681365966797,
    -20.166996002197266,
    -20.328556060791016,
    -20.456289291381836,
    -20.558012008666992,
    -20.639631271362305,
    -20.70562744140625,
    -20.75927734375,
    -20.803104400634766,
    -20.83899688720703,
    -20.868431091308594,
    -20.892576217651367,
    -20.912370681762695,
    -20.9285831451416,
    -20.941858291625977,
    -20.95269203186035,
    -20.9615421295166,
    -20.968759536743164,
    -20.9746150970459,
    -20.979400634765625,
    -20.9832820892334,
    -20.986427307128906,
    -20.988994598388672,
    -20.991073608398438,
    -20.992759704589844,
    -20.994140625,
    -20.995235443115234,
    -20.996139526367188,
    -20.996864318847656
  ],
  "approx_ratios": [
    0.545453895222057,
    0.5522607456554066,
    0.559321403503418,
    0.5671549710360441,
    0.5762116692282937,
    0.5868729678067294,
    0.5994068492542614,
    0.6138908212835138,
    0.630133802240545,
    0.6476806727322665,
    0.6659676811911843,
    0.6846003098921343,
    0.7035874886946245,
    0.7233559868552468,
    0.7445051019841974,
    0.7674057700417258,
    0.791821913285689,
    0.8167598030783914,
    0.8407215638594194,
    0.862278244712136,
    0.8805839365178888,
    0.8954942876642401,
    0.9073491529984907,
    0.9166816364635121,
    0.9240252754905007,
    0.9298313314264471,
    0.934455091303045,
    0.9381650577891957,
    0.9411648837002841,
    0.943603515625,
    0.9455956545743075,
    0.9472271312366832,
    0.948565049604936,
    0.9496625553477894,
    0.9505623037164862,
    0.9512992338700728,
    0.9519026496193626,
    0.9523950923572887,
    0.9527973695234819,
    0.9531254334883257,
    0.9533915953202681,
    0.9536091197620739,
    0.953785549510609,
    0.9539285139604048,
    0.9540452090176669,
    0.9541397094726562,
    0.9542163502086293,
    0.9542791193181818,
    0.9543288837779652,
    0.9543699784712358,
    0.9544029235839844
  ],
  "iter": 50,
  "best_iter": 50,
  "norm_history": [],
  "w_history": [
    0
  ],
  "edges": [
    [
      6,
      12
    ],
    [
      6,
      15
    ],
    [
      6,
      10
    ],
    [
      12,
      9
    ],
    [
      12,
      2
    ],
    [
      15,
      5
    ],
    [
      15,
      11
    ],
    [
      5,
      13
    ],
    [
      5,
      8
    ],
    [
      13,
      3
    ],
    [
      13,
      2
    ],
    [
      3,
      14
    ],
    [
      3,
      0
    ],
    [
      1,
      9
    ],
    [
      1,
      0
    ],
    [
      1,
      11
    ],
    [
      9,
      7
    ],
    [
      2,
      8
    ],
    [
      8,
      10
    ],
    [
      4,
      14
    ],
    [
      4,
      0
    ],
    [
      4,
      7
    ],
    [
      14,
      10
    ],
    [
      11,
      7
    ]
  ]
}