{
  "size": 16,
  "opt_val": -21.0,
  "method": "cQITE",
  "operations": [
    "Y0",
    "Y1",
    "Y2",
    "Y3",
    "Y4",
    "Y5",
    "Y6",
    "Y7",
    "Y8",
    "Y9",
    "Y10",
    "Y11",
    "Y12",
    "Y13",
    "Y14",
    "Y15"
  ],
  "dt": 0.1,
  "lr": 0.05,
  "lam": 1.1,
  "parameters": [
    0.0,
    1.553573489189148,
    1.5707956552505493,
    -1.5705721378326416,
    1.3404242992401123,
    -1.5428013801574707,
    1.5707919597625732,
    1.5560821294784546,
    1.3299262523651123,
    -1.5688583850860596,
    -1.5688583850860596,
    1.5707190036773682,
    -1.5707913637161255,
    -1.555206298828125,
    1.5504554510116577,
    -0.8418053388595581
  ],
  "opt_ratios": [
    3.0517545383190736e-05,
    3.322969496366568e-05,
    3.597123941290192e-05,
    3.889340950991027e-05,
    4.2111583752557635e-05,
    4.5694538130192086e-05,
    4.963931132806465e-05,
    5.382522431318648e-05,
    5.7945526350522414e-05,
    6.143099744804204e-05,
    6.341099651763216e-05,
    6.280329398578033e-05,
    5.8641777286538854e-05,
    5.063881690148264e-05,
    3.9691080019110814e-05,
    2.780373142741155e-05,
    1.722929118841421e-05,
    9.402951036463492e-06,
    4.521718892647186e-06,
    1.9232948034186848e-06,
    7.27699330127507e-07,
    2.464758210862783e-07,
    7.518796962813212e-08,
    2.0761762087317948e-08,
    5.206936659618577e-09,
    1.1874131677913624e-09,
    2.4587989977398195e-10,
    4.604354050807835e-11,
    7.745901142719447e-12,
    1.1607291733675695e-12,
    1.5348590725206696e-13,
    1.7754201903671767e-14,
    1.7854518556713935e-15,
    1.5580551671900175e-16,
    1.183678416642764e-17,
    7.895062062652055e-19,
    4.6810286573695083e-20,
    2.5031567779234326e-21,
    1.2251252196152397e-22,
    5.5649880958758716e-24,
    2.3746670608273535e-25,
    9.620053198209287e-27,
    3.7304810429243827e-28,
    1.3958566971833676e-29,
    5.066932193993465e-31,
    1.7918341038860387e-32,
    6.198532781277102e-34,
    2.1052046280091725e-35,
    7.028148997026655e-37,
    2.3175331211983593e-38,
    7.547015178268097e-40
  ],
  "expectations": [
    -11.999985694885254,
    -12.144754409790039,
    -12.273567199707031,
    -12.394805908203125,
    -12.515608787536621,
    -12.642547607421875,
    -12.782135963439941,
    -12.941211700439453,
    -13.126937866210938,
    -13.346416473388672,
    -13.60559368133545,
    -13.90733528137207,
    -14.248756408691406,
    -14.618999481201172,
    -14.999654769897461,
    -15.369123458862305,
    -15.709394454956055,
    -16.010616302490234,
    -16.271089553833008,
    -16.494144439697266,
    -16.68505859375,
    -16.84937858581543,
    -16.992412567138672,
    -17.119308471679688,
    -17.235244750976562,
    -17.345542907714844,
    -17.455585479736328,
    -17.57059097290039,
    -17.695056915283203,
    -17.83208656311035,
    -17.982547760009766,
    -18.144493103027344,
    -18.31321144104004,
    -18.48220443725586,
    -18.64482879638672,
    -18.795921325683594,
    -18.932693481445312,
    -19.05466079711914,
    -19.16281509399414,
    -19.25887680053711,
    -19.344629287719727,
    -19.42160987854004,
    -19.491056442260742,
    -19.553882598876953,
    -19.610780715942383,
    -19.66221046447754,
    -19.70853614807129,
    -19.750032424926758,
    -19.78691864013672,
    -19.8194580078125,
    -19.847925186157227
  ],
  "approx_ratios": [
    0.5714278902326312,
    0.5783216385614305,
    0.5844555809384301,
    0.5902288527715773,
    0.5959813708350772,
    0.6020260765438988,
    0.6086731411161876,
    0.6162481762114025,
    0.625092279343378,
    0.6355436415899367,
    0.6478854133969262,
    0.6622540610177177,
    0.678512209937686,
    0.696142832438151,
    0.714269274757022,
    0.7318630218505859,
    0.748066402616955,
    0.7624103001185826,
    0.7748137882777623,
    0.7854354495093936,
    0.7945265997023809,
    0.8023513612293062,
    0.8091625031970796,
    0.8152051653180804,
    0.8207259405226934,
    0.8259782337007069,
    0.8312183561779204,
    0.836694808233352,
    0.8426217578706288,
    0.849146979195731,
    0.8563117980957031,
    0.8640234810965401,
    0.8720576876685733,
    0.88010497320266,
    0.8878489903041294,
    0.8950438726515997,
    0.9015568324497768,
    0.9073647998628163,
    0.9125150044759115,
    0.917089371454148,
    0.9211728232247489,
    0.9248385656447637,
    0.9281455448695591,
    0.9311372666131883,
    0.9338467007591611,
    0.9362957364036923,
    0.938501721336728,
    0.9404777345203218,
    0.9422342209588914,
    0.9437837146577381,
    0.9451392945789155
  ],
  "iter": 50,
  "best_iter": 50,
  "norm_history": [],
  "w_history": [
    0
  ],
  "edges": [
    [
      6,
      12
    ],
    [
      6,
      5
    ],
    [
      6,
      13
    ],
    [
      12,
      8
    ],
    [
      12,
      2
    ],
    [
      4,
      9
    ],
    [
      4,
      8
    ],
    [
      4,
      10
    ],
    [
      9,
      11
    ],
    [
      9,
      1
    ],
    [
      3,
      7
    ],
    [
      3,
      15
    ],
    [
      3,
      11
    ],
    [
      7,
      0
    ],
    [
      7,
      14
    ],
    [
      5,
      13
    ],
    [
      5,
      14
    ],
    [
      13,
      2
    ],
    [
      0,
      2
    ],
    [
      0,
      14
    ],
    [
      8,
      15
    ],
    [
      11,
      10
    ],
    [
      15,
      1
    ],
    [
      1,
      10
    ]
  ]
}