{
  "size": 16,
  "opt_val": -21.0,
  "method": "cQITE",
  "operations": [
    "Y0",
    "Y1",
    "Y2",
    "Y3",
    "Y4",
    "Y5",
    "Y6",
    "Y7",
    "Y8",
    "Y9",
    "Y10",
    "Y11",
    "Y12",
    "Y13",
    "Y14",
    "Y15"
  ],
  "dt": 0.1,
  "lr": 0.05,
  "lam": 1.1,
  "parameters": [
    0.0,
    1.5707956552505493,
    -1.5447194576263428,
    -1.5707933902740479,
    1.5707457065582275,
    -1.5707958936691284,
    -1.5028173923492432,
    -1.4965028762817383,
    -1.5413998365402222,
    1.5707677602767944,
    -1.5411994457244873,
    1.5707957744598389,
    1.5707958936691284,
    -1.5533782243728638,
    1.5706448554992676,
    1.5707881450653076
  ],
  "opt_ratios": [
    6.103509076638147e-05,
    8.120078564388677e-05,
    0.00011030309542547911,
    0.00015410257037729025,
    0.00022187383729033172,
    0.00032821588683873415,
    0.0004949055728502572,
    0.000751883490011096,
    0.0011371300788596272,
    0.0016987775452435017,
    0.0025068975519388914,
    0.0036798580549657345,
    0.005423196591436863,
    0.008079499937593937,
    0.0121926199644804,
    0.018586959689855576,
    0.02844936028122902,
    0.04337990656495094,
    0.06535008549690247,
    0.09648842364549637,
    0.13864447176456451,
    0.19278287887573242,
    0.2583928406238556,
    0.3331802785396576,
    0.4132733941078186,
    0.49399057030677795,
    0.5709252953529358,
    0.6408584713935852,
    0.7021227478981018,
    0.7544054388999939,
    0.7982707023620605,
    0.8347014784812927,
    0.864781379699707,
    0.8895333409309387,
    0.9098560214042664,
    0.9265153408050537,
    0.940150797367096,
    0.9512963891029358,
    0.9603962898254395,
    0.9678161144256592,
    0.9738609790802002,
    0.9787798523902893,
    0.9827800393104553,
    0.9860310554504395,
    0.9886712431907654,
    0.9908145666122437,
    0.992553174495697,
    0.9939635396003723,
    0.9951083064079285,
    0.9960353374481201,
    0.9967880845069885
  ],
  "expectations": [
    -11.999985694885254,
    -12.149738311767578,
    -12.309076309204102,
    -12.49771499633789,
    -12.734053611755371,
    -13.033470153808594,
    -13.402990341186523,
    -13.833894729614258,
    -14.298208236694336,
    -14.757406234741211,
    -15.181777000427246,
    -15.5643892288208,
    -15.917847633361816,
    -16.260990142822266,
    -16.607933044433594,
    -16.96438980102539,
    -17.329368591308594,
    -17.69881820678711,
    -18.068233489990234,
    -18.433055877685547,
    -18.78803062438965,
    -19.126909255981445,
    -19.44295883178711,
    -19.729751586914062,
    -19.981962203979492,
    -20.196186065673828,
    -20.37187385559082,
    -20.511489868164062,
    -20.619869232177734,
    -20.702922821044922,
    -20.766324996948242,
    -20.81494903564453,
    -20.85256004333496,
    -20.881938934326172,
    -20.905101776123047,
    -20.923526763916016,
    -20.93825340270996,
    -20.9500675201416,
    -20.959609985351562,
    -20.967296600341797,
    -20.973522186279297,
    -20.978548049926758,
    -20.982620239257812,
    -20.985923767089844,
    -20.988595962524414,
    -20.990760803222656,
    -20.99250602722168,
    -20.993915557861328,
    -20.99508285522461,
    -20.996002197265625,
    -20.99677276611328
  ],
  "approx_ratios": [
    0.5714278902326312,
    0.5785589672270275,
    0.586146490914481,
    0.5951292855398995,
    0.6063835053216844,
    0.6206414358956474,
    0.6382376352945963,
    0.6587568918863932,
    0.6808670588902065,
    0.702733630225772,
    0.722941761925107,
    0.7411613918486095,
    0.7579927444458008,
    0.7743328639439174,
    0.7908539544968378,
    0.8078280857631138,
    0.8252080281575521,
    0.8428008669898623,
    0.8603920709519159,
    0.8777645656040737,
    0.8946681249709356,
    0.9108052026657831,
    0.9258551824660528,
    0.9395119803292411,
    0.9515220097133091,
    0.961723145984468,
    0.9700892312186105,
    0.9767376127697173,
    0.9818985348656064,
    0.9858534676688058,
    0.9888726189022973,
    0.9911880493164062,
    0.9929790496826172,
    0.9943780444917225,
    0.9954810369582403,
    0.9963584173293341,
    0.9970596858433315,
    0.9976222628638858,
    0.998076665969122,
    0.9984426952543712,
    0.9987391517275855,
    0.9989784785679409,
    0.9991723923456102,
    0.9993297031947544,
    0.9994569505964007,
    0.9995600382486979,
    0.9996431441534133,
    0.9997102646600633,
    0.9997658502487909,
    0.9998096284412202,
    0.9998463221958706
  ],
  "iter": 50,
  "best_iter": 50,
  "norm_history": [
    1.5892256044480746e-07
  ],
  "w_history": [
    0
  ],
  "edges": [
    [
      8,
      15
    ],
    [
      8,
      14
    ],
    [
      8,
      7
    ],
    [
      15,
      3
    ],
    [
      15,
      13
    ],
    [
      0,
      11
    ],
    [
      0,
      1
    ],
    [
      0,
      12
    ],
    [
      11,
      13
    ],
    [
      11,
      5
    ],
    [
      6,
      14
    ],
    [
      6,
      2
    ],
    [
      6,
      9
    ],
    [
      14,
      7
    ],
    [
      3,
      9
    ],
    [
      3,
      12
    ],
    [
      9,
      2
    ],
    [
      12,
      5
    ],
    [
      5,
      1
    ],
    [
      1,
      10
    ],
    [
      2,
      4
    ],
    [
      4,
      7
    ],
    [
      4,
      10
    ],
    [
      13,
      10
    ]
  ]
}