{
  "size": 16,
  "opt_val": -21.0,
  "method": "cQITE",
  "operations": [
    "Y0",
    "Y1",
    "Y2",
    "Y3",
    "Y4",
    "Y5",
    "Y6",
    "Y7",
    "Y8",
    "Y9",
    "Y10",
    "Y11",
    "Y12",
    "Y13",
    "Y14",
    "Y15"
  ],
  "dt": 0.1,
  "lr": 0.05,
  "lam": 1.1,
  "parameters": [
    0.0,
    -1.570785641670227,
    1.5553721189498901,
    1.5282553434371948,
    1.5281850099563599,
    1.5554641485214233,
    -1.5707800388336182,
    1.4970738887786865,
    1.5707956552505493,
    1.5689313411712646,
    1.5707955360412598,
    -1.570793867111206,
    1.5707924365997314,
    -1.5707744359970093,
    -1.5707802772521973,
    -1.570793867111206
  ],
  "opt_ratios": [
    6.103509076638147e-05,
    8.120079291984439e-05,
    0.00010815442510647699,
    0.0001455289893783629,
    0.0001992408069781959,
    0.00027922747540287673,
    0.0004027556860819459,
    0.0006008804775774479,
    0.0009313130285590887,
    0.0015042002778500319,
    0.0025327964685857296,
    0.00442728865891695,
    0.00794783141463995,
    0.014398228377103806,
    0.02575230412185192,
    0.04451359435915947,
    0.0731809213757515,
    0.11347257345914841,
    0.16566815972328186,
    0.22834745049476624,
    0.29862716794013977,
    0.37282007932662964,
    0.44725391268730164,
    0.518909752368927,
    0.5856962203979492,
    0.6464113593101501,
    0.7005489468574524,
    0.7480852007865906,
    0.7893016934394836,
    0.8246628642082214,
    0.8547257781028748,
    0.8800859451293945,
    0.9013366103172302,
    0.9190415740013123,
    0.9337215423583984,
    0.9458426833152771,
    0.9558168649673462,
    0.9640015959739685,
    0.9707018136978149,
    0.9761759638786316,
    0.9806411862373352,
    0.984279215335846,
    0.9872387051582336,
    0.9896464347839355,
    0.991601288318634,
    0.9931891560554504,
    0.9944782257080078,
    0.9955236911773682,
    0.9963720440864563,
    0.9970595836639404,
    0.9976171255111694
  ],
  "expectations": [
    -11.999984741210938,
    -12.149736404418945,
    -12.303091049194336,
    -12.467700958251953,
    -12.650239944458008,
    -12.857172012329102,
    -13.095169067382812,
    -13.371406555175781,
    -13.693724632263184,
    -14.070403099060059,
    -14.509294509887695,
    -15.015506744384766,
    -15.587340354919434,
    -16.21149253845215,
    -16.860881805419922,
    -17.499414443969727,
    -18.092941284179688,
    -18.619068145751953,
    -19.069303512573242,
    -19.445003509521484,
    -19.75251007080078,
    -20.000272750854492,
    -20.197603225708008,
    -20.35384750366211,
    -20.477529525756836,
    -20.575895309448242,
    -20.654672622680664,
    -20.718242645263672,
    -20.76985740661621,
    -20.811979293823242,
    -20.846433639526367,
    -20.874649047851562,
    -20.897764205932617,
    -20.916688919067383,
    -20.93217658996582,
    -20.94482421875,
    -20.955127716064453,
    -20.963546752929688,
    -20.970399856567383,
    -20.975975036621094,
    -20.980501174926758,
    -20.984188079833984,
    -20.987159729003906,
    -20.989604949951172,
    -20.991554260253906,
    -20.99315071105957,
    -20.994447708129883,
    -20.995494842529297,
    -20.996349334716797,
    -20.997034072875977,
    -20.997591018676758
  ],
  "approx_ratios": [
    0.5714278448195684,
    0.5785588764009022,
    0.5858614785330636,
    0.5937000456310454,
    0.6023923783075242,
    0.6122462863013858,
    0.6235794793991816,
    0.636733645484561,
    0.6520821253458658,
    0.6700191951933361,
    0.6909187861851284,
    0.7150241306849888,
    0.7422543026152111,
    0.7719758351643881,
    0.8028991335914248,
    0.8333054497128441,
    0.8615686325799852,
    0.8866222926548549,
    0.9080620720272973,
    0.9259525480724516,
    0.9405957176571801,
    0.9523939405168805,
    0.9617906297956195,
    0.9692308335077195,
    0.9751204536074684,
    0.9798045385451544,
    0.9835558391752697,
    0.9865829831077939,
    0.9890408288864863,
    0.991046633039202,
    0.9926873161679223,
    0.9940309070405506,
    0.9951316288539341,
    0.9960328056698754,
    0.9967703138078962,
    0.9973725818452381,
    0.9978632245744977,
    0.9982641310918898,
    0.9985904693603516,
    0.998855954124814,
    0.9990714845203218,
    0.9992470514206659,
    0.9993885585239956,
    0.9995049976167225,
    0.9995978219168526,
    0.9996738433837891,
    0.999735605149042,
    0.9997854686918712,
    0.999826158796038,
    0.9998587653750465,
    0.9998852866036552
  ],
  "iter": 50,
  "best_iter": 50,
  "norm_history": [],
  "w_history": [
    0
  ],
  "edges": [
    [
      12,
      13
    ],
    [
      12,
      15
    ],
    [
      12,
      11
    ],
    [
      13,
      3
    ],
    [
      13,
      4
    ],
    [
      3,
      1
    ],
    [
      3,
      2
    ],
    [
      0,
      8
    ],
    [
      0,
      10
    ],
    [
      0,
      9
    ],
    [
      8,
      15
    ],
    [
      8,
      11
    ],
    [
      15,
      5
    ],
    [
      1,
      4
    ],
    [
      1,
      10
    ],
    [
      2,
      11
    ],
    [
      2,
      6
    ],
    [
      4,
      5
    ],
    [
      5,
      14
    ],
    [
      10,
      14
    ],
    [
      14,
      7
    ],
    [
      7,
      9
    ],
    [
      7,
      6
    ],
    [
      9,
      6
    ]
  ]
}