{
  "size": 16,
  "opt_val": -22.0,
  "method": "cQITE",
  "operations": [
    "Y0",
    "Y1",
    "Y2",
    "Y3",
    "Y4",
    "Y5",
    "Y6",
    "Y7",
    "Y8",
    "Y9",
    "Y10",
    "Y11",
    "Y12",
    "Y13",
    "Y14",
    "Y15"
  ],
  "dt": 0.1,
  "lr": 0.05,
  "lam": 1.1,
  "parameters": [
    0.0,
    1.5704714059829712,
    -0.8555602431297302,
    1.5704712867736816,
    1.5679891109466553,
    -0.1632559597492218,
    -1.5707812309265137,
    -1.570790410041809,
    -1.5483894348144531,
    -0.16325519979000092,
    1.5692603588104248,
    -1.191527009010315,
    1.5703840255737305,
    1.5707955360412598,
    -1.489262580871582,
    -0.855560302734375
  ],
  "opt_ratios": [
    6.103509076638147e-05,
    6.645938265137374e-05,
    7.052025466691703e-05,
    7.328991341637447e-05,
    7.477567123714834e-05,
    7.492398435715586e-05,
    7.364222983596846e-05,
    7.083300442900509e-05,
    6.643893721047789e-05,
    6.049552757758647e-05,
    5.3181494877208024e-05,
    4.48496502940543e-05,
    3.6019671824760735e-05,
    2.7321191737428308e-05,
    1.939170397236012e-05,
    1.2750386304105632e-05,
    7.68608515500091e-06,
    4.205439836368896e-06,
    2.0703698737634113e-06,
    9.110781320487149e-07,
    3.5701839351531817e-07,
    1.244961111979137e-07,
    3.872345288868928e-08,
    1.0798220095864508e-08,
    2.719414471386017e-09,
    6.240606920115965e-10,
    1.3179216051817377e-10,
    2.58704238587093e-11,
    4.765279750656992e-12,
    8.306925568420109e-13,
    1.3803284145026684e-13,
    2.1994753769487806e-14,
    3.37692003741087e-15,
    5.014445635657299e-16,
    7.221903493452651e-17,
    1.0107463007031417e-17,
    1.3767509329319806e-18,
    1.8282703912755888e-19,
    2.3653950167815542e-20,
    2.987129329894412e-21,
    3.6744295306304333e-22,
    4.4026096773000344e-23,
    5.1432855384805174e-24,
    5.840093574417997e-25,
    6.440315897006739e-26,
    6.88736429644186e-27,
    7.0806212552289105e-28,
    7.03339384187389e-29,
    6.64398058723179e-30,
    5.832582916237717e-31,
    4.8773532258449673e-32
  ],
  "expectations": [
    -11.999984741210938,
    -12.144754409790039,
    -12.273515701293945,
    -12.394064903259277,
    -12.512163162231445,
    -12.632166862487793,
    -12.75744342803955,
    -12.890663146972656,
    -13.03390121459961,
    -13.188699722290039,
    -13.356245040893555,
    -13.537555694580078,
    -13.733713150024414,
    -13.9458589553833,
    -14.174976348876953,
    -14.421365737915039,
    -14.684036254882812,
    -14.960296630859375,
    -15.245698928833008,
    -15.53428840637207,
    -15.819226264953613,
    -16.09360694885254,
    -16.35121726989746,
    -16.58730125427246,
    -16.79901123046875,
    -16.985536575317383,
    -17.148006439208984,
    -17.288936614990234,
    -17.411645889282227,
    -17.519668579101562,
    -17.61623764038086,
    -17.70401382446289,
    -17.785024642944336,
    -17.860586166381836,
    -17.931522369384766,
    -17.998167037963867,
    -18.06062889099121,
    -18.118824005126953,
    -18.172683715820312,
    -18.22218894958496,
    -18.2674560546875,
    -18.30877113342285,
    -18.34657859802246,
    -18.381534576416016,
    -18.414447784423828,
    -18.446277618408203,
    -18.47820281982422,
    -18.511493682861328,
    -18.547624588012695,
    -18.588159561157227,
    -18.63472557067871
  ],
  "approx_ratios": [
    0.5454538518732245,
    0.5520342913540927,
    0.557887077331543,
    0.5633665865117853,
    0.5687346891923384,
    0.5741894028403542,
    0.579883792183616,
    0.5859392339533026,
    0.5924500552090731,
    0.5994863510131836,
    0.6071020473133434,
    0.6153434406627308,
    0.6242596886374734,
    0.63390267979015,
    0.6443171067671343,
    0.6555166244506836,
    0.6674561934037642,
    0.6800134832208807,
    0.692986314946955,
    0.7061040184714578,
    0.7190557393160734,
    0.7315275885842063,
    0.7432371486317028,
    0.7539682388305664,
    0.7635914195667614,
    0.7720698443326083,
    0.7794548381458629,
    0.7858607552268289,
    0.7914384495128285,
    0.7963485717773438,
    0.8007380745627664,
    0.8047279011119496,
    0.8084102110429243,
    0.8118448257446289,
    0.8150691986083984,
    0.8180985017256304,
    0.8209376768632368,
    0.8235829093239524,
    0.8260310779918324,
    0.8282813158902255,
    0.8303389115767046,
    0.8322168697010387,
    0.8339353908192028,
    0.8355242989280007,
    0.8370203538374468,
    0.8384671644731001,
    0.8399183099920099,
    0.8414315310391512,
    0.843073844909668,
    0.8449163436889648,
    0.847032980485396
  ],
  "iter": 50,
  "best_iter": 50,
  "norm_history": [],
  "w_history": [
    0
  ],
  "edges": [
    [
      4,
      9
    ],
    [
      4,
      6
    ],
    [
      4,
      5
    ],
    [
      9,
      15
    ],
    [
      9,
      2
    ],
    [
      3,
      7
    ],
    [
      3,
      14
    ],
    [
      3,
      2
    ],
    [
      7,
      13
    ],
    [
      7,
      1
    ],
    [
      6,
      13
    ],
    [
      6,
      10
    ],
    [
      8,
      12
    ],
    [
      8,
      14
    ],
    [
      8,
      10
    ],
    [
      12,
      11
    ],
    [
      12,
      0
    ],
    [
      2,
      5
    ],
    [
      5,
      15
    ],
    [
      0,
      11
    ],
    [
      0,
      13
    ],
    [
      11,
      10
    ],
    [
      1,
      15
    ],
    [
      1,
      14
    ]
  ]
}