{
  "size": 16,
  "opt_val": -22.0,
  "method": "cQITE",
  "operations": [
    "Y0",
    "Y1",
    "Y2",
    "Y3",
    "Y4",
    "Y5",
    "Y6",
    "Y7",
    "Y8",
    "Y9",
    "Y10",
    "Y11",
    "Y12",
    "Y13",
    "Y14",
    "Y15"
  ],
  "dt": 0.1,
  "lr": 0.05,
  "lam": 1.1,
  "parameters": [
    0.0,
    1.5696427822113037,
    -1.5707688331604004,
    1.5707954168319702,
    1.5707955360412598,
    1.5707712173461914,
    -1.4989365339279175,
    1.4762870073318481,
    -1.540070652961731,
    -1.5707873106002808,
    -1.5707945823669434,
    -1.5707945823669434,
    1.5707930326461792,
    -1.5707939863204956,
    1.570764183998108,
    1.5707945823669434
  ],
  "opt_ratios": [
    6.103509076638147e-05,
    8.120075654005632e-05,
    0.00010923411173280329,
    0.00014970626216381788,
    0.00021032546646893024,
    0.00030451759812422097,
    0.00045637323637492955,
    0.0007102435920387506,
    0.0011492444900795817,
    0.0019297508988529444,
    0.003340402152389288,
    0.005885920021682978,
    0.010363711975514889,
    0.017853643745183945,
    0.0295674167573452,
    0.046669285744428635,
    0.07023079693317413,
    0.10120553523302078,
    0.14019495248794556,
    0.18710339069366455,
    0.240989089012146,
    0.30021828413009644,
    0.3627792000770569,
    0.4265994727611542,
    0.489785760641098,
    0.5507631301879883,
    0.6083253026008606,
    0.6616247892379761,
    0.7101360559463501,
    0.7536095380783081,
    0.7920256853103638,
    0.825547456741333,
    0.8544710874557495,
    0.8791801929473877,
    0.9001073241233826,
    0.9176988005638123,
    0.9323945045471191,
    0.9446038603782654,
    0.9547020196914673,
    0.9630235433578491,
    0.9698588252067566,
    0.9754591584205627,
    0.9800375699996948,
    0.9837750196456909,
    0.9868211150169373,
    0.989300549030304,
    0.9913179278373718,
    0.992956280708313,
    0.99428790807724,
    0.9953683018684387,
    0.9962453842163086
  ],
  "expectations": [
    -11.999985694885254,
    -12.149736404418945,
    -12.303092956542969,
    -12.467731475830078,
    -12.650568962097168,
    -12.85883903503418,
    -13.100971221923828,
    -13.387552261352539,
    -13.732046127319336,
    -14.150639533996582,
    -14.659597396850586,
    -15.268017768859863,
    -15.966254234313965,
    -16.717498779296875,
    -17.465864181518555,
    -18.16188621520996,
    -18.782175064086914,
    -19.32517433166504,
    -19.79526710510254,
    -20.19498062133789,
    -20.526859283447266,
    -20.796728134155273,
    -21.01350212097168,
    -21.187183380126953,
    -21.3270320892334,
    -21.440731048583984,
    -21.5341796875,
    -21.61175537109375,
    -21.67664337158203,
    -21.731143951416016,
    -21.776958465576172,
    -21.81545639038086,
    -21.847734451293945,
    -21.874679565429688,
    -21.897113800048828,
    -21.915685653686523,
    -21.931060791015625,
    -21.94371223449707,
    -21.954103469848633,
    -21.962629318237305,
    -21.96959114074707,
    -21.975278854370117,
    -21.979902267456055,
    -21.983680725097656,
    -21.986751556396484,
    -21.989246368408203,
    -21.991287231445312,
    -21.992916107177734,
    -21.994264602661133,
    -21.995342254638672,
    -21.996225357055664
  ],
  "approx_ratios": [
    0.545453895222057,
    0.5522607456554066,
    0.5592314980246804,
    0.5667150670831854,
    0.5750258619135077,
    0.5844926834106445,
    0.5954986919056285,
    0.6085251027887518,
    0.6241839148781516,
    0.6432108879089355,
    0.6663453362204812,
    0.6940008076754484,
    0.725738828832453,
    0.7598863081498579,
    0.7939029173417524,
    0.8255402825095437,
    0.8537352301857688,
    0.8784170150756836,
    0.8997848684137518,
    0.9179536646062677,
    0.9330390583385121,
    0.9453058242797852,
    0.9551591873168945,
    0.9630537900057706,
    0.969410549510609,
    0.9745786840265448,
    0.9788263494318182,
    0.9823525168678977,
    0.9853019714355469,
    0.9877792705189098,
    0.9898617484352805,
    0.9916116541082208,
    0.9930788386951793,
    0.9943036166104403,
    0.995323354547674,
    0.9961675297130238,
    0.9968663995916193,
    0.9974414652044122,
    0.9979137940840288,
    0.9983013326471503,
    0.9986177791248668,
    0.9988763115622781,
    0.999086466702548,
    0.9992582147771661,
    0.999397798018022,
    0.9995111985640093,
    0.999603965065696,
    0.9996780048717152,
    0.9997393001209606,
    0.9997882843017578,
    0.999828425320712
  ],
  "iter": 50,
  "best_iter": 50,
  "norm_history": [],
  "w_history": [
    0
  ],
  "edges": [
    [
      5,
      13
    ],
    [
      5,
      6
    ],
    [
      5,
      9
    ],
    [
      13,
      1
    ],
    [
      13,
      15
    ],
    [
      9,
      14
    ],
    [
      9,
      12
    ],
    [
      14,
      2
    ],
    [
      14,
      6
    ],
    [
      10,
      12
    ],
    [
      10,
      15
    ],
    [
      10,
      4
    ],
    [
      12,
      11
    ],
    [
      2,
      4
    ],
    [
      2,
      7
    ],
    [
      15,
      11
    ],
    [
      6,
      8
    ],
    [
      8,
      3
    ],
    [
      8,
      7
    ],
    [
      0,
      1
    ],
    [
      0,
      4
    ],
    [
      0,
      3
    ],
    [
      1,
      7
    ],
    [
      3,
      11
    ]
  ]
}