{
  "size": 16,
  "opt_val": -22.0,
  "method": "cQITE",
  "operations": [
    "Y0",
    "Y1",
    "Y2",
    "Y3",
    "Y4",
    "Y5",
    "Y6",
    "Y7",
    "Y8",
    "Y9",
    "Y10",
    "Y11",
    "Y12",
    "Y13",
    "Y14",
    "Y15"
  ],
  "dt": 0.1,
  "lr": 0.05,
  "lam": 1.1,
  "parameters": [
    0.0,
    1.5312753915786743,
    1.5707958936691284,
    -1.5707906484603882,
    -1.5707954168319702,
    1.5707950592041016,
    -1.5500046014785767,
    1.556659460067749,
    -1.5707850456237793,
    -1.570793628692627,
    1.5707906484603882,
    -1.5500046014785767,
    1.5707919597625732,
    1.5707958936691284,
    -1.5707913637161255,
    1.5707898139953613
  ],
  "opt_ratios": [
    3.0517545383190736e-05,
    4.0600396459922194e-05,
    5.571306974161416e-05,
    7.95712840044871e-05,
    0.00011904658458661288,
    0.00018731722957454622,
    0.00031042564660310745,
    0.0005410680314525962,
    0.000987737555988133,
    0.0018763216212391853,
    0.003679405665025115,
    0.007380524184554815,
    0.014975094236433506,
    0.030262185260653496,
    0.059594955295324326,
    0.11124588549137115,
    0.19131426513195038,
    0.2970326840877533,
    0.41470634937286377,
    0.5272844433784485,
    0.6237625479698181,
    0.7013253569602966,
    0.7620245814323425,
    0.8093355298042297,
    0.8464634418487549,
    0.8758907914161682,
    0.8994277715682983,
    0.918383002281189,
    0.9337204098701477,
    0.9461637139320374,
    0.9562739133834839,
    0.9644933938980103,
    0.9711753129959106,
    0.9766077995300293,
    0.9810212254524231,
    0.9846055507659912,
    0.9875167608261108,
    0.9898790121078491,
    0.9917954206466675,
    0.9933497905731201,
    0.994610071182251,
    0.9956320524215698,
    0.9964607357978821,
    0.9971327185630798,
    0.9976763129234314,
    0.9981173872947693,
    0.9984747171401978,
    0.998764157295227,
    0.9989986419677734,
    0.9991887211799622,
    0.9993427991867065
  ],
  "expectations": [
    -11.999985694885254,
    -12.149737358093262,
    -12.305118560791016,
    -12.478181838989258,
    -12.680378913879395,
    -12.922805786132812,
    -13.215412139892578,
    -13.565308570861816,
    -13.97492504119873,
    -14.44157886505127,
    -14.960443496704102,
    -15.53023910522461,
    -16.157365798950195,
    -16.853195190429688,
    -17.622385025024414,
    -18.445903778076172,
    -19.269756317138672,
    -20.016206741333008,
    -20.62013816833496,
    -21.06075668334961,
    -21.3592586517334,
    -21.55396270751953,
    -21.680343627929688,
    -21.763893127441406,
    -21.820947647094727,
    -21.86137580871582,
    -21.891042709350586,
    -21.91344451904297,
    -21.93077278137207,
    -21.944366455078125,
    -21.955162048339844,
    -21.963796615600586,
    -21.970718383789062,
    -21.976320266723633,
    -21.98082733154297,
    -21.98446273803711,
    -21.987422943115234,
    -21.989816665649414,
    -21.991743087768555,
    -21.993305206298828,
    -21.994565963745117,
    -21.99559211730957,
    -21.996429443359375,
    -21.997116088867188,
    -21.997650146484375,
    -21.99809455871582,
    -21.99845314025879,
    -21.998743057250977,
    -21.99897575378418,
    -21.99916648864746,
    -21.999324798583984
  ],
  "approx_ratios": [
    0.545453895222057,
    0.5522607890042391,
    0.5593235709450461,
    0.5671900835904208,
    0.5763808597217907,
    0.587400263006037,
    0.600700551813299,
    0.6166049350391735,
    0.6352238655090332,
    0.6564354029568759,
    0.6800201589410956,
    0.7059199593283914,
    0.7344257181340997,
    0.766054326837713,
    0.8010175011374734,
    0.8384501717307351,
    0.8758980144153942,
    0.9098275791515004,
    0.9372790076515891,
    0.9573071219704368,
    0.970875393260609,
    0.9797255776145242,
    0.9854701649058949,
    0.9892678694291548,
    0.9918612566861239,
    0.9936989003961737,
    0.9950473958795721,
    0.9960656599564985,
    0.996853308244185,
    0.9974712025035511,
    0.9979619112881747,
    0.9983543916182085,
    0.9986690174449574,
    0.9989236484874379,
    0.9991285150701349,
    0.9992937608198686,
    0.999428315596147,
    0.9995371211658824,
    0.9996246858076616,
    0.9996956911954012,
    0.9997529983520508,
    0.9997996416958895,
    0.9998377019708807,
    0.9998689131303267,
    0.9998931884765625,
    0.9999133890325372,
    0.9999296881935813,
    0.9999428662386808,
    0.9999534433538263,
    0.9999621131203391,
    0.9999693090265448
  ],
  "iter": 50,
  "best_iter": 50,
  "norm_history": [],
  "w_history": [
    0
  ],
  "edges": [
    [
      6,
      15
    ],
    [
      6,
      11
    ],
    [
      6,
      5
    ],
    [
      15,
      3
    ],
    [
      15,
      11
    ],
    [
      4,
      12
    ],
    [
      4,
      2
    ],
    [
      4,
      13
    ],
    [
      12,
      8
    ],
    [
      12,
      3
    ],
    [
      3,
      10
    ],
    [
      10,
      9
    ],
    [
      10,
      8
    ],
    [
      0,
      2
    ],
    [
      0,
      5
    ],
    [
      0,
      13
    ],
    [
      2,
      14
    ],
    [
      5,
      11
    ],
    [
      8,
      1
    ],
    [
      14,
      1
    ],
    [
      14,
      7
    ],
    [
      9,
      13
    ],
    [
      9,
      7
    ],
    [
      1,
      7
    ]
  ]
}