{
  "size": 16,
  "opt_val": -22.0,
  "method": "cQITE",
  "operations": [
    "Y0",
    "Y1",
    "Y2",
    "Y3",
    "Y4",
    "Y5",
    "Y6",
    "Y7",
    "Y8",
    "Y9",
    "Y10",
    "Y11",
    "Y12",
    "Y13",
    "Y14",
    "Y15"
  ],
  "dt": 0.1,
  "lr": 0.05,
  "lam": 1.1,
  "parameters": [
    0.0,
    1.5421040058135986,
    1.5707957744598389,
    -1.5521810054779053,
    1.5707957744598389,
    1.5434538125991821,
    1.5707927942276,
    -1.5707948207855225,
    1.5707929134368896,
    -1.5521810054779053,
    -1.5707933902740479,
    1.5707952976226807,
    1.5707944631576538,
    -1.5707839727401733,
    -1.5707945823669434,
    -1.5707929134368896
  ],
  "opt_ratios": [
    3.0517545383190736e-05,
    4.060039282194339e-05,
    5.571857400354929e-05,
    7.968410500325263e-05,
    0.0001198425015900284,
    0.0001910937571665272,
    0.00032518920488655567,
    0.0005929130711592734,
    0.0011578663252294064,
    0.00240538502112031,
    0.005233637988567352,
    0.011621729470789433,
    0.025428786873817444,
    0.05273720994591713,
    0.10031420737504959,
    0.17183077335357666,
    0.26455262303352356,
    0.369684636592865,
    0.47602203488349915,
    0.5740833878517151,
    0.6584343910217285,
    0.7276665568351746,
    0.7829899191856384,
    0.8266978859901428,
    0.8611713647842407,
    0.8884531855583191,
    0.9101529717445374,
    0.9274969100952148,
    0.9414168000221252,
    0.9526209235191345,
    0.9616608619689941,
    0.9689638614654541,
    0.9748696684837341,
    0.9796491265296936,
    0.9835172295570374,
    0.9866499304771423,
    0.9891869425773621,
    0.9912413954734802,
    0.9929053783416748,
    0.9942533373832703,
    0.9953452944755554,
    0.9962292909622192,
    0.9969455599784851,
    0.9975254535675049,
    0.9979951977729797,
    0.9983764290809631,
    0.9986844658851624,
    0.9989342093467712,
    0.9991365075111389,
    0.999300479888916,
    0.9994328618049622
  ],
  "expectations": [
    -11.999985694885254,
    -12.149737358093262,
    -12.303143501281738,
    -12.468528747558594,
    -12.654525756835938,
    -12.871397018432617,
    -13.132131576538086,
    -13.453451156616211,
    -13.856180191040039,
    -14.364012718200684,
    -14.998623847961426,
    -15.76882553100586,
    -16.65513038635254,
    -17.600194931030273,
    -18.521072387695312,
    -19.342615127563477,
    -20.024320602416992,
    -20.56053352355957,
    -20.96552276611328,
    -21.261138916015625,
    -21.470943450927734,
    -21.617084503173828,
    -21.718305587768555,
    -21.78892707824707,
    -21.839006423950195,
    -21.875341415405273,
    -21.902320861816406,
    -21.92275047302246,
    -21.938520431518555,
    -21.9507999420166,
    -21.960519790649414,
    -21.968236923217773,
    -21.97439193725586,
    -21.979341506958008,
    -21.983306884765625,
    -21.98650360107422,
    -21.989091873168945,
    -21.99117088317871,
    -21.992847442626953,
    -21.994213104248047,
    -21.995317459106445,
    -21.996198654174805,
    -21.996919631958008,
    -21.99749755859375,
    -21.997962951660156,
    -21.998355865478516,
    -21.99866485595703,
    -21.998910903930664,
    -21.999113082885742,
    -21.999279022216797,
    -21.999406814575195
  ],
  "approx_ratios": [
    0.545453895222057,
    0.5522607890042391,
    0.5592337955128063,
    0.5667513067072089,
    0.5752057162198153,
    0.5850635008378462,
    0.5969150716608221,
    0.6115205071189187,
    0.6298263723200018,
    0.652909669009122,
    0.6817556294527921,
    0.7167647968639027,
    0.7570513811978427,
    0.8000088605013761,
    0.8418669267134233,
    0.8792097785256126,
    0.9101963910189542,
    0.9345697056163441,
    0.9529783075506036,
    0.9664154052734375,
    0.9759519750421698,
    0.9825947501442649,
    0.9871957085349343,
    0.9904057762839578,
    0.9926821101795543,
    0.9943337007002397,
    0.995560039173473,
    0.9964886578646573,
    0.9972054741599343,
    0.9977636337280273,
    0.9982054450295188,
    0.9985562237826261,
    0.9988359971479936,
    0.9990609775890004,
    0.9992412220348011,
    0.9993865273215554,
    0.9995041760531339,
    0.9995986765081232,
    0.9996748837557706,
    0.9997369592840021,
    0.9997871572321112,
    0.9998272115534003,
    0.9998599832708185,
    0.9998862526633523,
    0.9999074068936434,
    0.9999252666126598,
    0.9999393116344105,
    0.999950495633212,
    0.9999596855857156,
    0.9999672282825817,
    0.9999730370261453
  ],
  "iter": 50,
  "best_iter": 50,
  "norm_history": [],
  "w_history": [
    0
  ],
  "edges": [
    [
      6,
      15
    ],
    [
      6,
      14
    ],
    [
      6,
      13
    ],
    [
      15,
      4
    ],
    [
      15,
      1
    ],
    [
      5,
      13
    ],
    [
      5,
      10
    ],
    [
      5,
      1
    ],
    [
      13,
      1
    ],
    [
      4,
      14
    ],
    [
      4,
      0
    ],
    [
      10,
      12
    ],
    [
      10,
      2
    ],
    [
      0,
      2
    ],
    [
      0,
      11
    ],
    [
      2,
      7
    ],
    [
      8,
      9
    ],
    [
      8,
      3
    ],
    [
      8,
      7
    ],
    [
      9,
      11
    ],
    [
      9,
      3
    ],
    [
      11,
      3
    ],
    [
      12,
      7
    ],
    [
      12,
      14
    ]
  ]
}