{
  "size": 16,
  "opt_val": -21.0,
  "method": "cQITE",
  "operations": [
    "Y0",
    "Y1",
    "Y2",
    "Y3",
    "Y4",
    "Y5",
    "Y6",
    "Y7",
    "Y8",
    "Y9",
    "Y10",
    "Y11",
    "Y12",
    "Y13",
    "Y14",
    "Y15"
  ],
  "dt": 0.1,
  "lr": 0.05,
  "lam": 1.1,
  "parameters": [
    0.0,
    -1.5490118265151978,
    -1.5404711961746216,
    -1.5532830953598022,
    1.5707828998565674,
    1.5707929134368896,
    -1.5531915426254272,
    1.570789098739624,
    -1.5707935094833374,
    -1.5493183135986328,
    1.5707886219024658,
    -1.5707943439483643,
    -1.5397669076919556,
    1.5707952976226807,
    1.5707954168319702,
    1.5707954168319702
  ],
  "opt_ratios": [
    9.15526325115934e-05,
    0.00010705976455938071,
    0.00012737285578623414,
    0.00015584658831357956,
    0.00019857609004247934,
    0.00026727316435426474,
    0.00038539059460163116,
    0.0006014248938299716,
    0.001018018345348537,
    0.001855025184340775,
    0.003581257537007332,
    0.007167933974415064,
    0.014502553269267082,
    0.028865445405244827,
    0.05503576621413231,
    0.09829451888799667,
    0.16203707456588745,
    0.24514243006706238,
    0.34125784039497375,
    0.44100892543792725,
    0.5356359481811523,
    0.6195337772369385,
    0.6906117796897888,
    0.7492297887802124,
    0.7969205379486084,
    0.8355132937431335,
    0.8667085766792297,
    0.891941487789154,
    0.9123734831809998,
    0.928933322429657,
    0.9423640966415405,
    0.9532598257064819,
    0.9620996713638306,
    0.9692717790603638,
    0.9750905632972717,
    0.9798093438148499,
    0.9836364984512329,
    0.9867390990257263,
    0.9892544150352478,
    0.9912933707237244,
    0.9929454922676086,
    0.9942845702171326,
    0.9953689575195312,
    0.9962491393089294,
    0.9969608187675476,
    0.9975376725196838,
    0.9980053305625916,
    0.9983841776847839,
    0.9986909031867981,
    0.9989394545555115,
    0.9991405606269836
  ],
  "expectations": [
    -11.999985694885254,
    -12.149738311767578,
    -12.303091049194336,
    -12.467729568481445,
    -12.650516510009766,
    -12.858404159545898,
    -13.099008560180664,
    -13.381065368652344,
    -13.71464729309082,
    -14.11097526550293,
    -14.581097602844238,
    -15.132580757141113,
    -15.763919830322266,
    -16.45856475830078,
    -17.183231353759766,
    -17.894371032714844,
    -18.550142288208008,
    -19.12021255493164,
    -19.589462280273438,
    -19.95708465576172,
    -20.2332763671875,
    -20.434526443481445,
    -20.57878875732422,
    -20.681949615478516,
    -20.756380081176758,
    -20.810945510864258,
    -20.8516902923584,
    -20.88267707824707,
    -20.906599044799805,
    -20.925291061401367,
    -20.9400577545166,
    -20.951780319213867,
    -20.961132049560547,
    -20.9686336517334,
    -20.97467613220215,
    -20.97952651977539,
    -20.983449935913086,
    -20.986608505249023,
    -20.989168167114258,
    -20.991228103637695,
    -20.99289894104004,
    -20.99424934387207,
    -20.995328903198242,
    -20.996232986450195,
    -20.996932983398438,
    -20.99751091003418,
    -20.997982025146484,
    -20.998363494873047,
    -20.99867057800293,
    -20.99892234802246,
    -20.99911880493164
  ],
  "approx_ratios": [
    0.5714278902326312,
    0.5785589672270275,
    0.5858614785330636,
    0.5937014080229259,
    0.6024055480957031,
    0.6123049599783761,
    0.6237623123895555,
    0.6371935889834449,
    0.6530784425281343,
    0.6719512031191871,
    0.6943379810878209,
    0.7205990836733863,
    0.750662849062965,
    0.7837411789667039,
    0.8182491120837984,
    0.8521129063197544,
    0.8833401089622861,
    0.910486312139602,
    0.932831537155878,
    0.9503373645600819,
    0.9634893508184523,
    0.9730726877848307,
    0.9799423217773438,
    0.984854743594215,
    0.9883990514846075,
    0.9909974052792504,
    0.9929376329694476,
    0.9944131942022414,
    0.9955523354666573,
    0.9964424314953032,
    0.9971456073579335,
    0.9977038247244698,
    0.9981491452171689,
    0.998506364368257,
    0.9987941015334356,
    0.9990250723702567,
    0.999211901710147,
    0.9993623097737631,
    0.9994841984340123,
    0.9995822906494141,
    0.9996618543352399,
    0.9997261592320034,
    0.9997775668189639,
    0.9998206184023902,
    0.9998539515904018,
    0.9998814719063895,
    0.9999039059593564,
    0.9999220711844308,
    0.9999366941906157,
    0.9999486832391649,
    0.9999580383300781
  ],
  "iter": 50,
  "best_iter": 50,
  "norm_history": [],
  "w_history": [
    0
  ],
  "edges": [
    [
      4,
      12
    ],
    [
      4,
      8
    ],
    [
      4,
      2
    ],
    [
      12,
      10
    ],
    [
      12,
      2
    ],
    [
      3,
      13
    ],
    [
      3,
      1
    ],
    [
      3,
      5
    ],
    [
      13,
      0
    ],
    [
      13,
      6
    ],
    [
      9,
      14
    ],
    [
      9,
      7
    ],
    [
      9,
      6
    ],
    [
      14,
      11
    ],
    [
      14,
      0
    ],
    [
      11,
      5
    ],
    [
      11,
      7
    ],
    [
      0,
      15
    ],
    [
      8,
      15
    ],
    [
      8,
      10
    ],
    [
      15,
      1
    ],
    [
      10,
      1
    ],
    [
      5,
      6
    ],
    [
      2,
      7
    ]
  ]
}