{
  "size": 16,
  "opt_val": -22.0,
  "method": "cQITE",
  "operations": [
    "Y0",
    "Y1",
    "Y2",
    "Y3",
    "Y4",
    "Y5",
    "Y6",
    "Y7",
    "Y8",
    "Y9",
    "Y10",
    "Y11",
    "Y12",
    "Y13",
    "Y14",
    "Y15"
  ],
  "dt": 0.1,
  "lr": 0.05,
  "lam": 1.1,
  "parameters": [
    0.0,
    1.5707902908325195,
    -1.5640660524368286,
    -1.5707942247390747,
    1.5707833766937256,
    1.5707954168319702,
    -1.5137068033218384,
    -1.5707261562347412,
    1.5707907676696777,
    -1.5706576108932495,
    1.570451259613037,
    -1.5707941055297852,
    1.4090534448623657,
    1.5707956552505493,
    -1.5707939863204956,
    1.570786476135254
  ],
  "opt_ratios": [
    3.0517545383190736e-05,
    4.0600396459922194e-05,
    5.461707405629568e-05,
    7.492356235161424e-05,
    0.00010553776519373059,
    0.00015350838657468557,
    0.00023152970243245363,
    0.00036299583734944463,
    0.0005917513044551015,
    0.0010005466174334288,
    0.0017442486714571714,
    0.003103644587099552,
    0.005555854644626379,
    0.009827735833823681,
    0.016858937218785286,
    0.027616025879979134,
    0.04283064231276512,
    0.06286006420850754,
    0.08776852488517761,
    0.11750899255275726,
    0.15203788876533508,
    0.1913076639175415,
    0.23517844080924988,
    0.28331243991851807,
    0.3350989520549774,
    0.38964125514030457,
    0.4458065629005432,
    0.5023269057273865,
    0.5579215884208679,
    0.61141437292099,
    0.6618251800537109,
    0.7084245085716248,
    0.7507434487342834,
    0.7885652780532837,
    0.8218856453895569,
    0.85086989402771,
    0.8758014440536499,
    0.8970397114753723,
    0.914980947971344,
    0.9300297498703003,
    0.942575991153717,
    0.9529823660850525,
    0.9615781307220459,
    0.9686523675918579,
    0.9744583368301392,
    0.9792112112045288,
    0.9830953478813171,
    0.9862636923789978,
    0.9888443350791931,
    0.9909443855285645,
    0.9926527142524719
  ],
  "expectations": [
    -11.999985694885254,
    -12.149737358093262,
    -12.303142547607422,
    -12.468441009521484,
    -12.653646469116211,
    -12.867253303527832,
    -13.118547439575195,
    -13.417715072631836,
    -13.775675773620605,
    -14.203458786010742,
    -14.710733413696289,
    -15.302634239196777,
    -15.974567413330078,
    -16.706083297729492,
    -17.45870018005371,
    -18.18300437927246,
    -18.83423614501953,
    -19.38620948791504,
    -19.83436393737793,
    -20.18933868408203,
    -20.468494415283203,
    -20.689722061157227,
    -20.868383407592773,
    -21.016347885131836,
    -21.14209747314453,
    -21.251333236694336,
    -21.347728729248047,
    -21.433576583862305,
    -21.51029396057129,
    -21.578781127929688,
    -21.63967514038086,
    -21.69353675842285,
    -21.74078369140625,
    -21.781938552856445,
    -21.817481994628906,
    -21.847959518432617,
    -21.873872756958008,
    -21.895755767822266,
    -21.914125442504883,
    -21.92946434020996,
    -21.942195892333984,
    -21.95271873474121,
    -21.96140480041504,
    -21.968521118164062,
    -21.974367141723633,
    -21.979137420654297,
    -21.983047485351562,
    -21.986228942871094,
    -21.98880958557129,
    -21.990907669067383,
    -21.992630004882812
  ],
  "approx_ratios": [
    0.545453895222057,
    0.5522607890042391,
    0.5592337521639738,
    0.5667473186146129,
    0.5751657485961914,
    0.584875150160356,
    0.5962976108897816,
    0.6098961396650835,
    0.6261670806191184,
    0.6456117630004883,
    0.6686697006225586,
    0.6955742835998535,
    0.7261167006059126,
    0.7593674226240679,
    0.7935772809115323,
    0.8265001990578391,
    0.8561016429554332,
    0.8811913403597745,
    0.9015619971535422,
    0.9176972129128196,
    0.9303861097856001,
    0.9404419118707831,
    0.9485628821633079,
    0.9552885402332653,
    0.9610044305974786,
    0.9659696925770153,
    0.9703513058749113,
    0.9742534810846503,
    0.9777406345714222,
    0.9808536876331676,
    0.9836215972900391,
    0.9860698526555841,
    0.9882174405184659,
    0.9900881160389293,
    0.9917037270285867,
    0.9930890690196644,
    0.9942669434980913,
    0.995261625810103,
    0.9960966110229492,
    0.9967938336459073,
    0.9973725405606356,
    0.997850851579146,
    0.9982456727461382,
    0.9985691417347301,
    0.9988348700783469,
    0.9990517009388317,
    0.9992294311523438,
    0.999374042857777,
    0.999491344798695,
    0.9995867122303356,
    0.999665000221946
  ],
  "iter": 50,
  "best_iter": 50,
  "norm_history": [],
  "w_history": [
    0
  ],
  "edges": [
    [
      6,
      15
    ],
    [
      6,
      4
    ],
    [
      6,
      2
    ],
    [
      15,
      3
    ],
    [
      15,
      11
    ],
    [
      4,
      14
    ],
    [
      4,
      7
    ],
    [
      5,
      7
    ],
    [
      5,
      0
    ],
    [
      5,
      14
    ],
    [
      7,
      12
    ],
    [
      3,
      13
    ],
    [
      3,
      8
    ],
    [
      13,
      0
    ],
    [
      13,
      2
    ],
    [
      8,
      9
    ],
    [
      8,
      11
    ],
    [
      9,
      1
    ],
    [
      9,
      12
    ],
    [
      0,
      10
    ],
    [
      10,
      12
    ],
    [
      10,
      11
    ],
    [
      1,
      2
    ],
    [
      1,
      14
    ]
  ]
}