{
  "size": 16,
  "opt_val": -20.0,
  "method": "cQITE",
  "operations": [
    "Y0",
    "Y1",
    "Y2",
    "Y3",
    "Y4",
    "Y5",
    "Y6",
    "Y7",
    "Y8",
    "Y9",
    "Y10",
    "Y11",
    "Y12",
    "Y13",
    "Y14",
    "Y15"
  ],
  "dt": 0.1,
  "lr": 0.05,
  "lam": 1.1,
  "parameters": [
    0.0,
    -1.3929046392440796,
    1.5288540124893188,
    1.544641137123108,
    -1.570757269859314,
    -1.570787787437439,
    1.5707916021347046,
    1.5707916021347046,
    -1.5167769193649292,
    -1.5506142377853394,
    -1.570789098739624,
    1.5707792043685913,
    1.5707240104675293,
    -1.5706281661987305,
    1.3913546800613403,
    1.5367511510849
  ],
  "opt_ratios": [
    0.0002441403630655259,
    0.000265837530605495,
    0.0002846202114596963,
    0.0003033782122656703,
    0.00032502348767593503,
    0.0003527773660607636,
    0.0003907592035830021,
    0.00044491689186543226,
    0.0005245278589427471,
    0.0006447609048336744,
    0.000831188983283937,
    0.0011278858873993158,
    0.0016119828214868903,
    0.0024195630103349686,
    0.003790527116507292,
    0.0061425501480698586,
    0.01018279418349266,
    0.017050111666321754,
    0.028432415798306465,
    0.046517420560121536,
    0.07357486337423325,
    0.11109703034162521,
    0.15882883965969086,
    0.21438440680503845,
    0.2739125192165375,
    0.33346977829933167,
    0.390207976102829,
    0.4427792727947235,
    0.4910484552383423,
    0.5355494618415833,
    0.5770207047462463,
    0.6161226034164429,
    0.6533149480819702,
    0.688833475112915,
    0.7227139472961426,
    0.754851758480072,
    0.785058856010437,
    0.813126802444458,
    0.8388698697090149,
    0.8621647357940674,
    0.882962167263031,
    0.9012938737869263,
    0.9172593951225281,
    0.9310157895088196,
    0.942754328250885,
    0.9526867270469666,
    0.9610304236412048,
    0.9679965972900391,
    0.9737809300422668,
    0.9785637259483337,
    0.9825035929679871
  ],
  "expectations": [
    -11.999984741210938,
    -12.1397705078125,
    -12.245967864990234,
    -12.331045150756836,
    -12.40482234954834,
    -12.47506046295166,
    -12.548261642456055,
    -12.630433082580566,
    -12.72756576538086,
    -12.845975875854492,
    -12.992362976074219,
    -13.173681259155273,
    -13.396631240844727,
    -13.66701889038086,
    -13.98898696899414,
    -14.3642578125,
    -14.79156494140625,
    -15.265896797180176,
    -15.77754020690918,
    -16.311073303222656,
    -16.84573745727539,
    -17.357912063598633,
    -17.825435638427734,
    -18.231922149658203,
    -18.569419860839844,
    -18.83873748779297,
    -19.04753875732422,
    -19.20710563659668,
    -19.32925796508789,
    -19.424278259277344,
    -19.500240325927734,
    -19.562950134277344,
    -19.616365432739258,
    -19.66314697265625,
    -19.70484161376953,
    -19.7424373626709,
    -19.776451110839844,
    -19.80718994140625,
    -19.834779739379883,
    -19.85936164855957,
    -19.88105010986328,
    -19.89999771118164,
    -19.916370391845703,
    -19.930418014526367,
    -19.942352294921875,
    -19.952407836914062,
    -19.960838317871094,
    -19.967863082885742,
    -19.97368049621582,
    -19.978490829467773,
    -19.982450485229492
  ],
  "approx_ratios": [
    0.5999992370605469,
    0.606988525390625,
    0.6122983932495117,
    0.6165522575378418,
    0.620241117477417,
    0.623753023147583,
    0.6274130821228028,
    0.6315216541290283,
    0.636378288269043,
    0.6422987937927246,
    0.6496181488037109,
    0.6586840629577637,
    0.6698315620422364,
    0.683350944519043,
    0.6994493484497071,
    0.718212890625,
    0.7395782470703125,
    0.7632948398590088,
    0.788877010345459,
    0.8155536651611328,
    0.8422868728637696,
    0.8678956031799316,
    0.8912717819213867,
    0.9115961074829102,
    0.9284709930419922,
    0.9419368743896485,
    0.9523769378662109,
    0.960355281829834,
    0.9664628982543946,
    0.9712139129638672,
    0.9750120162963867,
    0.9781475067138672,
    0.9808182716369629,
    0.9831573486328125,
    0.9852420806884765,
    0.987121868133545,
    0.9888225555419922,
    0.9903594970703125,
    0.9917389869689941,
    0.9929680824279785,
    0.994052505493164,
    0.994999885559082,
    0.9958185195922852,
    0.9965209007263184,
    0.9971176147460937,
    0.9976203918457032,
    0.9980419158935547,
    0.9983931541442871,
    0.998684024810791,
    0.9989245414733887,
    0.9991225242614746
  ],
  "iter": 50,
  "best_iter": 50,
  "norm_history": [],
  "w_history": [
    0
  ],
  "edges": [
    [
      3,
      4
    ],
    [
      3,
      13
    ],
    [
      3,
      14
    ],
    [
      4,
      15
    ],
    [
      4,
      11
    ],
    [
      12,
      13
    ],
    [
      12,
      1
    ],
    [
      12,
      5
    ],
    [
      13,
      14
    ],
    [
      15,
      10
    ],
    [
      15,
      2
    ],
    [
      9,
      11
    ],
    [
      9,
      1
    ],
    [
      9,
      2
    ],
    [
      11,
      10
    ],
    [
      0,
      8
    ],
    [
      0,
      7
    ],
    [
      0,
      6
    ],
    [
      8,
      6
    ],
    [
      8,
      7
    ],
    [
      2,
      5
    ],
    [
      5,
      6
    ],
    [
      1,
      14
    ],
    [
      10,
      7
    ]
  ]
}