{
  "size": 16,
  "opt_val": -21.0,
  "method": "cQITE",
  "operations": [
    "Y0",
    "Y1",
    "Y2",
    "Y3",
    "Y4",
    "Y5",
    "Y6",
    "Y7",
    "Y8",
    "Y9",
    "Y10",
    "Y11",
    "Y12",
    "Y13",
    "Y14",
    "Y15"
  ],
  "dt": 0.1,
  "lr": 0.05,
  "lam": 1.1,
  "parameters": [
    0.0,
    -1.5707937479019165,
    1.5707783699035645,
    -1.524595856666565,
    -1.5453892946243286,
    1.5707957744598389,
    -1.5642876625061035,
    -1.5707920789718628,
    1.5707950592041016,
    1.5707958936691284,
    -1.5662331581115723,
    -1.4914237260818481,
    -1.5371400117874146,
    1.5707800388336182,
    1.5707862377166748,
    1.5707436800003052
  ],
  "opt_ratios": [
    3.0517545383190736e-05,
    4.060038554598577e-05,
    5.571307701757178e-05,
    7.92588252807036e-05,
    0.00011720689508365467,
    0.00018023583106696606,
    0.00028765242313966155,
    0.00047445803647860885,
    0.000803841685410589,
    0.001388886128552258,
    0.0024296820629388094,
    0.004274929407984018,
    0.0075172181241214275,
    0.013120181858539581,
    0.02254370227456093,
    0.037780918180942535,
    0.061177808791399,
    0.09493786841630936,
    0.14038312435150146,
    0.19729019701480865,
    0.26370763778686523,
    0.3363867700099945,
    0.411565363407135,
    0.4857196509838104,
    0.5560576319694519,
    0.620713472366333,
    0.6786999106407166,
    0.7297253608703613,
    0.773973822593689,
    0.8119101524353027,
    0.8441377878189087,
    0.871311604976654,
    0.8940780162811279,
    0.9130496382713318,
    0.9287856817245483,
    0.9417857527732849,
    0.9524892568588257,
    0.9612773656845093,
    0.968474805355072,
    0.9743594527244568,
    0.9791603684425354,
    0.9830732345581055,
    0.9862585663795471,
    0.9888491630554199,
    0.9909541010856628,
    0.9926638007164001,
    0.9940513968467712,
    0.9951781034469604,
    0.9960914850234985,
    0.9968323707580566,
    0.9974328279495239
  ],
  "expectations": [
    -11.999984741210938,
    -12.149737358093262,
    -12.305070877075195,
    -12.47744369506836,
    -12.676939010620117,
    -12.912493705749512,
    -13.191193580627441,
    -13.517056465148926,
    -13.889846801757812,
    -14.305066108703613,
    -14.755865097045898,
    -15.235891342163086,
    -15.740686416625977,
    -16.266128540039062,
    -16.805147171020508,
    -17.34597396850586,
    -17.87328338623047,
    -18.37090301513672,
    -18.824573516845703,
    -19.224002838134766,
    -19.564481735229492,
    -19.846981048583984,
    -20.076717376708984,
    -20.261043548583984,
    -20.40773582458496,
    -20.524066925048828,
    -20.616321563720703,
    -20.689697265625,
    -20.74835968017578,
    -20.7955379486084,
    -20.833646774291992,
    -20.86457633972168,
    -20.889728546142578,
    -20.910240173339844,
    -20.92696189880371,
    -20.94059944152832,
    -20.951702117919922,
    -20.960756301879883,
    -20.968120574951172,
    -20.974140167236328,
    -20.979000091552734,
    -20.982959747314453,
    -20.986181259155273,
    -20.98879623413086,
    -20.99090576171875,
    -20.992624282836914,
    -20.994014739990234,
    -20.995153427124023,
    -20.996068954467773,
    -20.996810913085938,
    -20.99740982055664
  ],
  "approx_ratios": [
    0.5714278448195684,
    0.5785589218139648,
    0.5859557560511998,
    0.5941639854794457,
    0.6036637624104818,
    0.6148806526547387,
    0.6281520752679735,
    0.6436693554832822,
    0.6614212762741816,
    0.6811936242239816,
    0.7026602427164713,
    0.7255186353410993,
    0.7495564960298085,
    0.7745775495256696,
    0.8002451033819289,
    0.8259987604050409,
    0.8511087326776414,
    0.8748049054827008,
    0.8964082627069383,
    0.915428706577846,
    0.9316419873918805,
    0.9450943356468564,
    0.9560341607956659,
    0.9648115975516183,
    0.9717969440278553,
    0.9773365202404204,
    0.9817295982724145,
    0.9852236793154762,
    0.9880171276274181,
    0.9902637118384952,
    0.9920784178234282,
    0.9935512542724609,
    0.9947489783877418,
    0.9957257225399926,
    0.996521995181129,
    0.9971714019775391,
    0.9977001008533296,
    0.9981312524704706,
    0.998481932140532,
    0.9987685793922061,
    0.999000004359654,
    0.9991885593959263,
    0.9993419647216797,
    0.9994664873395648,
    0.9995669410342262,
    0.9996487753731864,
    0.9997149876185826,
    0.9997692108154297,
    0.9998128073556083,
    0.999848138718378,
    0.9998766581217448
  ],
  "iter": 50,
  "best_iter": 50,
  "norm_history": [],
  "w_history": [
    0
  ],
  "edges": [
    [
      6,
      12
    ],
    [
      6,
      5
    ],
    [
      6,
      9
    ],
    [
      12,
      8
    ],
    [
      12,
      14
    ],
    [
      3,
      4
    ],
    [
      3,
      15
    ],
    [
      3,
      2
    ],
    [
      4,
      14
    ],
    [
      4,
      2
    ],
    [
      5,
      7
    ],
    [
      5,
      0
    ],
    [
      7,
      2
    ],
    [
      7,
      15
    ],
    [
      0,
      8
    ],
    [
      0,
      9
    ],
    [
      8,
      1
    ],
    [
      14,
      1
    ],
    [
      15,
      11
    ],
    [
      9,
      10
    ],
    [
      10,
      11
    ],
    [
      10,
      13
    ],
    [
      11,
      13
    ],
    [
      13,
      1
    ]
  ]
}