{
  "size": 16,
  "opt_val": -22.0,
  "method": "cQITE",
  "operations": [
    "Y0",
    "Y1",
    "Y2",
    "Y3",
    "Y4",
    "Y5",
    "Y6",
    "Y7",
    "Y8",
    "Y9",
    "Y10",
    "Y11",
    "Y12",
    "Y13",
    "Y14",
    "Y15"
  ],
  "dt": 0.1,
  "lr": 0.05,
  "lam": 1.1,
  "parameters": [
    0.0,
    1.5707823038101196,
    -1.570772409439087,
    1.5707939863204956,
    1.5707956552505493,
    -1.5707948207855225,
    1.5555589199066162,
    1.5707955360412598,
    1.5707958936691284,
    -1.5707937479019165,
    -1.5430636405944824,
    -1.5707577466964722,
    1.5707935094833374,
    -1.5707956552505493,
    -1.5555652379989624,
    1.5014914274215698
  ],
  "opt_ratios": [
    3.0517545383190736e-05,
    4.0600396459922194e-05,
    5.5713091569487005e-05,
    7.957106572575867e-05,
    0.00011908426677109674,
    0.0001875858288258314,
    0.00031154908356256783,
    0.000544519629329443,
    0.0009953449480235577,
    0.001882447861135006,
    0.0036286255344748497,
    0.0070004588924348354,
    0.013254734687507153,
    0.02419060654938221,
    0.04201805219054222,
    0.06911319494247437,
    0.10778341442346573,
    0.15986216068267822,
    0.22582048177719116,
    0.303674578666687,
    0.38870400190353394,
    0.47467994689941406,
    0.5559303760528564,
    0.628799557685852,
    0.6918445825576782,
    0.7452051043510437,
    0.7898310422897339,
    0.8269339799880981,
    0.8576976656913757,
    0.8831643462181091,
    0.9042169451713562,
    0.9215936660766602,
    0.9359099268913269,
    0.9476832151412964,
    0.9573452472686768,
    0.9652597904205322,
    0.9717323780059814,
    0.9770168662071228,
    0.9813258647918701,
    0.9848353862762451,
    0.9876912236213684,
    0.990012526512146,
    0.9918988943099976,
    0.9934307336807251,
    0.994674026966095,
    0.9956823587417603,
    0.996500551700592,
    0.9971637725830078,
    0.9977014064788818,
    0.9981374144554138,
    0.9984906911849976
  ],
  "expectations": [
    -11.999985694885254,
    -12.149737358093262,
    -12.305121421813965,
    -12.478269577026367,
    -12.681220054626465,
    -12.926631927490234,
    -13.227537155151367,
    -13.596041679382324,
    -14.041128158569336,
    -14.566326141357422,
    -15.16806697845459,
    -15.834097862243652,
    -16.540857315063477,
    -17.252836227416992,
    -17.93092155456543,
    -18.548673629760742,
    -19.101627349853516,
    -19.59962272644043,
    -20.05130958557129,
    -20.455345153808594,
    -20.803285598754883,
    -21.088115692138672,
    -21.310209274291992,
    -21.47722816467285,
    -21.60035514831543,
    -21.690767288208008,
    -21.757694244384766,
    -21.807992935180664,
    -21.84652328491211,
    -21.876527786254883,
    -21.90023422241211,
    -21.919179916381836,
    -21.934415817260742,
    -21.946758270263672,
    -21.95676040649414,
    -21.964881896972656,
    -21.97148323059082,
    -21.976850509643555,
    -21.98121452331543,
    -21.98475456237793,
    -21.987638473510742,
    -21.989961624145508,
    -21.99186134338379,
    -21.99340057373047,
    -21.99464988708496,
    -21.995656967163086,
    -21.99648094177246,
    -21.997140884399414,
    -21.997678756713867,
    -21.998111724853516,
    -21.99846649169922
  ],
  "approx_ratios": [
    0.545453895222057,
    0.5522607890042391,
    0.5593237009915438,
    0.5671940716830167,
    0.5764190933921121,
    0.5875741785222833,
    0.6012516888705167,
    0.6180018945173784,
    0.638233098116788,
    0.6621057336980646,
    0.689457589929754,
    0.7197317210110751,
    0.7518571506847035,
    0.7842198285189542,
    0.8150418888438832,
    0.8431215286254883,
    0.8682557886297052,
    0.8908919421109286,
    0.9114231629805132,
    0.9297884160822089,
    0.9456038908524946,
    0.9585507132790305,
    0.9686458761041815,
    0.976237643848766,
    0.9818343249234286,
    0.9859439676458185,
    0.9889861020174894,
    0.9912724061445757,
    0.9930237856778231,
    0.9943876266479492,
    0.9954651919278231,
    0.996326359835538,
    0.9970189007845792,
    0.9975799213756215,
    0.9980345639315519,
    0.9984037225896661,
    0.9987037832086737,
    0.9989477504383434,
    0.9991461146961559,
    0.9993070255626332,
    0.9994381124323065,
    0.9995437101884321,
    0.9996300610628995,
    0.9997000260786577,
    0.9997568130493164,
    0.9998025894165039,
    0.9998400428078391,
    0.9998700401999734,
    0.9998944889415394,
    0.9999141693115234,
    0.9999302950772372
  ],
  "iter": 50,
  "best_iter": 50,
  "norm_history": [],
  "w_history": [
    0
  ],
  "edges": [
    [
      6,
      15
    ],
    [
      6,
      11
    ],
    [
      6,
      9
    ],
    [
      15,
      11
    ],
    [
      15,
      2
    ],
    [
      4,
      9
    ],
    [
      4,
      14
    ],
    [
      4,
      0
    ],
    [
      9,
      3
    ],
    [
      12,
      13
    ],
    [
      12,
      5
    ],
    [
      12,
      2
    ],
    [
      13,
      7
    ],
    [
      13,
      8
    ],
    [
      0,
      8
    ],
    [
      0,
      7
    ],
    [
      8,
      5
    ],
    [
      11,
      1
    ],
    [
      7,
      10
    ],
    [
      10,
      14
    ],
    [
      10,
      1
    ],
    [
      3,
      5
    ],
    [
      3,
      14
    ],
    [
      1,
      2
    ]
  ]
}