{
  "size": 24,
  "opt_val": -32.0,
  "method": "VQE",
  "operations": [
    "Z7_Y20",
    "Z7_Y10",
    "Z7_Y18",
    "Z20_Y11",
    "Z20_Y21",
    "Z10_Y22",
    "Z10_Y0",
    "Z18_Y5",
    "Z18_Y2",
    "Z11_Y19",
    "Z11_Y16",
    "Z21_Y9",
    "Z21_Y1",
    "Z4_Y9",
    "Z4_Y8",
    "Z9_Y23",
    "Z8_Y6",
    "Z12_Y19",
    "Z12_Y15",
    "Z12_Y3",
    "Z15_Y14",
    "Z3_Y13",
    "Z1_Y17",
    "Z4_Y5",
    "Z5_Y0",
    "Z8_Y2",
    "Z23_Y19",
    "Z23_Y6",
    "Z15_Y16",
    "Z3_Y22",
    "Z13_Y14",
    "Z13_Y1",
    "Z22_Y0",
    "Z14_Y2",
    "Z6_Y17",
    "Z16_Y17"
  ],
  "dt": 0.05,
  "lr": 0.05,
  "lam": 1.0,
  "mu": 0.9,
  "fix_step": 0,
  "constant_c": true,
  "parameters": [
    1.414682388305664,
    1.3693875074386597,
    1.3693888187408447,
    1.5583356618881226,
    1.5583359003067017,
    0.39045968651771545,
    0.5133983492851257,
    0.5027164220809937,
    0.6138264536857605,
    0.7430911064147949,
    1.3728958368301392,
    1.5512994527816772,
    1.4165709018707275,
    0.015456662513315678,
    1.375317931175232,
    1.5545525550842285,
    0.21886642277240753,
    0.11552122235298157,
    1.0682471990585327,
    1.06824791431427,
    0.7477053999900818,
    1.0682487487792969,
    0.47884735465049744,
    1.0472023487091064,
    0.7434678077697754,
    0.6138302683830261,
    0.7430878281593323,
    1.348618745803833,
    0.1955116093158722,
    1.1525822877883911,
    0.7477046847343445,
    0.15850654244422913,
    0.7472683787345886,
    0.6138233542442322,
    0.5344279408454895,
    0.5625658631324768
  ],
  "opt_ratios": [
    3.57627357061574e-07,
    1.3515793853002833e-06,
    2.486304765625391e-06,
    4.41614247392863e-06,
    7.580835699627642e-06,
    1.2590567166625988e-05,
    2.025595858867746e-05,
    3.160901178489439e-05,
    4.7910310968291014e-05,
    7.063857628963888e-05,
    0.0001014620647765696,
    0.000142191638587974,
    0.0001947205455508083,
    0.000260954606346786,
    0.00034274207428097725,
    0.0004418042954057455,
    0.00055967818479985,
    0.00069767190143466,
    0.0008568324847146869,
    0.001037930604070425,
    0.0012414611410349607,
    0.0014676488935947418,
    0.0017164770979434252,
    0.0019877019803971052,
    0.0022809007205069065,
    0.0025954735465347767,
    0.0029307103250175714,
    0.003285784740000963,
    0.003659810870885849,
    0.0040518371388316154,
    0.004460884258151054,
    0.004885934758931398,
    0.005325968377292156,
    0.005779938772320747,
    0.006246807985007763,
    0.006725496146827936,
    0.007214922457933426,
    0.0077139753848314285,
    0.008221505209803581,
    0.008736325427889824,
    0.009257195517420769,
    0.00978279858827591,
    0.010311799123883247,
    0.01084272749722004,
    0.011374094523489475,
    0.011904338374733925,
    0.012431807816028595,
    0.0129548329859972,
    0.013471697457134724,
    0.01398064661771059,
    0.014479957520961761,
    0.01496790535748005,
    0.015442870557308197,
    0.015903230756521225,
    0.016347553580999374,
    0.016774412244558334,
    0.01718262955546379,
    0.017571181058883667,
    0.01793915405869484,
    0.01828587055206299,
    0.018610790371894836,
    0.0189136303961277,
    0.019194182008504868,
    0.019452514126896858,
    0.01968873292207718,
    0.019903194159269333,
    0.020096316933631897,
    0.020268667489290237,
    0.020420784130692482,
    0.020553473383188248,
    0.02066740021109581,
    0.020763373002409935,
    0.020842231810092926,
    0.02090480551123619,
    0.020951874554157257,
    0.020984359085559845,
    0.021003009751439095,
    0.021008700132369995,
    0.021002167835831642,
    0.02098417840898037,
    0.020955456420779228,
    0.02091674879193306,
    0.020868759602308273,
    0.02081212028861046,
    0.020747462287545204,
    0.020675305277109146,
    0.020596209913492203,
    0.02051081508398056,
    0.02041957527399063,
    0.020322952419519424,
    0.020221412181854248,
    0.020115356892347336,
    0.020005233585834503,
    0.01989142596721649,
    0.019774235785007477,
    0.019654039293527603,
    0.019531171768903732,
    0.019405901432037354,
    0.01927853375673294,
    0.0191492959856987,
    0.01901846192777157
  ],
  "expectations": [
    -17.99997329711914,
    -18.895763397216797,
    -19.334218978881836,
    -19.76424789428711,
    -20.184003829956055,
    -20.59185028076172,
    -20.98642921447754,
    -21.36663818359375,
    -21.73165512084961,
    -22.080842971801758,
    -22.413936614990234,
    -22.730833053588867,
    -23.03162956237793,
    -23.316570281982422,
    -23.586105346679688,
    -23.840709686279297,
    -24.081008911132812,
    -24.30768585205078,
    -24.521448135375977,
    -24.723011016845703,
    -24.91315460205078,
    -25.092565536499023,
    -25.26202392578125,
    -25.422161102294922,
    -25.57376480102539,
    -25.717370986938477,
    -25.85368537902832,
    -25.98319435119629,
    -26.10651397705078,
    -26.22412872314453,
    -26.33653450012207,
    -26.444128036499023,
    -26.54737091064453,
    -26.646589279174805,
    -26.742197036743164,
    -26.834468841552734,
    -26.923690795898438,
    -27.01015853881836,
    -27.094100952148438,
    -27.175750732421875,
    -27.25527572631836,
    -27.332841873168945,
    -27.408649444580078,
    -27.482759475708008,
    -27.5552978515625,
    -27.626373291015625,
    -27.695995330810547,
    -27.764244079589844,
    -27.8311767578125,
    -27.896732330322266,
    -27.9609432220459,
    -28.023773193359375,
    -28.08525276184082,
    -28.145286560058594,
    -28.20389175415039,
    -28.260967254638672,
    -28.316516876220703,
    -28.370494842529297,
    -28.422849655151367,
    -28.47355079650879,
    -28.5225830078125,
    -28.569950103759766,
    -28.615625381469727,
    -28.659557342529297,
    -28.701824188232422,
    -28.742427825927734,
    -28.781375885009766,
    -28.818695068359375,
    -28.854429244995117,
    -28.888599395751953,
    -28.9212646484375,
    -28.952482223510742,
    -28.98229217529297,
    -29.0107421875,
    -29.037864685058594,
    -29.063735961914062,
    -29.08841896057129,
    -29.111934661865234,
    -29.13433074951172,
    -29.155689239501953,
    -29.176055908203125,
    -29.195430755615234,
    -29.213886260986328,
    -29.23149299621582,
    -29.248266220092773,
    -29.264240264892578,
    -29.279434204101562,
    -29.293949127197266,
    -29.30777359008789,
    -29.320926666259766,
    -29.333477020263672,
    -29.34541893005371,
    -29.356830596923828,
    -29.367685317993164,
    -29.37804412841797,
    -29.387910842895508,
    -29.39733123779297,
    -29.406333923339844,
    -29.414878845214844,
    -29.423053741455078,
    -29.430856704711914
  ],