{
  "size": 24,
  "opt_val": -32.0,
  "method": "VQE",
  "operations": [
    "Z7_Y23",
    "Z7_Y19",
    "Z7_Y6",
    "Z23_Y20",
    "Z23_Y3",
    "Z19_Y1",
    "Z19_Y17",
    "Z6_Y14",
    "Z6_Y13",
    "Z20_Y0",
    "Z20_Y22",
    "Z0_Y4",
    "Z0_Y8",
    "Z22_Y2",
    "Z14_Y16",
    "Z14_Y12",
    "Z16_Y10",
    "Z12_Y9",
    "Z12_Y15",
    "Z10_Y5",
    "Z10_Y21",
    "Z5_Y11",
    "Z4_Y18",
    "Z3_Y22",
    "Z3_Y1",
    "Z16_Y13",
    "Z13_Y17",
    "Z5_Y17",
    "Z11_Y9",
    "Z11_Y21",
    "Z4_Y2",
    "Z18_Y8",
    "Z18_Y15",
    "Z2_Y8",
    "Z15_Y1",
    "Z21_Y9"
  ],
  "dt": 0.05,
  "lr": 0.05,
  "lam": 1.0,
  "mu": 0.9,
  "fix_step": 0,
  "constant_c": true,
  "parameters": [
    1.506355881690979,
    0.9017897248268127,
    1.5368202924728394,
    1.5605177879333496,
    1.5441323518753052,
    0.11412808299064636,
    1.08110511302948,
    1.5663161277770996,
    0.790651798248291,
    1.402566909790039,
    0.7362351417541504,
    1.5588699579238892,
    0.5318853855133057,
    -0.023449109867215157,
    1.5570605993270874,
    1.5461275577545166,
    1.4681997299194336,
    1.0719610452651978,
    0.7392163276672363,
    1.5062322616577148,
    1.0142991542816162,
    1.5021799802780151,
    1.5683190822601318,
    0.8266212344169617,
    0.7531012892723083,
    0.7771210670471191,
    0.3740736246109009,
    0.7907059192657471,
    0.1717422604560852,
    0.5563865303993225,
    1.498264193534851,
    0.5669357180595398,
    0.8313013911247253,
    0.47208958864212036,
    0.8676877617835999,
    0.6532359719276428
  ],
  "opt_ratios": [
    4.7683647608209867e-07,
    1.8178125174017623e-06,
    3.38760219165124e-06,
    6.1322407418629155e-06,
    1.0795822163345292e-05,
    1.8506829292164184e-05,
    3.093004852416925e-05,
    5.045811121817678e-05,
    8.04462906671688e-05,
    0.00012549248640425503,
    0.00019176225760020316,
    0.00028735428350046277,
    0.00042270327685400844,
    0.0006110062240622938,
    0.0008686611545272171,
    0.0012157014571130276,
    0.0016762074083089828,
    0.0022786674089729786,
    0.003056278917938471,
    0.004047168418765068,
    0.005294499918818474,
    0.00684644840657711,
    0.008756076917052269,
    0.011081045493483543,
    0.013883124105632305,
    0.017227595672011375,
    0.021182484924793243,
    0.02581753209233284,
    0.03120311349630356,
    0.03740904852747917,
    0.044502973556518555,
    0.05254927650094032,
    0.0616070032119751,
    0.07172881811857224,
    0.08295926451683044,
    0.09533361345529556,
    0.10887590050697327,
    0.12359888851642609,
    0.13950201869010925,
    0.156571626663208,
    0.17477983236312866,
    0.19408470392227173,
    0.21443063020706177,
    0.2357477843761444,
    0.257953941822052,
    0.2809556722640991,
    0.3046477735042572,
    0.3289172947406769,
    0.3536444902420044,
    0.37870389223098755,
    0.40396809577941895,
    0.4293087124824524,
    0.4545995891094208,
    0.4797179698944092,
    0.5045485496520996,
    0.528982400894165,
    0.5529199242591858,
    0.576271653175354,
    0.5989612340927124,
    0.6209211349487305,
    0.6420984864234924,
    0.662449836730957,
    0.6819447875022888,
    0.7005617618560791,
    0.7182897925376892,
    0.73512864112854,
    0.751083254814148,
    0.7661671042442322,
    0.7803980112075806,
    0.7938001155853271,
    0.8064009547233582,
    0.8182309865951538,
    0.8293220400810242,
    0.8397087454795837,
    0.8494266271591187,
    0.85850989818573,
    0.8669940233230591,
    0.8749133348464966,
    0.8823032379150391,
    0.8891949653625488,
    0.8956198692321777,
    0.9016100764274597,
    0.907192587852478,
    0.9123964309692383,
    0.9172462821006775,
    0.9217672944068909,
    0.9259824752807617,
    0.929912805557251,
    0.9335777759552002,
    0.9369986057281494,
    0.9401906132698059,
    0.9431726932525635,
    0.9459578990936279,
    0.9485602378845215,
    0.9509949088096619,
    0.9532724022865295,
    0.9554035663604736,
    0.9573991298675537,
    0.9592706561088562,
    0.9610248804092407,
    0.9626716375350952
  ],
  "expectations": [
    -17.99997329711914,
    -18.89661407470703,
    -19.338306427001953,
    -19.774761199951172,
    -20.205114364624023,
    -20.628433227539062,
    -21.043949127197266,
    -21.450923919677734,
    -21.848731994628906,
    -22.236881256103516,
    -22.61501693725586,
    -22.98278045654297,
    -23.34001922607422,
    -23.686626434326172,
    -24.02259635925293,
    -24.347965240478516,
    -24.662857055664062,
    -24.96741485595703,
    -25.26183319091797,
    -25.54635238647461,
    -25.821252822875977,
    -26.08678436279297,
    -26.343246459960938,
    -26.59095001220703,
    -26.830204010009766,
    -27.061262130737305,
    -27.284446716308594,
    -27.5,
    -27.708147048950195,
    -27.909149169921875,
    -28.103158950805664,
    -28.290449142456055,
    -28.471086502075195,
    -28.6452693939209,
    -28.813133239746094,
    -28.97486114501953,
    -29.130496978759766,
    -29.280242919921875,
    -29.424184799194336,
    -29.562480926513672,
    -29.69525909423828,
    -29.82261848449707,
    -29.944721221923828,
    -30.06165885925293,
    -30.17356300354004,
    -30.280597686767578,
    -30.382816314697266,
    -30.480358123779297,
    -30.57337188720703,
    -30.66193389892578,
    -30.746150970458984,
    -30.826122283935547,
    -30.901966094970703,
    -30.973773956298828,
    -31.04168701171875,
    -31.105812072753906,
    -31.16623878479004,
    -31.22309112548828,
    -31.276533126831055,
    -31.326631546020508,
    -31.37358856201172,
    -31.417490005493164,
    -31.458507537841797,
    -31.49675750732422,
    -31.532358169555664,
    -31.565515518188477,
    -31.596324920654297,
    -31.624950408935547,
    -31.651479721069336,
    -31.67607307434082,
    -31.6988525390625,
    -31.71996307373047,
    -31.739473342895508,
    -31.757518768310547,
    -31.774208068847656,
    -31.789634704589844,
    -31.803878784179688,
    -31.817041397094727,
    -31.829242706298828,
    -31.840496063232422,
    -31.850873947143555,
    -31.86050033569336,
    -31.869384765625,
    -31.87761688232422,
    -31.885223388671875,
    -31.892261505126953,
    -31.89879608154297,
    -31.904827117919922,
    -31.910404205322266,
    -31.915607452392578,
    -31.92039680480957,
    -31.924896240234375,
    -31.929039001464844,
    -31.932872772216797,
    -31.93647003173828,
    -31.93981170654297,
    -31.942920684814453,
    -31.945785522460938,
    -31.948482513427734,
    -31.95098114013672,
    -31.953346252441406
  ],