{
  "size": 24,
  "opt_val": -33.0,
  "method": "VQE",
  "operations": [
    "Z7_Y17",
    "Z7_Y23",
    "Z7_Y22",
    "Z17_Y21",
    "Z17_Y2",
    "Z23_Y0",
    "Z23_Y9",
    "Z21_Y4",
    "Z21_Y10",
    "Z2_Y11",
    "Z6_Y15",
    "Z6_Y11",
    "Z6_Y14",
    "Z15_Y5",
    "Z15_Y16",
    "Z11_Y13",
    "Z14_Y8",
    "Z14_Y18",
    "Z16_Y1",
    "Z9_Y20",
    "Z12_Y19",
    "Z12_Y1",
    "Z12_Y3",
    "Z22_Y2",
    "Z22_Y9",
    "Z5_Y4",
    "Z5_Y10",
    "Z16_Y10",
    "Z0_Y8",
    "Z0_Y18",
    "Z19_Y3",
    "Z19_Y18",
    "Z1_Y13",
    "Z4_Y20",
    "Z20_Y13",
    "Z3_Y8"
  ],
  "dt": 0.05,
  "lr": 0.05,
  "lam": 1.0,
  "mu": 0.9,
  "fix_step": 0,
  "constant_c": true,
  "parameters": [
    1.5382022857666016,
    1.5399450063705444,
    1.567032814025879,
    1.305013656616211,
    1.0554999113082886,
    1.414682149887085,
    1.1920294761657715,
    0.4060980975627899,
    0.07083280384540558,
    0.24827560782432556,
    1.4691767692565918,
    1.246963620185852,
    1.4146836996078491,
    1.526562213897705,
    1.551812767982483,
    0.7318421006202698,
    0.6138328313827515,
    0.6138265132904053,
    1.0871703624725342,
    0.7357627153396606,
    0.4340701401233673,
    0.4778636693954468,
    0.7489405274391174,
    0.5037890672683716,
    0.31068000197410583,
    1.0837271213531494,
    0.7595393061637878,
    0.759543240070343,
    0.61383056640625,
    0.6138255596160889,
    0.7489463090896606,
    0.6138255000114441,
    0.7460653185844421,
    0.5115790367126465,
    0.25068047642707825,
    0.6138222813606262
  ],
  "opt_ratios": [
    1.1920911902052467e-07,
    4.912138820145628e-07,
    9.349276979264687e-07,
    1.7089653283619555e-06,
    3.0046185202081688e-06,
    5.089163096272387e-06,
    8.318316758959554e-06,
    1.3143640899215825e-05,
    2.0112154743401334e-05,
    2.9856399123673327e-05,
    4.307418203097768e-05,
    6.049850344425067e-05,
    8.285946387331933e-05,
    0.00011084089783253148,
    0.0001450352865504101,
    0.0001859002950368449,
    0.00023372078430838883,
    0.0002885785070247948,
    0.00035033351741731167,
    0.0004186154983472079,
    0.0004928298876620829,
    0.0005721744382753968,
    0.0006556674488820136,
    0.0007421848131343722,
    0.0008305049268528819,
    0.0009193540900014341,
    0.0010074533056467772,
    0.0010935687460005283,
    0.0011765453964471817,
    0.0012553432025015354,
    0.001329065184108913,
    0.001396966865286231,
    0.001458471640944481,
    0.0015131663531064987,
    0.0015607945388182998,
    0.001601247233338654,
    0.001634545042179525,
    0.0016608305741101503,
    0.0016803292091935873,
    0.0016933500301092863,
    0.0017002602107822895,
    0.0017014654586091638,
    0.0016974038444459438,
    0.0016885242657735944,
    0.0016752842348068953,
    0.001658133463934064,
    0.0016375103732571006,
    0.00161383964587003,
    0.0015875243116170168,
    0.0015589365502819419,
    0.0015284338733181357,
    0.0014963404973968863,
    0.0014629581710323691,
    0.0014285598881542683,
    0.0013933946611359715,
    0.0013576861238107085,
    0.0013216338120400906,
    0.0012854170054197311,
    0.0012491964735090733,
    0.0012131077237427235,
    0.0011772732250392437,
    0.0011417974019423127,
    0.0011067729210481048,
    0.0010722728911787271,
    0.001038371934555471,
    0.0010051167337223887,
    0.0009725512936711311,
    0.0009407158941030502,
    0.000909635447897017,
    0.0008793268934823573,
    0.0008498023962602019,
    0.0008210757514461875,
    0.0007931527215987444,
    0.0007660393603146076,
    0.0007397335139103234,
    0.0007142284885048866,
    0.0006895127007737756,
    0.0006655726465396583,
    0.0006423966842703521,
    0.0006199711933732033,
    0.0005982777802273631,
    0.0005773013108409941,
    0.0005570254288613796,
    0.0005374340107664466,
    0.0005185066256672144,
    0.0005002189427614212,
    0.0004825643845833838,
    0.00046550866682082415,
    0.0004490455612540245,
    0.0004331447998993099,
    0.0004177970695309341,
    0.00040298080421052873,
    0.00038868296542204916,
    0.000374867842765525,
    0.0003615360474213958,
    0.00034866458736360073,
    0.0003362387651577592,
    0.0003242401289753616,
    0.0003126577939838171,
    0.0003014709800481796,
    0.00029066711431369185
  ],
  "expectations": [
    -17.99997329711914,
    -18.896085739135742,
    -19.335742950439453,
    -19.76824951171875,
    -20.192115783691406,
    -20.606189727783203,
    -21.00932502746582,
    -21.40076446533203,
    -21.77994155883789,
    -22.146438598632812,
    -22.50008773803711,
    -22.840831756591797,
    -23.168827056884766,
    -23.484237670898438,
    -23.787368774414062,
    -24.078548431396484,
    -24.35811996459961,
    -24.62642478942871,
    -24.88383674621582,
    -25.13064193725586,
    -25.367130279541016,
    -25.593547821044922,
    -25.810142517089844,
    -26.017074584960938,
    -26.21459197998047,
    -26.40283203125,
    -26.581954956054688,
    -26.752174377441406,
    -26.913673400878906,
    -27.0666446685791,
    -27.21136474609375,
    -27.348037719726562,
    -27.47698211669922,
    -27.59846305847168,
    -27.712799072265625,
    -27.82032012939453,
    -27.92133903503418,
    -28.0162353515625,
    -28.105300903320312,
    -28.188884735107422,
    -28.267311096191406,
    -28.340904235839844,
    -28.40996742248535,
    -28.47478675842285,
    -28.535659790039062,
    -28.592853546142578,
    -28.646587371826172,
    -28.697134017944336,
    -28.744714736938477,
    -28.78948974609375,
    -28.831707000732422,
    -28.871517181396484,
    -28.909088134765625,
    -28.944610595703125,
    -28.978208541870117,
    -29.01000213623047,
    -29.040130615234375,
    -29.068737030029297,
    -29.09589958190918,
    -29.121732711791992,
    -29.146312713623047,
    -29.16974639892578,
    -29.192115783691406,
    -29.213472366333008,
    -29.23392105102539,
    -29.25351905822754,
    -29.272308349609375,
    -29.290353775024414,
    -29.307708740234375,
    -29.32442855834961,
    -29.340534210205078,
    -29.356128692626953,
    -29.371198654174805,
    -29.385793685913086,
    -29.399946212768555,
    -29.41368865966797,
    -29.427066802978516,
    -29.440088272094727,
    -29.452789306640625,
    -29.46517562866211,
    -29.477312088012695,
    -29.489198684692383,
    -29.500839233398438,
    -29.51224136352539,
    -29.52350616455078,
    -29.534557342529297,
    -29.545446395874023,
    -29.556137084960938,
    -29.56674575805664,
    -29.577224731445312,
    -29.587574005126953,
    -29.597810745239258,
    -29.60796356201172,
    -29.618024826049805,
    -29.62799644470215,
    -29.637893676757812,
    -29.64774513244629,
    -29.657516479492188,
    -29.667226791381836,
    -29.676895141601562,
    -29.686504364013672
  ],