{
  "size": 24,
  "opt_val": -32.0,
  "method": "VQE",
  "operations": [
    "Z20_Y23",
    "Z20_Y0",
    "Z20_Y12",
    "Z23_Y11",
    "Z23_Y8",
    "Z0_Y22",
    "Z0_Y19",
    "Z12_Y13",
    "Z11_Y6",
    "Z11_Y17",
    "Z8_Y15",
    "Z13_Y7",
    "Z13_Y9",
    "Z7_Y5",
    "Z9_Y10",
    "Z9_Y2",
    "Z14_Y16",
    "Z14_Y4",
    "Z14_Y3",
    "Z16_Y5",
    "Z3_Y18",
    "Z5_Y21",
    "Z15_Y1",
    "Z12_Y8",
    "Z7_Y15",
    "Z16_Y10",
    "Z4_Y2",
    "Z4_Y19",
    "Z3_Y22",
    "Z10_Y21",
    "Z21_Y18",
    "Z22_Y19",
    "Z18_Y2",
    "Z1_Y6",
    "Z1_Y17",
    "Z6_Y17"
  ],
  "dt": 0.05,
  "lr": 0.05,
  "lam": 1.0,
  "mu": 0.9,
  "fix_step": 0,
  "constant_c": true,
  "parameters": [
    1.5076792240142822,
    1.4146833419799805,
    1.5076794624328613,
    1.5404906272888184,
    1.5056071281433105,
    0.484104186296463,
    0.9625949859619141,
    1.0886105298995972,
    0.7672112584114075,
    0.8897308111190796,
    1.387391209602356,
    1.1113011837005615,
    1.4196298122406006,
    0.08941135555505753,
    0.0897020772099495,
    1.1486189365386963,
    1.5266695022583008,
    1.077481985092163,
    1.4957748651504517,
    1.480455756187439,
    0.8250577449798584,
    0.8084586262702942,
    1.5253251791000366,
    0.050511106848716736,
    0.09497259557247162,
    1.4800137281417847,
    0.5567177534103394,
    0.7917658090591431,
    1.0166566371917725,
    0.7622904777526855,
    0.7438063025474548,
    0.625328540802002,
    0.5401394963264465,
    0.7672095894813538,
    0.8897290825843811,
    0.2405751496553421
  ],
  "opt_ratios": [
    1.1920911902052467e-07,
    4.5933043679724506e-07,
    8.61770956817054e-07,
    1.572728251630906e-06,
    2.7941641747020185e-06,
    4.836654625250958e-06,
    8.16402734926669e-06,
    1.3449745893012732e-05,
    2.164542456739582e-05,
    3.406120595172979e-05,
    5.245626380201429e-05,
    7.913706940598786e-05,
    0.0001170596806332469,
    0.00016993063036352396,
    0.00024230143753811717,
    0.00033965142210945487,
    0.0004684513551183045,
    0.0006362010026350617,
    0.0008514445507898927,
    0.0011237438302487135,
    0.001463629538193345,
    0.0018825102597475052,
    0.0023925572168082,
    0.0030065567698329687,
    0.003737756749615073,
    0.004599671810865402,
    0.005605918820947409,
    0.006770011968910694,
    0.00810519140213728,
    0.009624269790947437,
    0.011339451186358929,
    0.01326217595487833,
    0.01540304720401764,
    0.017771681770682335,
    0.020376624539494514,
    0.023225275799632072,
    0.02632378786802292,
    0.02967706322669983,
    0.03328867629170418,
    0.037160724401474,
    0.04129400476813316,
    0.045687779784202576,
    0.05033990740776062,
    0.05524668097496033,
    0.060402944684028625,
    0.06580206006765366,
    0.0714358389377594,
    0.07729486376047134,
    0.08336804807186127,
    0.08964308351278305,
    0.0961063802242279,
    0.10274343192577362,
    0.10953814536333084,
    0.11647406965494156,
    0.12353377044200897,
    0.13069896399974823,
    0.13795088231563568,
    0.14527101814746857,
    0.1526401787996292,
    0.16003939509391785,
    0.16745014488697052,
    0.17485380172729492,
    0.1822330355644226,
    0.18957075476646423,
    0.1968504786491394,
    0.2040576934814453,
    0.21117807924747467,
    0.21819934248924255,
    0.22510914504528046,
    0.23189778625965118,
    0.2385556846857071,
    0.24507559835910797,
    0.2514508068561554,
    0.25767719745635986,
    0.2637500464916229,
    0.2696663737297058,
    0.2754250764846802,
    0.28102561831474304,
    0.28646761178970337,
    0.2917521595954895,
    0.29688146710395813,
    0.30185666680336,
    0.3066820800304413,
    0.3113607168197632,
    0.3158961534500122,
    0.3202914893627167,
    0.32455235719680786,
    0.32868194580078125,
    0.33268502354621887,
    0.3365655541419983,
    0.3403283655643463,
    0.34397804737091064,
    0.34751826524734497,
    0.3509538471698761,
    0.354288250207901,
    0.3575245440006256,
    0.3606671988964081,
    0.363720178604126,
    0.3666861057281494,
    0.3695685863494873,
    0.3723704516887665
  ],
  "expectations": [
    -17.99997329711914,
    -18.89110565185547,
    -19.320404052734375,
    -19.73906707763672,
    -20.146312713623047,
    -20.54153060913086,
    -20.92424774169922,
    -21.294157028198242,
    -21.651065826416016,
    -21.994911193847656,
    -22.325759887695312,
    -22.643749237060547,
    -22.949176788330078,
    -23.24228858947754,
    -23.523481369018555,
    -23.793119430541992,
    -24.051624298095703,
    -24.299360275268555,
    -24.536773681640625,
    -24.764223098754883,
    -24.98208999633789,
    -25.19074058532715,
    -25.39052391052246,
    -25.581787109375,
    -25.76488494873047,
    -25.940109252929688,
    -26.107805252075195,
    -26.268285751342773,
    -26.421865463256836,
    -26.568904876708984,
    -26.709705352783203,
    -26.844566345214844,
    -26.973812103271484,
    -27.097761154174805,
    -27.216724395751953,
    -27.330997467041016,
    -27.44083023071289,
    -27.546527862548828,
    -27.64837646484375,
    -27.746585845947266,
    -27.841405868530273,
    -27.933048248291016,
    -28.021717071533203,
    -28.107582092285156,
    -28.190839767456055,
    -28.271629333496094,
    -28.350072860717773,
    -28.426345825195312,
    -28.500511169433594,
    -28.572643280029297,
    -28.642837524414062,
    -28.711193084716797,
    -28.777706146240234,
    -28.842472076416016,
    -28.905513763427734,
    -28.966846466064453,
    -29.026479721069336,
    -29.084428787231445,
    -29.140714645385742,
    -29.19533920288086,
    -29.248310089111328,
    -29.299592971801758,
    -29.349239349365234,
    -29.397205352783203,
    -29.443500518798828,
    -29.48815155029297,
    -29.53112030029297,
    -29.572479248046875,
    -29.612165451049805,
    -29.650264739990234,
    -29.686735153198242,
    -29.72163200378418,
    -29.754989624023438,
    -29.786842346191406,
    -29.81720733642578,
    -29.84612464904785,
    -29.873647689819336,
    -29.899831771850586,
    -29.924705505371094,
    -29.948287963867188,
    -29.970714569091797,
    -29.991943359375,
    -30.012100219726562,
    -30.031185150146484,
    -30.049301147460938,
    -30.06644058227539,
    -30.082721710205078,
    -30.098134994506836,
    -30.112751007080078,
    -30.126617431640625,
    -30.13977813720703,
    -30.152297973632812,
    -30.164148330688477,
    -30.175457000732422,
    -30.186227798461914,
    -30.19646644592285,
    -30.206226348876953,
    -30.21558380126953,
    -30.224489212036133,
    -30.233013153076172,
    -30.241172790527344
  ],