{
  "size": 24,
  "opt_val": -32.0,
  "method": "VQE",
  "operations": [
    "Z6_Y21",
    "Z6_Y11",
    "Z6_Y17",
    "Z21_Y0",
    "Z11_Y19",
    "Z11_Y15",
    "Z0_Y14",
    "Z5_Y10",
    "Z5_Y15",
    "Z10_Y12",
    "Z10_Y18",
    "Z14_Y20",
    "Z12_Y7",
    "Z12_Y23",
    "Z18_Y13",
    "Z18_Y16",
    "Z3_Y19",
    "Z3_Y22",
    "Z3_Y1",
    "Z22_Y9",
    "Z22_Y4",
    "Z4_Y8",
    "Z20_Y2",
    "Z21_Y17",
    "Z17_Y15",
    "Z0_Y19",
    "Z5_Y14",
    "Z1_Y23",
    "Z1_Y16",
    "Z9_Y20",
    "Z9_Y7",
    "Z4_Y7",
    "Z23_Y8",
    "Z16_Y13",
    "Z2_Y8",
    "Z2_Y13"
  ],
  "dt": 0.05,
  "lr": 0.05,
  "lam": 1.0,
  "mu": 0.9,
  "fix_step": 0,
  "constant_c": true,
  "parameters": [
    -0.7826778888702393,
    1.5374696254730225,
    1.269457221031189,
    1.447100281715393,
    0.6542339324951172,
    0.7438132166862488,
    1.1663891077041626,
    1.4146907329559326,
    0.11776851862668991,
    1.4146865606307983,
    1.4146956205368042,
    1.0054949522018433,
    0.06816104054450989,
    0.3006213307380676,
    0.5527197122573853,
    0.287078320980072,
    0.397999107837677,
    1.509511947631836,
    1.5095224380493164,
    1.5417031049728394,
    1.5591540336608887,
    0.7220779061317444,
    1.166316270828247,
    0.3003600835800171,
    0.7438134551048279,
    0.6540109515190125,
    0.24644580483436584,
    1.2668384313583374,
    1.2458159923553467,
    0.24655762314796448,
    0.760475754737854,
    0.7604120969772339,
    0.7220094203948975,
    0.5526590943336487,
    0.18659745156764984,
    0.7691115140914917
  ],
  "opt_ratios": [
    2.3841823804104934e-07,
    8.994642826110066e-07,
    1.6546975984965684e-06,
    2.9420716600725427e-06,
    5.0624403229448944e-06,
    8.442069884040393e-06,
    1.366323067486519e-05,
    2.149499960069079e-05,
    3.292138717370108e-05,
    4.916479520034045e-05,
    7.170348544605076e-05,
    0.00010228267638012767,
    0.00014291788102127612,
    0.00019588973373174667,
    0.00026373672881163657,
    0.0003492348187137395,
    0.00045538152335211635,
    0.0005853666225448251,
    0.0007425406947731972,
    0.0009303934639319777,
    0.001152512850239873,
    0.0014125395100563765,
    0.001714133657515049,
    0.0020609404891729355,
    0.0024565428029745817,
    0.0029044391121715307,
    0.003407921176403761,
    0.003970175050199032,
    0.004594135098159313,
    0.005282454192638397,
    0.006037558428943157,
    0.006861499510705471,
    0.007755950093269348,
    0.008722428232431412,
    0.009761849418282509,
    0.010874820873141289,
    0.012061649933457375,
    0.013322276994585991,
    0.01465607900172472,
    0.01606210693717003,
    0.017539210617542267,
    0.019086137413978577,
    0.020700570195913315,
    0.022380784153938293,
    0.02412446402013302,
    0.02592897042632103,
    0.027791615575551987,
    0.02970924600958824,
    0.03167925029993057,
    0.03369848430156708,
    0.03576379269361496,
    0.037871792912483215,
    0.04001970589160919,
    0.042204249650239944,
    0.04442314803600311,
    0.046672169119119644,
    0.048948727548122406,
    0.05125056207180023,
    0.05357431620359421,
    0.055918365716934204,
    0.058279767632484436,
    0.06065550073981285,
    0.06304435431957245,
    0.06544412672519684,
    0.06785193085670471,
    0.07026641070842743,
    0.07268624007701874,
    0.07510991394519806,
    0.07753554731607437,
    0.07996170222759247,
    0.08238700032234192,
    0.0848102793097496,
    0.0872303694486618,
    0.08964618295431137,
    0.09205549210309982,
    0.09445787966251373,
    0.09685255587100983,
    0.09923815727233887,
    0.10161387175321579,
    0.10397833585739136,
    0.10633116215467453,
    0.10867125540971756,
    0.11099734902381897,
    0.1133093386888504,
    0.11560574173927307,
    0.11788538098335266,
    0.12014659494161606,
    0.12238942086696625,
    0.12461316585540771,
    0.1268167793750763,
    0.12899786233901978,
    0.13115672767162323,
    0.13329185545444489,
    0.13540297746658325,
    0.1374887228012085,
    0.13954849541187286,
    0.14157986640930176,
    0.1435820460319519,
    0.14555597305297852,
    0.14749892055988312,
    0.14941075444221497
  ],
  "expectations": [
    -17.999969482421875,
    -18.89339828491211,
    -19.327054977416992,
    -19.750885009765625,
    -20.16342544555664,
    -20.56346893310547,
    -20.950037002563477,
    -21.322385787963867,
    -21.67998695373535,
    -22.02257537841797,
    -22.350093841552734,
    -22.662649154663086,
    -22.96051788330078,
    -23.244140625,
    -23.514019012451172,
    -23.770713806152344,
    -24.014854431152344,
    -24.247095108032227,
    -24.46811866760254,
    -24.678524017333984,
    -24.878955841064453,
    -25.06999969482422,
    -25.25221824645996,
    -25.426166534423828,
    -25.592308044433594,
    -25.751117706298828,
    -25.903030395507812,
    -26.048431396484375,
    -26.187679290771484,
    -26.32110023498535,
    -26.449016571044922,
    -26.571727752685547,
    -26.68943977355957,
    -26.802433013916016,
    -26.91095733642578,
    -27.015182495117188,
    -27.115291595458984,
    -27.21152114868164,
    -27.303979873657227,
    -27.39287567138672,
    -27.478307723999023,
    -27.56049156188965,
    -27.639503479003906,
    -27.71548843383789,
    -27.788578033447266,
    -27.858896255493164,
    -27.926544189453125,
    -27.99163055419922,
    -28.054292678833008,
    -28.1146240234375,
    -28.172679901123047,
    -28.22861099243164,
    -28.28247833251953,
    -28.334388732910156,
    -28.384437561035156,
    -28.43267059326172,
    -28.479206085205078,
    -28.524126052856445,
    -28.567501068115234,
    -28.609378814697266,
    -28.649852752685547,
    -28.688995361328125,
    -28.726856231689453,
    -28.763507843017578,
    -28.79901885986328,
    -28.83342742919922,
    -28.866775512695312,
    -28.899166107177734,
    -28.93059730529785,
    -28.961151123046875,
    -28.990840911865234,
    -29.019725799560547,
    -29.0478515625,
    -29.07525062561035,
    -29.101930618286133,
    -29.12796401977539,
    -29.15335464477539,
    -29.17814064025879,
    -29.202335357666016,
    -29.225994110107422,
    -29.249107360839844,
    -29.27168846130371,
    -29.293777465820312,
    -29.315414428710938,
    -29.336589813232422,
    -29.357309341430664,
    -29.377599716186523,
    -29.397449493408203,
    -29.416912078857422,
    -29.435993194580078,
    -29.454648971557617,
    -29.47293472290039,
    -29.490856170654297,
    -29.508390426635742,
    -29.525596618652344,
    -29.54241943359375,
    -29.558897018432617,
    -29.574996948242188,
    -29.59081268310547,
    -29.606233596801758,
    -29.621320724487305
  ],