{
  "size": 24,
  "opt_val": -32.0,
  "method": "VQE",
  "operations": [
    "Z15_Y21",
    "Z15_Y1",
    "Z15_Y17",
    "Z21_Y8",
    "Z1_Y5",
    "Z1_Y6",
    "Z17_Y7",
    "Z8_Y18",
    "Z8_Y0",
    "Z7_Y4",
    "Z7_Y11",
    "Z4_Y19",
    "Z11_Y12",
    "Z18_Y23",
    "Z23_Y20",
    "Z23_Y9",
    "Z12_Y14",
    "Z20_Y3",
    "Z9_Y16",
    "Z3_Y22",
    "Z22_Y13",
    "Z13_Y10",
    "Z6_Y2",
    "Z21_Y17",
    "Z4_Y11",
    "Z18_Y12",
    "Z20_Y5",
    "Z9_Y6",
    "Z3_Y19",
    "Z5_Y19",
    "Z22_Y14",
    "Z14_Y0",
    "Z0_Y13",
    "Z2_Y16",
    "Z2_Y10",
    "Z16_Y10"
  ],
  "dt": 0.05,
  "lr": 0.05,
  "lam": 1.0,
  "mu": 0.9,
  "fix_step": 0,
  "constant_c": true,
  "parameters": [
    1.544007658958435,
    1.5637372732162476,
    0.6522296667098999,
    1.5640432834625244,
    0.5329619646072388,
    1.4443981647491455,
    1.3642483949661255,
    1.5700023174285889,
    0.6428585648536682,
    -0.10577965527772903,
    1.1975936889648438,
    0.06933259218931198,
    1.074270248413086,
    1.5686347484588623,
    1.5661416053771973,
    1.561319351196289,
    0.00903191976249218,
    1.565687894821167,
    1.2781903743743896,
    1.5481983423233032,
    1.1838186979293823,
    0.5643566846847534,
    1.2854044437408447,
    0.1160091757774353,
    0.18337701261043549,
    0.37026581168174744,
    1.03770911693573,
    0.08084458857774734,
    0.7710049748420715,
    0.7497209906578064,
    1.5371646881103516,
    0.9279241561889648,
    0.36274123191833496,
    0.2909681797027588,
    0.08071628212928772,
    1.0146490335464478
  ],
  "opt_ratios": [
    3.57627357061574e-07,
    1.3641285931953462e-06,
    2.529854555177735e-06,
    4.545032425085083e-06,
    7.918441042420454e-06,
    1.3393390872806776e-05,
    2.201844472438097e-05,
    3.522472979966551e-05,
    5.4901505791349337e-05,
    8.34689853945747e-05,
    0.0001239327248185873,
    0.0001799271412892267,
    0.0002557244151830673,
    0.00035622777068056166,
    0.00048693371354602277,
    0.0006538783200085163,
    0.0008635692065581679,
    0.0011229258961975574,
    0.0014391855802387,
    0.001819885685108602,
    0.002272797981277108,
    0.0028059417381882668,
    0.00342754740267992,
    0.004146171733736992,
    0.004970666021108627,
    0.005910314619541168,
    0.006974838208407164,
    0.008174527436494827,
    0.009520439431071281,
    0.011024262756109238,
    0.012698562815785408,
    0.014556750655174255,
    0.016613192856311798,
    0.018882937729358673,
    0.021381910890340805,
    0.024126775562763214,
    0.027134858071804047,
    0.030423566699028015,
    0.03401004895567894,
    0.037911057472229004,
    0.042142756283283234,
    0.046719081699848175,
    0.051652707159519196,
    0.056952543556690216,
    0.06262362003326416,
    0.06866802275180817,
    0.07508335262537003,
    0.0818609893321991,
    0.08898840099573135,
    0.09644658863544464,
    0.10421162843704224,
    0.11225622892379761,
    0.12054939568042755,
    0.12905457615852356,
    0.13773873448371887,
    0.1465616077184677,
    0.1554906964302063,
    0.16448506712913513,
    0.17351113259792328,
    0.1825430989265442,
    0.19154474139213562,
    0.20049847662448883,
    0.20937541127204895,
    0.21816089749336243,
    0.22683732211589813,
    0.2353980839252472,
    0.24383196234703064,
    0.2521416246891022,
    0.26030731201171875,
    0.2683432698249817,
    0.2762441039085388,
    0.2840072512626648,
    0.29163801670074463,
    0.29914310574531555,
    0.3065299391746521,
    0.31380048394203186,
    0.3209620714187622,
    0.3280198276042938,
    0.33497747778892517,
    0.34184136986732483,
    0.34861740469932556,
    0.35531920194625854,
    0.36194899678230286,
    0.3685176968574524,
    0.37502342462539673,
    0.3814789354801178,
    0.38788723945617676,
    0.3942568898200989,
    0.40059560537338257,
    0.40690428018569946,
    0.41319164633750916,
    0.4194640517234802,
    0.4257310926914215,
    0.4319920539855957,
    0.4382520914077759,
    0.44451987743377686,
    0.45080143213272095,
    0.4571053981781006,
    0.4634336531162262,
    0.46978628635406494,
    0.47617432475090027
  ],
  "expectations": [
    -17.999971389770508,
    -18.891040802001953,
    -19.32000732421875,
    -19.737876892089844,
    -20.143768310546875,
    -20.536945343017578,
    -20.91680908203125,
    -21.282997131347656,
    -21.63520622253418,
    -21.97332763671875,
    -22.2973575592041,
    -22.607421875,
    -22.90375518798828,
    -23.186704635620117,
    -23.456645965576172,
    -23.71414566040039,
    -23.959693908691406,
    -24.193984985351562,
    -24.417640686035156,
    -24.631336212158203,
    -24.835813522338867,
    -25.031814575195312,
    -25.220050811767578,
    -25.401214599609375,
    -25.5760555267334,
    -25.745258331298828,
    -25.90941619873047,
    -26.069232940673828,
    -26.225269317626953,
    -26.37811279296875,
    -26.52826690673828,
    -26.676204681396484,
    -26.822406768798828,
    -26.967243194580078,
    -27.11106300354004,
    -27.254179000854492,
    -27.396818161010742,
    -27.539194107055664,
    -27.681377410888672,
    -27.82349395751953,
    -27.965438842773438,
    -28.10719108581543,
    -28.248533248901367,
    -28.389251708984375,
    -28.52902603149414,
    -28.66745376586914,
    -28.80416488647461,
    -28.93863296508789,
    -29.070430755615234,
    -29.199024200439453,
    -29.323932647705078,
    -29.444744110107422,
    -29.56100082397461,
    -29.672428131103516,
    -29.778717041015625,
    -29.87972640991211,
    -29.97534942626953,
    -30.065534591674805,
    -30.15031623840332,
    -30.229843139648438,
    -30.304237365722656,
    -30.373750686645508,
    -30.438547134399414,
    -30.498952865600586,
    -30.55522346496582,
    -30.607620239257812,
    -30.656444549560547,
    -30.70196533203125,
    -30.744400024414062,
    -30.784053802490234,
    -30.821123123168945,
    -30.8558292388916,
    -30.888389587402344,
    -30.91897201538086,
    -30.947765350341797,
    -30.974929809570312,
    -31.000564575195312,
    -31.02484703063965,
    -31.04787826538086,
    -31.069744110107422,
    -31.090545654296875,
    -31.110408782958984,
    -31.129352569580078,
    -31.147491455078125,
    -31.164871215820312,
    -31.181575775146484,
    -31.19757843017578,
    -31.21303939819336,
    -31.22796630859375,
    -31.242351531982422,
    -31.25629425048828,
    -31.269786834716797,
    -31.282909393310547,
    -31.295631408691406,
    -31.308013916015625,
    -31.32010269165039,
    -31.331897735595703,
    -31.34345245361328,
    -31.354747772216797,
    -31.365825653076172,
    -31.376708984375
  ],