{
  "size": 24,
  "opt_val": -32.0,
  "method": "VQE",
  "operations": [
    "Z7_Y17",
    "Z7_Y21",
    "Z7_Y18",
    "Z17_Y2",
    "Z17_Y12",
    "Z21_Y0",
    "Z18_Y4",
    "Z18_Y8",
    "Z2_Y9",
    "Z2_Y1",
    "Z3_Y10",
    "Z3_Y16",
    "Z3_Y0",
    "Z10_Y20",
    "Z16_Y6",
    "Z16_Y23",
    "Z20_Y13",
    "Z6_Y22",
    "Z23_Y11",
    "Z4_Y14",
    "Z14_Y15",
    "Z8_Y19",
    "Z15_Y5",
    "Z21_Y12",
    "Z12_Y1",
    "Z10_Y0",
    "Z20_Y1",
    "Z6_Y9",
    "Z23_Y8",
    "Z4_Y22",
    "Z14_Y9",
    "Z22_Y11",
    "Z15_Y13",
    "Z5_Y19",
    "Z5_Y11",
    "Z19_Y13"
  ],
  "dt": 0.05,
  "lr": 0.05,
  "lam": 1.0,
  "mu": 0.9,
  "fix_step": 0,
  "constant_c": true,
  "parameters": [
    1.5540721416473389,
    1.5595766305923462,
    1.3272353410720825,
    1.5282446146011353,
    0.8776205778121948,
    1.2446839809417725,
    1.142250418663025,
    0.3481753170490265,
    0.5388576984405518,
    0.7609463930130005,
    1.2067277431488037,
    1.4146838188171387,
    0.47303444147109985,
    1.4146829843521118,
    1.3808610439300537,
    1.380862832069397,
    0.09192122519016266,
    0.15959128737449646,
    0.15130360424518585,
    1.4299372434616089,
    1.4794929027557373,
    0.012353125028312206,
    1.5513867139816284,
    0.6931692361831665,
    0.7609482407569885,
    0.473034530878067,
    0.06695451587438583,
    1.121799349784851,
    1.1422967910766602,
    1.4038454294204712,
    0.5388530492782593,
    0.6257516741752625,
    0.7519935369491577,
    1.5072044134140015,
    0.8427728414535522,
    0.7519879341125488
  ],
  "opt_ratios": [
    4.7683647608209867e-07,
    1.811533820728073e-06,
    3.3606324905122165e-06,
    6.042316272214521e-06,
    1.0539806680753827e-05,
    1.7855758414953016e-05,
    2.941263846878428e-05,
    4.716402690974064e-05,
    7.371111132670194e-05,
    0.00011241565516684204,
    0.0001675013336353004,
    0.0002441319520585239,
    0.0003484570770524442,
    0.0004876185266766697,
    0.0006697050994262099,
    0.0009036603150889277,
    0.0011991318315267563,
    0.0015662764199078083,
    0.0020155238453298807,
    0.002557302126660943,
    0.003201765939593315,
    0.003958499524742365,
    0.0048362682573497295,
    0.005842781160026789,
    0.006984518840909004,
    0.008266618475317955,
    0.009692824445664883,
    0.011265506967902184,
    0.012985695153474808,
    0.014853231608867645,
    0.016866929829120636,
    0.019024670124053955,
    0.02132371813058853,
    0.023760750889778137,
    0.02633209154009819,
    0.02903391420841217,
    0.03186223655939102,
    0.03481311351060867,
    0.0378827229142189,
    0.041067417711019516,
    0.04436364769935608,
    0.047768183052539825,
    0.05127795785665512,
    0.05489029362797737,
    0.05860249698162079,
    0.06241234391927719,
    0.06631772965192795,
    0.07031665742397308,
    0.07440738379955292,
    0.07858853787183762,
    0.08285839855670929,
    0.08721563220024109,
    0.0916590616106987,
    0.0961875393986702,
    0.10079982131719589,
    0.10549437999725342,
    0.11027055978775024,
    0.11512701958417892,
    0.1200626865029335,
    0.12507599592208862,
    0.1301656812429428,
    0.13532990217208862,
    0.14056727290153503,
    0.1458756923675537,
    0.1512531042098999,
    0.15669742226600647,
    0.16220614314079285,
    0.1677769124507904,
    0.17340706288814545,
    0.17909254133701324,
    0.18483099341392517,
    0.1906178593635559,
    0.19644960761070251,
    0.20232263207435608,
    0.20823261141777039,
    0.2141742706298828,
    0.22014304995536804,
    0.2261343002319336,
    0.232142835855484,
    0.2381630539894104,
    0.24418970942497253,
    0.2502180337905884,
    0.25624045729637146,
    0.2622523605823517,
    0.2682473659515381,
    0.2742201089859009,
    0.280164510011673,
    0.28607475757598877,
    0.2919449210166931,
    0.2977699637413025,
    0.3035441040992737,
    0.3092617988586426,
    0.31491780281066895,
    0.3205072283744812,
    0.32602542638778687,
    0.3314669728279114,
    0.33682912588119507,
    0.3421071171760559,
    0.3472961187362671,
    0.3523936867713928,
    0.3573961853981018
  ],
  "expectations": [
    -17.99997329711914,
    -18.896141052246094,
    -19.33606719970703,
    -19.769092559814453,
    -20.193862915039062,
    -20.609210968017578,
    -21.014156341552734,
    -21.40786361694336,
    -21.789745330810547,
    -22.159381866455078,
    -22.51651382446289,
    -22.861032485961914,
    -23.19294548034668,
    -23.51239776611328,
    -23.819561004638672,
    -24.11469078063965,
    -24.398048400878906,
    -24.669939041137695,
    -24.930675506591797,
    -25.180511474609375,
    -25.41980743408203,
    -25.64879035949707,
    -25.867755889892578,
    -26.076976776123047,
    -26.27669906616211,
    -26.467199325561523,
    -26.648759841918945,
    -26.821678161621094,
    -26.986242294311523,
    -27.142742156982422,
    -27.291540145874023,
    -27.432950973510742,
    -27.567354202270508,
    -27.695093154907227,
    -27.816503524780273,
    -27.931987762451172,
    -28.041873931884766,
    -28.14649200439453,
    -28.246198654174805,
    -28.34134292602539,
    -28.43217658996582,
    -28.519023895263672,
    -28.60212516784668,
    -28.68178367614746,
    -28.758169174194336,
    -28.831539154052734,
    -28.902118682861328,
    -28.970050811767578,
    -29.03551483154297,
    -29.098684310913086,
    -29.15965461730957,
    -29.218605041503906,
    -29.27562141418457,
    -29.330787658691406,
    -29.384262084960938,
    -29.43607521057129,
    -29.486328125,
    -29.535070419311523,
    -29.582414627075195,
    -29.628358840942383,
    -29.672998428344727,
    -29.71634864807129,
    -29.758480072021484,
    -29.799396514892578,
    -29.83915901184082,
    -29.87781524658203,
    -29.915372848510742,
    -29.95187759399414,
    -29.987321853637695,
    -30.021770477294922,
    -30.055261611938477,
    -30.087751388549805,
    -30.119304656982422,
    -30.149961471557617,
    -30.179719924926758,
    -30.20858383178711,
    -30.236602783203125,
    -30.263776779174805,
    -30.290151596069336,
    -30.31571388244629,
    -30.340476989746094,
    -30.364526748657227,
    -30.38779640197754,
    -30.410375595092773,
    -30.432209014892578,
    -30.453365325927734,
    -30.473857879638672,
    -30.49370574951172,
    -30.512882232666016,
    -30.531452178955078,
    -30.549413681030273,
    -30.56682014465332,
    -30.583602905273438,
    -30.599851608276367,
    -30.61552619934082,
    -30.630678176879883,
    -30.64535140991211,
    -30.659500122070312,
    -30.673173904418945,
    -30.68637466430664,
    -30.699092864990234
  ],