{
  "size": 24,
  "opt_val": -32.0,
  "method": "VQE",
  "operations": [
    "Z15_Y21",
    "Z15_Y6",
    "Z15_Y13",
    "Z21_Y19",
    "Z6_Y4",
    "Z6_Y0",
    "Z13_Y11",
    "Z19_Y7",
    "Z19_Y17",
    "Z18_Y23",
    "Z18_Y10",
    "Z18_Y12",
    "Z23_Y22",
    "Z23_Y9",
    "Z12_Y16",
    "Z12_Y5",
    "Z9_Y17",
    "Z4_Y1",
    "Z0_Y8",
    "Z0_Y20",
    "Z16_Y14",
    "Z14_Y3",
    "Z3_Y2",
    "Z21_Y13",
    "Z10_Y22",
    "Z10_Y9",
    "Z22_Y16",
    "Z4_Y7",
    "Z5_Y8",
    "Z5_Y11",
    "Z14_Y1",
    "Z3_Y7",
    "Z2_Y8",
    "Z1_Y20",
    "Z20_Y17",
    "Z2_Y11"
  ],
  "dt": 0.05,
  "lr": 0.05,
  "lam": 1.0,
  "mu": 0.9,
  "fix_step": 0,
  "constant_c": true,
  "parameters": [
    1.1642882823944092,
    1.4950553178787231,
    0.7847732901573181,
    1.4950577020645142,
    1.4758448600769043,
    1.2249668836593628,
    0.5528547167778015,
    0.7135570049285889,
    0.7223453521728516,
    1.5668102502822876,
    1.5668586492538452,
    1.1571763753890991,
    0.7851044535636902,
    1.0359745025634766,
    -0.33111608028411865,
    1.3617621660232544,
    0.3341551423072815,
    0.4226132333278656,
    0.6624836921691895,
    0.37317174673080444,
    1.229284405708313,
    1.3617216348648071,
    1.361761212348938,
    0.3602920472621918,
    0.7850031852722168,
    0.5094301104545593,
    0.21012355387210846,
    0.713431715965271,
    0.5860221982002258,
    0.6337702870368958,
    1.1194125413894653,
    0.21058762073516846,
    0.585900068283081,
    1.1482422351837158,
    0.6793678402900696,
    0.633623480796814
  ],
  "opt_ratios": [
    2.3841823804104934e-07,
    8.953445558290696e-07,
    1.6350008991139475e-06,
    2.8762842703144997e-06,
    4.881091626884881e-06,
    8.002581125765573e-06,
    1.2696518751909025e-05,
    1.9527073163772002e-05,
    2.9165681553422473e-05,
    4.238268957124092e-05,
    6.0032791225239635e-05,
    8.303479989990592e-05,
    0.00011234746489208192,
    0.0001489439746364951,
    0.0001937860797625035,
    0.0002477956877555698,
    0.0003118314198218286,
    0.0003866657498292625,
    0.0004729591018985957,
    0.0005712350830435753,
    0.0006818681140430272,
    0.0008050667238421738,
    0.0009408598416484892,
    0.0010890893172472715,
    0.0012494432739913464,
    0.0014214321272447705,
    0.0016044529620558023,
    0.0017977611860260367,
    0.0020005733240395784,
    0.0022120573557913303,
    0.002431374741718173,
    0.0026577424723654985,
    0.0028904322534799576,
    0.0031288382597267628,
    0.003372394945472479,
    0.0036207737866789103,
    0.0038736762944608927,
    0.004130984656512737,
    0.004392627160996199,
    0.004658709280192852,
    0.004929426126182079,
    0.005205107387155294,
    0.005486031994223595,
    0.005772724747657776,
    0.006065729074180126,
    0.006365449167788029,
    0.0066726855002343655,
    0.006987790111452341,
    0.007311710622161627,
    0.007645019330084324,
    0.007988471537828445,
    0.00834275595843792,
    0.008708810433745384,
    0.009087330661714077,
    0.009479107335209846,
    0.009885167703032494,
    0.01030623447149992,
    0.010743774473667145,
    0.011197859421372414,
    0.011669585481286049,
    0.01216080691665411,
    0.012671641074120998,
    0.013203160837292671,
    0.013756558299064636,
    0.014333315193653107,
    0.01493437122553587,
    0.015560866333544254,
    0.01621394231915474,
    0.016895316541194916,
    0.017605386674404144,
    0.01834571175277233,
    0.019118493422865868,
    0.01992463879287243,
    0.02076553925871849,
    0.021642513573169708,
    0.022556813433766365,
    0.023511098697781563,
    0.024506526067852974,
    0.025544211268424988,
    0.026626186445355415,
    0.027752870693802834,
    0.028927192091941833,
    0.030150914564728737,
    0.03142600879073143,
    0.032752446830272675,
    0.034132134169340134,
    0.035566359758377075,
    0.03705725818872452,
    0.03860548883676529,
    0.04021204635500908,
    0.041877470910549164,
    0.04360231012105942,
    0.04538737237453461,
    0.04723069816827774,
    0.049132756888866425,
    0.05109216272830963,
    0.05310864374041557,
    0.055180251598358154,
    0.0573040246963501,
    0.059476301074028015,
    0.061694420874118805
  ],
  "expectations": [
    -17.999971389770508,
    -18.895944595336914,
    -19.335039138793945,
    -19.766334533691406,
    -20.188121795654297,
    -20.598915100097656,
    -20.997459411621094,
    -21.382728576660156,
    -21.754037857055664,
    -22.110891342163086,
    -22.45308494567871,
    -22.780609130859375,
    -23.09364891052246,
    -23.392547607421875,
    -23.677783966064453,
    -23.949844360351562,
    -24.2093448638916,
    -24.456865310668945,
    -24.69301986694336,
    -24.918283462524414,
    -25.133174896240234,
    -25.338119506835938,
    -25.533489227294922,
    -25.719545364379883,
    -25.89654541015625,
    -26.06467628479004,
    -26.22410774230957,
    -26.375049591064453,
    -26.517576217651367,
    -26.651960372924805,
    -26.778329849243164,
    -26.896987915039062,
    -27.008167266845703,
    -27.11223602294922,
    -27.2094783782959,
    -27.300304412841797,
    -27.385101318359375,
    -27.464237213134766,
    -27.538118362426758,
    -27.60720443725586,
    -27.671770095825195,
    -27.73228645324707,
    -27.789066314697266,
    -27.842472076416016,
    -27.892784118652344,
    -27.94027328491211,
    -27.985309600830078,
    -28.02800178527832,
    -28.068702697753906,
    -28.107526779174805,
    -28.144699096679688,
    -28.180377960205078,
    -28.214738845825195,
    -28.24786376953125,
    -28.279916763305664,
    -28.311037063598633,
    -28.341276168823242,
    -28.370769500732422,
    -28.399545669555664,
    -28.427749633789062,
    -28.45540428161621,
    -28.48257827758789,
    -28.50934410095215,
    -28.535741806030273,
    -28.561851501464844,
    -28.587665557861328,
    -28.6132869720459,
    -28.638744354248047,
    -28.664026260375977,
    -28.689226150512695,
    -28.714351654052734,
    -28.739437103271484,
    -28.764549255371094,
    -28.789690017700195,
    -28.81487274169922,
    -28.840179443359375,
    -28.86563491821289,
    -28.891210556030273,
    -28.917009353637695,
    -28.94304084777832,
    -28.969318389892578,
    -28.995885848999023,
    -29.022785186767578,
    -29.050052642822266,
    -29.07770347595215,
    -29.10576629638672,
    -29.134267807006836,
    -29.16326332092285,
    -29.192758560180664,
    -29.222780227661133,
    -29.253368377685547,
    -29.284536361694336,
    -29.316322326660156,
    -29.34870147705078,
    -29.38170623779297,
    -29.415332794189453,
    -29.44959831237793,
    -29.484493255615234,
    -29.520017623901367,
    -29.556127548217773,
    -29.592815399169922
  ],