{
  "size": 24,
  "opt_val": -30.0,
  "method": "VQE",
  "operations": [
    "Z16_Y20",
    "Z16_Y3",
    "Z16_Y5",
    "Z20_Y0",
    "Z20_Y21",
    "Z3_Y15",
    "Z3_Y23",
    "Z5_Y11",
    "Z15_Y22",
    "Z15_Y19",
    "Z23_Y1",
    "Z14_Y22",
    "Z14_Y6",
    "Z14_Y17",
    "Z6_Y10",
    "Z6_Y13",
    "Z17_Y9",
    "Z17_Y4",
    "Z8_Y12",
    "Z8_Y2",
    "Z8_Y7",
    "Z12_Y9",
    "Z2_Y18",
    "Z5_Y23",
    "Z0_Y11",
    "Z0_Y21",
    "Z22_Y19",
    "Z19_Y9",
    "Z12_Y7",
    "Z2_Y1",
    "Z7_Y13",
    "Z4_Y10",
    "Z4_Y13",
    "Z10_Y18",
    "Z18_Y1",
    "Z21_Y11"
  ],
  "dt": 0.05,
  "lr": 0.05,
  "lam": 1.0,
  "mu": 0.9,
  "fix_step": 0,
  "constant_c": true,
  "parameters": [
    1.063181757926941,
    1.5460758209228516,
    1.5057344436645508,
    0.9365130066871643,
    1.0876729488372803,
    1.4146884679794312,
    1.115431547164917,
    0.3428657352924347,
    0.09055043011903763,
    1.0117844343185425,
    0.4205116033554077,
    1.3528467416763306,
    1.0203213691711426,
    0.6340766549110413,
    0.7641605138778687,
    0.5454655885696411,
    0.5739696621894836,
    1.0203754901885986,
    0.43407535552978516,
    1.4146817922592163,
    0.7489546537399292,
    0.7513895630836487,
    0.17051579058170319,
    0.4239921271800995,
    0.8770872354507446,
    0.03103356994688511,
    0.5203338265419006,
    0.5736792683601379,
    0.7488943338394165,
    0.6709327101707458,
    0.8980875015258789,
    0.7638418078422546,
    0.5455130338668823,
    1.3405416011810303,
    0.6708853840827942,
    0.8441454172134399
  ],
  "opt_ratios": [
    2.384182153036818e-06,
    7.416066182486247e-06,
    1.238313598150853e-05,
    2.001053508138284e-05,
    3.134219514322467e-05,
    4.7656416427344084e-05,
    7.045477104838938e-05,
    0.00010143108374904841,
    0.00014242279576137662,
    0.00019534066086634994,
    0.00026209745556116104,
    0.00034452503314241767,
    0.0004443067009560764,
    0.0005629053339362144,
    0.0007015169830992818,
    0.0008610398508608341,
    0.001042062183842063,
    0.0012448402121663094,
    0.0014693239936605096,
    0.001715182326734066,
    0.001981822308152914,
    0.002268423093482852,
    0.002573952777311206,
    0.002897233236581087,
    0.0032369764521718025,
    0.003591774497181177,
    0.003960150294005871,
    0.004340642131865025,
    0.004731709137558937,
    0.005131849087774754,
    0.005539671052247286,
    0.005953698419034481,
    0.006372635252773762,
    0.0067951856181025505,
    0.007220134139060974,
    0.007646418642252684,
    0.00807291828095913,
    0.008498847484588623,
    0.008923242799937725,
    0.009345423430204391,
    0.009764628484845161,
    0.010180392302572727,
    0.010592017322778702,
    0.010999237187206745,
    0.011401476338505745,
    0.011798504739999771,
    0.012190137058496475,
    0.012575805187225342,
    0.012955669313669205,
    0.013329453766345978,
    0.013696910813450813,
    0.01405815128237009,
    0.014412961900234222,
    0.014761606231331825,
    0.01510355994105339,
    0.015439225360751152,
    0.015768468379974365,
    0.016091350466012955,
    0.0164080448448658,
    0.016718292608857155,
    0.01702233776450157,
    0.017320379614830017,
    0.017612427473068237,
    0.01789851486682892,
    0.01817888580262661,
    0.018453314900398254,
    0.018722204491496086,
    0.018985535949468613,
    0.01924343779683113,
    0.019496189430356026,
    0.01974416896700859,
    0.019986994564533234,
    0.02022506296634674,
    0.020458322018384933,
    0.02068697102367878,
    0.020911134779453278,
    0.021131150424480438,
    0.021347148343920708,
    0.021559076383709908,
    0.021767105907201767,
    0.021971631795167923,
    0.02217259258031845,
    0.022370191290974617,
    0.022564440965652466,
    0.022755607962608337,
    0.0229438878595829,
    0.02312946319580078,
    0.023312438279390335,
    0.023492760956287384,
    0.0236708614975214,
    0.02384679950773716,
    0.024020809680223465,
    0.024192560464143753,
    0.02436240017414093,
    0.024530358612537384,
    0.024696845561265945,
    0.0248621366918087,
    0.025026284158229828,
    0.02518927864730358,
    0.02535112574696541,
    0.025511935353279114
  ],
  "expectations": [
    -17.999969482421875,
    -18.886037826538086,
    -19.304458618164062,
    -19.70793342590332,
    -20.095947265625,
    -20.46810531616211,
    -20.82413101196289,
    -21.163894653320312,
    -21.487449645996094,
    -21.794921875,
    -22.086585998535156,
    -22.362852096557617,
    -22.624195098876953,
    -22.87114906311035,
    -23.10436248779297,
    -23.324440002441406,
    -23.5321102142334,
    -23.728071212768555,
    -23.912948608398438,
    -24.087440490722656,
    -24.252178192138672,
    -24.407794952392578,
    -24.554847717285156,
    -24.693864822387695,
    -24.825374603271484,
    -24.949840545654297,
    -25.067649841308594,
    -25.17926025390625,
    -25.285022735595703,
    -25.38526725769043,
    -25.480304718017578,
    -25.570451736450195,
    -25.65597152709961,
    -25.737144470214844,
    -25.814186096191406,
    -25.887313842773438,
    -25.956750869750977,
    -26.022735595703125,
    -26.085430145263672,
    -26.144994735717773,
    -26.20163345336914,
    -26.255491256713867,
    -26.306745529174805,
    -26.355512619018555,
    -26.40190887451172,
    -26.446151733398438,
    -26.4882869720459,
    -26.52843475341797,
    -26.566740036010742,
    -26.60329246520996,
    -26.638168334960938,
    -26.671472549438477,
    -26.70330810546875,
    -26.73374366760254,
    -26.762863159179688,
    -26.790699005126953,
    -26.817380905151367,
    -26.84292221069336,
    -26.867399215698242,
    -26.890880584716797,
    -26.91338348388672,
    -26.934974670410156,
    -26.955707550048828,
    -26.97562599182129,
    -26.99477767944336,
    -27.01317596435547,
    -27.030860900878906,
    -27.047866821289062,
    -27.064258575439453,
    -27.080039978027344,
    -27.095233917236328,
    -27.109886169433594,
    -27.123977661132812,
    -27.13760757446289,
    -27.150733947753906,
    -27.163393020629883,
    -27.175622940063477,
    -27.18744468688965,
    -27.1988525390625,
    -27.209877014160156,
    -27.220535278320312,
    -27.230836868286133,
    -27.240812301635742,
    -27.250444412231445,
    -27.25977325439453,
    -27.268821716308594,
    -27.277584075927734,
    -27.28606414794922,
    -27.29427146911621,
    -27.30225944519043,
    -27.309993743896484,
    -27.317501068115234,
    -27.324756622314453,
    -27.331830978393555,
    -27.33869171142578,
    -27.34535026550293,
    -27.351837158203125,
    -27.358123779296875,
    -27.36425018310547,
    -27.37019920349121,
    -27.37598419189453
  ],