{
  "size": 24,
  "opt_val": -32.0,
  "method": "VQE",
  "operations": [
    "Z18_Y23",
    "Z18_Y1",
    "Z18_Y15",
    "Z23_Y20",
    "Z23_Y16",
    "Z1_Y12",
    "Z1_Y7",
    "Z15_Y4",
    "Z15_Y13",
    "Z20_Y3",
    "Z16_Y6",
    "Z16_Y2",
    "Z12_Y9",
    "Z3_Y10",
    "Z3_Y14",
    "Z10_Y5",
    "Z14_Y21",
    "Z5_Y19",
    "Z4_Y17",
    "Z17_Y22",
    "Z13_Y11",
    "Z9_Y0",
    "Z8_Y21",
    "Z20_Y12",
    "Z10_Y6",
    "Z14_Y6",
    "Z5_Y4",
    "Z17_Y9",
    "Z13_Y19",
    "Z19_Y2",
    "Z2_Y21",
    "Z0_Y7",
    "Z0_Y22",
    "Z22_Y11",
    "Z8_Y11",
    "Z8_Y7"
  ],
  "dt": 0.05,
  "lr": 0.05,
  "lam": 1.0,
  "mu": 0.9,
  "fix_step": 0,
  "constant_c": true,
  "parameters": [
    1.2300119400024414,
    0.9774137139320374,
    1.397660255432129,
    1.556575894355774,
    1.5594005584716797,
    -0.16977521777153015,
    0.5892865657806396,
    1.4932043552398682,
    1.2801790237426758,
    1.5626219511032104,
    0.3862108588218689,
    0.6881099343299866,
    0.5451810359954834,
    1.5657116174697876,
    1.5485918521881104,
    1.515655755996704,
    0.5416358709335327,
    1.4023679494857788,
    1.40946364402771,
    1.1754282712936401,
    0.6931650042533875,
    0.7246192693710327,
    1.2156842947006226,
    0.8037828207015991,
    0.5976237654685974,
    0.587026834487915,
    0.06132142245769501,
    0.7326177954673767,
    0.1024739071726799,
    0.8788542747497559,
    0.5416001677513123,
    0.5892038345336914,
    0.3897242248058319,
    0.6929264068603516,
    0.280313640832901,
    0.6694955229759216
  ],
  "opt_ratios": [
    7.15254714123148e-07,
    2.7074456738773733e-06,
    5.002185389457736e-06,
    8.939050530898385e-06,
    1.5463592717424035e-05,
    2.5919651307049207e-05,
    4.2141895391978323e-05,
    6.65393890812993e-05,
    0.00010215873044217005,
    0.00015271559823304415,
    0.00022258797253016382,
    0.0003167643735650927,
    0.0004407588567119092,
    0.0006004762835800648,
    0.000802066526375711,
    0.001051760045811534,
    0.0013557076454162598,
    0.0017198278801515698,
    0.0021496841218322515,
    0.002650365699082613,
    0.003226463682949543,
    0.0038819953333586454,
    0.004620450548827648,
    0.005444742739200592,
    0.006357339210808277,
    0.00736027117818594,
    0.008455166593194008,
    0.0096434336155653,
    0.010926129296422005,
    0.012304224073886871,
    0.013778496533632278,
    0.015349550172686577,
    0.017017967998981476,
    0.0187841784209013,
    0.02064860612154007,
    0.022611618041992188,
    0.02467319741845131,
    0.026833653450012207,
    0.029093213379383087,
    0.03145141154527664,
    0.03390864282846451,
    0.03646479919552803,
    0.03911971300840378,
    0.04187343269586563,
    0.044725947082042694,
    0.0476774200797081,
    0.05072813481092453,
    0.05387858301401138,
    0.057129304856061935,
    0.06048113852739334,
    0.0639352798461914,
    0.06749305874109268,
    0.07115589082241058,
    0.07492539286613464,
    0.0788034051656723,
    0.08279243111610413,
    0.08689399063587189,
    0.09111066162586212,
    0.09544429183006287,
    0.0998963862657547,
    0.10446980595588684,
    0.10916575789451599,
    0.11398642510175705,
    0.11893261969089508,
    0.12400579452514648,
    0.12920613586902618,
    0.13453376293182373,
    0.13998772203922272,
    0.14556792378425598,
    0.151272714138031,
    0.15709948539733887,
    0.16304448246955872,
    0.16910549998283386,
    0.17527879774570465,
    0.18155935406684875,
    0.18794140219688416,
    0.19441917538642883,
    0.2009873390197754,
    0.20763802528381348,
    0.214364692568779,
    0.2211589813232422,
    0.22801342606544495,
    0.23492027819156647,
    0.2418714314699173,
    0.24885901808738708,
    0.2558751702308655,
    0.2629106342792511,
    0.2699592709541321,
    0.2770126163959503,
    0.2840629816055298,
    0.2911040782928467,
    0.2981299161911011,
    0.3051348924636841,
    0.31211400032043457,
    0.3190620243549347,
    0.3259754180908203,
    0.33285146951675415,
    0.33968740701675415,
    0.3464815020561218,
    0.3532330393791199,
    0.35994088649749756
  ],
  "expectations": [
    -17.999969482421875,
    -18.8983154296875,
    -19.34222984313965,
    -19.779804229736328,
    -20.208900451660156,
    -20.627641677856445,
    -21.034381866455078,
    -21.42779541015625,
    -21.806804656982422,
    -22.170669555664062,
    -22.518924713134766,
    -22.85133171081543,
    -23.16792869567871,
    -23.46892547607422,
    -23.754661560058594,
    -24.025657653808594,
    -24.282508850097656,
    -24.525808334350586,
    -24.75627899169922,
    -24.974626541137695,
    -25.181577682495117,
    -25.37779998779297,
    -25.564044952392578,
    -25.74091339111328,
    -25.909088134765625,
    -26.069150924682617,
    -26.221708297729492,
    -26.367271423339844,
    -26.506324768066406,
    -26.639373779296875,
    -26.766761779785156,
    -26.888946533203125,
    -27.00621795654297,
    -27.11893081665039,
    -27.227317810058594,
    -27.33164405822754,
    -27.432079315185547,
    -27.528846740722656,
    -27.622112274169922,
    -27.71196746826172,
    -27.798568725585938,
    -27.881996154785156,
    -27.962364196777344,
    -28.039730072021484,
    -28.11424446105957,
    -28.185924530029297,
    -28.254899978637695,
    -28.321266174316406,
    -28.38507843017578,
    -28.446441650390625,
    -28.50547218322754,
    -28.562274932861328,
    -28.616954803466797,
    -28.669620513916016,
    -28.720386505126953,
    -28.769372940063477,
    -28.81667709350586,
    -28.862449645996094,
    -28.90673828125,
    -28.949691772460938,
    -28.99140167236328,
    -29.03197479248047,
    -29.071502685546875,
    -29.110057830810547,
    -29.147750854492188,
    -29.18460464477539,
    -29.220726013183594,
    -29.256153106689453,
    -29.29096031188965,
    -29.325178146362305,
    -29.35884666442871,
    -29.391977310180664,
    -29.424640655517578,
    -29.456863403320312,
    -29.488609313964844,
    -29.519935607910156,
    -29.55083656311035,
    -29.581336975097656,
    -29.61142349243164,
    -29.64111328125,
    -29.670400619506836,
    -29.69927978515625,
    -29.727779388427734,
    -29.75586700439453,
    -29.7835636138916,
    -29.81087875366211,
    -29.83779525756836,
    -29.864328384399414,
    -29.89046859741211,
    -29.916275024414062,
    -29.941686630249023,
    -29.96673583984375,
    -29.991430282592773,
    -30.01582145690918,
    -30.039878845214844,
    -30.063640594482422,
    -30.087133407592773,
    -30.110355377197266,
    -30.133346557617188,
    -30.156143188476562,
    -30.178722381591797
  ],