{
  "size": 24,
  "opt_val": -33.0,
  "method": "VQE",
  "operations": [
    "Z18_Y20",
    "Z18_Y22",
    "Z18_Y11",
    "Z20_Y9",
    "Z20_Y10",
    "Z22_Y23",
    "Z22_Y6",
    "Z11_Y19",
    "Z9_Y3",
    "Z9_Y7",
    "Z10_Y16",
    "Z10_Y5",
    "Z16_Y0",
    "Z5_Y13",
    "Z0_Y1",
    "Z23_Y8",
    "Z13_Y17",
    "Z8_Y12",
    "Z4_Y15",
    "Z4_Y2",
    "Z4_Y7",
    "Z12_Y21",
    "Z14_Y19",
    "Z11_Y6",
    "Z3_Y16",
    "Z3_Y5",
    "Z0_Y19",
    "Z23_Y13",
    "Z6_Y7",
    "Z8_Y17",
    "Z15_Y12",
    "Z15_Y2",
    "Z2_Y17",
    "Z14_Y21",
    "Z14_Y1",
    "Z21_Y1"
  ],
  "dt": 0.05,
  "lr": 0.05,
  "lam": 1.0,
  "mu": 0.9,
  "fix_step": 0,
  "constant_c": true,
  "parameters": [
    1.5560848712921143,
    1.5661118030548096,
    1.5614069700241089,
    1.557258129119873,
    -1.179555892944336,
    1.5023484230041504,
    0.7853318452835083,
    0.6367358565330505,
    1.513269066810608,
    0.7492354512214661,
    1.3829423189163208,
    0.5581523776054382,
    1.326444387435913,
    0.08516666293144226,
    0.8880295157432556,
    1.5290344953536987,
    0.04330075532197952,
    1.245789885520935,
    0.43407392501831055,
    0.7489435076713562,
    0.09885186702013016,
    1.0666881799697876,
    0.4297504723072052,
    0.7854495644569397,
    0.13294170796871185,
    1.0090837478637695,
    0.6367270350456238,
    1.4589141607284546,
    0.7492280602455139,
    1.306280493736267,
    0.22196735441684723,
    0.7489383816719055,
    0.2482818365097046,
    0.40164995193481445,
    0.3851529657840729,
    0.5028875470161438
  ],
  "opt_ratios": [
    1.1920911902052467e-07,
    4.890920877187455e-07,
    9.262123512598919e-07,
    1.6821277313283645e-06,
    2.9349544092838187e-06,
    4.928827365802135e-06,
    7.982177521626e-06,
    1.2490913832152728e-05,
    1.8924913092632778e-05,
    2.7817312002298422e-05,
    3.9747057599015534e-05,
    5.531620263354853e-05,
    7.512459706049412e-05,
    9.974397835321724e-05,
    0.00012969439558219165,
    0.00016542396042495966,
    0.00020729492825921625,
    0.0002555753162596375,
    0.00031043472699820995,
    0.00037194820470176637,
    0.0004401043988764286,
    0.000514814630150795,
    0.0005959304398857057,
    0.0006832568324171007,
    0.000776572385802865,
    0.0008756473544053733,
    0.0009802586864680052,
    0.001090210396796465,
    0.0012053456157445908,
    0.0013255567755550146,
    0.0014508015010505915,
    0.0015811040066182613,
    0.0017165648750960827,
    0.001857358613051474,
    0.0020037367939949036,
    0.002156033180654049,
    0.002314653480425477,
    0.002480078721418977,
    0.0026528663001954556,
    0.0028336362447589636,
    0.0030230851843953133,
    0.0032219765707850456,
    0.003431138349696994,
    0.0036514720413833857,
    0.0038839438930153847,
    0.004129599779844284,
    0.004389539361000061,
    0.004664960317313671,
    0.004957133904099464,
    0.005267380736768246,
    0.005597146227955818,
    0.005947937723249197,
    0.006321346387267113,
    0.006719028577208519,
    0.007142763584852219,
    0.007594352588057518,
    0.008075722493231297,
    0.008588825352489948,
    0.009135667234659195,
    0.009718299843370914,
    0.010338768362998962,
    0.010999112389981747,
    0.01170136034488678,
    0.012447424232959747,
    0.013239124789834023,
    0.014078168198466301,
    0.014966017566621304,
    0.015903927385807037,
    0.016892917454242706,
    0.017933597788214684,
    0.01902633160352707,
    0.020170973613858223,
    0.021367080509662628,
    0.022613726556301117,
    0.023909524083137512,
    0.025252653285861015,
    0.026640957221388817,
    0.028071731328964233,
    0.0295419879257679,
    0.03104836493730545,
    0.0325872004032135,
    0.03415452688932419,
    0.035746194422245026,
    0.03735782578587532,
    0.038984913378953934,
    0.04062287136912346,
    0.042266957461833954,
    0.04391251131892204,
    0.045554790645837784,
    0.04718922823667526,
    0.048811230808496475,
    0.050416428595781326,
    0.05200062692165375,
    0.053559839725494385,
    0.05509025976061821,
    0.05658864229917526,
    0.058051902800798416,
    0.059477321803569794,
    0.06086249649524689,
    0.062205664813518524,
    0.06350518763065338
  ],
  "expectations": [
    -17.99997329711914,
    -18.893272399902344,
    -19.326473236083984,
    -19.74938201904297,
    -20.160423278808594,
    -20.558345794677734,
    -20.942031860351562,
    -21.31071662902832,
    -21.66387939453125,
    -22.001232147216797,
    -22.32274055480957,
    -22.62853240966797,
    -22.9189453125,
    -23.194414138793945,
    -23.45550537109375,
    -23.702831268310547,
    -23.937000274658203,
    -24.15875244140625,
    -24.368663787841797,
    -24.567398071289062,
    -24.75554084777832,
    -24.933658599853516,
    -25.10226821899414,
    -25.2618408203125,
    -25.412818908691406,
    -25.555654525756836,
    -25.69071388244629,
    -25.81839370727539,
    -25.93911361694336,
    -26.053203582763672,
    -26.161041259765625,
    -26.26300811767578,
    -26.359508514404297,
    -26.45087242126465,
    -26.53749656677246,
    -26.619754791259766,
    -26.698001861572266,
    -26.77259063720703,
    -26.843883514404297,
    -26.912199020385742,
    -26.977861404418945,
    -27.041181564331055,
    -27.102432250976562,
    -27.16188621520996,
    -27.219802856445312,
    -27.276470184326172,
    -27.33202362060547,
    -27.386734008789062,
    -27.440797805786133,
    -27.494386672973633,
    -27.547687530517578,
    -27.600858688354492,
    -27.6540584564209,
    -27.7073974609375,
    -27.76105499267578,
    -27.815113067626953,
    -27.869705200195312,
    -27.924968719482422,
    -27.980968475341797,
    -28.037796020507812,
    -28.09554672241211,
    -28.154273986816406,
    -28.214027404785156,
    -28.274858474731445,
    -28.33677864074707,
    -28.399845123291016,
    -28.464019775390625,
    -28.529277801513672,
    -28.59559440612793,
    -28.66290283203125,
    -28.73114013671875,
    -28.800159454345703,
    -28.869905471801758,
    -28.940214157104492,
    -29.01095962524414,
    -29.081947326660156,
    -29.153053283691406,
    -29.224058151245117,
    -29.29479217529297,
    -29.365087509155273,
    -29.434751510620117,
    -29.503620147705078,
    -29.571529388427734,
    -29.638294219970703,
    -29.703767776489258,
    -29.767852783203125,
    -29.83034896850586,
    -29.891193389892578,
    -29.950258255004883,
    -30.0074520111084,
    -30.06267547607422,
    -30.115888595581055,
    -30.167037963867188,
    -30.216096878051758,
    -30.262958526611328,
    -30.30769157409668,
    -30.350278854370117,
    -30.39069938659668,
    -30.428985595703125,
    -30.4652099609375,
    -30.499366760253906
  ],