{
  "size": 24,
  "opt_val": -32.0,
  "method": "VQE",
  "operations": [
    "Z4_Y6",
    "Z4_Y11",
    "Z4_Y13",
    "Z6_Y17",
    "Z6_Y7",
    "Z11_Y18",
    "Z11_Y12",
    "Z13_Y0",
    "Z13_Y10",
    "Z17_Y20",
    "Z7_Y2",
    "Z7_Y9",
    "Z14_Y16",
    "Z14_Y10",
    "Z16_Y22",
    "Z10_Y8",
    "Z22_Y23",
    "Z22_Y19",
    "Z23_Y15",
    "Z23_Y21",
    "Z21_Y1",
    "Z2_Y5",
    "Z5_Y3",
    "Z17_Y12",
    "Z14_Y12",
    "Z16_Y9",
    "Z9_Y19",
    "Z19_Y0",
    "Z15_Y2",
    "Z15_Y20",
    "Z21_Y8",
    "Z0_Y8",
    "Z5_Y18",
    "Z18_Y1",
    "Z3_Y1",
    "Z3_Y20"
  ],
  "dt": 0.05,
  "lr": 0.05,
  "lam": 1.0,
  "mu": 0.9,
  "fix_step": 0,
  "constant_c": true,
  "parameters": [
    1.0995838642120361,
    1.1482393741607666,
    1.4030370712280273,
    1.2354949712753296,
    1.2110013961791992,
    0.15971478819847107,
    0.5287084579467773,
    1.0028984546661377,
    1.4181444644927979,
    0.5660139322280884,
    0.6581571698188782,
    0.0756792202591896,
    1.382110595703125,
    0.141975536942482,
    1.5441498756408691,
    0.4411126375198364,
    1.451897144317627,
    0.8731249570846558,
    1.4147443771362305,
    1.4518736600875854,
    0.12564797699451447,
    0.658223032951355,
    1.5164607763290405,
    0.5287340879440308,
    1.0673139095306396,
    1.492655634880066,
    0.6974292397499084,
    0.5664974451065063,
    0.45932990312576294,
    0.8235704898834229,
    0.2583010494709015,
    0.9411705732345581,
    1.4042775630950928,
    0.741660475730896,
    0.7416400909423828,
    0.565796971321106
  ],
  "opt_ratios": [
    9.536729521641973e-07,
    3.6057222132512834e-06,
    6.6548864197102375e-06,
    1.1876893950102385e-05,
    2.051404953817837e-05,
    3.432265293668024e-05,
    5.5682445236016065e-05,
    8.768418047111481e-05,
    0.0001341739553026855,
    0.00019973359303548932,
    0.0002895914076361805,
    0.00040944997454062104,
    0.0005652272375300527,
    0.0007627757731825113,
    0.0010075499303638935,
    0.001304298872128129,
    0.00165678805205971,
    0.002067633904516697,
    0.0025381986051797867,
    0.003068581921979785,
    0.003657697234302759,
    0.004303458146750927,
    0.005002961494028568,
    0.005752748344093561,
    0.0065490067936480045,
    0.007387811318039894,
    0.008265284821391106,
    0.009177817031741142,
    0.010122006759047508,
    0.011094935238361359,
    0.012094034813344479,
    0.013117142021656036,
    0.014162495732307434,
    0.015228770673274994,
    0.01631474494934082,
    0.017419755458831787,
    0.018542930483818054,
    0.019683804363012314,
    0.020842164754867554,
    0.022017408162355423,
    0.02320900559425354,
    0.02441663108766079,
    0.025639742612838745,
    0.02687767706811428,
    0.028129879385232925,
    0.029395531862974167,
    0.030673524364829063,
    0.031963057816028595,
    0.03326283395290375,
    0.03457152843475342,
    0.035887520760297775,
    0.03720977157354355,
    0.03853660076856613,
    0.03986680507659912,
    0.04119817912578583,
    0.0425303652882576,
    0.043860308825969696,
    0.04518655687570572,
    0.04650820046663284,
    0.04782373458147049,
    0.049130991101264954,
    0.050429560244083405,
    0.051718246191740036,
    0.052995480597019196,
    0.05425961688160896,
    0.055509909987449646,
    0.05674608796834946,
    0.05796749144792557,
    0.05917268246412277,
    0.06036171317100525,
    0.061533112078905106,
    0.06268656253814697,
    0.06382331997156143,
    0.06494264304637909,
    0.0660446286201477,
    0.06712904572486877,
    0.06819577515125275,
    0.06924507021903992,
    0.07027730345726013,
    0.07129320502281189,
    0.07229100167751312,
    0.07327336072921753,
    0.07423986494541168,
    0.07519210875034332,
    0.07612821459770203,
    0.07705000787973404,
    0.07795776426792145,
    0.0788538008928299,
    0.07973697781562805,
    0.08060721307992935,
    0.08146481215953827,
    0.08231157064437866,
    0.08314971625804901,
    0.08397620171308517,
    0.08479365706443787,
    0.08560170233249664,
    0.08640208840370178,
    0.0871930718421936,
    0.08797658979892731,
    0.08875355869531631,
    0.08952394127845764
  ],
  "expectations": [
    -17.999971389770508,
    -18.898691177368164,
    -19.344079971313477,
    -19.784603118896484,
    -20.218585968017578,
    -20.644519805908203,
    -21.060958862304688,
    -21.466604232788086,
    -21.860389709472656,
    -22.24132537841797,
    -22.608638763427734,
    -22.96172332763672,
    -23.300079345703125,
    -23.623416900634766,
    -23.93160057067871,
    -24.224565505981445,
    -24.50244903564453,
    -24.76545524597168,
    -25.013946533203125,
    -25.248363494873047,
    -25.469196319580078,
    -25.677013397216797,
    -25.872465133666992,
    -26.056196212768555,
    -26.2288875579834,
    -26.391250610351562,
    -26.54391860961914,
    -26.68759536743164,
    -26.822914123535156,
    -26.95050811767578,
    -27.07094955444336,
    -27.184804916381836,
    -27.292598724365234,
    -27.394794464111328,
    -27.491817474365234,
    -27.58409881591797,
    -27.671985626220703,
    -27.755828857421875,
    -27.835906982421875,
    -27.912525177001953,
    -27.985898971557617,
    -28.056259155273438,
    -28.123828887939453,
    -28.188770294189453,
    -28.251211166381836,
    -28.311342239379883,
    -28.3692569732666,
    -28.425098419189453,
    -28.478952407836914,
    -28.53094482421875,
    -28.581104278564453,
    -28.629528045654297,
    -28.676326751708984,
    -28.721534729003906,
    -28.765186309814453,
    -28.80738067626953,
    -28.84813690185547,
    -28.88750457763672,
    -28.92554473876953,
    -28.96229362487793,
    -28.997791290283203,
    -29.032073974609375,
    -29.065162658691406,
    -29.09712028503418,
    -29.127958297729492,
    -29.157732009887695,
    -29.186479568481445,
    -29.21419906616211,
    -29.240951538085938,
    -29.26675796508789,
    -29.291614532470703,
    -29.315593719482422,
    -29.338729858398438,
    -29.36101531982422,
    -29.38251304626465,
    -29.403228759765625,
    -29.423171997070312,
    -29.442419052124023,
    -29.460962295532227,
    -29.478836059570312,
    -29.496036529541016,
    -29.512630462646484,
    -29.528629302978516,
    -29.544038772583008,
    -29.558860778808594,
    -29.573200225830078,
    -29.587011337280273,
    -29.60031509399414,
    -29.613140106201172,
    -29.62552261352539,
    -29.637466430664062,
    -29.648988723754883,
    -29.660133361816406,
    -29.67084503173828,
    -29.68120574951172,
    -29.691198348999023,
    -29.700889587402344,
    -29.710224151611328,
    -29.719234466552734,
    -29.727962493896484,
    -29.736408233642578
  ],