{
  "size": 24,
  "opt_val": -32.0,
  "method": "VQE",
  "operations": [
    "Z7_Y17",
    "Z7_Y3",
    "Z7_Y2",
    "Z17_Y6",
    "Z17_Y10",
    "Z3_Y13",
    "Z3_Y23",
    "Z6_Y8",
    "Z10_Y18",
    "Z4_Y9",
    "Z4_Y12",
    "Z4_Y20",
    "Z9_Y5",
    "Z9_Y18",
    "Z12_Y14",
    "Z5_Y19",
    "Z5_Y21",
    "Z18_Y11",
    "Z13_Y0",
    "Z13_Y15",
    "Z23_Y1",
    "Z0_Y16",
    "Z15_Y22",
    "Z2_Y10",
    "Z2_Y6",
    "Z12_Y23",
    "Z20_Y8",
    "Z20_Y14",
    "Z14_Y15",
    "Z0_Y11",
    "Z19_Y21",
    "Z19_Y22",
    "Z21_Y1",
    "Z11_Y16",
    "Z16_Y8",
    "Z22_Y1"
  ],
  "dt": 0.05,
  "lr": 0.05,
  "lam": 1.0,
  "mu": 0.9,
  "fix_step": 0,
  "constant_c": true,
  "parameters": [
    1.5693110227584839,
    1.5073447227478027,
    1.5684529542922974,
    1.0807304382324219,
    1.1051503419876099,
    1.512461543083191,
    0.621789813041687,
    0.37420523166656494,
    0.3957032859325409,
    1.4885704517364502,
    1.5583651065826416,
    1.5506565570831299,
    1.498773217201233,
    1.0474436283111572,
    0.785619854927063,
    1.0896292924880981,
    0.026928577572107315,
    1.3472214937210083,
    1.5073442459106445,
    0.6187167763710022,
    0.051924511790275574,
    1.421026349067688,
    0.09361684322357178,
    0.4402276575565338,
    0.4809408187866211,
    0.9382020235061646,
    0.2591985762119293,
    0.7850695848464966,
    0.9369779229164124,
    0.11935790628194809,
    1.4682515859603882,
    1.468153715133667,
    0.6942895650863647,
    0.10809016227722168,
    0.9875667691230774,
    0.8509697914123535
  ],
  "opt_ratios": [
    1.3113003660691902e-06,
    4.949337380821817e-06,
    9.09698792384006e-06,
    1.6163347027031705e-05,
    2.780805152724497e-05,
    4.6402325097005814e-05,
    7.522488886024803e-05,
    0.00011867242574226111,
    0.00018247585103381425,
    0.0002739108167588711,
    0.00040199048817157745,
    0.0005776260513812304,
    0.0008137420518323779,
    0.0011253299890086055,
    0.0015294186305254698,
    0.002044948283582926,
    0.0026925266720354557,
    0.0034940429031848907,
    0.004472167696803808,
    0.005649684928357601,
    0.007048728410154581,
    0.008689949288964272,
    0.010591616854071617,
    0.012768837623298168,
    0.01523282565176487,
    0.017990436404943466,
    0.021043848246335983,
    0.02439068630337715,
    0.02802421897649765,
    0.03193400055170059,
    0.036106519401073456,
    0.04052603989839554,
    0.045175500214099884,
    0.05003735423088074,
    0.05509418249130249,
    0.06032940745353699,
    0.06572774797677994,
    0.07127539813518524,
    0.0769602507352829,
    0.08277207612991333,
    0.0887022465467453,
    0.09474387019872665,
    0.1008913516998291,
    0.10714070498943329,
    0.11348871141672134,
    0.11993343383073807,
    0.12647348642349243,
    0.1331081986427307,
    0.13983725011348724,
    0.14666086435317993,
    0.15357911586761475,
    0.16059258580207825,
    0.1677018404006958,
    0.17490729689598083,
    0.18220943212509155,
    0.189608633518219,
    0.19710518419742584,
    0.20469877123832703,
    0.2123900055885315,
    0.22017808258533478,
    0.22806328535079956,
    0.23604482412338257,
    0.2441219687461853,
    0.2522944211959839,
    0.26056110858917236,
    0.26892173290252686,
    0.27737513184547424,
    0.28592151403427124,
    0.2945595383644104,
    0.30328893661499023,
    0.31210821866989136,
    0.32101762294769287,
    0.3300170302391052,
    0.3391064405441284,
    0.3482854962348938,
    0.3575534224510193,
    0.3669109344482422,
    0.3763580918312073,
    0.3858949840068817,
    0.3955206871032715,
    0.4052361249923706,
    0.4150404632091522,
    0.4249323606491089,
    0.43491131067276,
    0.44497519731521606,
    0.45512232184410095,
    0.46534985303878784,
    0.47565507888793945,
    0.48603323101997375,
    0.4964808225631714,
    0.506990909576416,
    0.5175582766532898,
    0.528174638748169,
    0.5388328433036804,
    0.5495243072509766,
    0.560238778591156,
    0.5709666013717651,
    0.5816968083381653,
    0.5924177169799805,
    0.603117823600769,
    0.6137844324111938
  ],
  "expectations": [
    -17.99997329711914,
    -18.89377212524414,
    -19.328857421875,
    -19.755569458007812,
    -20.172962188720703,
    -20.580280303955078,
    -20.976943969726562,
    -21.362579345703125,
    -21.73700523376465,
    -22.100252151489258,
    -22.45252227783203,
    -22.794095993041992,
    -23.12540054321289,
    -23.44693374633789,
    -23.759191513061523,
    -24.062673568725586,
    -24.357839584350586,
    -24.645029067993164,
    -24.924579620361328,
    -25.196626663208008,
    -25.461231231689453,
    -25.718379974365234,
    -25.967891693115234,
    -26.209535598754883,
    -26.443010330200195,
    -26.66802215576172,
    -26.884204864501953,
    -27.091337203979492,
    -27.28916358947754,
    -27.477563858032227,
    -27.656475067138672,
    -27.825950622558594,
    -27.986125946044922,
    -28.137264251708984,
    -28.27964973449707,
    -28.413658142089844,
    -28.53973388671875,
    -28.658302307128906,
    -28.769853591918945,
    -28.874855041503906,
    -28.973796844482422,
    -29.06713104248047,
    -29.155277252197266,
    -29.238731384277344,
    -29.317790985107422,
    -29.392911911010742,
    -29.464401245117188,
    -29.532588958740234,
    -29.597755432128906,
    -29.66016960144043,
    -29.720050811767578,
    -29.777645111083984,
    -29.833162307739258,
    -29.886743545532227,
    -29.93859100341797,
    -29.988832473754883,
    -30.037582397460938,
    -30.08495330810547,
    -30.131126403808594,
    -30.17609405517578,
    -30.220001220703125,
    -30.26288604736328,
    -30.304840087890625,
    -30.345909118652344,
    -30.3861141204834,
    -30.425552368164062,
    -30.46420669555664,
    -30.502164840698242,
    -30.539400100708008,
    -30.57602310180664,
    -30.61196517944336,
    -30.647258758544922,
    -30.681949615478516,
    -30.716064453125,
    -30.74958610534668,
    -30.78254508972168,
    -30.814956665039062,
    -30.84679412841797,
    -30.878128051757812,
    -30.90888214111328,
    -30.939123153686523,
    -30.968868255615234,
    -30.998090744018555,
    -31.026813507080078,
    -31.055015563964844,
    -31.082738876342773,
    -31.109962463378906,
    -31.136730194091797,
    -31.162975311279297,
    -31.18877601623535,
    -31.214054107666016,
    -31.238895416259766,
    -31.263225555419922,
    -31.287078857421875,
    -31.310470581054688,
    -31.333370208740234,
    -31.355796813964844,
    -31.377717971801758,
    -31.399150848388672,
    -31.420089721679688,
    -31.440547943115234
  ],