{
  "size": 24,
  "opt_val": -32.0,
  "method": "VQE",
  "operations": [
    "Z4_Y6",
    "Z4_Y14",
    "Z4_Y19",
    "Z6_Y22",
    "Z14_Y13",
    "Z14_Y7",
    "Z22_Y12",
    "Z22_Y20",
    "Z3_Y10",
    "Z3_Y13",
    "Z10_Y18",
    "Z10_Y15",
    "Z13_Y0",
    "Z18_Y17",
    "Z18_Y9",
    "Z15_Y1",
    "Z12_Y8",
    "Z12_Y21",
    "Z8_Y2",
    "Z21_Y5",
    "Z2_Y23",
    "Z2_Y16",
    "Z23_Y11",
    "Z6_Y19",
    "Z19_Y7",
    "Z3_Y20",
    "Z20_Y0",
    "Z15_Y9",
    "Z8_Y17",
    "Z21_Y0",
    "Z17_Y1",
    "Z1_Y7",
    "Z9_Y5",
    "Z23_Y16",
    "Z16_Y11",
    "Z11_Y5"
  ],
  "dt": 0.05,
  "lr": 0.05,
  "lam": 1.0,
  "mu": 0.9,
  "fix_step": 0,
  "constant_c": true,
  "parameters": [
    -0.27672794461250305,
    1.525076985359192,
    1.3022947311401367,
    1.422685146331787,
    0.256436288356781,
    0.6962233781814575,
    1.400554895401001,
    0.1425294727087021,
    1.41468346118927,
    1.3114577531814575,
    1.5377705097198486,
    1.5377700328826904,
    0.8295331001281738,
    0.14594894647598267,
    0.7852580547332764,
    0.7296028137207031,
    1.3413357734680176,
    1.2898378372192383,
    1.3296738862991333,
    0.5439462065696716,
    1.3533425331115723,
    1.2204961776733398,
    0.7959457635879517,
    0.2649659514427185,
    0.7707688808441162,
    1.4215202331542969,
    0.6381599307060242,
    0.785256564617157,
    1.363551378250122,
    0.1585787534713745,
    0.8206608295440674,
    0.13875684142112732,
    1.1275094747543335,
    -0.28379809856414795,
    0.7732924222946167,
    0.5439448356628418
  ],
  "opt_ratios": [
    1.1920911902052467e-07,
    4.4855704572910327e-07,
    8.22236756903294e-07,
    1.4555198504240252e-06,
    2.4920218493207358e-06,
    4.132915819354821e-06,
    6.649401711911196e-06,
    1.0393699994892813e-05,
    1.580710886628367e-05,
    2.342351399420295e-05,
    3.3867370802909136e-05,
    4.784536577062681e-05,
    6.613183359149843e-05,
    8.954861550591886e-05,
    0.00011894032650161535,
    0.00015514664119109511,
    0.00019897351739928126,
    0.0002511638740543276,
    0.0003123714413959533,
    0.0003831352514680475,
    0.00046386089525185525,
    0.0005548050976358354,
    0.0006560630863532424,
    0.0007675648666918278,
    0.0008890751050785184,
    0.0010201958939433098,
    0.0011603771708905697,
    0.0013089303392916918,
    0.0014650430530309677,
    0.0016277972608804703,
    0.0017961888806894422,
    0.0019691530615091324,
    0.0021455802489072084,
    0.0023243436589837074,
    0.002504310803487897,
    0.0026843624655157328,
    0.0028634187765419483,
    0.003040445502847433,
    0.003214459866285324,
    0.003384551266208291,
    0.0035498840734362602,
    0.0037096987944096327,
    0.0038633199874311686,
    0.004010160453617573,
    0.004149706102907658,
    0.004281538538634777,
    0.004405302926898003,
    0.004520728252828121,
    0.004627631511539221,
    0.004725874401628971,
    0.004815390799194574,
    0.004896158818155527,
    0.004968228749930859,
    0.005031690467149019,
    0.005086679011583328,
    0.005133355502039194,
    0.005171924829483032,
    0.0052026123739778996,
    0.005225670989602804,
    0.005241350270807743,
    0.005249964073300362,
    0.0052518052980303764,
    0.0052471645176410675,
    0.0052363513968884945,
    0.005219681654125452,
    0.00519748218357563,
    0.005170059856027365,
    0.005137729458510876,
    0.005100799724459648,
    0.0050595663487911224,
    0.005014321766793728,
    0.004965352825820446,
    0.0049129389226436615,
    0.004857356660068035,
    0.004798854701220989,
    0.004737687297165394,
    0.004674095660448074,
    0.0046083033084869385,
    0.004540537018328905,
    0.00447100680321455,
    0.004399904049932957,
    0.004327431321144104,
    0.004253750666975975,
    0.004179042764008045,
    0.004103460349142551,
    0.004027168266475201,
    0.0039503006264567375,
    0.003873004810884595,
    0.003795391647145152,
    0.0037175887264311314,
    0.0036397012881934643,
    0.0035618492402136326,
    0.0034841145388782024,
    0.0034065935760736465,
    0.0033293701708316803,
    0.00325252627953887,
    0.00317613547667861,
    0.003100256435573101,
    0.0030249657575041056,
    0.0029503144323825836,
    0.0028763539157807827
  ],
  "expectations": [
    -17.99997329711914,
    -18.89144515991211,
    -19.322010040283203,
    -19.742938995361328,
    -20.153532028198242,
    -20.55309295654297,
    -20.941028594970703,
    -21.316741943359375,
    -21.679819107055664,
    -22.029876708984375,
    -22.366695404052734,
    -22.690155029296875,
    -23.000263214111328,
    -23.29712677001953,
    -23.580965042114258,
    -23.852054595947266,
    -24.110782623291016,
    -24.35755157470703,
    -24.592849731445312,
    -24.817108154296875,
    -25.030826568603516,
    -25.23455810546875,
    -25.42873191833496,
    -25.613853454589844,
    -25.7903995513916,
    -25.958770751953125,
    -26.119426727294922,
    -26.272769927978516,
    -26.419158935546875,
    -26.55899429321289,
    -26.69255828857422,
    -26.82019805908203,
    -26.94222640991211,
    -27.058931350708008,
    -27.170589447021484,
    -27.277427673339844,
    -27.379714965820312,
    -27.47768783569336,
    -27.571537017822266,
    -27.66149139404297,
    -27.74774932861328,
    -27.83047103881836,
    -27.909854888916016,
    -27.98606300354004,
    -28.059249877929688,
    -28.12957763671875,
    -28.1971435546875,
    -28.262096405029297,
    -28.32459831237793,
    -28.384748458862305,
    -28.44264030456543,
    -28.49837303161621,
    -28.552059173583984,
    -28.603805541992188,
    -28.653701782226562,
    -28.70180892944336,
    -28.74822235107422,
    -28.793025970458984,
    -28.8363094329834,
    -28.878047943115234,
    -28.918415069580078,
    -28.957454681396484,
    -28.995182037353516,
    -29.03167724609375,
    -29.066997528076172,
    -29.1011905670166,
    -29.13429832458496,
    -29.1663761138916,
    -29.197458267211914,
    -29.22760772705078,
    -29.256837844848633,
    -29.285186767578125,
    -29.312715530395508,
    -29.339454650878906,
    -29.365406036376953,
    -29.390634536743164,
    -29.415142059326172,
    -29.438966751098633,
    -29.462177276611328,
    -29.484724044799805,
    -29.506698608398438,
    -29.5280818939209,
    -29.54890251159668,
    -29.569194793701172,
    -29.588951110839844,
    -29.60822868347168,
    -29.627029418945312,
    -29.64535140991211,
    -29.663244247436523,
    -29.680688858032227,
    -29.69773292541504,
    -29.71440315246582,
    -29.73064422607422,
    -29.74652671813965,
    -29.762062072753906,
    -29.777250289916992,
    -29.792125701904297,
    -29.806642532348633,
    -29.820877075195312,
    -29.83482551574707,
    -29.848461151123047
  ],