{
  "size": 16,
  "opt_val": -52.0,
  "method": "VQE",
  "operations": [
    "Z0_Y5",
    "Z0_Y9",
    "Z0_Y11",
    "Z0_Y4",
    "Z0_Y13",
    "Z0_Y8",
    "Z0_Y1",
    "Z0_Y10",
    "Z0_Y3",
    "Z0_Y12",
    "Z5_Y14",
    "Z5_Y7",
    "Z5_Y15",
    "Z9_Y2",
    "Z11_Y6",
    "Z5_Y3",
    "Z5_Y10",
    "Z5_Y9",
    "Z5_Y11",
    "Z5_Y13",
    "Z5_Y8",
    "Z9_Y1",
    "Z9_Y12",
    "Z9_Y15",
    "Z11_Y2",
    "Z11_Y4",
    "Z11_Y7",
    "Z4_Y6",
    "Z4_Y14",
    "Z9_Y8",
    "Z9_Y10",
    "Z9_Y11",
    "Z9_Y13",
    "Z11_Y1",
    "Z11_Y15",
    "Z11_Y12",
    "Z4_Y2",
    "Z4_Y3",
    "Z4_Y15",
    "Z13_Y6",
    "Z13_Y7",
    "Z13_Y14",
    "Z4_Y8",
    "Z4_Y10",
    "Z4_Y12",
    "Z13_Y1",
    "Z13_Y3",
    "Z13_Y12",
    "Z13_Y15",
    "Z8_Y2",
    "Z8_Y14",
    "Z1_Y7",
    "Z1_Y6",
    "Z8_Y1",
    "Z8_Y15",
    "Z8_Y10",
    "Z8_Y12",
    "Z1_Y3",
    "Z1_Y14",
    "Z1_Y2",
    "Z10_Y6",
    "Z10_Y7",
    "Z10_Y2",
    "Z10_Y3",
    "Z10_Y15",
    "Z3_Y12",
    "Z3_Y14",
    "Z3_Y7",
    "Z12_Y6",
    "Z3_Y15",
    "Z12_Y7",
    "Z12_Y14",
    "Z14_Y2",
    "Z14_Y6",
    "Z2_Y15",
    "Z14_Y7",
    "Z7_Y2",
    "Z7_Y6",
    "Z6_Y15",
    "Z2_Y6"
  ],
  "dt": 0.05,
  "lr": 0.05,
  "lam": 1.0,
  "mu": 0.9,
  "fix_step": 0,
  "constant_c": true,
  "parameters": [
    1.5643467903137207,
    -0.4368167221546173,
    -0.20197105407714844,
    0.7810962796211243,
    0.9186044335365295,
    0.05118332430720329,
    0.21406354010105133,
    0.4573095142841339,
    0.21584221720695496,
    0.20456933975219727,
    0.5126267671585083,
    0.46237418055534363,
    0.18885627388954163,
    0.00017243339971173555,
    0.0018539616139605641,
    0.3666020631790161,
    0.014005256816744804,
    1.1336086988449097,
    1.3364183902740479,
    -0.027373403310775757,
    0.7785961627960205,
    0.6763822436332703,
    0.5703191161155701,
    0.2649400234222412,
    0.30264315009117126,
    0.7898399233818054,
    0.09873277693986893,
    0.2753596305847168,
    0.4603195786476135,
    -0.6208446621894836,
    0.7120664715766907,
    -0.056881677359342575,
    0.6248719692230225,
    0.3593566417694092,
    0.3621559739112854,
    0.18604616820812225,
    0.1428549736738205,
    0.22676056623458862,
    0.23111514747142792,
    0.24066415429115295,
    0.44350242614746094,
    0.4507935047149658,
    0.2225506752729416,
    0.12930350005626678,
    0.15090566873550415,
    0.09796518087387085,
    0.0813567042350769,
    0.07703830301761627,
    0.3549928069114685,
    0.4373428225517273,
    0.18012800812721252,
    0.02066366747021675,
    0.046360667794942856,
    0.4190398156642914,
    0.3339404761791229,
    0.5447235107421875,
    0.4602857530117035,
    0.694662868976593,
    0.24925929307937622,
    0.045279525220394135,
    0.49143552780151367,
    0.4683516025543213,
    -0.0005738515756092966,
    0.41729703545570374,
    0.19964715838432312,
    0.3776073455810547,
    0.23759956657886505,
    0.1540672779083252,
    0.602144181728363,
    0.43056219816207886,
    0.4765779674053192,
    0.31555822491645813,
    0.5107681751251221,
    0.19415755569934845,
    0.04222901538014412,
    0.04768828675150871,
    0.5015465617179871,
    0.10800458490848541,
    0.258500337600708,
    0.20781922340393066
  ],
  "opt_ratios": [
    0.00015258774510584772,
    0.00046494227717630565,
    0.0006900618318468332,
    0.0009871176443994045,
    0.001377651933580637,
    0.001890499726869166,
    0.0025644295383244753,
    0.003451387397944927,
    0.004621283151209354,
    0.006168130319565535,
    0.008218281902372837,
    0.010940765962004662,
    0.014559527859091759,
    0.019367123022675514,
    0.02573765441775322,
    0.034133490175008774,
    0.04510330408811569,
    0.05925950035452843,
    0.07723911106586456,
    0.09964575618505478,
    0.12699106335639954,
    0.15962690114974976,
    0.19769839942455292,
    0.24107173085212708,
    0.289266437292099,
    0.3414040207862854,
    0.3962306082248688,
    0.45223528146743774,
    0.5078619122505188,
    0.5616920590400696,
    0.6126126050949097,
    0.659852147102356,
    0.7029688358306885,
    0.7417861223220825,
    0.7763286232948303,
    0.8067607283592224,
    0.8333457708358765,
    0.8564039468765259,
    0.8762897849082947,
    0.8933653235435486,
    0.9079800248146057,
    0.920461118221283,
    0.9311069250106812,
    0.940185546875,
    0.9479357600212097,
    0.9545527696609497,
    0.9602116942405701,
    0.9650579690933228,
    0.9692200422286987,
    0.9728000164031982,
    0.975883960723877,
    0.9785493016242981,
    0.9808568954467773,
    0.9828612208366394,
    0.9846031665802002,
    0.9861217737197876,
    0.9874491691589355,
    0.9886125922203064,
    0.9896336197853088,
    0.9905324578285217,
    0.9913265109062195,
    0.9920273423194885,
    0.9926490783691406,
    0.9932008981704712,
    0.9936943650245667,
    0.9941343665122986,
    0.9945271611213684,
    0.9948812127113342,
    0.9952003955841064,
    0.9954876899719238,
    0.9957501888275146,
    0.9959855079650879,
    0.9962000846862793,
    0.9963971972465515,
    0.996577262878418,
    0.9967416524887085,
    0.9968946576118469,
    0.9970360994338989,
    0.9971649050712585,
    0.9972842931747437,
    0.9973984360694885,
    0.9975014328956604,
    0.9976001381874084,
    0.9976896643638611,
    0.9977757930755615,
    0.997854471206665,
    0.9979312419891357,
    0.9980008006095886,
    0.9980671405792236,
    0.9981311559677124,
    0.9981913566589355,
    0.9982468485832214,
    0.9983009099960327,
    0.9983531832695007,
    0.9984018802642822,
    0.9984474182128906,
    0.9984901547431946,
    0.9985323548316956,
    0.998573899269104,
    0.9986129403114319,
    0.9986484050750732
  ],