{
  "size": 16,
  "opt_val": -52.0,
  "method": "VQE",
  "operations": [
    "Z0_Y5",
    "Z0_Y14",
    "Z0_Y7",
    "Z0_Y2",
    "Z0_Y4",
    "Z0_Y13",
    "Z0_Y1",
    "Z0_Y10",
    "Z0_Y3",
    "Z0_Y12",
    "Z5_Y9",
    "Z5_Y11",
    "Z5_Y6",
    "Z5_Y15",
    "Z14_Y8",
    "Z5_Y1",
    "Z5_Y2",
    "Z5_Y3",
    "Z5_Y4",
    "Z5_Y7",
    "Z14_Y1",
    "Z14_Y6",
    "Z14_Y9",
    "Z14_Y10",
    "Z14_Y11",
    "Z7_Y12",
    "Z7_Y13",
    "Z7_Y15",
    "Z7_Y8",
    "Z14_Y2",
    "Z14_Y3",
    "Z14_Y4",
    "Z7_Y1",
    "Z7_Y2",
    "Z7_Y6",
    "Z7_Y11",
    "Z2_Y13",
    "Z2_Y8",
    "Z2_Y12",
    "Z2_Y9",
    "Z4_Y15",
    "Z4_Y10",
    "Z2_Y11",
    "Z2_Y6",
    "Z4_Y1",
    "Z4_Y3",
    "Z4_Y13",
    "Z4_Y6",
    "Z4_Y8",
    "Z13_Y9",
    "Z13_Y12",
    "Z13_Y15",
    "Z10_Y3",
    "Z13_Y1",
    "Z13_Y8",
    "Z13_Y11",
    "Z1_Y15",
    "Z1_Y3",
    "Z1_Y12",
    "Z10_Y6",
    "Z10_Y8",
    "Z10_Y9",
    "Z1_Y8",
    "Z10_Y15",
    "Z10_Y12",
    "Z10_Y11",
    "Z3_Y6",
    "Z3_Y15",
    "Z3_Y9",
    "Z12_Y8",
    "Z3_Y12",
    "Z12_Y6",
    "Z12_Y11",
    "Z15_Y6",
    "Z15_Y9",
    "Z8_Y9",
    "Z15_Y11",
    "Z8_Y11",
    "Z11_Y9",
    "Z6_Y9"
  ],
  "dt": 0.05,
  "lr": 0.05,
  "lam": 1.0,
  "mu": 0.9,
  "fix_step": 0,
  "constant_c": true,
  "parameters": [
    1.5643843412399292,
    1.57062566280365,
    1.4265586137771606,
    0.2188810259103775,
    1.0547536611557007,
    0.8792721033096313,
    0.06801311671733856,
    1.3233239650726318,
    0.10073374956846237,
    0.6935386657714844,
    0.28604191541671753,
    0.25068560242652893,
    0.24696706235408783,
    0.2914772033691406,
    0.27804577350616455,
    0.4664772152900696,
    0.911472499370575,
    0.3060494065284729,
    0.08121419697999954,
    -0.1442403793334961,
    0.7609115839004517,
    0.3674786388874054,
    0.1722061038017273,
    -0.31386780738830566,
    0.41974472999572754,
    -0.06917425990104675,
    -0.1773032695055008,
    0.45401862263679504,
    0.6002522706985474,
    0.607455849647522,
    0.6671658158302307,
    -0.5908831357955933,
    0.14267288148403168,
    0.27081283926963806,
    0.45490145683288574,
    0.2657923400402069,
    0.7447234988212585,
    0.18611229956150055,
    0.15332406759262085,
    0.3390145003795624,
    0.8744713068008423,
    0.0671074241399765,
    0.1513933390378952,
    0.16153833270072937,
    0.02637193351984024,
    0.4606446921825409,
    0.2307281643152237,
    0.12297660857439041,
    0.477340966463089,
    0.40402862429618835,
    0.04142318665981293,
    0.3899996280670166,
    0.23159317672252655,
    0.24237032234668732,
    0.1333441585302353,
    0.08291006833314896,
    0.5523369908332825,
    -0.006136841140687466,
    0.5252853631973267,
    0.2870211899280548,
    0.2631968855857849,
    0.23722794651985168,
    0.20874884724617004,
    0.40607959032058716,
    -0.014729459770023823,
    0.2709960341453552,
    0.12935985624790192,
    0.29288768768310547,
    0.5026227831840515,
    0.21504290401935577,
    0.16120164096355438,
    0.4693884253501892,
    0.4459409713745117,
    0.0870116725564003,
    0.5234059691429138,
    0.6510486006736755,
    0.022204171866178513,
    -0.008412894792854786,
    0.2749871611595154,
    0.3791535794734955
  ],
  "opt_ratios": [
    6.1035098042339087e-05,
    0.00018636086315382272,
    0.0002737478935159743,
    0.00038562584086321294,
    0.0005270936526358128,
    0.0007041670614853501,
    0.0009236541227437556,
    0.0011931215412914753,
    0.0015205792151391506,
    0.0019138967618346214,
    0.0023805610835552216,
    0.002926638349890709,
    0.0035553774796426296,
    0.00426738616079092,
    0.005058259703218937,
    0.005919262766838074,
    0.006837066262960434,
    0.007794089615345001,
    0.008770301938056946,
    0.009744557552039623,
    0.010696662589907646,
    0.011608991771936417,
    0.012467908672988415,
    0.01326425839215517,
    0.013993047177791595,
    0.014653654769062996,
    0.015249060466885567,
    0.01578577049076557,
    0.016272850334644318,
    0.016720522195100784,
    0.017141690477728844,
    0.01754925400018692,
    0.01795697957277298,
    0.01837824657559395,
    0.018826767802238464,
    0.019314143806695938,
    0.01985163241624832,
    0.020448554307222366,
    0.02111242152750492,
    0.02184946835041046,
    0.02266531065106392,
    0.023565441370010376,
    0.024554943665862083,
    0.02563951164484024,
    0.026827272027730942,
    0.028129342943429947,
    0.029557619243860245,
    0.031130658462643623,
    0.03287161886692047,
    0.03480808436870575,
    0.03697622939944267,
    0.039419304579496384,
    0.04219190403819084,
    0.045359596610069275,
    0.049003757536411285,
    0.05322624742984772,
    0.058153554797172546,
    0.0639447346329689,
    0.07079723477363586,
    0.07896475493907928,
    0.08877463638782501,
    0.10064314305782318,
    0.1151074469089508,
    0.13283994793891907,
    0.15469717979431152,
    0.18173211812973022,
    0.21520566940307617,
    0.2564929127693176,
    0.3069326877593994,
    0.36744433641433716,
    0.4379558265209198,
    0.5167403817176819,
    0.5999910235404968,
    0.6822078227996826,
    0.7575551271438599,
    0.821616530418396,
    0.8725178241729736,
    0.9107899069786072,
    0.9384135603904724,
    0.9578042030334473,
    0.9711756706237793,
    0.9803030490875244,
    0.9865016937255859,
    0.9907009601593018,
    0.993545651435852,
    0.995474636554718,
    0.9967849254608154,
    0.9976770877838135,
    0.9982879161834717,
    0.9987071752548218,
    0.9989969730377197,
    0.9991962909698486,
    0.999337375164032,
    0.9994361400604248,
    0.999506413936615,
    0.9995577931404114,
    0.9995957612991333,
    0.9996220469474792,
    0.9996440410614014,
    0.9996616244316101,
    0.9996741414070129
  ],