{
  "size": 16,
  "opt_val": -56.0,
  "method": "VQE",
  "operations": [
    "Z0_Y5",
    "Z0_Y14",
    "Z0_Y9",
    "Z0_Y2",
    "Z0_Y11",
    "Z0_Y4",
    "Z0_Y13",
    "Z0_Y6",
    "Z0_Y8",
    "Z0_Y10",
    "Z5_Y1",
    "Z5_Y12",
    "Z5_Y7",
    "Z14_Y3",
    "Z14_Y15",
    "Z5_Y4",
    "Z5_Y10",
    "Z5_Y14",
    "Z5_Y9",
    "Z5_Y11",
    "Z5_Y6",
    "Z14_Y1",
    "Z14_Y7",
    "Z14_Y8",
    "Z14_Y12",
    "Z14_Y13",
    "Z9_Y3",
    "Z9_Y15",
    "Z2_Y1",
    "Z14_Y11",
    "Z9_Y1",
    "Z9_Y6",
    "Z9_Y7",
    "Z9_Y10",
    "Z9_Y12",
    "Z9_Y13",
    "Z2_Y13",
    "Z2_Y15",
    "Z2_Y8",
    "Z2_Y3",
    "Z11_Y1",
    "Z4_Y1",
    "Z2_Y6",
    "Z2_Y10",
    "Z2_Y12",
    "Z2_Y7",
    "Z11_Y3",
    "Z11_Y7",
    "Z11_Y8",
    "Z11_Y15",
    "Z4_Y3",
    "Z13_Y1",
    "Z13_Y3",
    "Z11_Y10",
    "Z11_Y12",
    "Z4_Y6",
    "Z4_Y15",
    "Z4_Y8",
    "Z4_Y10",
    "Z4_Y7",
    "Z13_Y7",
    "Z6_Y3",
    "Z8_Y1",
    "Z4_Y12",
    "Z13_Y8",
    "Z13_Y10",
    "Z13_Y15",
    "Z6_Y15",
    "Z6_Y7",
    "Z8_Y12",
    "Z10_Y3",
    "Z1_Y12",
    "Z6_Y8",
    "Z6_Y10",
    "Z8_Y15",
    "Z10_Y12",
    "Z1_Y7",
    "Z12_Y3",
    "Z7_Y15",
    "Z15_Y3"
  ],
  "dt": 0.05,
  "lr": 0.05,
  "lam": 1.0,
  "mu": 0.9,
  "fix_step": 0,
  "constant_c": true,
  "parameters": [
    -1.4285625219345093,
    1.440370798110962,
    1.3791872262954712,
    1.5707957744598389,
    1.1664015054702759,
    1.4517412185668945,
    0.8531420826911926,
    0.7098413705825806,
    0.16785982251167297,
    0.06913728266954422,
    0.07239282131195068,
    0.3290669322013855,
    0.06855075061321259,
    0.1264043003320694,
    0.13570642471313477,
    0.11906302720308304,
    0.07763426005840302,
    0.13124118745326996,
    0.19161036610603333,
    0.06570059806108475,
    0.21970511972904205,
    0.2269711196422577,
    0.23706881701946259,
    0.25980135798454285,
    0.3173966109752655,
    -0.1996682733297348,
    0.2494615763425827,
    0.3165628910064697,
    0.2816256582736969,
    -0.338897705078125,
    0.2704593539237976,
    -0.12846730649471283,
    0.22354528307914734,
    0.23015068471431732,
    0.3357466757297516,
    -0.20786885917186737,
    -0.3102487325668335,
    0.2910821735858917,
    0.2089865356683731,
    0.25480785965919495,
    0.2717132270336151,
    0.27393633127212524,
    -0.2315184772014618,
    0.272814005613327,
    0.3343290388584137,
    0.26879075169563293,
    0.30426937341690063,
    0.2766905426979065,
    0.2740798890590668,
    0.3148506283760071,
    0.2944263219833374,
    0.3182027339935303,
    0.26857197284698486,
    0.2780580520629883,
    0.2660644054412842,
    -0.2820017337799072,
    0.30993086099624634,
    0.2632932662963867,
    0.2654151916503906,
    0.2674992084503174,
    0.2598956525325775,
    0.24778975546360016,
    0.0007640370167791843,
    0.2760947644710541,
    0.36516955494880676,
    0.3895163834095001,
    0.253620445728302,
    0.22939160466194153,
    0.2345852255821228,
    0.07818961143493652,
    0.038942161947488785,
    0.13481301069259644,
    0.3610006868839264,
    0.2819172441959381,
    0.17650045454502106,
    0.19484910368919373,
    0.1292978674173355,
    0.000363479892257601,
    0.10325829684734344,
    0.13599184155464172
  ],
  "opt_ratios": [
    9.155264706350863e-05,
    0.00037217169301584363,
    0.0006015857798047364,
    0.000923591258469969,
    0.0013748651836067438,
    0.0020126327872276306,
    0.0029272157698869705,
    0.004263472743332386,
    0.006258695386350155,
    0.009307516738772392,
    0.014077970758080482,
    0.02171153761446476,
    0.03415028378367424,
    0.0546017661690712,
    0.087997205555439,
    0.14084701240062714,
    0.21932484209537506,
    0.3248596489429474,
    0.4491446316242218,
    0.5739582777023315,
    0.6803999543190002,
    0.7604644298553467,
    0.8172837495803833,
    0.8574689030647278,
    0.8864646553993225,
    0.9078717231750488,
    0.9239895939826965,
    0.9363391995429993,
    0.9459565877914429,
    0.9535627365112305,
    0.9596643447875977,
    0.964627742767334,
    0.9687174558639526,
    0.9721239805221558,
    0.974993109703064,
    0.9774357676506042,
    0.9795297980308533,
    0.9813414216041565,
    0.982920229434967,
    0.9843048453330994,
    0.9855268597602844,
    0.9866113066673279,
    0.9875777363777161,
    0.9884434938430786,
    0.9892241358757019,
    0.9899285435676575,
    0.9905661940574646,
    0.9911468625068665,
    0.9916764497756958,
    0.9921618700027466,
    0.9926064014434814,
    0.9930158853530884,
    0.9933934807777405,
    0.9937419295310974,
    0.9940647482872009,
    0.994365394115448,
    0.9946436882019043,
    0.9949024319648743,
    0.995144784450531,
    0.9953715801239014,
    0.9955830574035645,
    0.9957820773124695,
    0.9959675073623657,
    0.996142566204071,
    0.996307373046875,
    0.9964630603790283,
    0.996609091758728,
    0.9967474937438965,
    0.9968783855438232,
    0.9970017075538635,
    0.9971198439598083,
    0.9972298741340637,
    0.9973353743553162,
    0.9974349737167358,
    0.9975302815437317,
    0.9976210594177246,
    0.9977070689201355,
    0.9977884888648987,
    0.9978668689727783,
    0.997940719127655,
    0.9980124831199646,
    0.9980804324150085,
    0.9981462955474854,
    0.9982081055641174,
    0.998267412185669,
    0.9983251690864563,
    0.9983805418014526,
    0.9984312653541565,
    0.998481810092926,
    0.998529851436615,
    0.9985766410827637,
    0.9986210465431213,
    0.9986632466316223,
    0.9987033009529114,
    0.9987428784370422,
    0.9987816214561462,
    0.9988176226615906,
    0.9988529682159424,
    0.9988864660263062,
    0.9989188313484192,
    0.9989503026008606
  ],