{
  "size": 16,
  "opt_val": -54.0,
  "method": "VQE",
  "operations": [
    "Z0_Y5",
    "Z0_Y7",
    "Z0_Y2",
    "Z0_Y4",
    "Z0_Y13",
    "Z0_Y6",
    "Z0_Y15",
    "Z0_Y8",
    "Z0_Y10",
    "Z0_Y12",
    "Z5_Y1",
    "Z5_Y3",
    "Z5_Y14",
    "Z5_Y9",
    "Z5_Y11",
    "Z5_Y2",
    "Z5_Y10",
    "Z5_Y12",
    "Z5_Y8",
    "Z7_Y2",
    "Z7_Y3",
    "Z7_Y4",
    "Z7_Y14",
    "Z7_Y13",
    "Z7_Y15",
    "Z2_Y11",
    "Z2_Y6",
    "Z2_Y9",
    "Z4_Y1",
    "Z7_Y10",
    "Z7_Y12",
    "Z7_Y8",
    "Z2_Y15",
    "Z2_Y10",
    "Z2_Y3",
    "Z4_Y3",
    "Z4_Y9",
    "Z4_Y11",
    "Z4_Y13",
    "Z4_Y6",
    "Z4_Y14",
    "Z13_Y1",
    "Z2_Y12",
    "Z4_Y15",
    "Z13_Y3",
    "Z13_Y8",
    "Z13_Y9",
    "Z13_Y11",
    "Z13_Y14",
    "Z13_Y15",
    "Z6_Y3",
    "Z6_Y12",
    "Z15_Y1",
    "Z8_Y10",
    "Z6_Y11",
    "Z6_Y15",
    "Z6_Y8",
    "Z6_Y14",
    "Z6_Y9",
    "Z15_Y3",
    "Z8_Y1",
    "Z8_Y12",
    "Z10_Y1",
    "Z15_Y9",
    "Z15_Y11",
    "Z8_Y11",
    "Z8_Y14",
    "Z10_Y3",
    "Z10_Y9",
    "Z12_Y1",
    "Z12_Y3",
    "Z10_Y14",
    "Z10_Y11",
    "Z12_Y9",
    "Z12_Y14",
    "Z1_Y14",
    "Z14_Y3",
    "Z1_Y9",
    "Z1_Y11",
    "Z9_Y11"
  ],
  "dt": 0.05,
  "lr": 0.05,
  "lam": 1.0,
  "mu": 0.9,
  "fix_step": 0,
  "constant_c": true,
  "parameters": [
    1.5681934356689453,
    -1.5706645250320435,
    -0.09784874320030212,
    1.0091315507888794,
    0.9810250401496887,
    1.0291229486465454,
    0.7296197414398193,
    0.1953313648700714,
    0.9544386267662048,
    0.8792592287063599,
    0.19818776845932007,
    0.2656727731227875,
    0.349061518907547,
    0.22817713022232056,
    0.27769073843955994,
    0.5170111656188965,
    -0.21972216665744781,
    -0.21760079264640808,
    0.16637615859508514,
    0.19622766971588135,
    0.14051027595996857,
    0.5616642832756042,
    0.1464546173810959,
    0.3171117305755615,
    0.4483988583087921,
    0.004510428756475449,
    0.16451923549175262,
    0.0018430384807288647,
    0.26926878094673157,
    0.3966454267501831,
    0.4829777777194977,
    0.4082396924495697,
    0.0012866155011579394,
    -2.7819633032777347e-06,
    0.0019442621851339936,
    0.27085477113723755,
    0.24085547029972076,
    0.34472358226776123,
    -0.272665798664093,
    -0.3884941339492798,
    0.30487537384033203,
    0.217499777674675,
    0.0004823189810849726,
    -0.19480079412460327,
    0.3197895288467407,
    0.17610017955303192,
    0.2970820665359497,
    0.33345139026641846,
    0.31535837054252625,
    -0.20701344311237335,
    0.09771273285150528,
    0.00949223805218935,
    0.3379408121109009,
    6.936943464097567e-07,
    0.14297185838222504,
    0.010565068572759628,
    0.4655170738697052,
    0.24477405846118927,
    0.08759567886590958,
    0.27947524189949036,
    0.0005373415187932551,
    0.0002449357998557389,
    0.24167677760124207,
    0.2231558859348297,
    0.3111652731895447,
    0.0032547686714679003,
    0.0037125900853425264,
    0.3179944157600403,
    0.292087197303772,
    0.30615234375,
    0.2772957384586334,
    0.33287471532821655,
    0.32251161336898804,
    0.3051421046257019,
    0.2965993285179138,
    0.12525388598442078,
    0.11608976870775223,
    0.10199767351150513,
    0.09569591283798218,
    0.06375766545534134
  ],
  "opt_ratios": [
    0.00018310529412701726,
    0.0006283486727625132,
    0.0009880878496915102,
    0.0015001293504610658,
    0.0022328724153339863,
    0.0032914765179157257,
    0.004839477129280567,
    0.007133666425943375,
    0.010580562055110931,
    0.015826575458049774,
    0.023890642449259758,
    0.03634193539619446,
    0.055478863418102264,
    0.0843549370765686,
    0.12636956572532654,
    0.18412096798419952,
    0.2576727271080017,
    0.343159019947052,
    0.43309032917022705,
    0.5189987421035767,
    0.5949915647506714,
    0.6592134237289429,
    0.712573766708374,
    0.7568768262863159,
    0.7938195466995239,
    0.8247544765472412,
    0.8507186770439148,
    0.8725389242172241,
    0.8908808827400208,
    0.9062997102737427,
    0.9192619323730469,
    0.9301638603210449,
    0.9393342733383179,
    0.9470547437667847,
    0.9535651206970215,
    0.9590644836425781,
    0.9637222290039062,
    0.9676810503005981,
    0.97104811668396,
    0.9739283323287964,
    0.9764032363891602,
    0.9785326719284058,
    0.980377197265625,
    0.9819826483726501,
    0.9833889007568359,
    0.9846233129501343,
    0.9857084155082703,
    0.9866737127304077,
    0.9875369071960449,
    0.9883080124855042,
    0.9890007972717285,
    0.9896262288093567,
    0.9901938438415527,
    0.9907118082046509,
    0.9911857843399048,
    0.9916201829910278,
    0.9920206069946289,
    0.9923882484436035,
    0.9927310943603516,
    0.9930503368377686,
    0.9933465719223022,
    0.9936221241950989,
    0.9938816428184509,
    0.9941246509552002,
    0.9943539500236511,
    0.9945703744888306,
    0.9947736263275146,
    0.9949650764465332,
    0.9951460361480713,
    0.9953184723854065,
    0.9954814910888672,
    0.9956375360488892,
    0.9957852363586426,
    0.995926022529602,
    0.9960589408874512,
    0.9961882829666138,
    0.9963098168373108,
    0.9964268207550049,
    0.9965378046035767,
    0.9966452121734619,
    0.9967470169067383,
    0.9968461990356445,
    0.9969399571418762,
    0.9970303773880005,
    0.9971168041229248,
    0.9972002506256104,
    0.997280478477478,
    0.9973582029342651,
    0.9974322319030762,
    0.9975039958953857,
    0.9975726008415222,
    0.9976387023925781,
    0.9977032542228699,
    0.9977647066116333,
    0.99782395362854,
    0.9978810548782349,
    0.9979372024536133,
    0.9979907274246216,
    0.9980437159538269,
    0.9980945587158203,
    0.9981429576873779
  ],