{
  "size": 16,
  "opt_val": -52.0,
  "method": "VQE",
  "operations": [
    "Z0_Y14",
    "Z0_Y9",
    "Z0_Y2",
    "Z0_Y11",
    "Z0_Y13",
    "Z0_Y15",
    "Z0_Y8",
    "Z0_Y10",
    "Z0_Y3",
    "Z0_Y12",
    "Z14_Y1",
    "Z14_Y4",
    "Z14_Y5",
    "Z14_Y6",
    "Z14_Y7",
    "Z14_Y2",
    "Z14_Y3",
    "Z14_Y10",
    "Z14_Y11",
    "Z9_Y2",
    "Z9_Y4",
    "Z9_Y6",
    "Z9_Y8",
    "Z9_Y12",
    "Z9_Y15",
    "Z2_Y5",
    "Z11_Y7",
    "Z11_Y13",
    "Z13_Y1",
    "Z9_Y3",
    "Z9_Y10",
    "Z9_Y11",
    "Z2_Y11",
    "Z2_Y4",
    "Z2_Y6",
    "Z2_Y8",
    "Z11_Y5",
    "Z13_Y4",
    "Z13_Y7",
    "Z13_Y12",
    "Z13_Y15",
    "Z15_Y1",
    "Z2_Y10",
    "Z2_Y3",
    "Z11_Y3",
    "Z11_Y4",
    "Z11_Y8",
    "Z13_Y6",
    "Z13_Y8",
    "Z15_Y4",
    "Z15_Y5",
    "Z15_Y7",
    "Z15_Y12",
    "Z8_Y1",
    "Z13_Y10",
    "Z15_Y6",
    "Z15_Y10",
    "Z8_Y5",
    "Z8_Y6",
    "Z8_Y7",
    "Z8_Y12",
    "Z10_Y3",
    "Z10_Y4",
    "Z3_Y1",
    "Z10_Y5",
    "Z10_Y7",
    "Z3_Y6",
    "Z3_Y12",
    "Z3_Y5",
    "Z12_Y1",
    "Z1_Y4",
    "Z12_Y5",
    "Z12_Y6",
    "Z12_Y7",
    "Z1_Y5",
    "Z5_Y4",
    "Z1_Y7",
    "Z1_Y6",
    "Z7_Y4",
    "Z7_Y6"
  ],
  "dt": 0.05,
  "lr": 0.05,
  "lam": 1.0,
  "mu": 0.9,
  "fix_step": 0,
  "constant_c": true,
  "parameters": [
    1.5679656267166138,
    -1.5660936832427979,
    0.7764176726341248,
    -0.4623298645019531,
    0.47784915566444397,
    1.024372935295105,
    0.8516770005226135,
    0.12059872597455978,
    0.5270689129829407,
    0.6337548494338989,
    0.223771333694458,
    0.1900014877319336,
    0.20341646671295166,
    0.4122169613838196,
    0.2313127964735031,
    -0.401564359664917,
    -0.018215341493487358,
    0.4013194441795349,
    1.104562520980835,
    0.3929483890533447,
    0.5003297328948975,
    0.21382984519004822,
    0.6824425458908081,
    0.7035455703735352,
    0.44785577058792114,
    0.14588527381420135,
    0.13303142786026,
    1.092934012413025,
    0.26555749773979187,
    0.31440412998199463,
    0.2445223480463028,
    0.16733339428901672,
    0.1709064394235611,
    0.2629695236682892,
    0.2612994313240051,
    0.09569301456212997,
    0.12694703042507172,
    0.1985151767730713,
    0.19858339428901672,
    0.12938866019248962,
    -0.09851735085248947,
    0.1820509433746338,
    0.377882719039917,
    0.1724490225315094,
    0.47356775403022766,
    0.306620717048645,
    0.2135099619626999,
    0.29885849356651306,
    0.08116603642702103,
    0.15288518369197845,
    0.35451462864875793,
    0.3488878309726715,
    -0.15744324028491974,
    0.30696338415145874,
    0.8732774257659912,
    0.3347882032394409,
    0.2834448218345642,
    0.4551171362400055,
    0.25815027952194214,
    0.5415447950363159,
    -0.2532348036766052,
    0.41001540422439575,
    0.24683471024036407,
    0.4772527515888214,
    0.140974223613739,
    0.2488529533147812,
    0.34601354598999023,
    0.047789230942726135,
    0.23203475773334503,
    0.1152137815952301,
    0.45042699575424194,
    0.533387303352356,
    0.22686032950878143,
    0.6345652937889099,
    0.08563366532325745,
    0.43495339155197144,
    0.0022029378451406956,
    0.17040452361106873,
    0.435996413230896,
    0.18314942717552185
  ],
  "opt_ratios": [
    0.00030517549021169543,
    0.0009035973343998194,
    0.0013200471876189113,
    0.0018564779311418533,
    0.0025441176258027554,
    0.0034225541166961193,
    0.004540938884019852,
    0.005959310568869114,
    0.007749340962618589,
    0.00999448075890541,
    0.012788594700396061,
    0.016231726855039597,
    0.020424820482730865,
    0.025460578501224518,
    0.03141336143016815,
    0.0383315309882164,
    0.04623128101229668,
    0.055099938064813614,
    0.0649070143699646,
    0.07562047243118286,
    0.0872306376695633,
    0.09976954758167267,
    0.11333414167165756,
    0.12810009717941284,
    0.1443394124507904,
    0.1624254733324051,
    0.18283390998840332,
    0.20614323019981384,
    0.2330096960067749,
    0.26413634419441223,
    0.30021876096725464,
    0.3418205976486206,
    0.38921427726745605,
    0.44216635823249817,
    0.4997347295284271,
    0.5601823329925537,
    0.6211110949516296,
    0.6798551082611084,
    0.7340078353881836,
    0.7819071412086487,
    0.8227722644805908,
    0.8566462397575378,
    0.8841486573219299,
    0.9061803221702576,
    0.9237115383148193,
    0.9376428723335266,
    0.9487417936325073,
    0.9576296210289001,
    0.9647966623306274,
    0.9706164002418518,
    0.9753731489181519,
    0.9792906641960144,
    0.9825373888015747,
    0.9852414727210999,
    0.9875020384788513,
    0.989402174949646,
    0.991000771522522,
    0.9923522472381592,
    0.9934933185577393,
    0.994461178779602,
    0.9952820539474487,
    0.9959800243377686,
    0.9965740442276001,
    0.9970780611038208,
    0.9975081086158752,
    0.9978744983673096,
    0.9981862306594849,
    0.9984517097473145,
    0.9986776113510132,
    0.998871922492981,
    0.9990357756614685,
    0.9991753101348877,
    0.9992948770523071,
    0.9993962049484253,
    0.9994828701019287,
    0.9995570182800293,
    0.9996191263198853,
    0.9996731281280518,
    0.9997202157974243,
    0.9997588396072388,
    0.9997906684875488,
    0.9998195171356201,
    0.9998455047607422,
    0.9998660087585449,
    0.9998834729194641,
    0.999896764755249,
    0.9999095797538757,
    0.9999209642410278,
    0.9999297857284546,
    0.9999387264251709,
    0.9999463558197021,
    0.9999532103538513,
    0.999958336353302,
    0.9999631643295288,
    0.9999660849571228,
    0.9999691843986511,
    0.9999719858169556,
    0.9999743700027466,
    0.999976396560669,
    0.9999773502349854,
    0.9999792575836182
  ],