{
  "size": 16,
  "opt_val": -54.0,
  "method": "VQE",
  "operations": [
    "Z0_Y14",
    "Z0_Y7",
    "Z0_Y2",
    "Z0_Y11",
    "Z0_Y13",
    "Z0_Y15",
    "Z0_Y8",
    "Z0_Y1",
    "Z0_Y10",
    "Z0_Y12",
    "Z14_Y5",
    "Z14_Y6",
    "Z14_Y9",
    "Z7_Y3",
    "Z7_Y4",
    "Z14_Y2",
    "Z14_Y7",
    "Z14_Y8",
    "Z14_Y11",
    "Z14_Y13",
    "Z14_Y15",
    "Z7_Y10",
    "Z7_Y12",
    "Z2_Y1",
    "Z2_Y4",
    "Z2_Y6",
    "Z2_Y9",
    "Z11_Y3",
    "Z15_Y5",
    "Z7_Y2",
    "Z7_Y11",
    "Z7_Y13",
    "Z7_Y8",
    "Z2_Y15",
    "Z2_Y12",
    "Z11_Y1",
    "Z11_Y4",
    "Z11_Y6",
    "Z13_Y3",
    "Z13_Y10",
    "Z15_Y9",
    "Z8_Y5",
    "Z2_Y11",
    "Z11_Y8",
    "Z11_Y13",
    "Z13_Y1",
    "Z13_Y4",
    "Z13_Y6",
    "Z13_Y15",
    "Z15_Y3",
    "Z15_Y10",
    "Z15_Y12",
    "Z8_Y9",
    "Z1_Y5",
    "Z15_Y8",
    "Z8_Y6",
    "Z8_Y10",
    "Z8_Y12",
    "Z1_Y10",
    "Z1_Y3",
    "Z1_Y9",
    "Z1_Y4",
    "Z10_Y5",
    "Z1_Y12",
    "Z10_Y3",
    "Z10_Y6",
    "Z10_Y9",
    "Z12_Y4",
    "Z12_Y5",
    "Z12_Y6",
    "Z12_Y9",
    "Z3_Y6",
    "Z3_Y5",
    "Z3_Y9",
    "Z3_Y4",
    "Z5_Y4",
    "Z5_Y9",
    "Z5_Y6",
    "Z9_Y4",
    "Z4_Y6"
  ],
  "dt": 0.05,
  "lr": 0.05,
  "lam": 1.0,
  "mu": 0.9,
  "fix_step": 0,
  "constant_c": true,
  "parameters": [
    1.5683826208114624,
    -0.9382282495498657,
    0.6898097395896912,
    -0.22724765539169312,
    0.5680229663848877,
    -0.07861795276403427,
    0.4218781292438507,
    -0.43635526299476624,
    0.509890615940094,
    0.4724772274494171,
    0.5930107831954956,
    0.20777854323387146,
    0.41549888253211975,
    0.00586693873628974,
    0.0033556970302015543,
    -0.3380497395992279,
    0.6328795552253723,
    -0.10050220042467117,
    0.7992374897003174,
    0.04447639733552933,
    0.4188903570175171,
    0.6029707789421082,
    0.5577000975608826,
    0.04936718940734863,
    -0.0038277613930404186,
    0.0007026871317066252,
    0.0035472086165100336,
    0.0415508896112442,
    -0.0005534185911528766,
    0.5433592200279236,
    -0.1302853375673294,
    0.7102391123771667,
    0.5835416913032532,
    0.6575974225997925,
    0.02547244168817997,
    -0.0493822880089283,
    0.14628718793392181,
    0.00777988787740469,
    -0.032802630215883255,
    0.022801315411925316,
    6.800138362450525e-05,
    0.053057458251714706,
    0.41994982957839966,
    0.33844193816185,
    0.33933770656585693,
    1.033313512802124,
    0.12339504063129425,
    0.20514561235904694,
    0.41581565141677856,
    0.7990090250968933,
    0.31431853771209717,
    0.40519416332244873,
    0.2533276677131653,
    0.17333991825580597,
    0.13244053721427917,
    0.25393813848495483,
    -0.04952593892812729,
    -0.0038665749598294497,
    0.11647380143404007,
    0.348310649394989,
    0.09572578966617584,
    0.3154923915863037,
    0.4209944009780884,
    0.15709669888019562,
    -0.34854358434677124,
    0.3366903066635132,
    0.43233922123908997,
    -0.02518228068947792,
    0.32114073634147644,
    0.34537312388420105,
    0.30638232827186584,
    0.23116889595985413,
    0.3578023910522461,
    0.2839505076408386,
    0.008384970016777515,
    0.5833715200424194,
    0.02680382877588272,
    0.15547612309455872,
    0.6340150833129883,
    0.1532055288553238
  ],
  "opt_ratios": [
    3.0517549021169543e-05,
    0.00011149894271511585,
    0.00017912300245370716,
    0.0002762807998806238,
    0.00041458115447312593,
    0.0006104965577833354,
    0.0008873561164364219,
    0.001278346055187285,
    0.0018307487480342388,
    0.0026124168653041124,
    0.0037205948028713465,
    0.00529560586437583,
    0.0075395419262349606,
    0.01074538379907608,
    0.015334511175751686,
    0.02191356010735035,
    0.03134162724018097,
    0.04481007158756256,
    0.0638933926820755,
    0.09053284674882889,
    0.12683691084384918,
    0.1746935099363327,
    0.23519644141197205,
    0.3080921769142151,
    0.3913247287273407,
    0.4808209538459778,
    0.5708277821540833,
    0.6551163196563721,
    0.7287418842315674,
    0.7892112731933594,
    0.8365331292152405,
    0.8723556995391846,
    0.898965060710907,
    0.9185882806777954,
    0.9331004023551941,
    0.9439358711242676,
    0.9521498084068298,
    0.9584919214248657,
    0.9634827971458435,
    0.967490553855896,
    0.9707691669464111,
    0.9734991192817688,
    0.9758085012435913,
    0.9777870774269104,
    0.9795061945915222,
    0.9810155034065247,
    0.9823517203330994,
    0.9835431575775146,
    0.9846144914627075,
    0.9855812788009644,
    0.9864593148231506,
    0.987259030342102,
    0.9879915118217468,
    0.988662600517273,
    0.9892815351486206,
    0.9898534417152405,
    0.9903817772865295,
    0.9908715486526489,
    0.9913280010223389,
    0.9917527437210083,
    0.9921476244926453,
    0.9925171732902527,
    0.992863118648529,
    0.9931870102882385,
    0.9934912919998169,
    0.9937768578529358,
    0.9940457344055176,
    0.9942991733551025,
    0.9945379495620728,
    0.9947636127471924,
    0.9949758052825928,
    0.995176374912262,
    0.9953673481941223,
    0.9955469965934753,
    0.9957178831100464,
    0.9958800673484802,
    0.9960330724716187,
    0.9961798787117004,
    0.996318519115448,
    0.9964511394500732,
    0.9965770244598389,
    0.9966965913772583,
    0.9968113303184509,
    0.9969200491905212,
    0.9970237612724304,
    0.9971224665641785,
    0.9972186088562012,
    0.9973086714744568,
    0.9973952174186707,
    0.997478723526001,
    0.9975584745407104,
    0.9976348876953125,
    0.9977070689201355,
    0.9977772831916809,
    0.9978454113006592,
    0.9979093670845032,
    0.9979711771011353,
    0.9980311393737793,
    0.9980889558792114,
    0.9981445074081421,
    0.9981967806816101
  ],