{
  "size": 16,
  "opt_val": -52.0,
  "method": "VQE",
  "operations": [
    "Z0_Y5",
    "Z0_Y14",
    "Z0_Y7",
    "Z0_Y2",
    "Z0_Y6",
    "Z0_Y15",
    "Z0_Y8",
    "Z0_Y1",
    "Z0_Y10",
    "Z0_Y3",
    "Z5_Y4",
    "Z5_Y12",
    "Z5_Y11",
    "Z5_Y13",
    "Z14_Y9",
    "Z5_Y2",
    "Z5_Y3",
    "Z5_Y10",
    "Z5_Y14",
    "Z5_Y8",
    "Z14_Y4",
    "Z14_Y6",
    "Z14_Y7",
    "Z14_Y11",
    "Z14_Y12",
    "Z14_Y13",
    "Z7_Y9",
    "Z7_Y15",
    "Z2_Y1",
    "Z14_Y3",
    "Z7_Y3",
    "Z7_Y4",
    "Z7_Y6",
    "Z7_Y11",
    "Z7_Y13",
    "Z7_Y8",
    "Z2_Y11",
    "Z2_Y15",
    "Z2_Y9",
    "Z6_Y1",
    "Z6_Y10",
    "Z8_Y12",
    "Z2_Y4",
    "Z2_Y6",
    "Z2_Y8",
    "Z2_Y3",
    "Z6_Y13",
    "Z6_Y15",
    "Z15_Y1",
    "Z15_Y9",
    "Z15_Y10",
    "Z15_Y11",
    "Z1_Y12",
    "Z6_Y4",
    "Z6_Y8",
    "Z15_Y3",
    "Z15_Y4",
    "Z8_Y1",
    "Z8_Y9",
    "Z8_Y13",
    "Z8_Y10",
    "Z10_Y12",
    "Z10_Y11",
    "Z1_Y10",
    "Z1_Y3",
    "Z1_Y9",
    "Z1_Y13",
    "Z3_Y12",
    "Z3_Y4",
    "Z12_Y11",
    "Z10_Y9",
    "Z10_Y13",
    "Z3_Y13",
    "Z12_Y4",
    "Z12_Y9",
    "Z9_Y11",
    "Z12_Y13",
    "Z9_Y4",
    "Z13_Y11",
    "Z11_Y4"
  ],
  "dt": 0.05,
  "lr": 0.05,
  "lam": 1.0,
  "mu": 0.9,
  "fix_step": 0,
  "constant_c": true,
  "parameters": [
    -0.9820368885993958,
    1.5147531032562256,
    1.0783557891845703,
    1.1005007028579712,
    -0.2901005744934082,
    0.527391254901886,
    0.6292348504066467,
    0.8474931120872498,
    0.793400228023529,
    0.2090200036764145,
    0.41988620162010193,
    0.029221585020422935,
    0.08831605315208435,
    0.6530194878578186,
    0.2976034879684448,
    0.47000375390052795,
    0.0681561604142189,
    0.07392645627260208,
    0.05659259855747223,
    0.4489716589450836,
    0.1329200267791748,
    0.9754459261894226,
    -0.4896443486213684,
    0.3747694492340088,
    0.33272987604141235,
    0.21037526428699493,
    0.2568380832672119,
    -0.07761532068252563,
    0.07795190811157227,
    0.3462856411933899,
    0.35509824752807617,
    0.2123132199048996,
    0.30465438961982727,
    0.3222181797027588,
    0.3344206213951111,
    0.1814630627632141,
    0.2903210520744324,
    -0.20557622611522675,
    0.1327430158853531,
    0.8002678751945496,
    0.7017664909362793,
    0.528757631778717,
    0.2618559002876282,
    0.0011826199479401112,
    0.3627380132675171,
    0.430390864610672,
    0.3602096438407898,
    0.7382409572601318,
    0.03289835527539253,
    0.16638654470443726,
    0.0041453903540968895,
    0.3416155278682709,
    0.5824130773544312,
    0.4309726059436798,
    0.580894410610199,
    0.5470912456512451,
    0.2105949968099594,
    0.020724955946207047,
    0.05313487350940704,
    0.5276716947555542,
    0.008546181954443455,
    0.39932793378829956,
    0.3910810053348541,
    -0.02169882319867611,
    0.16387473046779633,
    0.2546076774597168,
    0.4915007948875427,
    0.26711928844451904,
    0.30718785524368286,
    0.027288811281323433,
    0.4811927080154419,
    0.22945444285869598,
    0.466000497341156,
    0.4987042248249054,
    0.06702594459056854,
    0.048372335731983185,
    0.34108036756515503,
    0.40971508622169495,
    0.014583323150873184,
    0.31864631175994873
  ],
  "opt_ratios": [
    3.0517549021169543e-05,
    8.907213486963883e-05,
    0.00012637206236831844,
    0.00017100965487770736,
    0.00022373783576767892,
    0.00028548046248033643,
    0.0003573003632482141,
    0.00044043705565854907,
    0.0005362622323445976,
    0.000646312371827662,
    0.0007721782312728465,
    0.0009155410807579756,
    0.001078084111213684,
    0.0012612894643098116,
    0.0014664371265098453,
    0.0016942588845267892,
    0.0019447440281510353,
    0.002216952620074153,
    0.002508800011128187,
    0.002817090367898345,
    0.0031372676603496075,
    0.003464269684627652,
    0.0037923539057374,
    0.004115988966077566,
    0.004430348053574562,
    0.004731435794383287,
    0.005016453564167023,
    0.005283292382955551,
    0.005530920345336199,
    0.005758608225733042,
    0.005966096185147762,
    0.0061531770043075085,
    0.006319757085293531,
    0.006465780548751354,
    0.00659091304987669,
    0.00669520627707243,
    0.006778571754693985,
    0.006841654423624277,
    0.006884775590151548,
    0.006909270770847797,
    0.006915973499417305,
    0.006906472146511078,
    0.006882610265165567,
    0.006845827214419842,
    0.006798270158469677,
    0.006741492077708244,
    0.006677309516817331,
    0.006606982089579105,
    0.006532206665724516,
    0.006454078014940023,
    0.006373737473040819,
    0.006292181555181742,
    0.00621020095422864,
    0.006128564942628145,
    0.006047533359378576,
    0.005967663135379553,
    0.005889375694096088,
    0.0058129276148974895,
    0.005738577805459499,
    0.005666384007781744,
    0.00559648685157299,
    0.005529020447283983,
    0.005464076530188322,
    0.00540155777707696,
    0.005341643001884222,
    0.0052842372097074986,
    0.005229355301707983,
    0.005176920909434557,
    0.005126691423356533,
    0.005078937392681837,
    0.005033301655203104,
    0.004989956505596638,
    0.00494886189699173,
    0.004909712355583906,
    0.004872724413871765,
    0.004837685730308294,
    0.004804456140846014,
    0.004772924818098545,
    0.004743100143969059,
    0.004715027753263712,
    0.004688638262450695,
    0.004663730040192604,
    0.0046403375454247,
    0.0046183145605027676,
    0.004597782623022795,
    0.00457858806475997,
    0.0045606703497469425,
    0.004544041585177183,
    0.004528722260147333,
    0.004514523781836033,
    0.0045015327632427216,
    0.004489682149142027,
    0.004478798247873783,
    0.004469053819775581,
    0.004460344091057777,
    0.004452613648027182,
    0.004445894155651331,
    0.004440126940608025,
    0.004435243550688028,
    0.004431148990988731,
    0.0044279503636062145
  ],