{
  "size": 16,
  "opt_val": -54.0,
  "method": "VQE",
  "operations": [
    "Z0_Y7",
    "Z0_Y9",
    "Z0_Y2",
    "Z0_Y11",
    "Z0_Y4",
    "Z0_Y13",
    "Z0_Y6",
    "Z0_Y15",
    "Z0_Y8",
    "Z0_Y10",
    "Z7_Y1",
    "Z7_Y3",
    "Z7_Y5",
    "Z9_Y12",
    "Z9_Y14",
    "Z7_Y2",
    "Z7_Y4",
    "Z7_Y6",
    "Z7_Y10",
    "Z7_Y9",
    "Z7_Y13",
    "Z9_Y1",
    "Z9_Y5",
    "Z9_Y8",
    "Z9_Y11",
    "Z9_Y15",
    "Z2_Y12",
    "Z2_Y14",
    "Z11_Y3",
    "Z9_Y2",
    "Z2_Y4",
    "Z2_Y15",
    "Z2_Y8",
    "Z2_Y10",
    "Z2_Y5",
    "Z11_Y1",
    "Z11_Y4",
    "Z11_Y6",
    "Z11_Y14",
    "Z11_Y13",
    "Z11_Y12",
    "Z13_Y3",
    "Z11_Y10",
    "Z4_Y1",
    "Z4_Y15",
    "Z4_Y8",
    "Z4_Y10",
    "Z4_Y12",
    "Z4_Y14",
    "Z13_Y1",
    "Z13_Y5",
    "Z13_Y6",
    "Z6_Y3",
    "Z13_Y12",
    "Z13_Y14",
    "Z13_Y15",
    "Z6_Y1",
    "Z6_Y5",
    "Z6_Y10",
    "Z6_Y12",
    "Z15_Y3",
    "Z15_Y8",
    "Z6_Y14",
    "Z15_Y5",
    "Z15_Y10",
    "Z15_Y12",
    "Z8_Y1",
    "Z8_Y3",
    "Z8_Y10",
    "Z8_Y14",
    "Z8_Y12",
    "Z10_Y5",
    "Z10_Y14",
    "Z1_Y3",
    "Z1_Y12",
    "Z1_Y5",
    "Z3_Y12",
    "Z3_Y5",
    "Z3_Y14",
    "Z5_Y14"
  ],
  "dt": 0.05,
  "lr": 0.05,
  "lam": 1.0,
  "mu": 0.9,
  "fix_step": 0,
  "constant_c": true,
  "parameters": [
    -1.5684093236923218,
    0.5655147433280945,
    0.6827530860900879,
    -0.32793188095092773,
    0.46460121870040894,
    0.5601672530174255,
    0.6991948485374451,
    0.10615135729312897,
    0.5099525451660156,
    0.3174850344657898,
    0.04270225763320923,
    0.5368491411209106,
    0.1221408024430275,
    -0.00015991860709618777,
    3.355511580593884e-05,
    0.8387447595596313,
    0.6840471029281616,
    0.44556134939193726,
    0.4367711842060089,
    1.0059564113616943,
    0.6407778263092041,
    0.3400995135307312,
    0.3259206712245941,
    0.2790711224079132,
    1.243028998374939,
    0.5019546747207642,
    0.37229058146476746,
    0.24814529716968536,
    0.3553197383880615,
    -0.05679572746157646,
    -0.05012156069278717,
    0.22741925716400146,
    0.21586118638515472,
    0.04430152848362923,
    0.33367231488227844,
    0.12510164082050323,
    0.3720395565032959,
    0.25063684582710266,
    0.1324416548013687,
    0.36989179253578186,
    0.13726572692394257,
    -0.10305623710155487,
    0.4757622480392456,
    0.4618910551071167,
    0.4871335029602051,
    0.09803400188684464,
    0.021803516894578934,
    0.3532225489616394,
    0.3718665838241577,
    0.3323614299297333,
    0.2872239649295807,
    -0.17541342973709106,
    -0.037762850522994995,
    0.38333219289779663,
    0.3700382113456726,
    0.46046310663223267,
    0.31192895770072937,
    0.3091467022895813,
    0.057909443974494934,
    0.41075000166893005,
    0.4776049256324768,
    0.15467830002307892,
    0.2972714304924011,
    0.18459875881671906,
    0.46450233459472656,
    0.08838197588920593,
    0.29949915409088135,
    0.004594846162945032,
    0.0010411676485091448,
    5.7475135690765455e-05,
    0.01018660981208086,
    0.37637683749198914,
    0.25183093547821045,
    0.06281164288520813,
    0.04964558035135269,
    0.06276948750019073,
    0.3190910518169403,
    0.30059126019477844,
    0.3165431022644043,
    0.15229959785938263
  ],
  "opt_ratios": [
    9.155264706350863e-05,
    0.00033297418849542737,
    0.000532505102455616,
    0.0008191941305994987,
    0.0012296237982809544,
    0.0018177267629653215,
    0.0026635024696588516,
    0.003886889899149537,
    0.005668872967362404,
    0.008284817449748516,
    0.012156584300100803,
    0.0179307721555233,
    0.026595616713166237,
    0.03964219242334366,
    0.05925523489713669,
    0.08846430480480194,
    0.13106118142604828,
    0.19087468087673187,
    0.2700023353099823,
    0.3662475347518921,
    0.4717696011066437,
    0.5754733681678772,
    0.6680302023887634,
    0.7449662685394287,
    0.8060229420661926,
    0.8530541062355042,
    0.8885601758956909,
    0.915003776550293,
    0.9345346093177795,
    0.9489195346832275,
    0.9595288038253784,
    0.967397928237915,
    0.9732897877693176,
    0.9777505397796631,
    0.9811784029006958,
    0.9838514924049377,
    0.9859659671783447,
    0.9876678586006165,
    0.9890581369400024,
    0.9902083277702332,
    0.9911748766899109,
    0.9919954538345337,
    0.9926983118057251,
    0.9933083057403564,
    0.9938399791717529,
    0.994306743144989,
    0.9947212338447571,
    0.9950899481773376,
    0.9954196810722351,
    0.9957177639007568,
    0.9959849119186401,
    0.9962261319160461,
    0.9964480996131897,
    0.9966499209403992,
    0.9968329668045044,
    0.9970016479492188,
    0.9971566796302795,
    0.9972997903823853,
    0.9974321722984314,
    0.9975550770759583,
    0.9976674914360046,
    0.9977747797966003,
    0.9978731274604797,
    0.9979652762413025,
    0.9980534911155701,
    0.9981333613395691,
    0.9982103109359741,
    0.9982821345329285,
    0.9983502626419067,
    0.9984135627746582,
    0.9984738230705261,
    0.9985319972038269,
    0.9985865950584412,
    0.9986372590065002,
    0.9986873865127563,
    0.9987348318099976,
    0.9987784624099731,
    0.9988217949867249,
    0.9988625645637512,
    0.9989007711410522,
    0.9989383816719055,
    0.9989736676216125,
    0.9990068674087524,
    0.9990406632423401,
    0.999071478843689,
    0.9991019368171692,
    0.9991302490234375,
    0.9991577863693237,
    0.9991845488548279,
    0.9992104172706604,
    0.9992349147796631,
    0.9992586374282837,
    0.9992817640304565,
    0.9993028044700623,
    0.9993245601654053,
    0.9993444681167603,
    0.9993642568588257,
    0.999382495880127,
    0.9994008541107178,
    0.9994193315505981,
    0.999436616897583
  ],