{
  "size": 16,
  "opt_val": -52.0,
  "method": "VQE",
  "operations": [
    "Z0_Y14",
    "Z0_Y7",
    "Z0_Y9",
    "Z0_Y2",
    "Z0_Y4",
    "Z0_Y13",
    "Z0_Y6",
    "Z0_Y15",
    "Z0_Y8",
    "Z0_Y3",
    "Z14_Y1",
    "Z14_Y5",
    "Z14_Y10",
    "Z14_Y11",
    "Z14_Y12",
    "Z14_Y3",
    "Z14_Y4",
    "Z14_Y7",
    "Z14_Y15",
    "Z7_Y1",
    "Z7_Y5",
    "Z7_Y10",
    "Z7_Y9",
    "Z7_Y11",
    "Z7_Y8",
    "Z9_Y2",
    "Z9_Y6",
    "Z9_Y13",
    "Z2_Y12",
    "Z7_Y3",
    "Z7_Y4",
    "Z9_Y1",
    "Z9_Y4",
    "Z9_Y5",
    "Z9_Y8",
    "Z9_Y15",
    "Z2_Y11",
    "Z2_Y4",
    "Z2_Y13",
    "Z2_Y6",
    "Z4_Y12",
    "Z13_Y10",
    "Z2_Y15",
    "Z2_Y3",
    "Z2_Y5",
    "Z4_Y11",
    "Z4_Y6",
    "Z4_Y15",
    "Z13_Y5",
    "Z13_Y8",
    "Z13_Y12",
    "Z6_Y10",
    "Z15_Y1",
    "Z4_Y5",
    "Z13_Y6",
    "Z13_Y11",
    "Z13_Y15",
    "Z6_Y5",
    "Z6_Y8",
    "Z6_Y12",
    "Z15_Y3",
    "Z15_Y10",
    "Z8_Y1",
    "Z6_Y11",
    "Z15_Y12",
    "Z8_Y3",
    "Z8_Y11",
    "Z8_Y10",
    "Z8_Y12",
    "Z3_Y1",
    "Z1_Y5",
    "Z3_Y10",
    "Z3_Y12",
    "Z3_Y11",
    "Z1_Y10",
    "Z10_Y5",
    "Z1_Y12",
    "Z1_Y11",
    "Z10_Y11",
    "Z12_Y5"
  ],
  "dt": 0.05,
  "lr": 0.05,
  "lam": 1.0,
  "mu": 0.9,
  "fix_step": 0,
  "constant_c": true,
  "parameters": [
    1.5680568218231201,
    1.115207314491272,
    -0.9738553166389465,
    0.7555275559425354,
    0.6692381501197815,
    0.8215067982673645,
    0.7832936644554138,
    0.11314358562231064,
    0.7300246357917786,
    0.43305572867393494,
    -0.13627658784389496,
    0.3137785494327545,
    0.25881901383399963,
    0.18671883642673492,
    0.2055416852235794,
    0.23078596591949463,
    -0.1387823522090912,
    -0.4553471505641937,
    0.3832327127456665,
    -0.11129704862833023,
    0.28778794407844543,
    0.2842811048030853,
    0.5971412658691406,
    0.17388103902339935,
    0.010594537481665611,
    0.8154489398002625,
    0.6540261507034302,
    0.6165255904197693,
    0.18731942772865295,
    0.4069887697696686,
    0.09612913429737091,
    0.9197310209274292,
    0.5841196775436401,
    0.17587673664093018,
    0.6479268670082092,
    0.17334134876728058,
    0.22668050229549408,
    -0.2747340798377991,
    -0.13273130357265472,
    -0.03056708164513111,
    0.19158458709716797,
    0.2983376979827881,
    0.5367090702056885,
    0.4796789586544037,
    0.3638822138309479,
    0.18213707208633423,
    0.017614511772990227,
    0.7536969184875488,
    0.34034156799316406,
    -0.08484537899494171,
    0.2867790758609772,
    0.3414219617843628,
    0.22143325209617615,
    0.27600669860839844,
    -0.12539730966091156,
    0.3109114170074463,
    0.21284177899360657,
    0.279015451669693,
    -0.11867813020944595,
    0.3070112466812134,
    0.32057633996009827,
    0.1785993129014969,
    -0.1753910630941391,
    0.25820377469062805,
    0.12508422136306763,
    0.19423921406269073,
    0.23344777524471283,
    0.36234229803085327,
    0.355801522731781,
    0.012825940735638142,
    0.29738548398017883,
    0.0020833765156567097,
    0.00027409769245423377,
    -3.814246883848682e-05,
    0.20666369795799255,
    0.22265997529029846,
    0.16201719641685486,
    0.1452224850654602,
    0.146298348903656,
    0.18874426186084747
  ],
  "opt_ratios": [
    0.00018310529412701726,
    0.0005206596106290817,
    0.0007468184921890497,
    0.001030938234180212,
    0.0013880794867873192,
    0.0018383990973234177,
    0.0024086874909698963,
    0.0031345244497060776,
    0.004063143394887447,
    0.005257090087980032,
    0.006799384485930204,
    0.008800195530056953,
    0.011404076591134071,
    0.014801166020333767,
    0.019237078726291656,
    0.025027628988027573,
    0.03257327899336815,
    0.0423760712146759,
    0.05506192892789841,
    0.07140703499317169,
    0.09236583113670349,
    0.11907823383808136,
    0.15282279253005981,
    0.19487407803535461,
    0.24618566036224365,
    0.30694496631622314,
    0.3760703206062317,
    0.4508924186229706,
    0.5273765325546265,
    0.6010001301765442,
    0.6680171489715576,
    0.7263193726539612,
    0.7754629850387573,
    0.8161110877990723,
    0.8493832349777222,
    0.8764550685882568,
    0.8984152674674988,
    0.9161969423294067,
    0.9305846095085144,
    0.9422258138656616,
    0.9516556859016418,
    0.9593146443367004,
    0.9655507802963257,
    0.9706498384475708,
    0.9748364090919495,
    0.9782914519309998,
    0.9811593294143677,
    0.9835527539253235,
    0.9855610132217407,
    0.9872536063194275,
    0.9886904954910278,
    0.989919900894165,
    0.9909723401069641,
    0.9918824434280396,
    0.992669939994812,
    0.9933557510375977,
    0.99395352602005,
    0.9944783449172974,
    0.9949398040771484,
    0.9953491687774658,
    0.9957112073898315,
    0.9960345029830933,
    0.9963226914405823,
    0.9965776205062866,
    0.9968088269233704,
    0.9970141649246216,
    0.9972004890441895,
    0.9973674416542053,
    0.997519850730896,
    0.9976562261581421,
    0.9977793097496033,
    0.997892439365387,
    0.9979948401451111,
    0.9980869293212891,
    0.9981715679168701,
    0.998249351978302,
    0.9983204007148743,
    0.9983862042427063,
    0.9984479546546936,
    0.9985036849975586,
    0.9985545873641968,
    0.9986012578010559,
    0.9986444711685181,
    0.9986846446990967,
    0.9987225532531738,
    0.9987578392028809,
    0.9987896680831909,
    0.9988206624984741,
    0.9988490343093872,
    0.9988758563995361,
    0.9989016056060791,
    0.9989243745803833,
    0.9989464282989502,
    0.9989685416221619,
    0.9989879727363586,
    0.9990062713623047,
    0.9990247488021851,
    0.9990410208702087,
    0.9990580677986145,
    0.9990724325180054,
    0.9990870952606201
  ],