{
  "size": 16,
  "opt_val": -52.0,
  "method": "VQE",
  "operations": [
    "Z0_Y7",
    "Z0_Y9",
    "Z0_Y2",
    "Z0_Y4",
    "Z0_Y13",
    "Z0_Y6",
    "Z0_Y15",
    "Z0_Y8",
    "Z0_Y10",
    "Z0_Y12",
    "Z7_Y1",
    "Z7_Y3",
    "Z7_Y5",
    "Z7_Y14",
    "Z7_Y11",
    "Z7_Y2",
    "Z7_Y4",
    "Z7_Y9",
    "Z7_Y13",
    "Z9_Y1",
    "Z9_Y3",
    "Z9_Y6",
    "Z9_Y8",
    "Z9_Y10",
    "Z9_Y12",
    "Z9_Y15",
    "Z2_Y11",
    "Z2_Y5",
    "Z2_Y14",
    "Z9_Y2",
    "Z2_Y4",
    "Z2_Y6",
    "Z2_Y10",
    "Z2_Y3",
    "Z4_Y1",
    "Z4_Y11",
    "Z4_Y13",
    "Z4_Y15",
    "Z4_Y5",
    "Z4_Y14",
    "Z13_Y8",
    "Z6_Y12",
    "Z4_Y10",
    "Z13_Y3",
    "Z13_Y6",
    "Z13_Y10",
    "Z13_Y11",
    "Z13_Y14",
    "Z13_Y15",
    "Z6_Y1",
    "Z6_Y8",
    "Z15_Y5",
    "Z15_Y12",
    "Z6_Y3",
    "Z6_Y10",
    "Z6_Y14",
    "Z15_Y1",
    "Z15_Y3",
    "Z15_Y8",
    "Z8_Y5",
    "Z8_Y11",
    "Z10_Y12",
    "Z15_Y10",
    "Z8_Y1",
    "Z8_Y3",
    "Z8_Y14",
    "Z10_Y5",
    "Z10_Y14",
    "Z12_Y1",
    "Z12_Y11",
    "Z12_Y3",
    "Z12_Y5",
    "Z12_Y14",
    "Z1_Y5",
    "Z1_Y11",
    "Z1_Y14",
    "Z5_Y3",
    "Z5_Y11",
    "Z14_Y11",
    "Z11_Y3"
  ],
  "dt": 0.05,
  "lr": 0.05,
  "lam": 1.0,
  "mu": 0.9,
  "fix_step": 0,
  "constant_c": true,
  "parameters": [
    1.5682843923568726,
    -0.6550951600074768,
    0.7744992971420288,
    0.9351720213890076,
    -0.2262134999036789,
    0.467318594455719,
    0.457637757062912,
    0.8938276171684265,
    0.6067734360694885,
    0.9437472224235535,
    0.20005185902118683,
    0.37463995814323425,
    0.36248528957366943,
    0.3862452208995819,
    0.13553743064403534,
    -0.22594667971134186,
    -0.38935330510139465,
    0.9164173007011414,
    0.8692087531089783,
    0.36281058192253113,
    0.13694947957992554,
    0.2535627782344818,
    0.6668072938919067,
    0.787228524684906,
    0.6332242488861084,
    0.3415122628211975,
    0.12511800229549408,
    0.018634673207998276,
    0.020138543099164963,
    0.5153124332427979,
    -0.178121417760849,
    0.12391093373298645,
    -0.11224576830863953,
    0.33411192893981934,
    0.24179495871067047,
    0.4198741912841797,
    0.4757314920425415,
    0.06674014776945114,
    0.07694213837385178,
    0.06872418522834778,
    0.1332358419895172,
    1.1529347830219194e-05,
    0.1010378822684288,
    0.23643086850643158,
    0.9732112288475037,
    0.4452585279941559,
    0.45992109179496765,
    0.09886778891086578,
    0.8382351994514465,
    0.7397015690803528,
    0.07432448863983154,
    0.18564599752426147,
    0.017572278156876564,
    0.3202783465385437,
    0.18772000074386597,
    0.19200222194194794,
    0.5436715483665466,
    0.36590367555618286,
    0.048748262226581573,
    0.3886895477771759,
    0.23627862334251404,
    -0.011411159299314022,
    0.09311670809984207,
    0.10000701993703842,
    0.3339413106441498,
    0.4251869320869446,
    0.3633303642272949,
    0.2883806526660919,
    0.10865578055381775,
    0.2930974066257477,
    0.3672941029071808,
    0.28872445225715637,
    0.3792363405227661,
    0.11112039536237717,
    0.5378379225730896,
    0.08746442943811417,
    0.15429960191249847,
    0.2131074219942093,
    0.2433195263147354,
    0.00477695232257247
  ],
  "opt_ratios": [
    0.0004272456862963736,
    0.001256793038919568,
    0.0018276338232681155,
    0.0025571901351213455,
    0.0034877476282417774,
    0.004676042124629021,
    0.00619726674631238,
    0.008151359856128693,
    0.010670098476111889,
    0.013927413150668144,
    0.01815122738480568,
    0.023636583238840103,
    0.030759405344724655,
    0.039983414113521576,
    0.05185236781835556,
    0.0669541209936142,
    0.08584420382976532,
    0.10891572386026382,
    0.13624714314937592,
    0.16748592257499695,
    0.20185327529907227,
    0.238297700881958,
    0.2757571339607239,
    0.3133993148803711,
    0.35075345635414124,
    0.3877117931842804,
    0.4244479537010193,
    0.4612736403942108,
    0.49850738048553467,
    0.5363508462905884,
    0.5748257637023926,
    0.6137155294418335,
    0.6525802612304688,
    0.6908096075057983,
    0.7276819944381714,
    0.7624989748001099,
    0.7946416735649109,
    0.8236842155456543,
    0.8494093418121338,
    0.8718030452728271,
    0.8910173177719116,
    0.9073211550712585,
    0.9210389852523804,
    0.9325263500213623,
    0.942111611366272,
    0.9501163959503174,
    0.9568062424659729,
    0.9624103307723999,
    0.9671164155006409,
    0.9710879325866699,
    0.9744517803192139,
    0.9773198366165161,
    0.9797759652137756,
    0.9818928241729736,
    0.9837242364883423,
    0.9853203296661377,
    0.9867161512374878,
    0.9879433512687683,
    0.9890294075012207,
    0.9899920225143433,
    0.9908493757247925,
    0.9916144013404846,
    0.9923006296157837,
    0.9929203391075134,
    0.9934792518615723,
    0.9939835071563721,
    0.994441032409668,
    0.994856595993042,
    0.9952355623245239,
    0.995581865310669,
    0.9958969354629517,
    0.9961857795715332,
    0.9964509010314941,
    0.9966947436332703,
    0.9969167709350586,
    0.9971230626106262,
    0.9973107576370239,
    0.9974841475486755,
    0.9976444244384766,
    0.9977918863296509,
    0.997927188873291,
    0.9980534315109253,
    0.9981689453125,
    0.998276948928833,
    0.9983772039413452,
    0.9984695315361023,
    0.998555064201355,
    0.9986333250999451,
    0.998706579208374,
    0.9987748861312866,
    0.9988386631011963,
    0.9988975524902344,
    0.9989521503448486,
    0.9990039467811584,
    0.9990521669387817,
    0.9990957975387573,
    0.9991374015808105,
    0.9991757869720459,
    0.9992108941078186,
    0.9992448091506958,
    0.9992759227752686
  ],