{
  "size": 16,
  "opt_val": -52.0,
  "method": "VQE",
  "operations": [
    "Z0_Y7",
    "Z0_Y9",
    "Z0_Y11",
    "Z0_Y4",
    "Z0_Y15",
    "Z0_Y8",
    "Z0_Y1",
    "Z0_Y10",
    "Z0_Y3",
    "Z0_Y12",
    "Z7_Y2",
    "Z7_Y6",
    "Z7_Y14",
    "Z7_Y13",
    "Z9_Y5",
    "Z7_Y1",
    "Z7_Y9",
    "Z7_Y11",
    "Z7_Y15",
    "Z7_Y8",
    "Z9_Y2",
    "Z9_Y3",
    "Z9_Y6",
    "Z9_Y10",
    "Z11_Y5",
    "Z11_Y14",
    "Z11_Y13",
    "Z4_Y1",
    "Z4_Y12",
    "Z9_Y8",
    "Z9_Y11",
    "Z9_Y15",
    "Z11_Y2",
    "Z11_Y6",
    "Z11_Y10",
    "Z4_Y2",
    "Z4_Y3",
    "Z4_Y5",
    "Z4_Y14",
    "Z15_Y12",
    "Z15_Y13",
    "Z8_Y1",
    "Z11_Y8",
    "Z4_Y6",
    "Z4_Y15",
    "Z4_Y8",
    "Z15_Y3",
    "Z15_Y10",
    "Z15_Y14",
    "Z8_Y2",
    "Z8_Y12",
    "Z1_Y3",
    "Z1_Y13",
    "Z10_Y5",
    "Z15_Y6",
    "Z8_Y3",
    "Z8_Y6",
    "Z1_Y12",
    "Z1_Y14",
    "Z1_Y2",
    "Z1_Y6",
    "Z10_Y2",
    "Z10_Y13",
    "Z3_Y5",
    "Z10_Y3",
    "Z10_Y12",
    "Z10_Y14",
    "Z3_Y13",
    "Z12_Y2",
    "Z12_Y5",
    "Z14_Y6",
    "Z3_Y14",
    "Z12_Y13",
    "Z12_Y14",
    "Z14_Y5",
    "Z2_Y13",
    "Z13_Y6",
    "Z2_Y5",
    "Z13_Y5",
    "Z6_Y5"
  ],
  "dt": 0.05,
  "lr": 0.05,
  "lam": 1.0,
  "mu": 0.9,
  "fix_step": 0,
  "constant_c": true,
  "parameters": [
    1.568251609802246,
    0.05791325867176056,
    1.0846363306045532,
    1.5668948888778687,
    -0.30078452825546265,
    -0.23113451898097992,
    0.5355128049850464,
    0.8022081255912781,
    0.5660044550895691,
    0.6782640218734741,
    0.33925849199295044,
    0.01253448985517025,
    0.39404720067977905,
    0.36224597692489624,
    0.004710150416940451,
    0.12966373562812805,
    0.4492018222808838,
    -0.48601362109184265,
    0.7921884655952454,
    0.6113031506538391,
    0.04808932542800903,
    0.0008531967760063708,
    0.07812991738319397,
    0.00516146793961525,
    0.3173009157180786,
    0.3463473320007324,
    0.28640103340148926,
    0.12954872846603394,
    -0.044012293219566345,
    1.250248806172749e-05,
    0.00023296587460208684,
    0.0007402473129332066,
    0.29500365257263184,
    -0.00030754454201087356,
    -0.17881697416305542,
    0.4373830258846283,
    0.07270510494709015,
    0.31140366196632385,
    0.1673188954591751,
    0.03026222437620163,
    0.013510370627045631,
    0.003376654116436839,
    0.6253504157066345,
    0.09115920215845108,
    0.47835665941238403,
    0.10303270071744919,
    0.27915042638778687,
    0.586141049861908,
    0.1621442586183548,
    0.2303546965122223,
    0.7789406776428223,
    0.00017647998174652457,
    0.006778333336114883,
    0.26758983731269836,
    0.48744475841522217,
    0.8090438842773438,
    0.5912456512451172,
    -0.00026498979423195124,
    0.00014235269918572158,
    0.12897132337093353,
    0.028559058904647827,
    0.3725736141204834,
    0.251095712184906,
    0.3724639415740967,
    0.011920006945729256,
    -0.041134122759103775,
    0.26630187034606934,
    0.42813941836357117,
    0.25255531072616577,
    0.39543798565864563,
    0.022721635177731514,
    0.28072795271873474,
    0.3514374792575836,
    0.2780899107456207,
    0.16778668761253357,
    0.10054033249616623,
    0.5087220072746277,
    0.09962986409664154,
    0.153911754488945,
    0.3248608410358429
  ],
  "opt_ratios": [
    0.0002136228431481868,
    0.0006386323366314173,
    0.0009421519353054464,
    0.0013396191643550992,
    0.0018587919184938073,
    0.002537228399887681,
    0.0034256787039339542,
    0.004592580255120993,
    0.006131220143288374,
    0.00816869642585516,
    0.010879265144467354,
    0.01450158841907978,
    0.019363056868314743,
    0.025908809155225754,
    0.034737713634967804,
    0.04663749784231186,
    0.0626029223203659,
    0.08381912112236023,
    0.11155771464109421,
    0.1469583362340927,
    0.19067464768886566,
    0.2424808144569397,
    0.30102404952049255,
    0.36393335461616516,
    0.42832204699516296,
    0.4914078414440155,
    0.5509592890739441,
    0.6055297255516052,
    0.6543689370155334,
    0.6973375082015991,
    0.7347120642662048,
    0.767013430595398,
    0.7948622107505798,
    0.8188783526420593,
    0.8396303653717041,
    0.8576138615608215,
    0.8732484579086304,
    0.8868847489356995,
    0.8988122344017029,
    0.909276008605957,
    0.9184743762016296,
    0.9265843033790588,
    0.9337450861930847,
    0.9400801658630371,
    0.9456958174705505,
    0.9506818652153015,
    0.9551180005073547,
    0.9590677618980408,
    0.9625928997993469,
    0.9657444357872009,
    0.9685695171356201,
    0.9711028933525085,
    0.9733770489692688,
    0.9754207134246826,
    0.9772643446922302,
    0.9789330363273621,
    0.9804378151893616,
    0.9818065762519836,
    0.9830453991889954,
    0.9841766357421875,
    0.9852066040039062,
    0.986146867275238,
    0.9870038628578186,
    0.9877946376800537,
    0.9885193705558777,
    0.9891864657402039,
    0.989799976348877,
    0.9903689026832581,
    0.9908937215805054,
    0.9913800954818726,
    0.9918329119682312,
    0.9922541975975037,
    0.9926449060440063,
    0.9930108785629272,
    0.9933530688285828,
    0.9936724305152893,
    0.9939730763435364,
    0.9942543506622314,
    0.9945188760757446,
    0.9947677254676819,
    0.9950022101402283,
    0.9952247738838196,
    0.9954341650009155,
    0.9956313967704773,
    0.9958187937736511,
    0.9959961771965027,
    0.9961642026901245,
    0.9963242411613464,
    0.9964759349822998,
    0.9966205954551697,
    0.9967573881149292,
    0.9968881011009216,
    0.9970133304595947,
    0.9971326589584351,
    0.997244656085968,
    0.9973530769348145,
    0.9974557757377625,
    0.9975550770759583,
    0.9976485371589661,
    0.9977393746376038,
    0.9978259205818176
  ],