{
  "size": 16,
  "opt_val": -52.0,
  "method": "VQE",
  "operations": [
    "Z0_Y14",
    "Z0_Y7",
    "Z0_Y9",
    "Z0_Y2",
    "Z0_Y11",
    "Z0_Y4",
    "Z0_Y13",
    "Z0_Y8",
    "Z0_Y1",
    "Z0_Y10",
    "Z14_Y5",
    "Z14_Y6",
    "Z14_Y12",
    "Z7_Y3",
    "Z7_Y15",
    "Z14_Y1",
    "Z14_Y2",
    "Z14_Y7",
    "Z14_Y8",
    "Z14_Y9",
    "Z14_Y11",
    "Z7_Y6",
    "Z7_Y10",
    "Z7_Y12",
    "Z7_Y13",
    "Z9_Y3",
    "Z9_Y5",
    "Z9_Y15",
    "Z2_Y4",
    "Z7_Y2",
    "Z7_Y8",
    "Z9_Y1",
    "Z9_Y2",
    "Z9_Y6",
    "Z9_Y10",
    "Z9_Y11",
    "Z2_Y13",
    "Z2_Y15",
    "Z2_Y12",
    "Z2_Y5",
    "Z11_Y4",
    "Z4_Y3",
    "Z2_Y1",
    "Z11_Y6",
    "Z11_Y8",
    "Z11_Y10",
    "Z11_Y13",
    "Z11_Y15",
    "Z11_Y12",
    "Z4_Y1",
    "Z4_Y13",
    "Z4_Y5",
    "Z13_Y3",
    "Z4_Y8",
    "Z4_Y10",
    "Z4_Y12",
    "Z13_Y5",
    "Z13_Y6",
    "Z13_Y10",
    "Z8_Y3",
    "Z8_Y15",
    "Z1_Y15",
    "Z13_Y12",
    "Z8_Y5",
    "Z8_Y6",
    "Z8_Y12",
    "Z1_Y10",
    "Z1_Y3",
    "Z1_Y12",
    "Z10_Y15",
    "Z1_Y6",
    "Z10_Y5",
    "Z10_Y6",
    "Z15_Y3",
    "Z15_Y5",
    "Z3_Y12",
    "Z15_Y6",
    "Z3_Y6",
    "Z3_Y5",
    "Z12_Y5"
  ],
  "dt": 0.05,
  "lr": 0.05,
  "lam": 1.0,
  "mu": 0.9,
  "fix_step": 0,
  "constant_c": true,
  "parameters": [
    -1.4765547513961792,
    0.6840077042579651,
    1.497477412223816,
    -0.23376265168190002,
    0.30062803626060486,
    -0.20723222196102142,
    0.9386475086212158,
    1.2155734300613403,
    0.5148611068725586,
    0.39730551838874817,
    0.5016472935676575,
    0.26317569613456726,
    0.03576121851801872,
    0.0047560497187078,
    0.0001321218442171812,
    0.8353104591369629,
    0.3915075361728668,
    0.8867062926292419,
    0.2127380073070526,
    0.072169728577137,
    1.4704538583755493,
    0.33746904134750366,
    0.6625487208366394,
    0.4471159875392914,
    -0.10621365159749985,
    0.663712203502655,
    0.1976199895143509,
    0.08352293819189072,
    0.019075538963079453,
    0.4811035990715027,
    -0.013615915551781654,
    0.17068125307559967,
    1.1950891017913818,
    0.4095385670661926,
    0.34625130891799927,
    0.20076671242713928,
    0.5184666514396667,
    0.1628194898366928,
    0.08536344021558762,
    0.17342206835746765,
    1.3371065855026245,
    0.15018382668495178,
    0.02266480214893818,
    0.22798021137714386,
    0.17556548118591309,
    0.3853822350502014,
    0.21196003258228302,
    0.9628555178642273,
    0.5059268474578857,
    0.36866655945777893,
    0.21959535777568817,
    0.30543017387390137,
    0.5334925651550293,
    0.30419743061065674,
    0.23920801281929016,
    0.09031673520803452,
    0.19563838839530945,
    0.5168218612670898,
    0.31265535950660706,
    0.2890726923942566,
    0.15334172546863556,
    0.5028197169303894,
    0.133255735039711,
    0.10172654688358307,
    0.5986201763153076,
    0.26335087418556213,
    0.5004568099975586,
    0.34099435806274414,
    0.5665263533592224,
    -0.03027169406414032,
    0.34151068329811096,
    0.18024805188179016,
    0.2862515449523926,
    0.1103380098938942,
    0.3675130307674408,
    0.13406790792942047,
    0.16328202188014984,
    0.14851114153862,
    0.23049400746822357,
    0.3070761561393738
  ],
  "opt_ratios": [
    0.0002136228431481868,
    0.0006440435536205769,
    0.0009458966087549925,
    0.001334196189418435,
    0.0018292447784915566,
    0.002456104150041938,
    0.0032456836197525263,
    0.004235031083226204,
    0.005468469578772783,
    0.006997799500823021,
    0.008882898837327957,
    0.011191248893737793,
    0.013996651396155357,
    0.017377927899360657,
    0.021415214985609055,
    0.02618597075343132,
    0.0317608043551445,
    0.03819679096341133,
    0.045532915741205215,
    0.0537840835750103,
    0.06294040381908417,
    0.07296792417764664,
    0.08381165564060211,
    0.09540165960788727,
    0.107660211622715,
    0.12051306664943695,
    0.13389606773853302,
    0.14775952696800232,
    0.16207833588123322,
    0.1768459528684616,
    0.19208315014839172,
    0.20783592760562897,
    0.2241741120815277,
    0.2411862313747406,
    0.2589819133281708,
    0.27768340706825256,
    0.2974134385585785,
    0.31829556822776794,
    0.3404324948787689,
    0.3639017641544342,
    0.38874316215515137,
    0.41493749618530273,
    0.4424055516719818,
    0.4710005521774292,
    0.5005097389221191,
    0.5306596755981445,
    0.561137855052948,
    0.5916051864624023,
    0.6217193007469177,
    0.6511567234992981,
    0.6796270608901978,
    0.7068845629692078,
    0.7327373623847961,
    0.7570425868034363,
    0.779714047908783,
    0.800704836845398,
    0.8200190663337708,
    0.8376918435096741,
    0.8537829518318176,
    0.8683785200119019,
    0.8815740942955017,
    0.8934758305549622,
    0.9041905999183655,
    0.9138240814208984,
    0.9224781394004822,
    0.9302486777305603,
    0.9372280836105347,
    0.9434986710548401,
    0.9491330981254578,
    0.9541979432106018,
    0.9587548971176147,
    0.9628563523292542,
    0.9665502905845642,
    0.9698765277862549,
    0.9728738069534302,
    0.9755760431289673,
    0.9780099391937256,
    0.9802051186561584,
    0.9821810126304626,
    0.9839644432067871,
    0.9855714440345764,
    0.9870186448097229,
    0.9883213639259338,
    0.9894951581954956,
    0.9905520081520081,
    0.991503119468689,
    0.9923580288887024,
    0.9931280612945557,
    0.9938217997550964,
    0.9944427609443665,
    0.9950025677680969,
    0.9955054521560669,
    0.9959577322006226,
    0.9963635802268982,
    0.9967291951179504,
    0.9970574975013733,
    0.9973523020744324,
    0.9976175427436829,
    0.9978553056716919,
    0.9980701804161072,
    0.9982622861862183
  ],