{
  "size": 16,
  "opt_val": -21.0,
  "method": "VQELBFGS",
  "operations": [
    "Z4_Y9",
    "Z4_Y12",
    "Z4_Y11",
    "Z9_Y0",
    "Z12_Y1",
    "Z12_Y2",
    "Z11_Y10",
    "Z0_Y7",
    "Z0_Y15",
    "Z1_Y14",
    "Z1_Y5",
    "Z2_Y8",
    "Z2_Y6",
    "Z10_Y13",
    "Z8_Y3",
    "Z9_Y11",
    "Z10_Y6",
    "Z8_Y7",
    "Z6_Y3",
    "Z3_Y15",
    "Z7_Y13",
    "Z13_Y14",
    "Z14_Y5",
    "Z5_Y15"
  ],
  "dt": 0.05,
  "lr": 0.05,
  "lam": 1.0,
  "mu": 0.9,
  "fix_step": 0,
  "constant_c": true,
  "parameters": [
    -1.5707887411117554,
    1.5708197355270386,
    1.5708333253860474,
    1.5708205699920654,
    1.5708905458450317,
    1.5708311796188354,
    1.570839524269104,
    1.1633554697036743,
    0.7128266096115112,
    -0.2677628695964813,
    0.8445256352424622,
    1.5707755088806152,
    1.36648690700531,
    0.8739588260650635,
    0.78447425365448,
    -3.8018311897758394e-05,
    0.20429061353206635,
    0.4074482023715973,
    0.7862895727157593,
    0.35966259241104126,
    0.6968371868133545,
    1.3030321598052979,
    0.7262662649154663,
    1.2177244424819946
  ],
  "opt_ratios": [
    3.0517549021169543e-05,
    7.203144923551008e-05,
    0.9127058982849121,
    0.9927891492843628,
    0.9991767406463623,
    0.9999229907989502,
    0.9999730587005615,
    0.9999770522117615,
    0.9999787211418152,
    0.999987006187439,
    0.9999933242797852,
    0.9999942183494568,
    0.9999948143959045,
    0.9999954700469971,
    0.9999954104423523,
    0.9999955892562866,
    0.9999958276748657,
    0.999995768070221,
    0.999995768070221,
    0.9999955892562866,
    0.9999960660934448,
    0.999995768070221,
    0.9999959468841553,
    0.9999960660934448,
    0.9999960660934448,
    0.9999960660934448,
    0.9999960660934448,
    0.9999960660934448,
    0.9999960660934448,
    0.9999960660934448,
    0.9999960660934448,
    0.9999960660934448,
    0.9999960660934448,
    0.9999960660934448,
    0.9999960660934448,
    0.9999960660934448,
    0.9999960660934448,
    0.9999960660934448,
    0.9999960660934448,
    0.9999960660934448,
    0.9999960660934448,
    0.9999960660934448,
    0.9999960660934448,
    0.9999960660934448,
    0.9999960660934448,
    0.9999960660934448,
    0.9999960660934448,
    0.9999960660934448,
    0.9999960660934448,
    0.9999960660934448,
    0.9999960660934448
  ],
  "expectations": [
    -11.99998664855957,
    -12.59415054321289,
    -20.838708877563477,
    -20.985462188720703,
    -20.998231887817383,
    -20.999771118164062,
    -20.999862670898438,
    -20.999874114990234,
    -20.999879837036133,
    -20.99989891052246,
    -20.99989891052246,
    -20.99990463256836,
    -20.99991226196289,
    -20.99991226196289,
    -20.99991226196289,
    -20.99991226196289,
    -20.999916076660156,
    -20.99991226196289,
    -20.999910354614258,
    -20.999906539916992,
    -20.99991798400879,
    -20.999910354614258,
    -20.999914169311523,
    -20.99991798400879,
    -20.99991798400879,
    -20.99991798400879,
    -20.99991798400879,
    -20.99991798400879,
    -20.99991798400879,
    -20.99991798400879,
    -20.99991798400879,
    -20.99991798400879,
    -20.99991798400879,
    -20.99991798400879,
    -20.99991798400879,
    -20.99991798400879,
    -20.99991798400879,
    -20.99991798400879,
    -20.99991798400879,
    -20.99991798400879,
    -20.99991798400879,
    -20.99991798400879,
    -20.99991798400879,
    -20.99991798400879,
    -20.99991798400879,
    -20.99991798400879,
    -20.99991798400879,
    -20.99991798400879,
    -20.99991798400879,
    -20.99991798400879,
    -20.99991798400879
  ],
  "approx_ratios": [
    0.5714279356456938,
    0.5997214544387091,
    0.9923194703601655,
    0.9993077232724145,
    0.9999158041817802,
    0.9999891008649554,
    0.9999934605189732,
    0.9999940054757255,
    0.9999942779541016,
    0.9999951862153553,
    0.9999951862153553,
    0.9999954586937314,
    0.9999958219982329,
    0.9999958219982329,
    0.9999958219982329,
    0.9999958219982329,
    0.9999960036504836,
    0.9999958219982329,
    0.9999957311721075,
    0.9999955495198568,
    0.999996094476609,
    0.9999957311721075,
    0.9999959128243583,
    0.999996094476609,
    0.999996094476609,
    0.999996094476609,
    0.999996094476609,
    0.999996094476609,
    0.999996094476609,
    0.999996094476609,
    0.999996094476609,
    0.999996094476609,
    0.999996094476609,
    0.999996094476609,
    0.999996094476609,
    0.999996094476609,
    0.999996094476609,
    0.999996094476609,
    0.999996094476609,
    0.999996094476609,
    0.999996094476609,
    0.999996094476609,
    0.999996094476609,
    0.999996094476609,
    0.999996094476609,
    0.999996094476609,
    0.999996094476609,
    0.999996094476609,
    0.999996094476609,
    0.999996094476609,
    0.999996094476609
  ],
  "iter": 50,
  "best_iter": 20,
  "norm_history": [],
  "w_history": [
    1
  ],
  "edges": [
    [
      4,
      9
    ],
    [
      4,
      12
    ],
    [
      4,
      11
    ],
    [
      9,
      11
    ],
    [
      9,
      0
    ],
    [
      12,
      1
    ],
    [
      12,
      2
    ],
    [
      11,
      10
    ],
    [
      2,
      8
    ],
    [
      2,
      6
    ],
    [
      8,
      3
    ],
    [
      8,
      7
    ],
    [
      13,
      14
    ],
    [
      13,
      7
    ],
    [
      13,
      10
    ],
    [
      14,
      1
    ],
    [
      14,
      5
    ],
    [
      1,
      5
    ],
    [
      7,
      0
    ],
    [
      3,
      6
    ],
    [
      3,
      15
    ],
    [
      6,
      10
    ],
    [
      15,
      5
    ],
    [
      15,
      0
    ]
  ]
}