{
  "size": 16,
  "opt_val": -22.0,
  "method": "VQELBFGS",
  "operations": [
    "Z3_Y4",
    "Z3_Y11",
    "Z3_Y0",
    "Z4_Y15",
    "Z4_Y5",
    "Z11_Y12",
    "Z11_Y1",
    "Z0_Y9",
    "Z15_Y8",
    "Z15_Y10",
    "Z5_Y7",
    "Z5_Y2",
    "Z2_Y13",
    "Z2_Y6",
    "Z10_Y14",
    "Z0_Y1",
    "Z7_Y12",
    "Z7_Y1",
    "Z12_Y8",
    "Z8_Y13",
    "Z10_Y9",
    "Z13_Y14",
    "Z6_Y14",
    "Z6_Y9"
  ],
  "dt": 0.05,
  "lr": 0.05,
  "lam": 1.0,
  "mu": 0.9,
  "fix_step": 0,
  "constant_c": true,
  "parameters": [
    1.5707775354385376,
    1.570796012878418,
    1.5707957744598389,
    1.570794701576233,
    1.5707942247390747,
    0.6733320951461792,
    0.5440071821212769,
    0.7767277359962463,
    1.1014238595962524,
    1.5707987546920776,
    1.5707948207855225,
    1.5707939863204956,
    0.7608063817024231,
    1.570799708366394,
    0.14628662168979645,
    0.5186471343040466,
    0.8974639177322388,
    0.5081452131271362,
    0.4693678021430969,
    0.8099908232688904,
    0.7312268018722534,
    1.081415057182312,
    0.6356691122055054,
    -0.06286083161830902
  ],
  "opt_ratios": [
    0.00012207019608467817,
    0.000316559337079525,
    0.9367486238479614,
    0.9931541681289673,
    0.9991850256919861,
    0.9999075531959534,
    0.999982476234436,
    0.9999849796295166,
    0.9999877214431763,
    0.9999933838844299,
    0.9999949932098389,
    0.9999955892562866,
    0.9999957084655762,
    0.999995768070221,
    0.9999960660934448,
    0.9999960660934448,
    0.9999960064888,
    0.9999959468841553,
    0.9999960660934448,
    0.9999961853027344,
    0.9999962449073792,
    0.9999962449073792,
    0.9999962449073792,
    0.9999962449073792,
    0.9999962449073792,
    0.9999962449073792,
    0.9999962449073792,
    0.9999962449073792,
    0.9999962449073792,
    0.9999962449073792,
    0.9999962449073792,
    0.9999962449073792,
    0.9999962449073792,
    0.9999962449073792,
    0.9999962449073792,
    0.9999962449073792,
    0.9999962449073792,
    0.9999962449073792,
    0.9999962449073792,
    0.9999962449073792,
    0.9999962449073792,
    0.9999962449073792,
    0.9999962449073792,
    0.9999962449073792,
    0.9999962449073792,
    0.9999962449073792,
    0.9999962449073792,
    0.9999962449073792,
    0.9999962449073792,
    0.9999962449073792,
    0.9999962449073792
  ],
  "expectations": [
    -11.99998664855957,
    -12.599193572998047,
    -21.878833770751953,
    -21.986751556396484,
    -21.99832534790039,
    -21.999744415283203,
    -21.99988555908203,
    -21.999893188476562,
    -21.999893188476562,
    -21.99990463256836,
    -21.999908447265625,
    -21.99990463256836,
    -21.99990463256836,
    -21.999906539916992,
    -21.999914169311523,
    -21.999914169311523,
    -21.99991226196289,
    -21.999910354614258,
    -21.999914169311523,
    -21.999916076660156,
    -21.99991798400879,
    -21.99991798400879,
    -21.99991798400879,
    -21.99991798400879,
    -21.99991798400879,
    -21.99991798400879,
    -21.99991798400879,
    -21.99991798400879,
    -21.99991798400879,
    -21.99991798400879,
    -21.99991798400879,
    -21.99991798400879,
    -21.99991798400879,
    -21.99991798400879,
    -21.99991798400879,
    -21.99991798400879,
    -21.99991798400879,
    -21.99991798400879,
    -21.99991798400879,
    -21.99991798400879,
    -21.99991798400879,
    -21.99991798400879,
    -21.99991798400879,
    -21.99991798400879,
    -21.99991798400879,
    -21.99991798400879,
    -21.99991798400879,
    -21.99991798400879,
    -21.99991798400879,
    -21.99991798400879,
    -21.99991798400879
  ],
  "approx_ratios": [
    0.5454539385708895,
    0.5726906169544567,
    0.9944924441250887,
    0.999397798018022,
    0.9999238794500177,
    0.9999883825128729,
    0.9999947981400923,
    0.9999951449307528,
    0.9999951449307528,
    0.9999956651167436,
    0.9999958385120739,
    0.9999956651167436,
    0.9999956651167436,
    0.9999957518144087,
    0.9999960986050692,
    0.9999960986050692,
    0.9999960119074042,
    0.999995925209739,
    0.9999960986050692,
    0.9999961853027344,
    0.9999962720003995,
    0.9999962720003995,
    0.9999962720003995,
    0.9999962720003995,
    0.9999962720003995,
    0.9999962720003995,
    0.9999962720003995,
    0.9999962720003995,
    0.9999962720003995,
    0.9999962720003995,
    0.9999962720003995,
    0.9999962720003995,
    0.9999962720003995,
    0.9999962720003995,
    0.9999962720003995,
    0.9999962720003995,
    0.9999962720003995,
    0.9999962720003995,
    0.9999962720003995,
    0.9999962720003995,
    0.9999962720003995,
    0.9999962720003995,
    0.9999962720003995,
    0.9999962720003995,
    0.9999962720003995,
    0.9999962720003995,
    0.9999962720003995,
    0.9999962720003995,
    0.9999962720003995,
    0.9999962720003995,
    0.9999962720003995
  ],
  "iter": 50,
  "best_iter": 20,
  "norm_history": [],
  "w_history": [
    1
  ],
  "edges": [
    [
      3,
      4
    ],
    [
      3,
      11
    ],
    [
      3,
      0
    ],
    [
      4,
      15
    ],
    [
      4,
      5
    ],
    [
      5,
      7
    ],
    [
      5,
      2
    ],
    [
      7,
      12
    ],
    [
      7,
      1
    ],
    [
      15,
      8
    ],
    [
      15,
      10
    ],
    [
      8,
      12
    ],
    [
      8,
      13
    ],
    [
      12,
      11
    ],
    [
      2,
      13
    ],
    [
      2,
      6
    ],
    [
      10,
      9
    ],
    [
      10,
      14
    ],
    [
      13,
      14
    ],
    [
      14,
      6
    ],
    [
      6,
      9
    ],
    [
      9,
      0
    ],
    [
      0,
      1
    ],
    [
      1,
      11
    ]
  ]
}