{
  "size": 16,
  "opt_val": -22.0,
  "method": "VQELBFGS",
  "operations": [
    "Z5_Y10",
    "Z5_Y8",
    "Z5_Y14",
    "Z10_Y9",
    "Z8_Y12",
    "Z14_Y4",
    "Z9_Y2",
    "Z9_Y3",
    "Z3_Y6",
    "Z1_Y6",
    "Z1_Y11",
    "Z1_Y7",
    "Z6_Y0",
    "Z11_Y13",
    "Z7_Y15",
    "Z10_Y8",
    "Z14_Y12",
    "Z12_Y3",
    "Z11_Y2",
    "Z7_Y0",
    "Z0_Y4",
    "Z2_Y15",
    "Z15_Y13",
    "Z13_Y4"
  ],
  "dt": 0.05,
  "lr": 0.05,
  "lam": 1.0,
  "mu": 0.9,
  "fix_step": 0,
  "constant_c": true,
  "parameters": [
    1.5746484994888306,
    1.447695255279541,
    1.5707894563674927,
    1.5707858800888062,
    0.04079054296016693,
    0.00023435427283402532,
    0.23805752396583557,
    0.7200132012367249,
    -7.34005288904882e-06,
    1.5708653926849365,
    1.5708069801330566,
    1.5707918405532837,
    0.8257898092269897,
    1.0783741474151611,
    0.0008444635313935578,
    -0.12306629121303558,
    1.5302773714065552,
    0.8508166670799255,
    1.3327006101608276,
    0.7450172305107117,
    -0.003006299724802375,
    1.5716427564620972,
    0.49239760637283325,
    1.573678731918335
  ],
  "opt_ratios": [
    3.0517549021169543e-05,
    7.923972589196637e-05,
    0.4491038918495178,
    0.4945674538612366,
    0.4992339015007019,
    0.4998794198036194,
    0.4999625086784363,
    0.4999767541885376,
    0.49998849630355835,
    0.49998989701271057,
    0.49999260902404785,
    0.4999930262565613,
    0.49999284744262695,
    0.49999290704727173,
    0.4999929964542389,
    0.49999237060546875,
    0.4999924898147583,
    0.4999927580356598,
    0.49999287724494934,
    0.49999305605888367,
    0.4999932050704956,
    0.49999314546585083,
    0.4999931752681732,
    0.4999931752681732,
    0.49999308586120605,
    0.4999931752681732,
    0.4999929964542389,
    0.4999930262565613,
    0.4999929964542389,
    0.4999929666519165,
    0.4999932646751404,
    0.499993234872818,
    0.499993234872818,
    0.4999932050704956,
    0.4999932050704956,
    0.4999932646751404,
    0.49999308586120605,
    0.4999930262565613,
    0.4999932050704956,
    0.4999931752681732,
    0.4999932050704956,
    0.49999311566352844,
    0.49999308586120605,
    0.4999929964542389,
    0.4999930262565613,
    0.49999308586120605,
    0.4999930262565613,
    0.4999930262565613,
    0.49999314546585083,
    0.49999314546585083,
    0.49999308586120605
  ],
  "expectations": [
    -11.999987602233887,
    -12.596744537353516,
    -20.32419776916504,
    -20.475584030151367,
    -20.495258331298828,
    -20.498992919921875,
    -20.499645233154297,
    -20.49978256225586,
    -20.49988555908203,
    -20.499897003173828,
    -20.499893188476562,
    -20.499902725219727,
    -20.499897003173828,
    -20.499897003173828,
    -20.499900817871094,
    -20.499897003173828,
    -20.499897003173828,
    -20.499900817871094,
    -20.499900817871094,
    -20.49990463256836,
    -20.499908447265625,
    -20.49990463256836,
    -20.49990463256836,
    -20.499908447265625,
    -20.499900817871094,
    -20.49990463256836,
    -20.499897003173828,
    -20.499897003173828,
    -20.499897003173828,
    -20.499893188476562,
    -20.499908447265625,
    -20.499908447265625,
    -20.49990463256836,
    -20.49990463256836,
    -20.49990463256836,
    -20.49990463256836,
    -20.499897003173828,
    -20.499897003173828,
    -20.49990463256836,
    -20.49990463256836,
    -20.49990463256836,
    -20.499900817871094,
    -20.499897003173828,
    -20.499897003173828,
    -20.499897003173828,
    -20.499897003173828,
    -20.499897003173828,
    -20.499897003173828,
    -20.499900817871094,
    -20.499900817871094,
    -20.499900817871094
  ],
  "approx_ratios": [
    0.5454539819197222,
    0.5725792971524325,
    0.9238271713256836,
    0.9307083650068804,
    0.931602651422674,
    0.9317724054509943,
    0.931802056052468,
    0.9318082982843573,
    0.9318129799582742,
    0.9318135001442649,
    0.9318133267489347,
    0.9318137602372603,
    0.9318135001442649,
    0.9318135001442649,
    0.9318136735395952,
    0.9318135001442649,
    0.9318135001442649,
    0.9318136735395952,
    0.9318136735395952,
    0.9318138469349254,
    0.9318140203302557,
    0.9318138469349254,
    0.9318138469349254,
    0.9318140203302557,
    0.9318136735395952,
    0.9318138469349254,
    0.9318135001442649,
    0.9318135001442649,
    0.9318135001442649,
    0.9318133267489347,
    0.9318140203302557,
    0.9318140203302557,
    0.9318138469349254,
    0.9318138469349254,
    0.9318138469349254,
    0.9318138469349254,
    0.9318135001442649,
    0.9318135001442649,
    0.9318138469349254,
    0.9318138469349254,
    0.9318138469349254,
    0.9318136735395952,
    0.9318135001442649,
    0.9318135001442649,
    0.9318135001442649,
    0.9318135001442649,
    0.9318135001442649,
    0.9318135001442649,
    0.9318136735395952,
    0.9318136735395952,
    0.9318136735395952
  ],
  "iter": 50,
  "best_iter": 20,
  "norm_history": [],
  "w_history": [
    1
  ],
  "edges": [
    [
      5,
      10
    ],
    [
      5,
      8
    ],
    [
      5,
      14
    ],
    [
      10,
      9
    ],
    [
      10,
      8
    ],
    [
      8,
      12
    ],
    [
      12,
      3
    ],
    [
      12,
      14
    ],
    [
      1,
      6
    ],
    [
      1,
      11
    ],
    [
      1,
      7
    ],
    [
      6,
      3
    ],
    [
      6,
      0
    ],
    [
      2,
      11
    ],
    [
      2,
      9
    ],
    [
      2,
      15
    ],
    [
      11,
      13
    ],
    [
      3,
      9
    ],
    [
      4,
      14
    ],
    [
      4,
      0
    ],
    [
      4,
      13
    ],
    [
      0,
      7
    ],
    [
      7,
      15
    ],
    [
      13,
      15
    ]
  ]
}