{
  "size": 16,
  "opt_val": -20.0,
  "method": "VQELBFGS",
  "operations": [
    "Z6_Y12",
    "Z6_Y11",
    "Z6_Y13",
    "Z12_Y1",
    "Z11_Y0",
    "Z11_Y8",
    "Z13_Y7",
    "Z1_Y15",
    "Z1_Y4",
    "Z7_Y10",
    "Z3_Y10",
    "Z3_Y9",
    "Z3_Y14",
    "Z0_Y2",
    "Z2_Y5",
    "Z12_Y13",
    "Z7_Y8",
    "Z10_Y9",
    "Z9_Y14",
    "Z14_Y15",
    "Z0_Y4",
    "Z2_Y4",
    "Z5_Y15",
    "Z5_Y8"
  ],
  "dt": 0.05,
  "lr": 0.05,
  "lam": 1.0,
  "mu": 0.9,
  "fix_step": 0,
  "constant_c": true,
  "parameters": [
    1.570786952972412,
    1.5707963705062866,
    -1.570814609527588,
    1.5707956552505493,
    1.570793867111206,
    0.38559505343437195,
    1.5707992315292358,
    1.5971794128417969,
    0.7903130054473877,
    -0.0008426406420767307,
    1.571679949760437,
    -0.397696316242218,
    0.825275719165802,
    -1.5707982778549194,
    1.570792555809021,
    -4.20575997850392e-06,
    0.09004838019609451,
    1.1730692386627197,
    0.7455280423164368,
    1.5708082914352417,
    0.8649020195007324,
    -0.08442353457212448,
    1.597167730331421,
    1.0951493978500366
  ],
  "opt_ratios": [
    6.1035098042339087e-05,
    0.00013067448162473738,
    0.2469174861907959,
    0.46654659509658813,
    0.4962158203125,
    0.4995497465133667,
    0.49994999170303345,
    0.49998733401298523,
    0.49999499320983887,
    0.4999968111515045,
    0.49999722838401794,
    0.49999773502349854,
    0.4999977648258209,
    0.49999791383743286,
    0.4999978840351105,
    0.4999977946281433,
    0.49999767541885376,
    0.49999797344207764,
    0.4999977946281433,
    0.4999978840351105,
    0.4999977946281433,
    0.4999978542327881,
    0.49999773502349854,
    0.4999978840351105,
    0.4999978542327881,
    0.4999980032444,
    0.49999770522117615,
    0.4999978542327881,
    0.4999978244304657,
    0.4999978542327881,
    0.4999978542327881,
    0.4999975860118866,
    0.4999977946281433,
    0.4999977946281433,
    0.4999978542327881,
    0.4999978244304657,
    0.4999978542327881,
    0.4999978244304657,
    0.4999978840351105,
    0.4999978542327881,
    0.4999978840351105,
    0.49999794363975525,
    0.49999791383743286,
    0.49999797344207764,
    0.49999791383743286,
    0.4999978542327881,
    0.4999978840351105,
    0.49999797344207764,
    0.4999980032444,
    0.49999797344207764,
    0.4999980032444
  ],
  "expectations": [
    -11.999987602233887,
    -12.588970184326172,
    -18.776565551757812,
    -19.401466369628906,
    -19.487937927246094,
    -19.49831199645996,
    -19.499691009521484,
    -19.49985122680664,
    -19.499893188476562,
    -19.49990463256836,
    -19.499916076660156,
    -19.49991226196289,
    -19.49991226196289,
    -19.49991798400879,
    -19.49991798400879,
    -19.49991798400879,
    -19.499908447265625,
    -19.499919891357422,
    -19.499916076660156,
    -19.499919891357422,
    -19.499916076660156,
    -19.499916076660156,
    -19.49991226196289,
    -19.49991798400879,
    -19.499916076660156,
    -19.499919891357422,
    -19.499910354614258,
    -19.499916076660156,
    -19.499916076660156,
    -19.499916076660156,
    -19.499916076660156,
    -19.49990463256836,
    -19.499914169311523,
    -19.499914169311523,
    -19.499916076660156,
    -19.499916076660156,
    -19.499916076660156,
    -19.499916076660156,
    -19.499916076660156,
    -19.499916076660156,
    -19.499916076660156,
    -19.499919891357422,
    -19.499919891357422,
    -19.499921798706055,
    -19.499916076660156,
    -19.499916076660156,
    -19.49991798400879,
    -19.499919891357422,
    -19.499919891357422,
    -19.499919891357422,
    -19.499919891357422
  ],
  "approx_ratios": [
    0.5999993801116943,
    0.6294485092163086,
    0.9388282775878907,
    0.9700733184814453,
    0.9743968963623046,
    0.974915599822998,
    0.9749845504760742,
    0.9749925613403321,
    0.9749946594238281,
    0.974995231628418,
    0.9749958038330078,
    0.9749956130981445,
    0.9749956130981445,
    0.9749958992004395,
    0.9749958992004395,
    0.9749958992004395,
    0.9749954223632813,
    0.9749959945678711,
    0.9749958038330078,
    0.9749959945678711,
    0.9749958038330078,
    0.9749958038330078,
    0.9749956130981445,
    0.9749958992004395,
    0.9749958038330078,
    0.9749959945678711,
    0.9749955177307129,
    0.9749958038330078,
    0.9749958038330078,
    0.9749958038330078,
    0.9749958038330078,
    0.974995231628418,
    0.9749957084655761,
    0.9749957084655761,
    0.9749958038330078,
    0.9749958038330078,
    0.9749958038330078,
    0.9749958038330078,
    0.9749958038330078,
    0.9749958038330078,
    0.9749958038330078,
    0.9749959945678711,
    0.9749959945678711,
    0.9749960899353027,
    0.9749958038330078,
    0.9749958038330078,
    0.9749958992004395,
    0.9749959945678711,
    0.9749959945678711,
    0.9749959945678711,
    0.9749959945678711
  ],
  "iter": 50,
  "best_iter": 43,
  "norm_history": [],
  "w_history": [
    1
  ],
  "edges": [
    [
      6,
      12
    ],
    [
      6,
      11
    ],
    [
      6,
      13
    ],
    [
      12,
      13
    ],
    [
      12,
      1
    ],
    [
      13,
      7
    ],
    [
      3,
      10
    ],
    [
      3,
      9
    ],
    [
      3,
      14
    ],
    [
      10,
      7
    ],
    [
      10,
      9
    ],
    [
      0,
      2
    ],
    [
      0,
      11
    ],
    [
      0,
      4
    ],
    [
      2,
      5
    ],
    [
      2,
      4
    ],
    [
      9,
      14
    ],
    [
      14,
      15
    ],
    [
      5,
      15
    ],
    [
      5,
      8
    ],
    [
      11,
      8
    ],
    [
      1,
      15
    ],
    [
      1,
      4
    ],
    [
      7,
      8
    ]
  ]
}