{
  "size": 16,
  "opt_val": -21.0,
  "method": "VQELBFGS",
  "operations": [
    "Z4_Y6",
    "Z4_Y0",
    "Z4_Y10",
    "Z6_Y1",
    "Z6_Y8",
    "Z10_Y11",
    "Z10_Y15",
    "Z1_Y13",
    "Z8_Y9",
    "Z5_Y13",
    "Z5_Y3",
    "Z3_Y2",
    "Z3_Y12",
    "Z11_Y14",
    "Z14_Y7",
    "Z0_Y8",
    "Z0_Y1",
    "Z5_Y9",
    "Z13_Y9",
    "Z11_Y15",
    "Z14_Y2",
    "Z15_Y12",
    "Z2_Y7",
    "Z7_Y12"
  ],
  "dt": 0.05,
  "lr": 0.05,
  "lam": 1.0,
  "mu": 0.9,
  "fix_step": 0,
  "constant_c": true,
  "parameters": [
    1.5692821741104126,
    1.570854902267456,
    1.5708935260772705,
    1.5708509683609009,
    0.804176390171051,
    -0.3436717987060547,
    0.6855792999267578,
    1.570880651473999,
    -4.187469312455505e-05,
    6.386471341102151e-06,
    1.5708922147750854,
    1.5708516836166382,
    0.805251955986023,
    1.5708316564559937,
    -7.219508916023187e-06,
    0.7666503190994263,
    3.4250754197273636e-06,
    1.5709024667739868,
    -1.3189517176215304e-06,
    0.8853147029876709,
    -4.7386020014528185e-06,
    1.366397668789432e-06,
    1.5708444118499756,
    0.7655465006828308
  ],
  "opt_ratios": [
    3.0517549021169543e-05,
    7.189234747784212e-05,
    0.1119002178311348,
    0.11227020621299744,
    0.10517357289791107,
    0.10164741426706314,
    0.10015135258436203,
    0.09999103099107742,
    0.09971679002046585,
    0.09918854385614395,
    0.09922929108142853,
    0.099337138235569,
    0.09933727234601974,
    0.0993361845612526,
    0.099335215985775,
    0.09933460503816605,
    0.09933215379714966,
    0.09933089464902878,
    0.09932978451251984,
    0.09932882338762283,
    0.09932827949523926,
    0.0993267223238945,
    0.09932659566402435,
    0.09932581335306168,
    0.09932418912649155,
    0.09932404011487961,
    0.09932374954223633,
    0.09932346642017365,
    0.09932327270507812,
    0.09932301938533783,
    0.0993226021528244,
    0.09932254254817963,
    0.09932249039411545,
    0.09932193905115128,
    0.09932165592908859,
    0.09932132810354233,
    0.0993208959698677,
    0.09931978583335876,
    0.09931955486536026,
    0.09931912273168564,
    0.09931907802820206,
    0.09931889921426773,
    0.09931878000497818,
    0.09931807965040207,
    0.09931795299053192,
    0.09931784868240356,
    0.09931778162717819,
    0.09931763261556625,
    0.09931667894124985,
    0.0993165597319603,
    0.09931647032499313
  ],
  "expectations": [
    -11.99998664855957,
    -12.591714859008789,
    -19.841493606567383,
    -19.98337173461914,
    -19.997896194458008,
    -19.99970245361328,
    -19.99989128112793,
    -19.999897003173828,
    -19.99991226196289,
    -19.999910354614258,
    -19.999919891357422,
    -19.999910354614258,
    -19.999910354614258,
    -19.99991798400879,
    -19.999919891357422,
    -19.99991226196289,
    -19.999908447265625,
    -19.99991226196289,
    -19.99991226196289,
    -19.999916076660156,
    -19.999916076660156,
    -19.999916076660156,
    -19.999916076660156,
    -19.999923706054688,
    -19.999908447265625,
    -19.999919891357422,
    -19.99991798400879,
    -19.99991226196289,
    -19.999908447265625,
    -19.99991226196289,
    -19.99991226196289,
    -19.99991226196289,
    -19.99991226196289,
    -19.99991226196289,
    -19.999916076660156,
    -19.999916076660156,
    -19.999916076660156,
    -19.99991226196289,
    -19.999910354614258,
    -19.99991226196289,
    -19.99991226196289,
    -19.99991798400879,
    -19.999914169311523,
    -19.99991226196289,
    -19.999914169311523,
    -19.99991226196289,
    -19.99991226196289,
    -19.999916076660156,
    -19.999919891357422,
    -19.999914169311523,
    -19.99991226196289
  ],
  "approx_ratios": [
    0.5714279356456938,
    0.599605469476609,
    0.9448330288841611,
    0.9515891302199591,
    0.952280771164667,
    0.9523667835053944,
    0.9523757752918062,
    0.9523760477701823,
    0.9523767743791852,
    0.9523766835530599,
    0.9523771376836867,
    0.9523766835530599,
    0.9523766835530599,
    0.9523770468575614,
    0.9523771376836867,
    0.9523767743791852,
    0.9523765927269345,
    0.9523767743791852,
    0.9523767743791852,
    0.952376956031436,
    0.952376956031436,
    0.952376956031436,
    0.952376956031436,
    0.9523773193359375,
    0.9523765927269345,
    0.9523771376836867,
    0.9523770468575614,
    0.9523767743791852,
    0.9523765927269345,
    0.9523767743791852,
    0.9523767743791852,
    0.9523767743791852,
    0.9523767743791852,
    0.9523767743791852,
    0.952376956031436,
    0.952376956031436,
    0.952376956031436,
    0.9523767743791852,
    0.9523766835530599,
    0.9523767743791852,
    0.9523767743791852,
    0.9523770468575614,
    0.9523768652053106,
    0.9523767743791852,
    0.9523768652053106,
    0.9523767743791852,
    0.9523767743791852,
    0.952376956031436,
    0.9523771376836867,
    0.9523768652053106,
    0.9523767743791852
  ],
  "iter": 50,
  "best_iter": 23,
  "norm_history": [],
  "w_history": [
    1
  ],
  "edges": [
    [
      4,
      6
    ],
    [
      4,
      0
    ],
    [
      4,
      10
    ],
    [
      6,
      1
    ],
    [
      6,
      8
    ],
    [
      5,
      13
    ],
    [
      5,
      9
    ],
    [
      5,
      3
    ],
    [
      13,
      9
    ],
    [
      13,
      1
    ],
    [
      8,
      9
    ],
    [
      8,
      0
    ],
    [
      1,
      0
    ],
    [
      11,
      14
    ],
    [
      11,
      10
    ],
    [
      11,
      15
    ],
    [
      14,
      2
    ],
    [
      14,
      7
    ],
    [
      2,
      7
    ],
    [
      2,
      3
    ],
    [
      10,
      15
    ],
    [
      15,
      12
    ],
    [
      12,
      3
    ],
    [
      12,
      7
    ]
  ]
}