{
  "size": 16,
  "opt_val": -22.0,
  "method": "VQELBFGS",
  "operations": [
    "Z6_Y12",
    "Z6_Y15",
    "Z6_Y10",
    "Z12_Y9",
    "Z12_Y2",
    "Z15_Y5",
    "Z15_Y11",
    "Z10_Y8",
    "Z10_Y14",
    "Z9_Y1",
    "Z9_Y7",
    "Z2_Y13",
    "Z13_Y3",
    "Z3_Y0",
    "Z14_Y4",
    "Z2_Y8",
    "Z5_Y13",
    "Z5_Y8",
    "Z11_Y1",
    "Z11_Y7",
    "Z3_Y14",
    "Z0_Y1",
    "Z0_Y4",
    "Z7_Y4"
  ],
  "dt": 0.05,
  "lr": 0.05,
  "lam": 1.0,
  "mu": 0.9,
  "fix_step": 0,
  "constant_c": true,
  "parameters": [
    1.5707995891571045,
    1.5707887411117554,
    -1.570750117301941,
    1.570791482925415,
    1.5707974433898926,
    1.5707966089248657,
    1.5707900524139404,
    -0.22024890780448914,
    -0.3491174578666687,
    1.3148643970489502,
    0.799156904220581,
    1.570799469947815,
    1.570791482925415,
    1.5707968473434448,
    1.5627174434484914e-05,
    0.9847024083137512,
    2.7342669000063324e-06,
    0.8063439726829529,
    1.3005365133285522,
    0.7716310024261475,
    1.9199076890945435,
    1.044614315032959,
    1.2700779438018799,
    0.3007251024246216
  ],
  "opt_ratios": [
    3.0517549021169543e-05,
    7.870106492191553e-05,
    0.6318162083625793,
    0.9739389419555664,
    0.9973568916320801,
    0.9996901154518127,
    0.9999651312828064,
    0.99998539686203,
    0.999988853931427,
    0.9999930262565613,
    0.9999935626983643,
    0.9999954104423523,
    0.9999954104423523,
    0.9999954104423523,
    0.9999959468841553,
    0.9999958872795105,
    0.9999959468841553,
    0.9999959468841553,
    0.9999959468841553,
    0.9999960660934448,
    0.9999958872795105,
    0.9999964237213135,
    0.9999961853027344,
    0.9999960660934448,
    0.9999960660934448,
    0.9999960660934448,
    0.9999960660934448,
    0.9999960660934448,
    0.9999960660934448,
    0.9999960660934448,
    0.9999960660934448,
    0.9999960660934448,
    0.9999960660934448,
    0.9999960660934448,
    0.9999960660934448,
    0.9999960660934448,
    0.9999960660934448,
    0.9999960660934448,
    0.9999960660934448,
    0.9999960660934448,
    0.9999960660934448,
    0.9999960660934448,
    0.9999960660934448,
    0.9999960660934448,
    0.9999960660934448,
    0.9999960660934448,
    0.9999960660934448,
    0.9999960660934448,
    0.9999960660934448,
    0.9999960660934448,
    0.9999960660934448
  ],
  "expectations": [
    -11.99998664855957,
    -12.598876953125,
    -21.597047805786133,
    -21.966251373291016,
    -21.996257781982422,
    -21.999475479125977,
    -21.999866485595703,
    -21.999897003173828,
    -21.999900817871094,
    -21.999908447265625,
    -21.999908447265625,
    -21.999902725219727,
    -21.999902725219727,
    -21.99989891052246,
    -21.999910354614258,
    -21.999910354614258,
    -21.999910354614258,
    -21.999910354614258,
    -21.999910354614258,
    -21.999914169311523,
    -21.999910354614258,
    -21.999921798706055,
    -21.999916076660156,
    -21.999914169311523,
    -21.999914169311523,
    -21.999914169311523,
    -21.999914169311523,
    -21.999914169311523,
    -21.999914169311523,
    -21.999914169311523,
    -21.999914169311523,
    -21.999914169311523,
    -21.999914169311523,
    -21.999914169311523,
    -21.999914169311523,
    -21.999914169311523,
    -21.999914169311523,
    -21.999914169311523,
    -21.999914169311523,
    -21.999914169311523,
    -21.999914169311523,
    -21.999914169311523,
    -21.999914169311523,
    -21.999914169311523,
    -21.999914169311523,
    -21.999914169311523,
    -21.999914169311523,
    -21.999914169311523,
    -21.999914169311523,
    -21.999914169311523,
    -21.999914169311523
  ],
  "approx_ratios": [
    0.5454539385708895,
    0.5726762251420454,
    0.9816839911720969,
    0.998465971513228,
    0.9998298991810192,
    0.9999761581420898,
    0.999993931163441,
    0.9999953183260831,
    0.9999954917214133,
    0.9999958385120739,
    0.9999958385120739,
    0.9999955784190785,
    0.9999955784190785,
    0.9999954050237482,
    0.999995925209739,
    0.999995925209739,
    0.999995925209739,
    0.999995925209739,
    0.999995925209739,
    0.9999960986050692,
    0.999995925209739,
    0.9999964453957297,
    0.9999961853027344,
    0.9999960986050692,
    0.9999960986050692,
    0.9999960986050692,
    0.9999960986050692,
    0.9999960986050692,
    0.9999960986050692,
    0.9999960986050692,
    0.9999960986050692,
    0.9999960986050692,
    0.9999960986050692,
    0.9999960986050692,
    0.9999960986050692,
    0.9999960986050692,
    0.9999960986050692,
    0.9999960986050692,
    0.9999960986050692,
    0.9999960986050692,
    0.9999960986050692,
    0.9999960986050692,
    0.9999960986050692,
    0.9999960986050692,
    0.9999960986050692,
    0.9999960986050692,
    0.9999960986050692,
    0.9999960986050692,
    0.9999960986050692,
    0.9999960986050692,
    0.9999960986050692
  ],
  "iter": 50,
  "best_iter": 21,
  "norm_history": [],
  "w_history": [
    1
  ],
  "edges": [
    [
      6,
      12
    ],
    [
      6,
      15
    ],
    [
      6,
      10
    ],
    [
      12,
      9
    ],
    [
      12,
      2
    ],
    [
      15,
      5
    ],
    [
      15,
      11
    ],
    [
      5,
      13
    ],
    [
      5,
      8
    ],
    [
      13,
      3
    ],
    [
      13,
      2
    ],
    [
      3,
      14
    ],
    [
      3,
      0
    ],
    [
      1,
      9
    ],
    [
      1,
      0
    ],
    [
      1,
      11
    ],
    [
      9,
      7
    ],
    [
      2,
      8
    ],
    [
      8,
      10
    ],
    [
      4,
      14
    ],
    [
      4,
      0
    ],
    [
      4,
      7
    ],
    [
      14,
      10
    ],
    [
      11,
      7
    ]
  ]
}