{
  "size": 16,
  "opt_val": -21.0,
  "method": "VQELBFGS",
  "operations": [
    "Z12_Y13",
    "Z12_Y3",
    "Z12_Y11",
    "Z13_Y0",
    "Z13_Y4",
    "Z3_Y8",
    "Z11_Y9",
    "Z11_Y1",
    "Z0_Y6",
    "Z4_Y5",
    "Z4_Y10",
    "Z9_Y15",
    "Z15_Y2",
    "Z1_Y7",
    "Z10_Y14",
    "Z3_Y0",
    "Z8_Y9",
    "Z8_Y6",
    "Z6_Y10",
    "Z15_Y5",
    "Z1_Y2",
    "Z5_Y14",
    "Z14_Y7",
    "Z2_Y7"
  ],
  "dt": 0.05,
  "lr": 0.05,
  "lam": 1.0,
  "mu": 0.9,
  "fix_step": 0,
  "constant_c": true,
  "parameters": [
    1.5722705125808716,
    1.5707757472991943,
    1.5707942247390747,
    0.8017566800117493,
    1.5707215070724487,
    1.5707443952560425,
    -1.570535659790039,
    1.570796251296997,
    0.00016719439008738846,
    1.8100471496582031,
    1.5708043575286865,
    1.5707504749298096,
    1.6926207542419434,
    1.0388305187225342,
    0.8091952204704285,
    0.7690188884735107,
    4.022055509267375e-05,
    1.570629596710205,
    -9.995073014579248e-06,
    -0.23924662172794342,
    -0.12187991291284561,
    0.7616099119186401,
    0.8671180009841919,
    0.3352084457874298
  ],
  "opt_ratios": [
    3.0517549021169543e-05,
    7.237461250042543e-05,
    0.7795573472976685,
    0.9854598045349121,
    0.9987227320671082,
    0.9998511075973511,
    0.9999710321426392,
    0.9999926090240479,
    0.9999929070472717,
    0.9999934434890747,
    0.9999940395355225,
    0.9999947547912598,
    0.9999953508377075,
    0.9999950528144836,
    0.9999954700469971,
    0.9999951720237732,
    0.9999955892562866,
    0.9999955892562866,
    0.999995231628418,
    0.999995231628418,
    0.9999950528144836,
    0.9999950528144836,
    0.9999947547912598,
    0.9999954104423523,
    0.9999954104423523,
    0.9999954104423523,
    0.9999954104423523,
    0.9999954104423523,
    0.9999954104423523,
    0.9999954104423523,
    0.9999954104423523,
    0.9999954104423523,
    0.9999954104423523,
    0.9999954104423523,
    0.9999954104423523,
    0.9999954104423523,
    0.9999954104423523,
    0.9999954104423523,
    0.9999954104423523,
    0.9999954104423523,
    0.9999954104423523,
    0.9999954104423523,
    0.9999954104423523,
    0.9999954104423523,
    0.9999954104423523,
    0.9999954104423523,
    0.9999954104423523,
    0.9999954104423523,
    0.9999954104423523,
    0.9999954104423523,
    0.9999954104423523
  ],
  "expectations": [
    -11.99998664855957,
    -12.596687316894531,
    -20.758737564086914,
    -20.982311248779297,
    -20.998178482055664,
    -20.999704360961914,
    -20.999874114990234,
    -20.99991226196289,
    -20.99990463256836,
    -20.999908447265625,
    -20.99990463256836,
    -20.99991226196289,
    -20.99991226196289,
    -20.999908447265625,
    -20.999916076660156,
    -20.999908447265625,
    -20.999916076660156,
    -20.999916076660156,
    -20.999910354614258,
    -20.999910354614258,
    -20.999906539916992,
    -20.999906539916992,
    -20.99989891052246,
    -20.999914169311523,
    -20.999914169311523,
    -20.999914169311523,
    -20.999914169311523,
    -20.999914169311523,
    -20.999914169311523,
    -20.999914169311523,
    -20.999914169311523,
    -20.999914169311523,
    -20.999914169311523,
    -20.999914169311523,
    -20.999914169311523,
    -20.999914169311523,
    -20.999914169311523,
    -20.999914169311523,
    -20.999914169311523,
    -20.999914169311523,
    -20.999914169311523,
    -20.999914169311523,
    -20.999914169311523,
    -20.999914169311523,
    -20.999914169311523,
    -20.999914169311523,
    -20.999914169311523,
    -20.999914169311523,
    -20.999914169311523,
    -20.999914169311523,
    -20.999914169311523
  ],
  "approx_ratios": [
    0.5714279356456938,
    0.5998422531854539,
    0.9885113125755673,
    0.9991576785132998,
    0.9999132610502697,
    0.9999859219505673,
    0.9999940054757255,
    0.9999958219982329,
    0.9999954586937314,
    0.9999956403459821,
    0.9999954586937314,
    0.9999958219982329,
    0.9999958219982329,
    0.9999956403459821,
    0.9999960036504836,
    0.9999956403459821,
    0.9999960036504836,
    0.9999960036504836,
    0.9999957311721075,
    0.9999957311721075,
    0.9999955495198568,
    0.9999955495198568,
    0.9999951862153553,
    0.9999959128243583,
    0.9999959128243583,
    0.9999959128243583,
    0.9999959128243583,
    0.9999959128243583,
    0.9999959128243583,
    0.9999959128243583,
    0.9999959128243583,
    0.9999959128243583,
    0.9999959128243583,
    0.9999959128243583,
    0.9999959128243583,
    0.9999959128243583,
    0.9999959128243583,
    0.9999959128243583,
    0.9999959128243583,
    0.9999959128243583,
    0.9999959128243583,
    0.9999959128243583,
    0.9999959128243583,
    0.9999959128243583,
    0.9999959128243583,
    0.9999959128243583,
    0.9999959128243583,
    0.9999959128243583,
    0.9999959128243583,
    0.9999959128243583,
    0.9999959128243583
  ],
  "iter": 50,
  "best_iter": 14,
  "norm_history": [],
  "w_history": [
    1
  ],
  "edges": [
    [
      12,
      13
    ],
    [
      12,
      3
    ],
    [
      12,
      11
    ],
    [
      13,
      0
    ],
    [
      13,
      4
    ],
    [
      8,
      9
    ],
    [
      8,
      6
    ],
    [
      8,
      3
    ],
    [
      9,
      11
    ],
    [
      9,
      15
    ],
    [
      11,
      1
    ],
    [
      6,
      10
    ],
    [
      6,
      0
    ],
    [
      4,
      5
    ],
    [
      4,
      10
    ],
    [
      5,
      15
    ],
    [
      5,
      14
    ],
    [
      3,
      0
    ],
    [
      15,
      2
    ],
    [
      1,
      2
    ],
    [
      1,
      7
    ],
    [
      2,
      7
    ],
    [
      7,
      14
    ],
    [
      10,
      14
    ]
  ]
}