{
  "size": 16,
  "opt_val": -20.0,
  "method": "VQELBFGS",
  "operations": [
    "Z3_Y4",
    "Z3_Y6",
    "Z3_Y11",
    "Z4_Y7",
    "Z6_Y0",
    "Z7_Y13",
    "Z0_Y5",
    "Z12_Y13",
    "Z12_Y10",
    "Z12_Y14",
    "Z13_Y15",
    "Z14_Y1",
    "Z15_Y8",
    "Z8_Y9",
    "Z8_Y2",
    "Z4_Y6",
    "Z11_Y0",
    "Z11_Y7",
    "Z10_Y5",
    "Z10_Y14",
    "Z15_Y5",
    "Z9_Y1",
    "Z9_Y2",
    "Z2_Y1"
  ],
  "dt": 0.05,
  "lr": 0.05,
  "lam": 1.0,
  "mu": 0.9,
  "fix_step": 0,
  "constant_c": true,
  "parameters": [
    1.5689787864685059,
    1.5704741477966309,
    1.5707663297653198,
    1.570670485496521,
    0.9158132672309875,
    1.5702906847000122,
    0.00039930414641276,
    0.00045123364543542266,
    -0.41359570622444153,
    0.7368779182434082,
    1.5706607103347778,
    7.072875450830907e-05,
    1.5704867839813232,
    1.5704587697982788,
    0.7400302886962891,
    -0.00014070059114601463,
    0.6550042033195496,
    0.00011568410991458222,
    0.00039821513928472996,
    0.8337939381599426,
    1.5700523853302002,
    0.75531005859375,
    -0.8307176828384399,
    0.8154234886169434
  ],
  "opt_ratios": [
    0.00018310529412701726,
    0.00039033213397488,
    0.470154345035553,
    0.497561514377594,
    0.4997369050979614,
    0.4999684989452362,
    0.49997955560684204,
    0.4999927282333374,
    0.499994158744812,
    0.4999955892562866,
    0.4999961256980896,
    0.49999648332595825,
    0.4999971389770508,
    0.4999973177909851,
    0.4999973177909851,
    0.49999764561653137,
    0.4999973177909851,
    0.499997615814209,
    0.4999975562095642,
    0.4999975562095642,
    0.4999975860118866,
    0.4999975562095642,
    0.4999975562095642,
    0.499997615814209,
    0.4999975264072418,
    0.49999749660491943,
    0.49999749660491943,
    0.49999743700027466,
    0.49999743700027466,
    0.4999975562095642,
    0.4999975562095642,
    0.499997615814209,
    0.499997615814209,
    0.499997615814209,
    0.4999973773956299,
    0.49999743700027466,
    0.4999975562095642,
    0.499997615814209,
    0.499997615814209,
    0.4999975860118866,
    0.49999773502349854,
    0.49999773502349854,
    0.49999773502349854,
    0.49999773502349854,
    0.49999773502349854,
    0.49999773502349854,
    0.49999773502349854,
    0.49999773502349854,
    0.49999773502349854,
    0.49999773502349854,
    0.49999773502349854
  ],
  "expectations": [
    -11.999987602233887,
    -12.58909797668457,
    -19.324298858642578,
    -19.48537826538086,
    -19.498374938964844,
    -19.4997501373291,
    -19.499805450439453,
    -19.499900817871094,
    -19.499900817871094,
    -19.49990463256836,
    -19.49991226196289,
    -19.49991226196289,
    -19.49991226196289,
    -19.499916076660156,
    -19.499916076660156,
    -19.499923706054688,
    -19.49991226196289,
    -19.499919891357422,
    -19.499919891357422,
    -19.499916076660156,
    -19.499919891357422,
    -19.499919891357422,
    -19.499919891357422,
    -19.499919891357422,
    -19.499916076660156,
    -19.499916076660156,
    -19.499916076660156,
    -19.49991226196289,
    -19.49991226196289,
    -19.499916076660156,
    -19.499919891357422,
    -19.499919891357422,
    -19.499919891357422,
    -19.499919891357422,
    -19.49991226196289,
    -19.49991226196289,
    -19.499916076660156,
    -19.499919891357422,
    -19.499919891357422,
    -19.499919891357422,
    -19.499923706054688,
    -19.499923706054688,
    -19.499923706054688,
    -19.499923706054688,
    -19.499923706054688,
    -19.499923706054688,
    -19.499923706054688,
    -19.499923706054688,
    -19.499923706054688,
    -19.499923706054688,
    -19.499923706054688
  ],
  "approx_ratios": [
    0.5999993801116943,
    0.6294548988342286,
    0.966214942932129,
    0.974268913269043,
    0.9749187469482422,
    0.9749875068664551,
    0.9749902725219727,
    0.9749950408935547,
    0.9749950408935547,
    0.974995231628418,
    0.9749956130981445,
    0.9749956130981445,
    0.9749956130981445,
    0.9749958038330078,
    0.9749958038330078,
    0.9749961853027344,
    0.9749956130981445,
    0.9749959945678711,
    0.9749959945678711,
    0.9749958038330078,
    0.9749959945678711,
    0.9749959945678711,
    0.9749959945678711,
    0.9749959945678711,
    0.9749958038330078,
    0.9749958038330078,
    0.9749958038330078,
    0.9749956130981445,
    0.9749956130981445,
    0.9749958038330078,
    0.9749959945678711,
    0.9749959945678711,
    0.9749959945678711,
    0.9749959945678711,
    0.9749956130981445,
    0.9749956130981445,
    0.9749958038330078,
    0.9749959945678711,
    0.9749959945678711,
    0.9749959945678711,
    0.9749961853027344,
    0.9749961853027344,
    0.9749961853027344,
    0.9749961853027344,
    0.9749961853027344,
    0.9749961853027344,
    0.9749961853027344,
    0.9749961853027344,
    0.9749961853027344,
    0.9749961853027344,
    0.9749961853027344
  ],
  "iter": 50,
  "best_iter": 15,
  "norm_history": [],
  "w_history": [
    1
  ],
  "edges": [
    [
      3,
      4
    ],
    [
      3,
      6
    ],
    [
      3,
      11
    ],
    [
      4,
      6
    ],
    [
      4,
      7
    ],
    [
      6,
      0
    ],
    [
      12,
      13
    ],
    [
      12,
      10
    ],
    [
      12,
      14
    ],
    [
      13,
      7
    ],
    [
      13,
      15
    ],
    [
      5,
      10
    ],
    [
      5,
      0
    ],
    [
      5,
      15
    ],
    [
      10,
      14
    ],
    [
      8,
      9
    ],
    [
      8,
      15
    ],
    [
      8,
      2
    ],
    [
      9,
      1
    ],
    [
      9,
      2
    ],
    [
      0,
      11
    ],
    [
      1,
      2
    ],
    [
      1,
      14
    ],
    [
      11,
      7
    ]
  ]
}