{
  "size": 16,
  "opt_val": -21.0,
  "method": "VQELBFGS",
  "operations": [
    "Z3_Y7",
    "Z3_Y12",
    "Z3_Y5",
    "Z7_Y9",
    "Z7_Y1",
    "Z12_Y2",
    "Z5_Y0",
    "Z5_Y14",
    "Z9_Y6",
    "Z1_Y11",
    "Z4_Y6",
    "Z4_Y10",
    "Z6_Y8",
    "Z11_Y13",
    "Z10_Y15",
    "Z12_Y1",
    "Z9_Y14",
    "Z4_Y11",
    "Z10_Y0",
    "Z8_Y15",
    "Z8_Y2",
    "Z0_Y13",
    "Z13_Y14",
    "Z15_Y2"
  ],
  "dt": 0.05,
  "lr": 0.05,
  "lam": 1.0,
  "mu": 0.9,
  "fix_step": 0,
  "constant_c": true,
  "parameters": [
    1.568976879119873,
    1.5707905292510986,
    1.57077157497406,
    0.34353864192962646,
    0.8672427535057068,
    0.0002999991411343217,
    1.5707908868789673,
    0.6652404069900513,
    -6.785430286981864e-06,
    2.828998049153597e-06,
    1.5707217454910278,
    1.5707886219024658,
    1.5707919597625732,
    1.7897355064633302e-05,
    0.7019345164299011,
    0.7035254836082458,
    5.821601462230319e-06,
    1.5707578659057617,
    3.051105295526213e-06,
    -0.868855893611908,
    0.6862115263938904,
    1.5707894563674927,
    0.9055625796318054,
    0.8844286799430847
  ],
  "opt_ratios": [
    3.0517549021169543e-05,
    7.120097143342718e-05,
    0.00030748971039429307,
    6.18581054823153e-07,
    2.631328932523047e-09,
    1.9696437948517331e-13,
    6.715414763982727e-14,
    1.2948734966211628e-14,
    1.1162566097150384e-14,
    7.759116564315036e-15,
    1.4174539448137896e-15,
    8.968098971908834e-17,
    7.570572033044573e-19,
    2.939486085368573e-19,
    3.7355033792020043e-20,
    7.047112722063668e-21,
    6.516468281175231e-21,
    5.77556931119809e-21,
    5.439996515410818e-21,
    4.3959035391903144e-21,
    3.9040020894629734e-21,
    3.305337593218214e-21,
    3.1163888214061102e-21,
    2.749743842169465e-21,
    2.4155495461041872e-21,
    2.3300890256891017e-21,
    2.130740113650956e-21,
    1.946938804395826e-21,
    1.8150113726808957e-21,
    1.760894252405286e-21,
    1.7331837018847595e-21,
    1.6407232463153007e-21,
    1.4681266396788913e-21,
    1.4550581553528338e-21,
    1.4329053255470939e-21,
    1.3309563247918919e-21,
    1.3046660773104488e-21,
    1.2921233656222775e-21,
    1.234624417578647e-21,
    1.2206771548259478e-21,
    1.105380072196329e-21,
    1.0026555896168586e-21,
    9.450008383890033e-22,
    6.454814345945816e-22,
    4.98020738432449e-22,
    4.782139430935129e-22,
    4.594118410034663e-22,
    4.180873687943509e-22,
    3.289900607666772e-22,
    1.8796484138223963e-22,
    8.589616096138476e-23
  ],
  "expectations": [
    -11.99998664855957,
    -12.596572875976562,
    -19.323413848876953,
    -19.48804473876953,
    -19.498811721801758,
    -19.49990463256836,
    -19.499908447265625,
    -19.499919891357422,
    -19.499919891357422,
    -19.499919891357422,
    -19.499927520751953,
    -19.499923706054688,
    -19.499921798706055,
    -19.49991798400879,
    -19.499923706054688,
    -19.499927520751953,
    -19.499927520751953,
    -19.499923706054688,
    -19.499923706054688,
    -19.499927520751953,
    -19.499919891357422,
    -19.499921798706055,
    -19.499921798706055,
    -19.499919891357422,
    -19.499919891357422,
    -19.499919891357422,
    -19.49992561340332,
    -19.499919891357422,
    -19.499927520751953,
    -19.499927520751953,
    -19.499927520751953,
    -19.499919891357422,
    -19.49992561340332,
    -19.499923706054688,
    -19.499923706054688,
    -19.499923706054688,
    -19.499923706054688,
    -19.499921798706055,
    -19.49992561340332,
    -19.499919891357422,
    -19.499923706054688,
    -19.499923706054688,
    -19.499919891357422,
    -19.499923706054688,
    -19.499919891357422,
    -19.499919891357422,
    -19.499919891357422,
    -19.499919891357422,
    -19.499923706054688,
    -19.49993133544922,
    -19.499927520751953
  ],
  "approx_ratios": [
    0.5714279356456938,
    0.5998368036179316,
    0.9201625642322359,
    0.9280021304175967,
    0.9285148438953218,
    0.92856688726516,
    0.9285670689174107,
    0.928567613874163,
    0.928567613874163,
    0.928567613874163,
    0.9285679771786645,
    0.9285677955264137,
    0.9285677047002883,
    0.9285675230480376,
    0.9285677955264137,
    0.9285679771786645,
    0.9285679771786645,
    0.9285677955264137,
    0.9285677955264137,
    0.9285679771786645,
    0.928567613874163,
    0.9285677047002883,
    0.9285677047002883,
    0.928567613874163,
    0.928567613874163,
    0.928567613874163,
    0.9285678863525391,
    0.928567613874163,
    0.9285679771786645,
    0.9285679771786645,
    0.9285679771786645,
    0.928567613874163,
    0.9285678863525391,
    0.9285677955264137,
    0.9285677955264137,
    0.9285677955264137,
    0.9285677955264137,
    0.9285677047002883,
    0.9285678863525391,
    0.928567613874163,
    0.9285677955264137,
    0.9285677955264137,
    0.928567613874163,
    0.9285677955264137,
    0.928567613874163,
    0.928567613874163,
    0.928567613874163,
    0.928567613874163,
    0.9285677955264137,
    0.9285681588309151,
    0.9285679771786645
  ],
  "iter": 50,
  "best_iter": 49,
  "norm_history": [],
  "w_history": [
    1
  ],
  "edges": [
    [
      3,
      7
    ],
    [
      3,
      12
    ],
    [
      3,
      5
    ],
    [
      7,
      9
    ],
    [
      7,
      1
    ],
    [
      4,
      6
    ],
    [
      4,
      11
    ],
    [
      4,
      10
    ],
    [
      6,
      8
    ],
    [
      6,
      9
    ],
    [
      0,
      5
    ],
    [
      0,
      10
    ],
    [
      0,
      13
    ],
    [
      5,
      14
    ],
    [
      9,
      14
    ],
    [
      14,
      13
    ],
    [
      8,
      15
    ],
    [
      8,
      2
    ],
    [
      15,
      10
    ],
    [
      15,
      2
    ],
    [
      2,
      12
    ],
    [
      1,
      12
    ],
    [
      1,
      11
    ],
    [
      13,
      11
    ]
  ]
}