{
  "size": 16,
  "opt_val": -22.0,
  "method": "VQELBFGS",
  "operations": [
    "Z6_Y15",
    "Z6_Y11",
    "Z6_Y5",
    "Z15_Y3",
    "Z5_Y0",
    "Z3_Y12",
    "Z3_Y10",
    "Z4_Y12",
    "Z4_Y2",
    "Z4_Y13",
    "Z12_Y8",
    "Z2_Y14",
    "Z13_Y9",
    "Z8_Y1",
    "Z9_Y7",
    "Z15_Y11",
    "Z11_Y5",
    "Z2_Y0",
    "Z13_Y0",
    "Z8_Y10",
    "Z10_Y9",
    "Z14_Y1",
    "Z14_Y7",
    "Z1_Y7"
  ],
  "dt": 0.05,
  "lr": 0.05,
  "lam": 1.0,
  "mu": 0.9,
  "fix_step": 0,
  "constant_c": true,
  "parameters": [
    1.5707991123199463,
    -0.7980356812477112,
    0.6452816724777222,
    1.5707731246948242,
    5.256727308733389e-05,
    0.14297620952129364,
    -0.00016824263730086386,
    1.4276691675186157,
    1.570786714553833,
    1.570814609527588,
    1.5708016157150269,
    1.5708006620407104,
    1.5707908868789673,
    1.570499300956726,
    1.1201083660125732,
    0.7726963758468628,
    0.9254975914955139,
    0.7857564687728882,
    0.7850245237350464,
    1.5708835124969482,
    6.547543307533488e-07,
    0.0003033174143638462,
    0.450593501329422,
    -0.00010600927635096014
  ],
  "opt_ratios": [
    3.0517549021169543e-05,
    7.907775579951704e-05,
    0.4459889829158783,
    0.49507853388786316,
    0.4995562732219696,
    0.4999803900718689,
    0.4999971389770508,
    0.49999767541885376,
    0.49999773502349854,
    0.49999770522117615,
    0.4999978244304657,
    0.4999978244304657,
    0.4999977946281433,
    0.4999978840351105,
    0.4999978542327881,
    0.4999978542327881,
    0.49999797344207764,
    0.4999978542327881,
    0.4999980330467224,
    0.49999794363975525,
    0.4999978244304657,
    0.4999978542327881,
    0.4999978840351105,
    0.49999797344207764,
    0.4999978542327881,
    0.4999978542327881,
    0.4999977946281433,
    0.49999797344207764,
    0.4999978542327881,
    0.4999978840351105,
    0.49999773502349854,
    0.49999773502349854,
    0.4999978840351105,
    0.4999978542327881,
    0.4999978244304657,
    0.49999797344207764,
    0.49999794363975525,
    0.4999978542327881,
    0.4999978840351105,
    0.4999980032444,
    0.4999980926513672,
    0.49999797344207764,
    0.49999794363975525,
    0.49999791383743286,
    0.4999978542327881,
    0.49999797344207764,
    0.4999978542327881,
    0.4999978542327881,
    0.4999980032444,
    0.4999978542327881,
    0.4999978542327881
  ],
  "expectations": [
    -11.99998664855957,
    -12.59172248840332,
    -20.289093017578125,
    -20.47987937927246,
    -20.49734878540039,
    -20.49950408935547,
    -20.49979019165039,
    -20.4998779296875,
    -20.49989891052246,
    -20.499900817871094,
    -20.499908447265625,
    -20.499908447265625,
    -20.499908447265625,
    -20.49991226196289,
    -20.49991226196289,
    -20.499908447265625,
    -20.499916076660156,
    -20.49991226196289,
    -20.499919891357422,
    -20.499916076660156,
    -20.49991226196289,
    -20.49991226196289,
    -20.49991226196289,
    -20.499916076660156,
    -20.49991226196289,
    -20.49991226196289,
    -20.499908447265625,
    -20.499916076660156,
    -20.49991226196289,
    -20.499914169311523,
    -20.499908447265625,
    -20.499908447265625,
    -20.49991226196289,
    -20.49991226196289,
    -20.49991226196289,
    -20.499916076660156,
    -20.499916076660156,
    -20.49991226196289,
    -20.499914169311523,
    -20.499919891357422,
    -20.499921798706055,
    -20.499919891357422,
    -20.499916076660156,
    -20.499916076660156,
    -20.49991226196289,
    -20.499916076660156,
    -20.49991226196289,
    -20.49991226196289,
    -20.499919891357422,
    -20.49991226196289,
    -20.49991226196289
  ],
  "approx_ratios": [
    0.5454539385708895,
    0.5723510222001509,
    0.9222315007990057,
    0.9309036081487482,
    0.9316976720636542,
    0.9317956404252485,
    0.9318086450750177,
    0.9318126331676136,
    0.93181358684193,
    0.9318136735395952,
    0.9318140203302557,
    0.9318140203302557,
    0.9318140203302557,
    0.9318141937255859,
    0.9318141937255859,
    0.9318140203302557,
    0.9318143671209161,
    0.9318141937255859,
    0.9318145405162465,
    0.9318143671209161,
    0.9318141937255859,
    0.9318141937255859,
    0.9318141937255859,
    0.9318143671209161,
    0.9318141937255859,
    0.9318141937255859,
    0.9318140203302557,
    0.9318143671209161,
    0.9318141937255859,
    0.9318142804232511,
    0.9318140203302557,
    0.9318140203302557,
    0.9318141937255859,
    0.9318141937255859,
    0.9318141937255859,
    0.9318143671209161,
    0.9318143671209161,
    0.9318141937255859,
    0.9318142804232511,
    0.9318145405162465,
    0.9318146272139116,
    0.9318145405162465,
    0.9318143671209161,
    0.9318143671209161,
    0.9318141937255859,
    0.9318143671209161,
    0.9318141937255859,
    0.9318141937255859,
    0.9318145405162465,
    0.9318141937255859,
    0.9318141937255859
  ],
  "iter": 50,
  "best_iter": 40,
  "norm_history": [],
  "w_history": [
    1
  ],
  "edges": [
    [
      6,
      15
    ],
    [
      6,
      11
    ],
    [
      6,
      5
    ],
    [
      15,
      3
    ],
    [
      15,
      11
    ],
    [
      4,
      12
    ],
    [
      4,
      2
    ],
    [
      4,
      13
    ],
    [
      12,
      8
    ],
    [
      12,
      3
    ],
    [
      3,
      10
    ],
    [
      10,
      9
    ],
    [
      10,
      8
    ],
    [
      0,
      2
    ],
    [
      0,
      5
    ],
    [
      0,
      13
    ],
    [
      2,
      14
    ],
    [
      5,
      11
    ],
    [
      8,
      1
    ],
    [
      14,
      1
    ],
    [
      14,
      7
    ],
    [
      9,
      13
    ],
    [
      9,
      7
    ],
    [
      1,
      7
    ]
  ]
}