{
  "size": 16,
  "opt_val": -21.0,
  "method": "VQELBFGS",
  "operations": [
    "Z3_Y4",
    "Z3_Y9",
    "Z3_Y11",
    "Z4_Y14",
    "Z9_Y0",
    "Z11_Y5",
    "Z14_Y8",
    "Z0_Y2",
    "Z0_Y1",
    "Z2_Y12",
    "Z2_Y15",
    "Z1_Y7",
    "Z15_Y10",
    "Z10_Y6",
    "Z10_Y13",
    "Z4_Y11",
    "Z9_Y14",
    "Z1_Y8",
    "Z12_Y8",
    "Z12_Y5",
    "Z15_Y5",
    "Z6_Y7",
    "Z6_Y13",
    "Z13_Y7"
  ],
  "dt": 0.05,
  "lr": 0.05,
  "lam": 1.0,
  "mu": 0.9,
  "fix_step": 0,
  "constant_c": true,
  "parameters": [
    1.572289228439331,
    1.5709753036499023,
    0.19521015882492065,
    1.1338493824005127,
    1.5709282159805298,
    0.0001466697285650298,
    0.0004784583579748869,
    1.5708249807357788,
    -1.569563388824463,
    1.570962905883789,
    1.57100510597229,
    -0.1319165974855423,
    1.5709127187728882,
    1.5709235668182373,
    1.322047472000122,
    1.765818476676941,
    0.43700817227363586,
    0.34408190846443176,
    1.2263457775115967,
    0.8697481751441956,
    0.7012262344360352,
    0.8481977581977844,
    -0.24892449378967285,
    0.8546067476272583
  ],
  "opt_ratios": [
    3.0517549021169543e-05,
    7.122496026568115e-05,
    0.5664401650428772,
    0.9591200947761536,
    0.9955724477767944,
    0.9995062947273254,
    0.9999414682388306,
    0.9999903440475464,
    0.999995231628418,
    0.9999955892562866,
    0.9999953508377075,
    0.9999950528144836,
    0.9999955296516418,
    0.999995768070221,
    0.9999955892562866,
    0.9999955296516418,
    0.9999954104423523,
    0.9999954104423523,
    0.9999956488609314,
    0.9999950528144836,
    0.9999949336051941,
    0.9999949336051941,
    0.9999949336051941,
    0.9999949336051941,
    0.9999949336051941,
    0.9999949336051941,
    0.9999949336051941,
    0.9999949336051941,
    0.9999949336051941,
    0.9999949336051941,
    0.9999949336051941,
    0.9999949336051941,
    0.9999949336051941,
    0.9999949336051941,
    0.9999949336051941,
    0.9999949336051941,
    0.9999949336051941,
    0.9999949336051941,
    0.9999949336051941,
    0.9999949336051941,
    0.9999949336051941,
    0.9999949336051941,
    0.9999949336051941,
    0.9999949336051941,
    0.9999949336051941,
    0.9999949336051941,
    0.9999949336051941,
    0.9999949336051941,
    0.9999949336051941,
    0.9999949336051941,
    0.9999949336051941
  ],
  "expectations": [
    -11.99998664855957,
    -12.591715812683105,
    -20.467241287231445,
    -20.945449829101562,
    -20.99370574951172,
    -20.999217987060547,
    -20.999835968017578,
    -20.999908447265625,
    -20.999919891357422,
    -20.999919891357422,
    -20.999916076660156,
    -20.999908447265625,
    -20.999916076660156,
    -20.999919891357422,
    -20.999916076660156,
    -20.999916076660156,
    -20.999914169311523,
    -20.999914169311523,
    -20.99991798400879,
    -20.999906539916992,
    -20.999902725219727,
    -20.999902725219727,
    -20.999902725219727,
    -20.999902725219727,
    -20.999902725219727,
    -20.999902725219727,
    -20.999902725219727,
    -20.999902725219727,
    -20.999902725219727,
    -20.999902725219727,
    -20.999902725219727,
    -20.999902725219727,
    -20.999902725219727,
    -20.999902725219727,
    -20.999902725219727,
    -20.999902725219727,
    -20.999902725219727,
    -20.999902725219727,
    -20.999902725219727,
    -20.999902725219727,
    -20.999902725219727,
    -20.999902725219727,
    -20.999902725219727,
    -20.999902725219727,
    -20.999902725219727,
    -20.999902725219727,
    -20.999902725219727,
    -20.999902725219727,
    -20.999902725219727,
    -20.999902725219727,
    -20.999902725219727
  ],
  "approx_ratios": [
    0.5714279356456938,
    0.5996055148896717,
    0.9746305374872117,
    0.9974023728143602,
    0.9997002737862724,
    0.9999627612885975,
    0.999992188953218,
    0.9999956403459821,
    0.9999961853027344,
    0.9999961853027344,
    0.9999960036504836,
    0.9999956403459821,
    0.9999960036504836,
    0.9999961853027344,
    0.9999960036504836,
    0.9999960036504836,
    0.9999959128243583,
    0.9999959128243583,
    0.999996094476609,
    0.9999955495198568,
    0.999995367867606,
    0.999995367867606,
    0.999995367867606,
    0.999995367867606,
    0.999995367867606,
    0.999995367867606,
    0.999995367867606,
    0.999995367867606,
    0.999995367867606,
    0.999995367867606,
    0.999995367867606,
    0.999995367867606,
    0.999995367867606,
    0.999995367867606,
    0.999995367867606,
    0.999995367867606,
    0.999995367867606,
    0.999995367867606,
    0.999995367867606,
    0.999995367867606,
    0.999995367867606,
    0.999995367867606,
    0.999995367867606,
    0.999995367867606,
    0.999995367867606,
    0.999995367867606,
    0.999995367867606,
    0.999995367867606,
    0.999995367867606,
    0.999995367867606,
    0.999995367867606
  ],
  "iter": 50,
  "best_iter": 8,
  "norm_history": [],
  "w_history": [
    1
  ],
  "edges": [
    [
      3,
      4
    ],
    [
      3,
      9
    ],
    [
      3,
      11
    ],
    [
      4,
      14
    ],
    [
      4,
      11
    ],
    [
      0,
      2
    ],
    [
      0,
      1
    ],
    [
      0,
      9
    ],
    [
      2,
      12
    ],
    [
      2,
      15
    ],
    [
      9,
      14
    ],
    [
      14,
      8
    ],
    [
      8,
      12
    ],
    [
      8,
      1
    ],
    [
      12,
      5
    ],
    [
      10,
      15
    ],
    [
      10,
      6
    ],
    [
      10,
      13
    ],
    [
      15,
      5
    ],
    [
      7,
      13
    ],
    [
      7,
      6
    ],
    [
      7,
      1
    ],
    [
      13,
      6
    ],
    [
      11,
      5
    ]
  ]
}