{
  "size": 16,
  "opt_val": -22.0,
  "method": "VQELBFGS",
  "operations": [
    "Z6_Y15",
    "Z6_Y14",
    "Z6_Y13",
    "Z15_Y4",
    "Z15_Y1",
    "Z14_Y12",
    "Z13_Y5",
    "Z4_Y0",
    "Z5_Y10",
    "Z10_Y2",
    "Z0_Y11",
    "Z12_Y7",
    "Z11_Y9",
    "Z11_Y3",
    "Z7_Y8",
    "Z14_Y4",
    "Z13_Y1",
    "Z1_Y5",
    "Z10_Y12",
    "Z0_Y2",
    "Z2_Y7",
    "Z8_Y9",
    "Z8_Y3",
    "Z9_Y3"
  ],
  "dt": 0.05,
  "lr": 0.05,
  "lam": 1.0,
  "mu": 0.9,
  "fix_step": 0,
  "constant_c": true,
  "parameters": [
    1.5708261728286743,
    1.5707913637161255,
    1.5707898139953613,
    1.5707917213439941,
    1.408157467842102,
    1.5707956552505493,
    1.570791244506836,
    1.5707926750183105,
    1.570788025856018,
    1.0724310874938965,
    1.5707927942276,
    1.570809006690979,
    1.035747766494751,
    0.8075066804885864,
    1.5708153247833252,
    7.700645028307918e-07,
    0.1626339554786682,
    1.224122206622269e-05,
    -8.768406587478239e-06,
    0.49837401509284973,
    -1.2415755918482319e-05,
    0.535065770149231,
    1.1348859071731567,
    0.3715875744819641
  ],
  "opt_ratios": [
    3.0517549021169543e-05,
    7.944674143800512e-05,
    0.8510220646858215,
    0.9857881665229797,
    0.9983270168304443,
    0.9997973442077637,
    0.9999725818634033,
    0.9999767541885376,
    0.999980092048645,
    0.9999893307685852,
    0.9999932050704956,
    0.9999954104423523,
    0.9999950528144836,
    0.9999951720237732,
    0.9999953508377075,
    0.9999954104423523,
    0.9999954104423523,
    0.9999955892562866,
    0.9999954104423523,
    0.9999954104423523,
    0.9999954104423523,
    0.999995768070221,
    0.9999955892562866,
    0.999995768070221,
    0.999995768070221,
    0.9999954104423523,
    0.9999954104423523,
    0.9999954104423523,
    0.9999954104423523,
    0.9999954104423523,
    0.9999954104423523,
    0.9999954104423523,
    0.9999954104423523,
    0.9999954104423523,
    0.9999954104423523,
    0.9999954104423523,
    0.9999954104423523,
    0.9999954104423523,
    0.9999954104423523,
    0.9999954104423523,
    0.9999954104423523,
    0.9999954104423523,
    0.9999954104423523,
    0.9999954104423523,
    0.9999954104423523,
    0.9999954104423523,
    0.9999954104423523,
    0.9999954104423523,
    0.9999954104423523,
    0.9999954104423523,
    0.9999954104423523
  ],
  "expectations": [
    -11.99998664855957,
    -12.591667175292969,
    -21.666011810302734,
    -21.96543312072754,
    -21.99571990966797,
    -21.999412536621094,
    -21.99984359741211,
    -21.999853134155273,
    -21.999855041503906,
    -21.99988555908203,
    -21.999897003173828,
    -21.99990463256836,
    -21.999895095825195,
    -21.999893188476562,
    -21.999897003173828,
    -21.99989891052246,
    -21.99989891052246,
    -21.999902725219727,
    -21.99989891052246,
    -21.99989891052246,
    -21.99989891052246,
    -21.999906539916992,
    -21.999902725219727,
    -21.999906539916992,
    -21.999906539916992,
    -21.99989891052246,
    -21.99989891052246,
    -21.99989891052246,
    -21.99989891052246,
    -21.99989891052246,
    -21.99989891052246,
    -21.99989891052246,
    -21.99989891052246,
    -21.99989891052246,
    -21.99989891052246,
    -21.99989891052246,
    -21.99989891052246,
    -21.99989891052246,
    -21.99989891052246,
    -21.99989891052246,
    -21.99989891052246,
    -21.99989891052246,
    -21.99989891052246,
    -21.99989891052246,
    -21.99989891052246,
    -21.99989891052246,
    -21.99989891052246,
    -21.99989891052246,
    -21.99989891052246,
    -21.99989891052246,
    -21.99989891052246
  ],
  "approx_ratios": [
    0.5454539385708895,
    0.5723485079678622,
    0.9848187186501243,
    0.9984287782148882,
    0.9998054504394531,
    0.9999732971191406,
    0.9999928907914595,
    0.9999933242797852,
    0.9999934109774503,
    0.9999947981400923,
    0.9999953183260831,
    0.9999956651167436,
    0.999995231628418,
    0.9999951449307528,
    0.9999953183260831,
    0.9999954050237482,
    0.9999954050237482,
    0.9999955784190785,
    0.9999954050237482,
    0.9999954050237482,
    0.9999954050237482,
    0.9999957518144087,
    0.9999955784190785,
    0.9999957518144087,
    0.9999957518144087,
    0.9999954050237482,
    0.9999954050237482,
    0.9999954050237482,
    0.9999954050237482,
    0.9999954050237482,
    0.9999954050237482,
    0.9999954050237482,
    0.9999954050237482,
    0.9999954050237482,
    0.9999954050237482,
    0.9999954050237482,
    0.9999954050237482,
    0.9999954050237482,
    0.9999954050237482,
    0.9999954050237482,
    0.9999954050237482,
    0.9999954050237482,
    0.9999954050237482,
    0.9999954050237482,
    0.9999954050237482,
    0.9999954050237482,
    0.9999954050237482,
    0.9999954050237482,
    0.9999954050237482,
    0.9999954050237482,
    0.9999954050237482
  ],
  "iter": 50,
  "best_iter": 21,
  "norm_history": [],
  "w_history": [
    1
  ],
  "edges": [
    [
      6,
      15
    ],
    [
      6,
      14
    ],
    [
      6,
      13
    ],
    [
      15,
      4
    ],
    [
      15,
      1
    ],
    [
      5,
      13
    ],
    [
      5,
      10
    ],
    [
      5,
      1
    ],
    [
      13,
      1
    ],
    [
      4,
      14
    ],
    [
      4,
      0
    ],
    [
      10,
      12
    ],
    [
      10,
      2
    ],
    [
      0,
      2
    ],
    [
      0,
      11
    ],
    [
      2,
      7
    ],
    [
      8,
      9
    ],
    [
      8,
      3
    ],
    [
      8,
      7
    ],
    [
      9,
      11
    ],
    [
      9,
      3
    ],
    [
      11,
      3
    ],
    [
      12,
      7
    ],
    [
      12,
      14
    ]
  ]
}