{
  "size": 16,
  "opt_val": -21.0,
  "method": "VQELBFGS",
  "operations": [
    "Z4_Y9",
    "Z4_Y15",
    "Z4_Y14",
    "Z9_Y11",
    "Z9_Y10",
    "Z15_Y5",
    "Z15_Y8",
    "Z14_Y0",
    "Z14_Y3",
    "Z11_Y7",
    "Z10_Y12",
    "Z5_Y13",
    "Z13_Y2",
    "Z13_Y1",
    "Z8_Y6",
    "Z11_Y10",
    "Z5_Y8",
    "Z2_Y12",
    "Z2_Y7",
    "Z1_Y3",
    "Z1_Y7",
    "Z0_Y6",
    "Z0_Y12",
    "Z6_Y3"
  ],
  "dt": 0.05,
  "lr": 0.05,
  "lam": 1.0,
  "mu": 0.9,
  "fix_step": 0,
  "constant_c": true,
  "parameters": [
    1.5723904371261597,
    1.5708417892456055,
    1.5708575248718262,
    -1.570510745048523,
    1.5709069967269897,
    -1.5706787109375,
    1.5708667039871216,
    1.5708539485931396,
    0.8094110488891602,
    -0.08145032823085785,
    1.0316221714019775,
    1.5708438158035278,
    1.5708458423614502,
    1.5708461999893188,
    0.6330922842025757,
    -1.7356069292873144e-05,
    -1.3875076547265053e-05,
    0.708493709564209,
    0.8286487460136414,
    -0.025465060025453568,
    0.823613703250885,
    0.9377402067184448,
    1.2477291822433472,
    0.7868847250938416
  ],
  "opt_ratios": [
    6.1035098042339087e-05,
    0.00014374032616615295,
    0.6620054841041565,
    0.9729776382446289,
    0.9975042343139648,
    0.9997223019599915,
    0.9999694228172302,
    0.9999895095825195,
    0.9999937415122986,
    0.9999939203262329,
    0.9999948740005493,
    0.9999954700469971,
    0.9999951124191284,
    0.999995231628418,
    0.9999950528144836,
    0.9999950528144836,
    0.9999953508377075,
    0.9999949932098389,
    0.9999949932098389,
    0.9999949932098389,
    0.9999949932098389,
    0.9999949932098389,
    0.9999949932098389,
    0.9999949932098389,
    0.9999949932098389,
    0.9999949932098389,
    0.9999949932098389,
    0.9999949932098389,
    0.9999949932098389,
    0.9999949932098389,
    0.9999949932098389,
    0.9999949932098389,
    0.9999949932098389,
    0.9999949932098389,
    0.9999949932098389,
    0.9999949932098389,
    0.9999949932098389,
    0.9999949932098389,
    0.9999949932098389,
    0.9999949932098389,
    0.9999949932098389,
    0.9999949932098389,
    0.9999949932098389,
    0.9999949932098389,
    0.9999949932098389,
    0.9999949932098389,
    0.9999949932098389,
    0.9999949932098389,
    0.9999949932098389,
    0.9999949932098389,
    0.9999949932098389
  ],
  "expectations": [
    -11.99998664855957,
    -12.59408950805664,
    -20.607219696044922,
    -20.96316146850586,
    -20.99603271484375,
    -20.999475479125977,
    -20.99986457824707,
    -20.999897003173828,
    -20.999908447265625,
    -20.999908447265625,
    -20.99991226196289,
    -20.999919891357422,
    -20.99991226196289,
    -20.999914169311523,
    -20.999910354614258,
    -20.999910354614258,
    -20.999916076660156,
    -20.999908447265625,
    -20.999908447265625,
    -20.999908447265625,
    -20.999908447265625,
    -20.999908447265625,
    -20.999908447265625,
    -20.999908447265625,
    -20.999908447265625,
    -20.999908447265625,
    -20.999908447265625,
    -20.999908447265625,
    -20.999908447265625,
    -20.999908447265625,
    -20.999908447265625,
    -20.999908447265625,
    -20.999908447265625,
    -20.999908447265625,
    -20.999908447265625,
    -20.999908447265625,
    -20.999908447265625,
    -20.999908447265625,
    -20.999908447265625,
    -20.999908447265625,
    -20.999908447265625,
    -20.999908447265625,
    -20.999908447265625,
    -20.999908447265625,
    -20.999908447265625,
    -20.999908447265625,
    -20.999908447265625,
    -20.999908447265625,
    -20.999908447265625,
    -20.999908447265625,
    -20.999908447265625
  ],
  "approx_ratios": [
    0.5714279356456938,
    0.5997185480026972,
    0.9812961760021391,
    0.9982457842145648,
    0.9998110816592262,
    0.9999750228155226,
    0.9999935513450986,
    0.9999950953892299,
    0.9999956403459821,
    0.9999956403459821,
    0.9999958219982329,
    0.9999961853027344,
    0.9999958219982329,
    0.9999959128243583,
    0.9999957311721075,
    0.9999957311721075,
    0.9999960036504836,
    0.9999956403459821,
    0.9999956403459821,
    0.9999956403459821,
    0.9999956403459821,
    0.9999956403459821,
    0.9999956403459821,
    0.9999956403459821,
    0.9999956403459821,
    0.9999956403459821,
    0.9999956403459821,
    0.9999956403459821,
    0.9999956403459821,
    0.9999956403459821,
    0.9999956403459821,
    0.9999956403459821,
    0.9999956403459821,
    0.9999956403459821,
    0.9999956403459821,
    0.9999956403459821,
    0.9999956403459821,
    0.9999956403459821,
    0.9999956403459821,
    0.9999956403459821,
    0.9999956403459821,
    0.9999956403459821,
    0.9999956403459821,
    0.9999956403459821,
    0.9999956403459821,
    0.9999956403459821,
    0.9999956403459821,
    0.9999956403459821,
    0.9999956403459821,
    0.9999956403459821,
    0.9999956403459821
  ],
  "iter": 50,
  "best_iter": 11,
  "norm_history": [],
  "w_history": [
    1
  ],
  "edges": [
    [
      4,
      9
    ],
    [
      4,
      15
    ],
    [
      4,
      14
    ],
    [
      9,
      11
    ],
    [
      9,
      10
    ],
    [
      5,
      13
    ],
    [
      5,
      15
    ],
    [
      5,
      8
    ],
    [
      13,
      2
    ],
    [
      13,
      1
    ],
    [
      15,
      8
    ],
    [
      11,
      10
    ],
    [
      11,
      7
    ],
    [
      0,
      14
    ],
    [
      0,
      6
    ],
    [
      0,
      12
    ],
    [
      14,
      3
    ],
    [
      1,
      3
    ],
    [
      1,
      7
    ],
    [
      3,
      6
    ],
    [
      10,
      12
    ],
    [
      12,
      2
    ],
    [
      8,
      6
    ],
    [
      2,
      7
    ]
  ]
}