{
  "size": 16,
  "opt_val": -22.0,
  "method": "VQELBFGS",
  "operations": [
    "Z6_Y15",
    "Z6_Y3",
    "Z6_Y7",
    "Z15_Y1",
    "Z15_Y9",
    "Z3_Y4",
    "Z7_Y0",
    "Z7_Y12",
    "Z1_Y5",
    "Z9_Y10",
    "Z9_Y11",
    "Z4_Y13",
    "Z13_Y14",
    "Z13_Y2",
    "Z14_Y8",
    "Z3_Y1",
    "Z4_Y5",
    "Z5_Y10",
    "Z10_Y11",
    "Z11_Y14",
    "Z0_Y8",
    "Z0_Y12",
    "Z8_Y2",
    "Z12_Y2"
  ],
  "dt": 0.05,
  "lr": 0.05,
  "lam": 1.0,
  "mu": 0.9,
  "fix_step": 0,
  "constant_c": true,
  "parameters": [
    1.5722355842590332,
    1.5707964897155762,
    1.5708013772964478,
    0.5783571600914001,
    1.570797085762024,
    1.5707958936691284,
    1.570792317390442,
    0.008411552757024765,
    3.9608094084542245e-05,
    -0.21915043890476227,
    0.8167638182640076,
    1.5707975625991821,
    1.5708011388778687,
    0.5992223620414734,
    0.9383722543716431,
    0.9924297332763672,
    1.5707849264144897,
    1.3516207933425903,
    0.7540311217308044,
    -4.717447609436931e-06,
    0.6324235200881958,
    1.579190731048584,
    0.4316474199295044,
    0.5399235486984253
  ],
  "opt_ratios": [
    3.0517549021169543e-05,
    7.907817780505866e-05,
    0.9024796485900879,
    0.9918824434280396,
    0.99903404712677,
    0.9998772144317627,
    0.9999802708625793,
    0.9999870657920837,
    0.9999931454658508,
    0.9999947547912598,
    0.9999947547912598,
    0.9999950528144836,
    0.9999950528144836,
    0.9999954104423523,
    0.9999954104423523,
    0.9999954104423523,
    0.999995231628418,
    0.999995231628418,
    0.9999953508377075,
    0.9999950528144836,
    0.9999955892562866,
    0.9999954104423523,
    0.9999954104423523,
    0.9999954104423523,
    0.9999954104423523,
    0.9999955892562866,
    0.9999956488609314,
    0.9999956488609314,
    0.999995768070221,
    0.999995768070221,
    0.999995768070221,
    0.999995768070221,
    0.999995768070221,
    0.999995768070221,
    0.999995768070221,
    0.999995768070221,
    0.999995768070221,
    0.999995768070221,
    0.999995768070221,
    0.999995768070221,
    0.999995768070221,
    0.999995768070221,
    0.999995768070221,
    0.999995768070221,
    0.999995768070221,
    0.999995768070221,
    0.999995768070221,
    0.999995768070221,
    0.999995768070221,
    0.999995768070221,
    0.999995768070221
  ],
  "expectations": [
    -11.99998664855957,
    -12.59438705444336,
    -21.78551483154297,
    -21.98248291015625,
    -21.997844696044922,
    -21.999656677246094,
    -21.999868392944336,
    -21.99988555908203,
    -21.99989891052246,
    -21.99990463256836,
    -21.99990463256836,
    -21.999908447265625,
    -21.999908447265625,
    -21.999908447265625,
    -21.999908447265625,
    -21.999908447265625,
    -21.99990463256836,
    -21.99990463256836,
    -21.999906539916992,
    -21.999900817871094,
    -21.99991226196289,
    -21.999908447265625,
    -21.999908447265625,
    -21.999908447265625,
    -21.999908447265625,
    -21.99991226196289,
    -21.999914169311523,
    -21.999914169311523,
    -21.999916076660156,
    -21.999916076660156,
    -21.999916076660156,
    -21.999916076660156,
    -21.999916076660156,
    -21.999916076660156,
    -21.999916076660156,
    -21.999916076660156,
    -21.999916076660156,
    -21.999916076660156,
    -21.999916076660156,
    -21.999916076660156,
    -21.999916076660156,
    -21.999916076660156,
    -21.999916076660156,
    -21.999916076660156,
    -21.999916076660156,
    -21.999916076660156,
    -21.999916076660156,
    -21.999916076660156,
    -21.999916076660156,
    -21.999916076660156,
    -21.999916076660156
  ],
  "approx_ratios": [
    0.5454539385708895,
    0.5724721388383345,
    0.9902506741610441,
    0.9992037686434659,
    0.9999020316384055,
    0.999984394420277,
    0.9999940178611062,
    0.9999947981400923,
    0.9999954050237482,
    0.9999956651167436,
    0.9999956651167436,
    0.9999958385120739,
    0.9999958385120739,
    0.9999958385120739,
    0.9999958385120739,
    0.9999958385120739,
    0.9999956651167436,
    0.9999956651167436,
    0.9999957518144087,
    0.9999954917214133,
    0.9999960119074042,
    0.9999958385120739,
    0.9999958385120739,
    0.9999958385120739,
    0.9999958385120739,
    0.9999960119074042,
    0.9999960986050692,
    0.9999960986050692,
    0.9999961853027344,
    0.9999961853027344,
    0.9999961853027344,
    0.9999961853027344,
    0.9999961853027344,
    0.9999961853027344,
    0.9999961853027344,
    0.9999961853027344,
    0.9999961853027344,
    0.9999961853027344,
    0.9999961853027344,
    0.9999961853027344,
    0.9999961853027344,
    0.9999961853027344,
    0.9999961853027344,
    0.9999961853027344,
    0.9999961853027344,
    0.9999961853027344,
    0.9999961853027344,
    0.9999961853027344,
    0.9999961853027344,
    0.9999961853027344,
    0.9999961853027344
  ],
  "iter": 50,
  "best_iter": 28,
  "norm_history": [],
  "w_history": [
    1
  ],
  "edges": [
    [
      6,
      15
    ],
    [
      6,
      3
    ],
    [
      6,
      7
    ],
    [
      15,
      1
    ],
    [
      15,
      9
    ],
    [
      3,
      4
    ],
    [
      3,
      1
    ],
    [
      4,
      5
    ],
    [
      4,
      13
    ],
    [
      5,
      10
    ],
    [
      5,
      1
    ],
    [
      10,
      9
    ],
    [
      10,
      11
    ],
    [
      9,
      11
    ],
    [
      11,
      14
    ],
    [
      0,
      8
    ],
    [
      0,
      7
    ],
    [
      0,
      12
    ],
    [
      8,
      2
    ],
    [
      8,
      14
    ],
    [
      14,
      13
    ],
    [
      2,
      13
    ],
    [
      2,
      12
    ],
    [
      7,
      12
    ]
  ]
}