{
  "size": 16,
  "opt_val": -21.0,
  "method": "VQELBFGS",
  "operations": [
    "Z4_Y12",
    "Z4_Y5",
    "Z4_Y1",
    "Z12_Y14",
    "Z12_Y0",
    "Z5_Y7",
    "Z5_Y3",
    "Z1_Y8",
    "Z1_Y10",
    "Z14_Y11",
    "Z0_Y15",
    "Z3_Y13",
    "Z11_Y9",
    "Z13_Y6",
    "Z9_Y2",
    "Z14_Y7",
    "Z0_Y3",
    "Z7_Y11",
    "Z13_Y9",
    "Z6_Y10",
    "Z6_Y2",
    "Z2_Y15",
    "Z8_Y15",
    "Z8_Y10"
  ],
  "dt": 0.05,
  "lr": 0.05,
  "lam": 1.0,
  "mu": 0.9,
  "fix_step": 0,
  "constant_c": true,
  "parameters": [
    1.5707921981811523,
    1.5707913637161255,
    1.570804476737976,
    1.5708093643188477,
    1.5707937479019165,
    0.5499677658081055,
    0.5288801789283752,
    1.5708212852478027,
    -0.0588870495557785,
    1.0963585376739502,
    0.8224751353263855,
    1.5708069801330566,
    1.9483470168779604e-05,
    1.5707883834838867,
    -2.663025725269108e-06,
    -1.0208489894866943,
    -8.336670362041332e-06,
    0.4744550287723541,
    1.5707889795303345,
    1.570792317390442,
    1.570793628692627,
    -6.314481652225368e-06,
    0.748319685459137,
    -0.058865632861852646
  ],
  "opt_ratios": [
    3.0517549021169543e-05,
    7.154177001211792e-05,
    0.003998694941401482,
    0.00012652242730837315,
    5.023191079089884e-06,
    2.6860550406127004e-07,
    2.6581998824326547e-08,
    2.353947792244071e-08,
    1.1873071414925107e-08,
    2.248101482749121e-09,
    1.5229639771519032e-09,
    1.1434292401801827e-09,
    1.0950534923281907e-09,
    7.650758915289657e-10,
    2.3121884962229444e-10,
    7.858633188639885e-11,
    5.740290881517396e-11,
    4.78761856548271e-11,
    3.351915273119843e-11,
    2.4911274432160013e-11,
    2.2236537264297418e-11,
    1.8410661883905277e-11,
    1.5605806577556613e-11,
    1.3258930411930159e-11,
    1.0658737781277239e-11,
    1.0023059639208132e-11,
    3.4171578327385488e-12,
    3.2368268221977248e-12,
    1.3827475406000267e-12,
    1.0307628231856492e-12,
    9.705783269101098e-13,
    8.8920906228529e-13,
    5.770464401450015e-13,
    3.4416290347130674e-13,
    2.6770333996437023e-13,
    2.1368056792297335e-13,
    1.8769278394958205e-13,
    1.8906110130136738e-13,
    1.7820001117080375e-13,
    1.7961990944094508e-13,
    1.7798968950186872e-13,
    1.7942258464555272e-13,
    1.794056846441891e-13,
    1.7823274052388566e-13,
    1.7966647592425333e-13,
    2.550761251524092e-13,
    3.3172561377491083e-13,
    3.5625926579456457e-13,
    1.0399476418898601e-12,
    1.28802860304561e-12,
    1.6581051852718187e-12
  ],
  "expectations": [
    -11.99998664855957,
    -12.59389591217041,
    -19.825090408325195,
    -19.98293685913086,
    -19.99856185913086,
    -19.99982452392578,
    -19.99991226196289,
    -19.99991226196289,
    -19.999916076660156,
    -19.99991226196289,
    -19.999916076660156,
    -19.99991226196289,
    -19.99991226196289,
    -19.999908447265625,
    -19.999919891357422,
    -19.999919891357422,
    -19.999919891357422,
    -19.999916076660156,
    -19.999916076660156,
    -19.99991226196289,
    -19.999916076660156,
    -19.999916076660156,
    -19.999916076660156,
    -19.999916076660156,
    -19.999916076660156,
    -19.999916076660156,
    -19.999916076660156,
    -19.999916076660156,
    -19.999919891357422,
    -19.999919891357422,
    -19.999919891357422,
    -19.999919891357422,
    -19.999916076660156,
    -19.999919891357422,
    -19.999923706054688,
    -19.99991226196289,
    -19.999916076660156,
    -19.99991226196289,
    -19.999916076660156,
    -19.999919891357422,
    -19.999919891357422,
    -19.999919891357422,
    -19.999916076660156,
    -19.99991226196289,
    -19.99991226196289,
    -19.99991226196289,
    -19.999916076660156,
    -19.999916076660156,
    -19.99991798400879,
    -19.99991226196289,
    -19.999910354614258
  ],
  "approx_ratios": [
    0.5714279356456938,
    0.5997093291509719,
    0.9440519242059617,
    0.9515684218633742,
    0.9523124694824219,
    0.9523725963774181,
    0.9523767743791852,
    0.9523767743791852,
    0.952376956031436,
    0.9523767743791852,
    0.952376956031436,
    0.9523767743791852,
    0.9523767743791852,
    0.9523765927269345,
    0.9523771376836867,
    0.9523771376836867,
    0.9523771376836867,
    0.952376956031436,
    0.952376956031436,
    0.9523767743791852,
    0.952376956031436,
    0.952376956031436,
    0.952376956031436,
    0.952376956031436,
    0.952376956031436,
    0.952376956031436,
    0.952376956031436,
    0.952376956031436,
    0.9523771376836867,
    0.9523771376836867,
    0.9523771376836867,
    0.9523771376836867,
    0.952376956031436,
    0.9523771376836867,
    0.9523773193359375,
    0.9523767743791852,
    0.952376956031436,
    0.9523767743791852,
    0.952376956031436,
    0.9523771376836867,
    0.9523771376836867,
    0.9523771376836867,
    0.952376956031436,
    0.9523767743791852,
    0.9523767743791852,
    0.9523767743791852,
    0.952376956031436,
    0.952376956031436,
    0.9523770468575614,
    0.9523767743791852,
    0.9523766835530599
  ],
  "iter": 50,
  "best_iter": 34,
  "norm_history": [],
  "w_history": [
    1
  ],
  "edges": [
    [
      4,
      12
    ],
    [
      4,
      5
    ],
    [
      4,
      1
    ],
    [
      12,
      14
    ],
    [
      12,
      0
    ],
    [
      5,
      7
    ],
    [
      5,
      3
    ],
    [
      7,
      11
    ],
    [
      7,
      14
    ],
    [
      3,
      13
    ],
    [
      3,
      0
    ],
    [
      13,
      9
    ],
    [
      13,
      6
    ],
    [
      9,
      11
    ],
    [
      9,
      2
    ],
    [
      11,
      14
    ],
    [
      8,
      15
    ],
    [
      8,
      1
    ],
    [
      8,
      10
    ],
    [
      15,
      0
    ],
    [
      15,
      2
    ],
    [
      1,
      10
    ],
    [
      6,
      10
    ],
    [
      6,
      2
    ]
  ]
}