{
  "size": 16,
  "opt_val": -20.0,
  "method": "VQELBFGS",
  "operations": [
    "Z4_Y15",
    "Z4_Y5",
    "Z4_Y2",
    "Z15_Y10",
    "Z15_Y14",
    "Z5_Y3",
    "Z2_Y1",
    "Z2_Y9",
    "Z10_Y12",
    "Z14_Y8",
    "Z12_Y0",
    "Z12_Y11",
    "Z1_Y6",
    "Z1_Y7",
    "Z11_Y13",
    "Z5_Y10",
    "Z14_Y3",
    "Z3_Y9",
    "Z6_Y7",
    "Z6_Y0",
    "Z7_Y8",
    "Z0_Y11",
    "Z13_Y9",
    "Z13_Y8"
  ],
  "dt": 0.05,
  "lr": 0.05,
  "lam": 1.0,
  "mu": 0.9,
  "fix_step": 0,
  "constant_c": true,
  "parameters": [
    1.5722732543945312,
    1.5707982778549194,
    1.5707921981811523,
    1.5707951784133911,
    0.7388561367988586,
    -0.0001805000938475132,
    1.5707893371582031,
    0.7089052796363831,
    1.5707837343215942,
    2.770305218291469e-05,
    -0.19298604130744934,
    1.5707956552505493,
    -1.5707277059555054,
    0.7386401295661926,
    1.570792317390442,
    1.0845752512977924e-05,
    1.5706398487091064,
    5.464046626002528e-05,
    0.8321638107299805,
    1.377792477607727,
    0.79466712474823,
    9.417703040526249e-06,
    0.8618283271789551,
    0.7761325240135193
  ],
  "opt_ratios": [
    0.00024414039216935635,
    0.0005227778456173837,
    0.8911594152450562,
    0.9872734546661377,
    0.998923659324646,
    0.9998879432678223,
    0.9999854564666748,
    0.9999916553497314,
    0.9999945163726807,
    0.9999949932098389,
    0.9999949932098389,
    0.9999951124191284,
    0.999995231628418,
    0.9999950528144836,
    0.999995231628418,
    0.9999951124191284,
    0.9999951124191284,
    0.9999950528144836,
    0.999995231628418,
    0.9999954104423523,
    0.9999954104423523,
    0.9999954104423523,
    0.9999954104423523,
    0.9999954104423523,
    0.9999954104423523,
    0.9999954104423523,
    0.9999954104423523,
    0.9999954104423523,
    0.9999954104423523,
    0.9999954104423523,
    0.9999954104423523,
    0.9999954104423523,
    0.9999954104423523,
    0.9999954104423523,
    0.9999954104423523,
    0.9999954104423523,
    0.9999954104423523,
    0.9999954104423523,
    0.9999954104423523,
    0.9999954104423523,
    0.9999954104423523,
    0.9999954104423523,
    0.9999954104423523,
    0.9999954104423523,
    0.9999954104423523,
    0.9999954104423523,
    0.9999954104423523,
    0.9999954104423523,
    0.9999954104423523,
    0.9999954104423523,
    0.9999954104423523
  ],
  "expectations": [
    -11.99998664855957,
    -12.594014167785645,
    -19.83981704711914,
    -19.983951568603516,
    -19.99858283996582,
    -19.99979019165039,
    -19.99990463256836,
    -19.999914169311523,
    -19.99991226196289,
    -19.999910354614258,
    -19.999910354614258,
    -19.99991226196289,
    -19.99991226196289,
    -19.999910354614258,
    -19.999916076660156,
    -19.99991226196289,
    -19.99991226196289,
    -19.999910354614258,
    -19.999914169311523,
    -19.999916076660156,
    -19.999916076660156,
    -19.999916076660156,
    -19.999916076660156,
    -19.999916076660156,
    -19.999916076660156,
    -19.999916076660156,
    -19.999916076660156,
    -19.999916076660156,
    -19.999916076660156,
    -19.999916076660156,
    -19.999916076660156,
    -19.999916076660156,
    -19.999916076660156,
    -19.999916076660156,
    -19.999916076660156,
    -19.999916076660156,
    -19.999916076660156,
    -19.999916076660156,
    -19.999916076660156,
    -19.999916076660156,
    -19.999916076660156,
    -19.999916076660156,
    -19.999916076660156,
    -19.999916076660156,
    -19.999916076660156,
    -19.999916076660156,
    -19.999916076660156,
    -19.999916076660156,
    -19.999916076660156,
    -19.999916076660156,
    -19.999916076660156
  ],
  "approx_ratios": [
    0.5999993324279785,
    0.6297007083892823,
    0.9919908523559571,
    0.9991975784301758,
    0.999929141998291,
    0.9999895095825195,
    0.999995231628418,
    0.9999957084655762,
    0.9999956130981446,
    0.9999955177307129,
    0.9999955177307129,
    0.9999956130981446,
    0.9999956130981446,
    0.9999955177307129,
    0.9999958038330078,
    0.9999956130981446,
    0.9999956130981446,
    0.9999955177307129,
    0.9999957084655762,
    0.9999958038330078,
    0.9999958038330078,
    0.9999958038330078,
    0.9999958038330078,
    0.9999958038330078,
    0.9999958038330078,
    0.9999958038330078,
    0.9999958038330078,
    0.9999958038330078,
    0.9999958038330078,
    0.9999958038330078,
    0.9999958038330078,
    0.9999958038330078,
    0.9999958038330078,
    0.9999958038330078,
    0.9999958038330078,
    0.9999958038330078,
    0.9999958038330078,
    0.9999958038330078,
    0.9999958038330078,
    0.9999958038330078,
    0.9999958038330078,
    0.9999958038330078,
    0.9999958038330078,
    0.9999958038330078,
    0.9999958038330078,
    0.9999958038330078,
    0.9999958038330078,
    0.9999958038330078,
    0.9999958038330078,
    0.9999958038330078,
    0.9999958038330078
  ],
  "iter": 50,
  "best_iter": 14,
  "norm_history": [],
  "w_history": [
    1
  ],
  "edges": [
    [
      4,
      15
    ],
    [
      4,
      5
    ],
    [
      4,
      2
    ],
    [
      15,
      10
    ],
    [
      15,
      14
    ],
    [
      5,
      10
    ],
    [
      5,
      3
    ],
    [
      10,
      12
    ],
    [
      1,
      6
    ],
    [
      1,
      2
    ],
    [
      1,
      7
    ],
    [
      6,
      7
    ],
    [
      6,
      0
    ],
    [
      12,
      0
    ],
    [
      12,
      11
    ],
    [
      0,
      11
    ],
    [
      11,
      13
    ],
    [
      3,
      9
    ],
    [
      3,
      14
    ],
    [
      9,
      13
    ],
    [
      9,
      2
    ],
    [
      14,
      8
    ],
    [
      8,
      13
    ],
    [
      8,
      7
    ]
  ]
}