{
  "size": 16,
  "opt_val": -48.0,
  "method": "VQE",
  "operations": [
    "Z0_Y2",
    "Z0_Y5",
    "Z0_Y8",
    "Z0_Y11",
    "Z0_Y1",
    "Z0_Y4",
    "Z0_Y10",
    "Z0_Y15",
    "Z0_Y6",
    "Z2_Y7",
    "Z2_Y9",
    "Z2_Y12",
    "Z5_Y3",
    "Z5_Y13",
    "Z5_Y14",
    "Z2_Y11",
    "Z2_Y8",
    "Z2_Y10",
    "Z2_Y15",
    "Z2_Y6",
    "Z5_Y1",
    "Z5_Y4",
    "Z5_Y10",
    "Z8_Y3",
    "Z8_Y7",
    "Z8_Y12",
    "Z8_Y14",
    "Z8_Y13",
    "Z1_Y9",
    "Z5_Y15",
    "Z5_Y11",
    "Z8_Y6",
    "Z8_Y10",
    "Z11_Y1",
    "Z11_Y3",
    "Z11_Y7",
    "Z11_Y13",
    "Z11_Y12",
    "Z1_Y6",
    "Z1_Y4",
    "Z4_Y9",
    "Z4_Y14",
    "Z11_Y15",
    "Z1_Y15",
    "Z1_Y7",
    "Z1_Y13",
    "Z4_Y3",
    "Z4_Y6",
    "Z4_Y12",
    "Z4_Y7",
    "Z10_Y6",
    "Z10_Y9",
    "Z10_Y14",
    "Z10_Y7",
    "Z10_Y13",
    "Z15_Y6",
    "Z15_Y9",
    "Z15_Y13",
    "Z15_Y14",
    "Z6_Y12",
    "Z9_Y3",
    "Z6_Y7",
    "Z9_Y14",
    "Z9_Y13",
    "Z9_Y12",
    "Z7_Y3",
    "Z7_Y12",
    "Z13_Y3",
    "Z13_Y14",
    "Z12_Y3",
    "Z12_Y14",
    "Z3_Y14"
  ],
  "dt": 0.05,
  "lr": 0.05,
  "lam": 1.0,
  "mu": 0.9,
  "fix_step": 0,
  "constant_c": true,
  "parameters": [
    -0.41770243644714355,
    -1.570783019065857,
    1.3904701471328735,
    0.2389739453792572,
    0.7441393136978149,
    0.7954439520835876,
    0.7372862100601196,
    0.6529000401496887,
    0.15946675837039948,
    0.05109517276287079,
    0.0004375613643787801,
    0.405470609664917,
    0.4832080900669098,
    0.06718283891677856,
    0.16825808584690094,
    1.3185005187988281,
    0.18017442524433136,
    -0.00030274890013970435,
    0.05766677111387253,
    0.004083969164639711,
    0.8266295790672302,
    0.6476132273674011,
    0.8249869346618652,
    0.08163885027170181,
    0.09464751929044724,
    0.06950198113918304,
    0.25250741839408875,
    0.49062058329582214,
    0.45797207951545715,
    0.6654468774795532,
    -0.044457465410232544,
    0.10037284344434738,
    -0.008725615218281746,
    1.6185738786589354e-05,
    0.013737404718995094,
    0.0498029924929142,
    0.08446447551250458,
    0.3825129568576813,
    0.40059399604797363,
    -0.12775135040283203,
    0.30611851811408997,
    0.3682711124420166,
    0.05821705237030983,
    -0.25371596217155457,
    0.5105398297309875,
    0.4462583661079407,
    0.05075475573539734,
    0.3091333210468292,
    -0.030778786167502403,
    0.3826272487640381,
    0.3879207670688629,
    0.43138211965560913,
    0.3675867021083832,
    0.5833559632301331,
    0.39472496509552,
    0.5343362092971802,
    0.37540411949157715,
    0.3211348354816437,
    0.4131345748901367,
    0.6500952243804932,
    0.48751533031463623,
    0.000721616845112294,
    0.12424086779356003,
    0.0832333043217659,
    0.4825269281864166,
    0.49721211194992065,
    0.4506036043167114,
    0.29354676604270935,
    0.15110962092876434,
    0.06064445152878761,
    0.33321139216423035,
    0.28069427609443665
  ],
  "opt_ratios": [
    0.00012207019608467817,
    0.00036791290040127933,
    0.0005586181068792939,
    0.0008181290468201041,
    0.0011684303171932697,
    0.0016390130622312427,
    0.0022697909735143185,
    0.0031146942637860775,
    0.004247037693858147,
    0.0057672662660479546,
    0.00781315192580223,
    0.010574146173894405,
    0.014311254024505615,
    0.019382227212190628,
    0.026273423805832863,
    0.035631466656923294,
    0.04828820377588272,
    0.06525060534477234,
    0.0876208245754242,
    0.11638657748699188,
    0.1520850658416748,
    0.19439692795276642,
    0.24189890921115875,
    0.2922494113445282,
    0.34279096126556396,
    0.39127668738365173,
    0.4362771511077881,
    0.47718900442123413,
    0.5139843821525574,
    0.546951949596405,
    0.576500654220581,
    0.603062629699707,
    0.6270368099212646,
    0.6487791538238525,
    0.6685956716537476,
    0.6867486238479614,
    0.7034533023834229,
    0.7188974618911743,
    0.7332324981689453,
    0.7465870380401611,
    0.7590656280517578,
    0.7707595229148865,
    0.7817463874816895,
    0.7920852899551392,
    0.801835298538208,
    0.8110394477844238,
    0.8197368383407593,
    0.8279678821563721,
    0.8357715010643005,
    0.8431597352027893,
    0.850163459777832,
    0.8568012714385986,
    0.8630973100662231,
    0.8690674901008606,
    0.8747348785400391,
    0.8801178932189941,
    0.8852320909500122,
    0.890092670917511,
    0.8947125673294067,
    0.8991072177886963,
    0.9032877683639526,
    0.9072668552398682,
    0.9110550880432129,
    0.9146623015403748,
    0.9180971384048462,
    0.9213729500770569,
    0.9244959950447083,
    0.927473783493042,
    0.9303147196769714,
    0.9330263137817383,
    0.9356154203414917,
    0.9380890727043152,
    0.940453052520752,
    0.9427123069763184,
    0.9448713660240173,
    0.9469360113143921,
    0.9489126205444336,
    0.9508049488067627,
    0.9526150822639465,
    0.9543493986129761,
    0.9560118913650513,
    0.9576038122177124,
    0.9591306447982788,
    0.9605971574783325,
    0.9620010852813721,
    0.9633498787879944,
    0.9646430015563965,
    0.9658854007720947,
    0.9670787453651428,
    0.9682244658470154,
    0.9693248867988586,
    0.9703830480575562,
    0.9713996052742004,
    0.9723773002624512,
    0.9733182191848755,
    0.9742233753204346,
    0.975094199180603,
    0.9759325981140137,
    0.9767391681671143,
    0.977516770362854,
    0.9782640933990479
  ],
  "expectations": [
    -35.999969482421875,
    -37.56680679321289,
    -38.068077087402344,
    -38.49488830566406,
    -38.87004089355469,
    -39.208194732666016,
    -39.51957321166992,
    -39.81147766113281,
    -40.089622497558594,
    -40.35875701904297,
    -40.623046875,
    -40.88642120361328,
    -41.15294647216797,
    -41.42686462402344,
    -41.712974548339844,
    -42.016273498535156,
    -42.34208297729492,
    -42.69517517089844,
    -43.078857421875,
    -43.492950439453125,
    -43.93220138549805,
    -44.38492965698242,
    -44.83393859863281,
    -45.26047134399414,
    -45.648773193359375,
    -45.98974609375,
    -46.28114318847656,
    -46.52586364746094,
    -46.72930908203125,
    -46.89768981933594,
    -47.03692626953125,
    -47.15216827392578,
    -47.24785232543945,
    -47.32769012451172,
    -47.3946418762207,
    -47.45124053955078,
    -47.499332427978516,
    -47.540679931640625,
    -47.576507568359375,
    -47.607765197753906,
    -47.63526916503906,
    -47.65974044799805,
    -47.68159103393555,
    -47.70127868652344,
    -47.71916580200195,
    -47.7354736328125,
    -47.750404357910156,
    -47.764137268066406,
    -47.776893615722656,
    -47.788639068603516,
    -47.799644470214844,
    -47.80986785888672,
    -47.81944274902344,
    -47.828369140625,
    -47.836753845214844,
    -47.8446044921875,
    -47.85198211669922,
    -47.85900115966797,
    -47.86553192138672,
    -47.8717155456543,
    -47.87754821777344,
    -47.883087158203125,
    -47.88831329345703,
    -47.893253326416016,
    -47.89788055419922,
    -47.902313232421875,
    -47.90653991699219,
    -47.910484313964844,
    -47.91423797607422,
    -47.917823791503906,
    -47.92121124267578,
    -47.924461364746094,
    -47.927555084228516,
    -47.93048095703125,
    -47.933250427246094,
    -47.93587112426758,
    -47.93842315673828,
    -47.94085693359375,
    -47.943138122558594,
    -47.94532775878906,
    -47.94743728637695,
    -47.94939422607422,
    -47.951263427734375,
    -47.953163146972656,
    -47.95485305786133,
    -47.95654296875,
    -47.95810317993164,
    -47.959625244140625,
    -47.96110916137695,
    -47.962501525878906,
    -47.963844299316406,
    -47.965126037597656,
    -47.96636199951172,
    -47.96754455566406,
    -47.96868133544922,
    -47.96977233886719,
    -47.97080612182617,
    -47.97180938720703,
    -47.97273254394531,
    -47.973697662353516,
    -47.97455978393555
  ],