{
  "size": 16,
  "opt_val": -48.0,
  "method": "VQE",
  "operations": [
    "Z0_Y8",
    "Z0_Y14",
    "Z0_Y11",
    "Z0_Y4",
    "Z0_Y1",
    "Z0_Y7",
    "Z0_Y12",
    "Z0_Y15",
    "Z0_Y6",
    "Z8_Y3",
    "Z8_Y5",
    "Z8_Y10",
    "Z8_Y13",
    "Z14_Y2",
    "Z11_Y9",
    "Z8_Y6",
    "Z8_Y7",
    "Z8_Y11",
    "Z8_Y14",
    "Z14_Y1",
    "Z14_Y3",
    "Z14_Y4",
    "Z14_Y5",
    "Z14_Y15",
    "Z11_Y13",
    "Z11_Y12",
    "Z4_Y2",
    "Z4_Y9",
    "Z4_Y10",
    "Z14_Y7",
    "Z11_Y1",
    "Z11_Y3",
    "Z11_Y5",
    "Z11_Y6",
    "Z4_Y3",
    "Z4_Y12",
    "Z4_Y15",
    "Z4_Y7",
    "Z1_Y9",
    "Z1_Y2",
    "Z1_Y10",
    "Z7_Y13",
    "Z1_Y3",
    "Z1_Y12",
    "Z1_Y5",
    "Z7_Y2",
    "Z7_Y10",
    "Z7_Y12",
    "Z7_Y15",
    "Z12_Y6",
    "Z15_Y9",
    "Z15_Y13",
    "Z12_Y2",
    "Z12_Y10",
    "Z12_Y15",
    "Z15_Y5",
    "Z6_Y3",
    "Z6_Y5",
    "Z6_Y13",
    "Z6_Y9",
    "Z15_Y2",
    "Z6_Y10",
    "Z3_Y10",
    "Z3_Y13",
    "Z3_Y9",
    "Z9_Y2",
    "Z5_Y2",
    "Z9_Y10",
    "Z9_Y13",
    "Z5_Y13",
    "Z2_Y13",
    "Z5_Y10"
  ],
  "dt": 0.05,
  "lr": 0.05,
  "lam": 1.0,
  "mu": 0.9,
  "fix_step": 0,
  "constant_c": true,
  "parameters": [
    1.554688572883606,
    -0.6504881978034973,
    1.5387295484542847,
    1.1754673719406128,
    1.093940019607544,
    0.016767550259828568,
    -0.2536585330963135,
    0.8434783816337585,
    0.720028817653656,
    0.23229803144931793,
    0.11042847484350204,
    0.42908230423927307,
    0.4765316843986511,
    0.03638317808508873,
    0.49792537093162537,
    0.004274177365005016,
    0.3120790421962738,
    -0.03291673585772514,
    0.9169887900352478,
    0.13366839289665222,
    0.22739388048648834,
    0.39551088213920593,
    0.10191277414560318,
    0.1651107668876648,
    0.41720905900001526,
    0.6941050291061401,
    0.15794570744037628,
    0.20938456058502197,
    0.3262336254119873,
    0.5113034248352051,
    -0.3432660400867462,
    0.4161863923072815,
    0.4825780391693115,
    -0.15816034376621246,
    0.3717937171459198,
    0.14406484365463257,
    0.004725572187453508,
    0.4433293342590332,
    0.35201096534729004,
    0.0761580765247345,
    0.2710247039794922,
    0.04968993365764618,
    0.4002937972545624,
    0.47912245988845825,
    0.28815263509750366,
    0.023812413215637207,
    1.3014017343521118,
    4.0061531763058156e-05,
    0.0009060463053174317,
    0.6969069838523865,
    0.009801165200769901,
    0.04180936887860298,
    0.6083341240882874,
    0.29474881291389465,
    0.5665112733840942,
    0.364486426115036,
    0.3775669038295746,
    0.42714589834213257,
    0.42321643233299255,
    0.5033408403396606,
    -0.10399655997753143,
    0.1925676167011261,
    0.3284451961517334,
    0.18913748860359192,
    0.000757258792873472,
    0.5202299952507019,
    0.5329869389533997,
    0.2972427010536194,
    0.07094884663820267,
    0.08149030059576035,
    0.5388832092285156,
    0.36595243215560913
  ],
  "opt_ratios": [
    9.155264706350863e-05,
    0.00027676590252667665,
    0.00041814008727669716,
    0.0006086637149564922,
    0.0008633909747004509,
    0.0012025554897263646,
    0.0016533739399164915,
    0.0022525647655129433,
    0.0030497105326503515,
    0.0041116210632026196,
    0.0055278935469686985,
    0.007417686749249697,
    0.009936259128153324,
    0.013281253166496754,
    0.01769259013235569,
    0.023444093763828278,
    0.030819179490208626,
    0.04006848484277725,
    0.05136129632592201,
    0.06474592536687851,
    0.08014661073684692,
    0.09740690141916275,
    0.11634062975645065,
    0.13678154349327087,
    0.15858440101146698,
    0.18161992728710175,
    0.2057550698518753,
    0.23084501922130585,
    0.25673696398735046,
    0.28326624631881714,
    0.3102598190307617,
    0.33753520250320435,
    0.36489975452423096,
    0.39216917753219604,
    0.4191623032093048,
    0.44571653008461,
    0.4716879725456238,
    0.49696213006973267,
    0.5214414000511169,
    0.5450631976127625,
    0.5677838325500488,
    0.5895752310752869,
    0.6104293465614319,
    0.6303509473800659,
    0.6493504643440247,
    0.6674489974975586,
    0.68467116355896,
    0.7010443806648254,
    0.7166000604629517,
    0.7313724160194397,
    0.745392918586731,
    0.758694589138031,
    0.7713133096694946,
    0.7832784652709961,
    0.794623851776123,
    0.8053786158561707,
    0.8155738115310669,
    0.825236439704895,
    0.834392786026001,
    0.8430655002593994,
    0.8512824773788452,
    0.8590684533119202,
    0.8664427399635315,
    0.873426616191864,
    0.8800380229949951,
    0.886299729347229,
    0.8922263979911804,
    0.8978397846221924,
    0.9031513333320618,
    0.9081804752349854,
    0.9129409193992615,
    0.9174461960792542,
    0.9217103719711304,
    0.9257457256317139,
    0.9295681715011597,
    0.9331838488578796,
    0.9366076588630676,
    0.9398479461669922,
    0.9429168105125427,
    0.9458262920379639,
    0.9485778212547302,
    0.9511831998825073,
    0.9536502957344055,
    0.9559871554374695,
    0.9582007527351379,
    0.9603014588356018,
    0.9622893929481506,
    0.9641768932342529,
    0.9659611582756042,
    0.9676506519317627,
    0.9692577719688416,
    0.9707799553871155,
    0.9722222089767456,
    0.9735960364341736,
    0.9748916029930115,
    0.9761272072792053,
    0.9772964119911194,
    0.9784066081047058,
    0.979463517665863,
    0.9804620146751404,
    0.9814128875732422
  ],
  "expectations": [
    -35.999969482421875,
    -37.570030212402344,
    -38.07777404785156,
    -38.51287841796875,
    -38.89776611328125,
    -39.24718475341797,
    -39.57146072387695,
    -39.87836456298828,
    -40.17424774169922,
    -40.46454620361328,
    -40.75403594970703,
    -41.047264099121094,
    -41.348419189453125,
    -41.661163330078125,
    -41.98845291137695,
    -42.33161163330078,
    -42.689727783203125,
    -43.05891418457031,
    -43.432151794433594,
    -43.800148010253906,
    -44.153221130371094,
    -44.483787536621094,
    -44.78757858276367,
    -45.063716888427734,
    -45.313472747802734,
    -45.53920364379883,
    -45.74348449707031,
    -45.928367614746094,
    -46.09602355957031,
    -46.248191833496094,
    -46.38641357421875,
    -46.51228332519531,
    -46.626914978027344,
    -46.731605529785156,
    -46.82720184326172,
    -46.914634704589844,
    -46.99467849731445,
    -47.068031311035156,
    -47.13523864746094,
    -47.19700622558594,
    -47.253746032714844,
    -47.30597686767578,
    -47.3541259765625,
    -47.398536682128906,
    -47.43955612182617,
    -47.47748565673828,
    -47.512596130371094,
    -47.54511642456055,
    -47.57525634765625,
    -47.60321044921875,
    -47.629188537597656,
    -47.65330123901367,
    -47.67567443847656,
    -47.696475982666016,
    -47.71588134765625,
    -47.73387908935547,
    -47.75067901611328,
    -47.76631164550781,
    -47.780914306640625,
    -47.79446792602539,
    -47.80711364746094,
    -47.81891632080078,
    -47.82992935180664,
    -47.8402099609375,
    -47.84980010986328,
    -47.85881042480469,
    -47.867149353027344,
    -47.874996185302734,
    -47.882293701171875,
    -47.889122009277344,
    -47.895565032958984,
    -47.90155792236328,
    -47.90716552734375,
    -47.91243362426758,
    -47.917362213134766,
    -47.92194366455078,
    -47.92631149291992,
    -47.93035125732422,
    -47.93416976928711,
    -47.937774658203125,
    -47.94114685058594,
    -47.94430923461914,
    -47.94728088378906,
    -47.95011901855469,
    -47.952728271484375,
    -47.95526123046875,
    -47.957550048828125,
    -47.95979690551758,
    -47.96183776855469,
    -47.96379089355469,
    -47.96573257446289,
    -47.96742248535156,
    -47.969032287597656,
    -47.97063446044922,
    -47.972084045410156,
    -47.9735107421875,
    -47.97484588623047,
    -47.976043701171875,
    -47.97724914550781,
    -47.97834777832031,
    -47.97941970825195
  ],