{
  "size": 16,
  "opt_val": -46.0,
  "method": "VQE",
  "operations": [
    "Z0_Y2",
    "Z0_Y8",
    "Z0_Y11",
    "Z0_Y7",
    "Z0_Y10",
    "Z0_Y4",
    "Z0_Y6",
    "Z0_Y12",
    "Z0_Y15",
    "Z2_Y1",
    "Z2_Y5",
    "Z2_Y9",
    "Z8_Y3",
    "Z8_Y14",
    "Z11_Y13",
    "Z2_Y8",
    "Z2_Y7",
    "Z2_Y10",
    "Z2_Y12",
    "Z2_Y4",
    "Z8_Y5",
    "Z8_Y11",
    "Z11_Y3",
    "Z11_Y6",
    "Z11_Y9",
    "Z7_Y1",
    "Z10_Y15",
    "Z10_Y13",
    "Z6_Y14",
    "Z8_Y4",
    "Z8_Y7",
    "Z8_Y10",
    "Z11_Y4",
    "Z11_Y12",
    "Z7_Y3",
    "Z7_Y5",
    "Z7_Y6",
    "Z7_Y9",
    "Z4_Y15",
    "Z4_Y13",
    "Z6_Y1",
    "Z12_Y14",
    "Z11_Y7",
    "Z10_Y3",
    "Z10_Y4",
    "Z10_Y5",
    "Z10_Y12",
    "Z4_Y9",
    "Z6_Y3",
    "Z6_Y15",
    "Z6_Y13",
    "Z15_Y1",
    "Z15_Y14",
    "Z4_Y12",
    "Z6_Y12",
    "Z12_Y3",
    "Z12_Y5",
    "Z15_Y5",
    "Z15_Y9",
    "Z15_Y13",
    "Z1_Y3",
    "Z1_Y14",
    "Z1_Y9",
    "Z1_Y5",
    "Z1_Y13",
    "Z3_Y13",
    "Z3_Y14",
    "Z9_Y5",
    "Z9_Y14",
    "Z9_Y13",
    "Z5_Y14",
    "Z14_Y13"
  ],
  "dt": 0.05,
  "lr": 0.05,
  "lam": 1.0,
  "mu": 0.9,
  "fix_step": 0,
  "constant_c": true,
  "parameters": [
    -1.126739740371704,
    1.0441471338272095,
    -0.02583397924900055,
    1.0291417837142944,
    0.41455337405204773,
    -0.11022207885980606,
    -0.20891939103603363,
    0.4786823093891144,
    1.0008658170700073,
    1.1547681093215942,
    0.295131117105484,
    0.23864716291427612,
    0.07202626764774323,
    0.5867776870727539,
    0.0359499417245388,
    0.2964993715286255,
    0.5565675497055054,
    1.2376238107681274,
    0.2424970418214798,
    0.03672447428107262,
    0.19894437491893768,
    1.4973214864730835,
    0.21107445657253265,
    0.23325522243976593,
    0.830003023147583,
    0.010962544940412045,
    0.1380860060453415,
    0.1709742546081543,
    0.05198449641466141,
    1.2519067525863647,
    0.017552120611071587,
    0.10469891875982285,
    -0.23094145953655243,
    0.32705774903297424,
    0.49195435643196106,
    0.4095909595489502,
    1.1080403327941895,
    0.1352425068616867,
    0.3810921609401703,
    0.7249410152435303,
    0.5845065712928772,
    0.03803039714694023,
    0.00015167088713496923,
    0.6031308174133301,
    0.017285164445638657,
    0.277422696352005,
    0.1716676652431488,
    0.6915416717529297,
    0.12756100296974182,
    0.3084836006164551,
    0.3969988226890564,
    0.23233340680599213,
    0.18871913850307465,
    0.6823397278785706,
    0.016909684985876083,
    0.41515079140663147,
    0.48690706491470337,
    0.3307501971721649,
    -0.05085454881191254,
    0.2096390724182129,
    0.31817901134490967,
    0.21219348907470703,
    0.11583030223846436,
    0.08235925436019897,
    0.2655167877674103,
    0.3659520447254181,
    0.025126861408352852,
    0.08575920760631561,
    0.6820712685585022,
    0.026526443660259247,
    0.06097852811217308,
    0.6749803423881531
  ],
  "opt_ratios": [
    0.0008239738526754081,
    0.002066385932266712,
    0.0028861300088465214,
    0.003885979764163494,
    0.005090579390525818,
    0.00652795797213912,
    0.008228848688304424,
    0.010226915590465069,
    0.012558036483824253,
    0.015259815379977226,
    0.018370328471064568,
    0.021927349269390106,
    0.025966398417949677,
    0.03051946870982647,
    0.03561270236968994,
    0.04126529395580292,
    0.047486379742622375,
    0.05427652597427368,
    0.061623744666576385,
    0.06950871646404266,
    0.07790200412273407,
    0.08676743507385254,
    0.09606488049030304,
    0.10575497150421143,
    0.11579781770706177,
    0.12615762650966644,
    0.13680283725261688,
    0.14770837128162384,
    0.15885445475578308,
    0.17022445797920227,
    0.18180586397647858,
    0.19358688592910767,
    0.20555715262889862,
    0.21770350635051727,
    0.23001085221767426,
    0.24246269464492798,
    0.25503894686698914,
    0.2677166759967804,
    0.280468225479126,
    0.2932639718055725,
    0.30607566237449646,
    0.3188726007938385,
    0.3316233158111572,
    0.3442993760108948,
    0.3568759262561798,
    0.36932840943336487,
    0.38163673877716064,
    0.3937854766845703,
    0.40576228499412537,
    0.4175582826137543,
    0.429170161485672,
    0.44059890508651733,
    0.45184919238090515,
    0.46292832493782043,
    0.47384750843048096,
    0.4846215844154358,
    0.4952664077281952,
    0.5057991743087769,
    0.5162399411201477,
    0.5266084671020508,
    0.5369268655776978,
    0.5472123026847839,
    0.5574864149093628,
    0.5677686333656311,
    0.5780752897262573,
    0.5884231328964233,
    0.5988250374794006,
    0.6092929244041443,
    0.6198362112045288,
    0.6304591298103333,
    0.6411681771278381,
    0.6519579887390137,
    0.6628282070159912,
    0.6737717390060425,
    0.6847731471061707,
    0.6958215832710266,
    0.7069008350372314,
    0.7179922461509705,
    0.7290674448013306,
    0.7401036024093628,
    0.7510714530944824,
    0.7619450092315674,
    0.7726977467536926,
    0.7832963466644287,
    0.7937136888504028,
    0.8039208054542542,
    0.8138896822929382,
    0.8235977292060852,
    0.8330217003822327,
    0.8421415686607361,
    0.8509422540664673,
    0.8594070076942444,
    0.8675300478935242,
    0.8753029108047485,
    0.8827188611030579,
    0.8897785544395447,
    0.8964836597442627,
    0.9028375744819641,
    0.9088488817214966,
    0.9145243763923645,
    0.919874370098114
  ],
  "expectations": [
    -35.999969482421875,
    -37.56922912597656,
    -38.07183074951172,
    -38.497406005859375,
    -38.86811447143555,
    -39.198158264160156,
    -39.49736022949219,
    -39.77256774902344,
    -40.028785705566406,
    -40.26982879638672,
    -40.498321533203125,
    -40.716522216796875,
    -40.92585754394531,
    -41.12739562988281,
    -41.32176971435547,
    -41.50950622558594,
    -41.69062805175781,
    -41.86509704589844,
    -42.03258514404297,
    -42.19294738769531,
    -42.34585189819336,
    -42.491111755371094,
    -42.62855529785156,
    -42.75830078125,
    -42.88051986694336,
    -42.995574951171875,
    -43.103721618652344,
    -43.20570373535156,
    -43.302162170410156,
    -43.39361572265625,
    -43.48063278198242,
    -43.5638427734375,
    -43.64374542236328,
    -43.72077941894531,
    -43.79522705078125,
    -43.867454528808594,
    -43.937591552734375,
    -44.0058708190918,
    -44.07232666015625,
    -44.13706970214844,
    -44.20006561279297,
    -44.261268615722656,
    -44.32072830200195,
    -44.378395080566406,
    -44.43427276611328,
    -44.48834228515625,
    -44.54057312011719,
    -44.59101104736328,
    -44.63957214355469,
    -44.686424255371094,
    -44.73146057128906,
    -44.77476119995117,
    -44.816471099853516,
    -44.85651397705078,
    -44.89501953125,
    -44.93205642700195,
    -44.967674255371094,
    -45.001991271972656,
    -45.03504180908203,
    -45.066959381103516,
    -45.097740173339844,
    -45.127479553222656,
    -45.15631866455078,
    -45.1842155456543,
    -45.211395263671875,
    -45.23779296875,
    -45.26348114013672,
    -45.28852844238281,
    -45.313072204589844,
    -45.336997985839844,
    -45.360450744628906,
    -45.383453369140625,
    -45.40605545043945,
    -45.428192138671875,
    -45.44997787475586,
    -45.471351623535156,
    -45.49235153198242,
    -45.513023376464844,
    -45.533287048339844,
    -45.55314636230469,
    -45.57261276245117,
    -45.59168243408203,
    -45.61030578613281,
    -45.628501892089844,
    -45.6462516784668,
    -45.6634521484375,
    -45.68018341064453,
    -45.69633483886719,
    -45.71199417114258,
    -45.72705078125,
    -45.74163055419922,
    -45.75554656982422,
    -45.76894760131836,
    -45.78169250488281,
    -45.79386901855469,
    -45.805503845214844,
    -45.816585540771484,
    -45.82704162597656,
    -45.837013244628906,
    -45.84635925292969,
    -45.855323791503906
  ],