{
  "size": 16,
  "opt_val": -50.0,
  "method": "VQE",
  "operations": [
    "Z0_Y2",
    "Z0_Y14",
    "Z0_Y1",
    "Z0_Y10",
    "Z0_Y13",
    "Z0_Y9",
    "Z0_Y6",
    "Z0_Y12",
    "Z0_Y15",
    "Z2_Y5",
    "Z2_Y8",
    "Z2_Y4",
    "Z2_Y7",
    "Z1_Y3",
    "Z10_Y11",
    "Z2_Y14",
    "Z2_Y10",
    "Z2_Y13",
    "Z2_Y12",
    "Z14_Y1",
    "Z14_Y4",
    "Z14_Y6",
    "Z14_Y7",
    "Z14_Y9",
    "Z14_Y15",
    "Z1_Y8",
    "Z10_Y3",
    "Z10_Y5",
    "Z9_Y11",
    "Z14_Y13",
    "Z1_Y6",
    "Z1_Y9",
    "Z1_Y15",
    "Z1_Y4",
    "Z1_Y10",
    "Z10_Y7",
    "Z10_Y8",
    "Z13_Y3",
    "Z13_Y4",
    "Z13_Y5",
    "Z13_Y12",
    "Z6_Y11",
    "Z10_Y15",
    "Z13_Y8",
    "Z13_Y9",
    "Z9_Y5",
    "Z9_Y6",
    "Z9_Y7",
    "Z9_Y15",
    "Z6_Y3",
    "Z6_Y4",
    "Z6_Y12",
    "Z12_Y11",
    "Z6_Y8",
    "Z12_Y3",
    "Z12_Y4",
    "Z12_Y5",
    "Z12_Y7",
    "Z15_Y3",
    "Z15_Y8",
    "Z15_Y11",
    "Z15_Y5",
    "Z3_Y4",
    "Z3_Y5",
    "Z3_Y8",
    "Z8_Y7",
    "Z8_Y11",
    "Z4_Y11",
    "Z4_Y7",
    "Z5_Y7",
    "Z5_Y11",
    "Z7_Y11"
  ],
  "dt": 0.05,
  "lr": 0.05,
  "lam": 1.0,
  "mu": 0.9,
  "fix_step": 0,
  "constant_c": true,
  "parameters": [
    1.5680209398269653,
    -0.5192619562149048,
    0.5872049927711487,
    -0.1406126767396927,
    0.364294171333313,
    -0.0169131550937891,
    0.3671588599681854,
    0.15651565790176392,
    0.4649360477924347,
    0.4943889379501343,
    0.2832133173942566,
    0.38644957542419434,
    0.15996220707893372,
    -0.003032064763829112,
    0.00020135096565354615,
    1.0511643886566162,
    0.9626518487930298,
    -0.3352845013141632,
    0.6266470551490784,
    0.9834511280059814,
    0.0447285920381546,
    0.6269587278366089,
    0.38002148270606995,
    -0.3506224453449249,
    0.6470947265625,
    0.24207264184951782,
    0.26662150025367737,
    0.011222675442695618,
    -4.977150820195675e-05,
    0.8712093830108643,
    -0.006890510208904743,
    0.46626120805740356,
    0.036933813244104385,
    0.38716089725494385,
    0.466185986995697,
    0.08802289515733719,
    0.08614146709442139,
    -0.31185799837112427,
    0.46411412954330444,
    0.5420116186141968,
    0.5753761529922485,
    0.001479709637351334,
    0.06927202641963959,
    0.4557463526725769,
    0.7370112538337708,
    0.02300575189292431,
    0.569702684879303,
    0.297710120677948,
    0.4267200827598572,
    -0.13194984197616577,
    0.3290615379810333,
    0.5253075361251831,
    0.4315089285373688,
    0.32630738615989685,
    0.7440344095230103,
    0.05473286285996437,
    0.043191827833652496,
    0.19192174077033997,
    -0.12251471728086472,
    0.2739814519882202,
    0.1419917643070221,
    0.4290704131126404,
    0.10376643389463425,
    0.18287459015846252,
    0.07558681815862656,
    0.33793145418167114,
    0.40871942043304443,
    0.49247217178344727,
    0.23999512195587158,
    0.19544880092144012,
    0.40519338846206665,
    0.02373107708990574
  ],
  "opt_ratios": [
    3.0517549021169543e-05,
    0.0001084458053810522,
    0.00017531342746224254,
    0.00027228647377341986,
    0.000412089197197929,
    0.0006135831354185939,
    0.0009049123036675155,
    0.001328553189523518,
    0.0019489534897729754,
    0.002864405745640397,
    0.0042253173887729645,
    0.006260949652642012,
    0.00931774266064167,
    0.013909125700592995,
    0.020771672949194908,
    0.030911104753613472,
    0.0456012561917305,
    0.06629428267478943,
    0.09437792003154755,
    0.1308155208826065,
    0.17578448355197906,
    0.22857721149921417,
    0.28785932064056396,
    0.3520585298538208,
    0.41953685879707336,
    0.48850345611572266,
    0.5569295883178711,
    0.6226203441619873,
    0.6834903955459595,
    0.7379210591316223,
    0.784991979598999,
    0.8245285153388977,
    0.8569492101669312,
    0.8830573558807373,
    0.9038206338882446,
    0.9202077388763428,
    0.9330959320068359,
    0.9432362914085388,
    0.951237678527832,
    0.9575862288475037,
    0.9626532793045044,
    0.9667370319366455,
    0.9700571894645691,
    0.9727864265441895,
    0.9750559329986572,
    0.9769567251205444,
    0.9785708785057068,
    0.9799617528915405,
    0.9811670780181885,
    0.9822291135787964,
    0.9831609725952148,
    0.9839941263198853,
    0.9847477078437805,
    0.9854310154914856,
    0.9860554933547974,
    0.9866277575492859,
    0.9871588349342346,
    0.9876541495323181,
    0.9881122708320618,
    0.9885472655296326,
    0.9889516234397888,
    0.9893375039100647,
    0.9896979331970215,
    0.9900403022766113,
    0.9903659224510193,
    0.9906744956970215,
    0.9909673929214478,
    0.9912461638450623,
    0.9915133118629456,
    0.9917698502540588,
    0.9920141100883484,
    0.9922480583190918,
    0.9924723505973816,
    0.9926869869232178,
    0.9928935170173645,
    0.9930902719497681,
    0.993279755115509,
    0.9934630990028381,
    0.9936398863792419,
    0.993809163570404,
    0.9939731359481812,
    0.9941318035125732,
    0.994284451007843,
    0.994431734085083,
    0.9945729970932007,
    0.9947103261947632,
    0.9948433041572571,
    0.994970440864563,
    0.9950947165489197,
    0.9952139258384705,
    0.995328962802887,
    0.995440661907196,
    0.9955474734306335,
    0.9956518411636353,
    0.9957526326179504,
    0.9958508014678955,
    0.995945930480957,
    0.9960371851921082,
    0.9961263537406921,
    0.9962124228477478,
    0.9962973594665527
  ],
  "expectations": [
    -35.999969482421875,
    -37.57988739013672,
    -38.10466003417969,
    -38.56146240234375,
    -38.972900390625,
    -39.35423278808594,
    -39.716514587402344,
    -40.06858444213867,
    -40.418212890625,
    -40.77259826660156,
    -41.1390495300293,
    -41.52507019042969,
    -41.93848419189453,
    -42.3868408203125,
    -42.87646484375,
    -43.41061782836914,
    -43.98722839355469,
    -44.597347259521484,
    -45.22398376464844,
    -45.844078063964844,
    -46.43248748779297,
    -46.96862030029297,
    -47.4416618347168,
    -47.851524353027344,
    -48.20439910888672,
    -48.508216857910156,
    -48.76955032348633,
    -48.99306106567383,
    -49.181968688964844,
    -49.33934020996094,
    -49.468162536621094,
    -49.571937561035156,
    -49.65437316894531,
    -49.71934509277344,
    -49.77018737792969,
    -49.80994415283203,
    -49.84101486206055,
    -49.865394592285156,
    -49.88463592529297,
    -49.89990234375,
    -49.91212463378906,
    -49.922019958496094,
    -49.93004608154297,
    -49.936683654785156,
    -49.94217300415039,
    -49.946834564208984,
    -49.95074462890625,
    -49.95410919189453,
    -49.95701599121094,
    -49.95958709716797,
    -49.961795806884766,
    -49.96377182006836,
    -49.965572357177734,
    -49.96717071533203,
    -49.968631744384766,
    -49.96992111206055,
    -49.971168518066406,
    -49.97229766845703,
    -49.973350524902344,
    -49.974365234375,
    -49.975257873535156,
    -49.97618103027344,
    -49.97698974609375,
    -49.977760314941406,
    -49.97847366333008,
    -49.97916030883789,
    -49.979827880859375,
    -49.98040771484375,
    -49.981021881103516,
    -49.981597900390625,
    -49.98217010498047,
    -49.982696533203125,
    -49.98316955566406,
    -49.9836311340332,
    -49.98411560058594,
    -49.984527587890625,
    -49.98490524291992,
    -49.985328674316406,
    -49.98573303222656,
    -49.98609161376953,
    -49.9864501953125,
    -49.98680114746094,
    -49.987144470214844,
    -49.987483978271484,
    -49.98776626586914,
    -49.98809051513672,
    -49.9884033203125,
    -49.98863983154297,
    -49.98893737792969,
    -49.98919677734375,
    -49.98944091796875,
    -49.989707946777344,
    -49.98990249633789,
    -49.990150451660156,
    -49.990360260009766,
    -49.99059295654297,
    -49.990814208984375,
    -49.990989685058594,
    -49.99117660522461,
    -49.9913330078125,
    -49.9915657043457
  ],