{
  "size": 16,
  "opt_val": -48.0,
  "method": "VQE",
  "operations": [
    "Z0_Y2",
    "Z0_Y5",
    "Z0_Y8",
    "Z0_Y10",
    "Z0_Y4",
    "Z0_Y13",
    "Z0_Y12",
    "Z0_Y3",
    "Z0_Y15",
    "Z2_Y9",
    "Z5_Y7",
    "Z8_Y1",
    "Z8_Y6",
    "Z8_Y11",
    "Z8_Y14",
    "Z2_Y5",
    "Z2_Y8",
    "Z2_Y4",
    "Z2_Y13",
    "Z2_Y3",
    "Z2_Y12",
    "Z2_Y15",
    "Z5_Y9",
    "Z8_Y7",
    "Z10_Y1",
    "Z10_Y3",
    "Z10_Y6",
    "Z10_Y14",
    "Z10_Y11",
    "Z5_Y4",
    "Z5_Y13",
    "Z5_Y12",
    "Z5_Y15",
    "Z5_Y8",
    "Z8_Y3",
    "Z10_Y9",
    "Z10_Y12",
    "Z4_Y1",
    "Z4_Y6",
    "Z4_Y11",
    "Z4_Y7",
    "Z13_Y14",
    "Z10_Y13",
    "Z4_Y9",
    "Z4_Y15",
    "Z13_Y1",
    "Z13_Y3",
    "Z13_Y7",
    "Z13_Y9",
    "Z12_Y3",
    "Z12_Y6",
    "Z12_Y11",
    "Z12_Y14",
    "Z12_Y15",
    "Z3_Y6",
    "Z3_Y11",
    "Z3_Y14",
    "Z15_Y6",
    "Z15_Y7",
    "Z15_Y9",
    "Z1_Y6",
    "Z15_Y11",
    "Z1_Y9",
    "Z1_Y11",
    "Z1_Y14",
    "Z1_Y7",
    "Z6_Y11",
    "Z6_Y14",
    "Z9_Y7",
    "Z9_Y14",
    "Z11_Y7",
    "Z14_Y7"
  ],
  "dt": 0.05,
  "lr": 0.05,
  "lam": 1.0,
  "mu": 0.9,
  "fix_step": 0,
  "constant_c": true,
  "parameters": [
    -1.5681965351104736,
    -0.7740532755851746,
    0.7887268662452698,
    1.3872318267822266,
    0.7170477509498596,
    0.531140148639679,
    0.44501885771751404,
    0.6398682594299316,
    0.6853110790252686,
    0.6162784099578857,
    -0.0019067205721512437,
    0.012809451669454575,
    0.0006174712325446308,
    0.0007230621995404363,
    0.0006762840203009546,
    -0.7975935339927673,
    0.5488208532333374,
    0.5004200339317322,
    0.5097030997276306,
    0.6496312022209167,
    0.5156033039093018,
    0.44829103350639343,
    0.5578176975250244,
    0.17685337364673615,
    0.5935497283935547,
    -0.012133458629250526,
    0.14895233511924744,
    0.2150881439447403,
    0.203041210770607,
    0.3533160090446472,
    0.5393034219741821,
    0.6157994866371155,
    0.2804868221282959,
    0.23366490006446838,
    -0.13769027590751648,
    0.21796774864196777,
    0.005692027974873781,
    0.382265567779541,
    0.4717579483985901,
    0.37024202942848206,
    0.4440317749977112,
    0.3909755349159241,
    0.010503879748284817,
    -0.0010145705891773105,
    -0.23303085565567017,
    0.5530495643615723,
    0.05814521759748459,
    0.4631821811199188,
    -0.12393762171268463,
    -0.19014185667037964,
    0.254116415977478,
    0.44381073117256165,
    0.5710353851318359,
    0.07631942629814148,
    0.2535646855831146,
    0.38378405570983887,
    0.4383190870285034,
    0.48877817392349243,
    0.4816955029964447,
    0.06953006982803345,
    0.0463278628885746,
    0.3385418951511383,
    0.5526365041732788,
    0.0729464665055275,
    0.11398814618587494,
    0.12073434144258499,
    0.09532636404037476,
    0.15260560810565948,
    0.4353778064250946,
    0.22226519882678986,
    0.13032318651676178,
    0.18549129366874695
  ],
  "opt_ratios": [
    0.00012207019608467817,
    0.0003452468663454056,
    0.0005070402985438704,
    0.0007198801031336188,
    0.001000962103717029,
    0.0013745767064392567,
    0.0018750405870378017,
    0.0025509451515972614,
    0.003471191506832838,
    0.004734085872769356,
    0.006479797884821892,
    0.008908336982131004,
    0.012303096242249012,
    0.017061308026313782,
    0.023727847263216972,
    0.03302434831857681,
    0.045858755707740784,
    0.06327937543392181,
    0.08634772151708603,
    0.1159033477306366,
    0.15226809680461884,
    0.19498589634895325,
    0.24274343252182007,
    0.2935362458229065,
    0.3450567126274109,
    0.3951563537120819,
    0.44224274158477783,
    0.4854533076286316,
    0.5245903730392456,
    0.5599048137664795,
    0.5918443202972412,
    0.6208994388580322,
    0.6475000381469727,
    0.6719902157783508,
    0.6946369409561157,
    0.715637743473053,
    0.7351459264755249,
    0.7532890439033508,
    0.77016282081604,
    0.7858635187149048,
    0.8004616498947144,
    0.8140465021133423,
    0.8266629576683044,
    0.8383817076683044,
    0.8492595553398132,
    0.8593654632568359,
    0.8687312602996826,
    0.8774207830429077,
    0.8854711055755615,
    0.8929241299629211,
    0.8998370170593262,
    0.9062427878379822,
    0.9121890068054199,
    0.9177032113075256,
    0.922819972038269,
    0.927564263343811,
    0.9319750070571899,
    0.9360690712928772,
    0.9398775100708008,
    0.9434226751327515,
    0.9467355012893677,
    0.9498225450515747,
    0.9527039527893066,
    0.955389142036438,
    0.9579014778137207,
    0.9602452516555786,
    0.9624364376068115,
    0.9644882082939148,
    0.9664108157157898,
    0.9682167172431946,
    0.969904899597168,
    0.9714887738227844,
    0.9729773998260498,
    0.9743783473968506,
    0.9756952524185181,
    0.9769396781921387,
    0.9781115055084229,
    0.9792178869247437,
    0.9802623391151428,
    0.9812513589859009,
    0.9821849465370178,
    0.9830706715583801,
    0.9839032292366028,
    0.9846910834312439,
    0.985436201095581,
    0.986140787601471,
    0.9868096113204956,
    0.9874415993690491,
    0.9880415201187134,
    0.9886111617088318,
    0.9891495108604431,
    0.9896604418754578,
    0.9901458024978638,
    0.9906058311462402,
    0.9910439252853394,
    0.9914587140083313,
    0.9918524026870728,
    0.9922271966934204,
    0.9925844669342041,
    0.9929230809211731,
    0.9932446479797363
  ],
  "expectations": [
    -35.999969482421875,
    -37.557472229003906,
    -38.04539489746094,
    -38.45908737182617,
    -38.82295227050781,
    -39.15300750732422,
    -39.4605827331543,
    -39.754051208496094,
    -40.04017639160156,
    -40.32447814941406,
    -40.61214065551758,
    -40.90782165527344,
    -41.21626281738281,
    -41.542030334472656,
    -41.889366149902344,
    -42.26203155517578,
    -42.66212463378906,
    -43.08945846557617,
    -43.540245056152344,
    -44.006439208984375,
    -44.47580337524414,
    -44.933815002441406,
    -45.3659553527832,
    -45.7602424621582,
    -46.10891342163086,
    -46.40857696533203,
    -46.65999221801758,
    -46.86698913574219,
    -47.03535461425781,
    -47.171531677246094,
    -47.28154754638672,
    -47.370849609375,
    -47.44377136230469,
    -47.503814697265625,
    -47.553802490234375,
    -47.59583282470703,
    -47.63166046142578,
    -47.66249084472656,
    -47.689292907714844,
    -47.71291732788086,
    -47.73393249511719,
    -47.7528076171875,
    -47.76982116699219,
    -47.785316467285156,
    -47.79942321777344,
    -47.812400817871094,
    -47.82434844970703,
    -47.835418701171875,
    -47.84558868408203,
    -47.85509490966797,
    -47.863868713378906,
    -47.87201690673828,
    -47.879600524902344,
    -47.886714935302734,
    -47.8932991027832,
    -47.899452209472656,
    -47.90520477294922,
    -47.910545349121094,
    -47.91559600830078,
    -47.92023468017578,
    -47.92464828491211,
    -47.92877960205078,
    -47.932655334472656,
    -47.93622589111328,
    -47.93962478637695,
    -47.94282150268555,
    -47.94580841064453,
    -47.948631286621094,
    -47.95123291015625,
    -47.95371627807617,
    -47.95606231689453,
    -47.95825958251953,
    -47.960304260253906,
    -47.962303161621094,
    -47.964088439941406,
    -47.96582794189453,
    -47.96744918823242,
    -47.968994140625,
    -47.97046661376953,
    -47.97184753417969,
    -47.973182678222656,
    -47.974430084228516,
    -47.97557067871094,
    -47.976715087890625,
    -47.977783203125,
    -47.97872543334961,
    -47.979705810546875,
    -47.980552673339844,
    -47.98143005371094,
    -47.982269287109375,
    -47.983001708984375,
    -47.983734130859375,
    -47.98442077636719,
    -47.98503875732422,
    -47.985721588134766,
    -47.986305236816406,
    -47.98683166503906,
    -47.987335205078125,
    -47.98789596557617,
    -47.988380432128906,
    -47.988792419433594
  ],