{
  "size": 16,
  "opt_val": -48.0,
  "method": "VQE",
  "operations": [
    "Z0_Y2",
    "Z0_Y8",
    "Z0_Y14",
    "Z0_Y1",
    "Z0_Y10",
    "Z0_Y13",
    "Z0_Y9",
    "Z0_Y6",
    "Z0_Y3",
    "Z2_Y7",
    "Z2_Y12",
    "Z2_Y15",
    "Z8_Y4",
    "Z8_Y5",
    "Z8_Y11",
    "Z2_Y14",
    "Z2_Y10",
    "Z2_Y13",
    "Z2_Y9",
    "Z2_Y6",
    "Z8_Y1",
    "Z8_Y3",
    "Z8_Y7",
    "Z8_Y15",
    "Z8_Y10",
    "Z14_Y5",
    "Z14_Y11",
    "Z10_Y4",
    "Z10_Y12",
    "Z14_Y1",
    "Z14_Y3",
    "Z14_Y9",
    "Z14_Y13",
    "Z14_Y15",
    "Z1_Y6",
    "Z1_Y5",
    "Z1_Y11",
    "Z1_Y10",
    "Z13_Y4",
    "Z13_Y12",
    "Z9_Y7",
    "Z1_Y9",
    "Z1_Y3",
    "Z10_Y5",
    "Z10_Y15",
    "Z10_Y13",
    "Z13_Y6",
    "Z9_Y4",
    "Z9_Y5",
    "Z9_Y12",
    "Z6_Y11",
    "Z6_Y7",
    "Z13_Y5",
    "Z13_Y15",
    "Z9_Y3",
    "Z6_Y3",
    "Z6_Y4",
    "Z6_Y12",
    "Z3_Y15",
    "Z3_Y11",
    "Z5_Y7",
    "Z3_Y4",
    "Z5_Y4",
    "Z5_Y12",
    "Z11_Y4",
    "Z11_Y7",
    "Z11_Y15",
    "Z11_Y12",
    "Z7_Y4",
    "Z7_Y12",
    "Z7_Y15",
    "Z12_Y15"
  ],
  "dt": 0.05,
  "lr": 0.05,
  "lam": 1.0,
  "mu": 0.9,
  "fix_step": 0,
  "constant_c": true,
  "parameters": [
    -1.56765878200531,
    1.5704933404922485,
    0.5299595594406128,
    -0.6752879023551941,
    0.6894818544387817,
    0.932709276676178,
    0.6541784405708313,
    0.5900705456733704,
    0.30509552359580994,
    0.7378730177879333,
    0.10761792212724686,
    0.21980321407318115,
    0.3582436740398407,
    0.29587042331695557,
    -0.14565062522888184,
    1.040812611579895,
    0.4138287603855133,
    0.5585470199584961,
    0.29853612184524536,
    0.35997307300567627,
    0.7658047676086426,
    0.3093907833099365,
    -0.10781944543123245,
    0.4416676163673401,
    -0.03638261556625366,
    0.8054943680763245,
    0.38389819860458374,
    0.024800827726721764,
    0.041242148727178574,
    0.1297217756509781,
    0.42439135909080505,
    0.21257922053337097,
    -0.035756371915340424,
    0.33269229531288147,
    0.8165685534477234,
    0.4062812030315399,
    0.9442053437232971,
    0.43134501576423645,
    0.30177828669548035,
    0.28693684935569763,
    -0.001134862075559795,
    0.8306336998939514,
    0.036516737192869186,
    0.32521653175354004,
    0.41603025794029236,
    -0.04921563342213631,
    0.1958283632993698,
    0.473369300365448,
    0.09052415937185287,
    0.5805598497390747,
    -0.18479949235916138,
    -0.03018181025981903,
    0.46002596616744995,
    0.4503742456436157,
    0.5524682998657227,
    0.6251435279846191,
    0.35657134652137756,
    0.4667145311832428,
    0.19673371315002441,
    0.6799181699752808,
    0.8288344740867615,
    0.07422825694084167,
    0.16841082274913788,
    0.24808979034423828,
    0.15071183443069458,
    0.1357915699481964,
    0.2501339614391327,
    0.34454256296157837,
    0.1496783345937729,
    0.20875310897827148,
    0.29146620631217957,
    0.19498564302921295
  ],
  "opt_ratios": [
    6.1035098042339087e-05,
    0.00018255763279739767,
    0.00027023660368286073,
    0.0003822821017820388,
    0.0005229039816185832,
    0.0006970319664105773,
    0.0009105695644393563,
    0.0011704715434461832,
    0.0014849435538053513,
    0.001863847253844142,
    0.00231898482888937,
    0.0028646027203649282,
    0.003518085926771164,
    0.004300734028220177,
    0.005238830111920834,
    0.0063649932853877544,
    0.007719698362052441,
    0.009353935718536377,
    0.011331762187182903,
    0.013734106905758381,
    0.016663551330566406,
    0.020249826833605766,
    0.02465781569480896,
    0.030095646157860756,
    0.03682635352015495,
    0.04517638683319092,
    0.05554436147212982,
    0.06840401142835617,
    0.0842934101819992,
    0.10378651320934296,
    0.1274263560771942,
    0.15562357008457184,
    0.18852907419204712,
    0.22590310871601105,
    0.2670591473579407,
    0.31092292070388794,
    0.35623207688331604,
    0.4018036127090454,
    0.4467349946498871,
    0.4904947876930237,
    0.5328608751296997,
    0.5738164186477661,
    0.6134157180786133,
    0.6516931056976318,
    0.6886159181594849,
    0.7240537405014038,
    0.7577996253967285,
    0.7895845174789429,
    0.8191167116165161,
    0.8461378812789917,
    0.8704637289047241,
    0.891997218132019,
    0.9107431173324585,
    0.9268173575401306,
    0.9403982758522034,
    0.9517222046852112,
    0.9610630869865417,
    0.9686937928199768,
    0.97487473487854,
    0.9798521995544434,
    0.983838677406311,
    0.9870182871818542,
    0.9895473718643188,
    0.99155592918396,
    0.9931513667106628,
    0.994416356086731,
    0.9954217672348022,
    0.996220588684082,
    0.996857225894928,
    0.9973674416542053,
    0.9977750182151794,
    0.9981037378311157,
    0.9983697533607483,
    0.9985851645469666,
    0.9987614154815674,
    0.9989073276519775,
    0.9990267157554626,
    0.9991263151168823,
    0.9992110133171082,
    0.9992810487747192,
    0.9993428587913513,
    0.9993942975997925,
    0.9994404315948486,
    0.9994784593582153,
    0.9995133876800537,
    0.9995448589324951,
    0.9995720386505127,
    0.9995959997177124,
    0.9996190071105957,
    0.9996408820152283,
    0.9996588230133057,
    0.9996752738952637,
    0.9996907711029053,
    0.9997053146362305,
    0.9997191429138184,
    0.9997327327728271,
    0.99974524974823,
    0.9997568726539612,
    0.9997678995132446,
    0.9997777342796326,
    0.9997872114181519
  ],
  "expectations": [
    -35.999969482421875,
    -37.575843811035156,
    -38.09040069580078,
    -38.531044006347656,
    -38.919349670410156,
    -39.269126892089844,
    -39.58967590332031,
    -39.887489318847656,
    -40.16709899902344,
    -40.431861877441406,
    -40.684295654296875,
    -40.92619705200195,
    -41.158935546875,
    -41.383583068847656,
    -41.60101318359375,
    -41.81187057495117,
    -42.01673889160156,
    -42.21612548828125,
    -42.41071319580078,
    -42.60112762451172,
    -42.788108825683594,
    -42.972652435302734,
    -43.15592956542969,
    -43.339202880859375,
    -43.52421569824219,
    -43.71263885498047,
    -43.906517028808594,
    -44.10767364501953,
    -44.3177604675293,
    -44.53819274902344,
    -44.76926803588867,
    -45.01006317138672,
    -45.25804901123047,
    -45.50895690917969,
    -45.75699234008789,
    -45.995811462402344,
    -46.2197265625,
    -46.424835205078125,
    -46.609413146972656,
    -46.773773193359375,
    -46.91948699951172,
    -47.04888153076172,
    -47.164127349853516,
    -47.267356872558594,
    -47.360069274902344,
    -47.443511962890625,
    -47.518577575683594,
    -47.585968017578125,
    -47.64610290527344,
    -47.69932556152344,
    -47.746070861816406,
    -47.78675842285156,
    -47.821693420410156,
    -47.85157775878906,
    -47.87675476074219,
    -47.89779281616211,
    -47.91531753540039,
    -47.92981719970703,
    -47.94170379638672,
    -47.95150375366211,
    -47.95951461791992,
    -47.965999603271484,
    -47.9713134765625,
    -47.975677490234375,
    -47.979270935058594,
    -47.982147216796875,
    -47.98457336425781,
    -47.986549377441406,
    -47.98816680908203,
    -47.989566802978516,
    -47.99065399169922,
    -47.991634368896484,
    -47.992454528808594,
    -47.993125915527344,
    -47.99369812011719,
    -47.994239807128906,
    -47.99464416503906,
    -47.99506378173828,
    -47.995399475097656,
    -47.99565505981445,
    -47.995948791503906,
    -47.99618911743164,
    -47.99639892578125,
    -47.99658203125,
    -47.996726989746094,
    -47.99689483642578,
    -47.9970703125,
    -47.997196197509766,
    -47.997283935546875,
    -47.99745178222656,
    -47.99755096435547,
    -47.99763870239258,
    -47.99775695800781,
    -47.99785614013672,
    -47.99791717529297,
    -47.99797058105469,
    -47.998043060302734,
    -47.99811935424805,
    -47.998207092285156,
    -47.998260498046875,
    -47.998329162597656
  ],