{
  "size": 16,
  "opt_val": -48.0,
  "method": "VQE",
  "operations": [
    "Z0_Y5",
    "Z0_Y8",
    "Z0_Y11",
    "Z0_Y4",
    "Z0_Y7",
    "Z0_Y13",
    "Z0_Y3",
    "Z0_Y9",
    "Z0_Y12",
    "Z5_Y1",
    "Z5_Y10",
    "Z5_Y15",
    "Z8_Y2",
    "Z11_Y6",
    "Z11_Y14",
    "Z5_Y3",
    "Z5_Y4",
    "Z5_Y7",
    "Z5_Y13",
    "Z5_Y8",
    "Z8_Y1",
    "Z8_Y9",
    "Z8_Y11",
    "Z8_Y10",
    "Z11_Y12",
    "Z11_Y15",
    "Z4_Y2",
    "Z4_Y14",
    "Z13_Y6",
    "Z8_Y7",
    "Z8_Y13",
    "Z11_Y1",
    "Z11_Y3",
    "Z11_Y7",
    "Z4_Y1",
    "Z4_Y9",
    "Z4_Y15",
    "Z4_Y10",
    "Z7_Y12",
    "Z7_Y14",
    "Z13_Y2",
    "Z3_Y6",
    "Z4_Y13",
    "Z7_Y13",
    "Z7_Y9",
    "Z7_Y15",
    "Z13_Y3",
    "Z13_Y14",
    "Z3_Y2",
    "Z3_Y10",
    "Z3_Y12",
    "Z9_Y6",
    "Z1_Y6",
    "Z3_Y9",
    "Z9_Y10",
    "Z9_Y12",
    "Z9_Y15",
    "Z12_Y2",
    "Z12_Y6",
    "Z12_Y14",
    "Z1_Y15",
    "Z12_Y15",
    "Z1_Y2",
    "Z1_Y14",
    "Z1_Y10",
    "Z6_Y2",
    "Z15_Y2",
    "Z6_Y14",
    "Z6_Y10",
    "Z15_Y14",
    "Z2_Y10",
    "Z14_Y10"
  ],
  "dt": 0.05,
  "lr": 0.05,
  "lam": 1.0,
  "mu": 0.9,
  "fix_step": 0,
  "constant_c": true,
  "parameters": [
    1.25045907497406,
    -0.04541504755616188,
    0.16957876086235046,
    -0.03187786787748337,
    0.005719432141631842,
    0.24437400698661804,
    0.04467145353555679,
    0.006516390014439821,
    0.9525294303894043,
    -0.06447096168994904,
    0.41458582878112793,
    0.5802707672119141,
    -7.892156645539217e-06,
    -0.00019828765653073788,
    -0.0008207979262806475,
    0.6567246317863464,
    1.5389119386672974,
    0.7897727489471436,
    0.07357685267925262,
    1.5252960920333862,
    0.7789451479911804,
    0.7299050092697144,
    1.401228904724121,
    0.1999141424894333,
    0.03503773361444473,
    0.30911457538604736,
    0.3723035156726837,
    0.5609191060066223,
    -0.0004905951209366322,
    -0.16001853346824646,
    0.5910511016845703,
    -0.04697223752737045,
    0.5390017032623291,
    0.6266298294067383,
    0.6802881956100464,
    0.36928635835647583,
    0.018016794696450233,
    0.17026521265506744,
    0.38133642077445984,
    0.5102734565734863,
    -0.00010714788368204609,
    -0.04119342193007469,
    0.2545758783817291,
    0.5578809976577759,
    0.4651198983192444,
    0.12251016497612,
    0.42092153429985046,
    0.1825743019580841,
    0.38748055696487427,
    0.23468999564647675,
    0.4332817494869232,
    0.9797745943069458,
    0.3716736435890198,
    0.00026599637931212783,
    0.365238755941391,
    0.17374658584594727,
    0.6868031620979309,
    0.05851653963327408,
    0.1805839240550995,
    0.17501021921634674,
    0.12784825265407562,
    0.007555310148745775,
    0.131758913397789,
    0.0986342579126358,
    0.42967116832733154,
    0.3199330270290375,
    0.679163932800293,
    0.3516846001148224,
    0.22826187312602997,
    0.5694359540939331,
    0.43839430809020996,
    0.754002571105957
  ],
  "opt_ratios": [
    0.00015258774510584772,
    0.00046052178367972374,
    0.0006884143804199994,
    0.000986202503554523,
    0.0013695911038666964,
    0.001857734750956297,
    0.0024737853091210127,
    0.0032453881576657295,
    0.004205189645290375,
    0.005391049198806286,
    0.006846703123301268,
    0.00862170197069645,
    0.010772026143968105,
    0.013359987176954746,
    0.01645534485578537,
    0.02013571187853813,
    0.024488603696227074,
    0.029613234102725983,
    0.035623420029878616,
    0.04265160113573074,
    0.050852347165346146,
    0.060404129326343536,
    0.07151138037443161,
    0.0844012200832367,
    0.09931880235671997,
    0.11651258170604706,
    0.136215478181839,
    0.158619225025177,
    0.18384386599063873,
    0.2119065523147583,
    0.2426997572183609,
    0.27597594261169434,
    0.3113638162612915,
    0.3483833372592926,
    0.3864935636520386,
    0.42514094710350037,
    0.4637962877750397,
    0.5019973516464233,
    0.5393474102020264,
    0.5755262970924377,
    0.6102818250656128,
    0.6434029936790466,
    0.6747202277183533,
    0.7040910124778748,
    0.7314137816429138,
    0.756613552570343,
    0.7796726822853088,
    0.8006045818328857,
    0.8194685578346252,
    0.8363619446754456,
    0.8514142036437988,
    0.8647725582122803,
    0.8765987753868103,
    0.8870534896850586,
    0.8962936401367188,
    0.9044702053070068,
    0.9117185473442078,
    0.9181585907936096,
    0.9239002466201782,
    0.9290364384651184,
    0.9336509704589844,
    0.9378118515014648,
    0.9415788054466248,
    0.945001482963562,
    0.9481251835823059,
    0.9509854912757874,
    0.9536147713661194,
    0.9560397267341614,
    0.9582814574241638,
    0.9603599309921265,
    0.9622936844825745,
    0.964094877243042,
    0.9657778739929199,
    0.967352569103241,
    0.9688297510147095,
    0.9702167510986328,
    0.9715235233306885,
    0.9727544188499451,
    0.9739147424697876,
    0.9750110507011414,
    0.9760489463806152,
    0.9770311117172241,
    0.977963387966156,
    0.9788471460342407,
    0.9796869158744812,
    0.9804853200912476,
    0.9812454581260681,
    0.9819681644439697,
    0.9826574325561523,
    0.9833135008811951,
    0.9839404225349426,
    0.9845389723777771,
    0.9851113557815552,
    0.9856573343276978,
    0.9861809015274048,
    0.9866811037063599,
    0.9871602654457092,
    0.9876193404197693,
    0.9880578517913818,
    0.9884803295135498,
    0.9888830184936523
  ],
  "expectations": [
    -35.999969482421875,
    -37.5805549621582,
    -38.10321807861328,
    -38.55393981933594,
    -38.95415496826172,
    -39.31742477416992,
    -39.65288543701172,
    -39.966896057128906,
    -40.263832092285156,
    -40.546749114990234,
    -40.81793975830078,
    -41.07891845703125,
    -41.33078384399414,
    -41.57426071166992,
    -41.81001281738281,
    -42.03846740722656,
    -42.26024627685547,
    -42.47593688964844,
    -42.68648910522461,
    -42.89286804199219,
    -43.09652328491211,
    -43.2987060546875,
    -43.50135040283203,
    -43.7059326171875,
    -43.91407012939453,
    -44.12705993652344,
    -44.3455810546875,
    -44.56990051269531,
    -44.79926681518555,
    -45.032264709472656,
    -45.26655578613281,
    -45.49925231933594,
    -45.72712707519531,
    -45.946815490722656,
    -46.1554069519043,
    -46.35047912597656,
    -46.530494689941406,
    -46.69464874267578,
    -46.84291076660156,
    -46.975738525390625,
    -47.09428405761719,
    -47.199424743652344,
    -47.29249572753906,
    -47.374515533447266,
    -47.44671630859375,
    -47.50999069213867,
    -47.565338134765625,
    -47.6136474609375,
    -47.65559387207031,
    -47.692115783691406,
    -47.72370910644531,
    -47.7510871887207,
    -47.77484893798828,
    -47.79550552368164,
    -47.8134765625,
    -47.82914733886719,
    -47.84291076660156,
    -47.8549919128418,
    -47.86568832397461,
    -47.87519073486328,
    -47.88370132446289,
    -47.89131164550781,
    -47.898193359375,
    -47.9044189453125,
    -47.91007995605469,
    -47.915225982666016,
    -47.919960021972656,
    -47.92435073852539,
    -47.928382873535156,
    -47.93208312988281,
    -47.935577392578125,
    -47.93874740600586,
    -47.94175338745117,
    -47.944541931152344,
    -47.94715881347656,
    -47.94959259033203,
    -47.95193099975586,
    -47.95411682128906,
    -47.95614242553711,
    -47.95805358886719,
    -47.95988464355469,
    -47.96157455444336,
    -47.963226318359375,
    -47.96472930908203,
    -47.966209411621094,
    -47.96759033203125,
    -47.96893310546875,
    -47.97016143798828,
    -47.97133255004883,
    -47.97242736816406,
    -47.97350311279297,
    -47.974510192871094,
    -47.97552490234375,
    -47.976417541503906,
    -47.977333068847656,
    -47.978172302246094,
    -47.978973388671875,
    -47.97974395751953,
    -47.980430603027344,
    -47.98120880126953,
    -47.98180389404297
  ],