{
  "size": 16,
  "opt_val": -48.0,
  "method": "VQE",
  "operations": [
    "Z0_Y5",
    "Z0_Y14",
    "Z0_Y1",
    "Z0_Y7",
    "Z0_Y4",
    "Z0_Y10",
    "Z0_Y9",
    "Z0_Y12",
    "Z0_Y15",
    "Z5_Y2",
    "Z5_Y3",
    "Z5_Y8",
    "Z14_Y6",
    "Z14_Y11",
    "Z14_Y13",
    "Z5_Y1",
    "Z5_Y4",
    "Z5_Y10",
    "Z5_Y12",
    "Z5_Y14",
    "Z14_Y2",
    "Z14_Y3",
    "Z14_Y15",
    "Z1_Y9",
    "Z1_Y11",
    "Z1_Y8",
    "Z7_Y2",
    "Z7_Y6",
    "Z7_Y13",
    "Z14_Y1",
    "Z1_Y3",
    "Z1_Y2",
    "Z1_Y4",
    "Z7_Y10",
    "Z7_Y9",
    "Z7_Y12",
    "Z7_Y15",
    "Z7_Y8",
    "Z4_Y6",
    "Z4_Y15",
    "Z4_Y11",
    "Z10_Y13",
    "Z4_Y2",
    "Z4_Y3",
    "Z4_Y10",
    "Z10_Y12",
    "Z10_Y15",
    "Z10_Y11",
    "Z9_Y2",
    "Z9_Y6",
    "Z9_Y8",
    "Z12_Y13",
    "Z10_Y3",
    "Z9_Y11",
    "Z9_Y12",
    "Z9_Y15",
    "Z12_Y6",
    "Z3_Y2",
    "Z3_Y13",
    "Z3_Y6",
    "Z3_Y8",
    "Z12_Y11",
    "Z12_Y15",
    "Z15_Y6",
    "Z2_Y8",
    "Z2_Y13",
    "Z11_Y8",
    "Z15_Y11",
    "Z11_Y13",
    "Z8_Y6",
    "Z8_Y13",
    "Z13_Y6"
  ],
  "dt": 0.05,
  "lr": 0.05,
  "lam": 1.0,
  "mu": 0.9,
  "fix_step": 0,
  "constant_c": true,
  "parameters": [
    -1.568043828010559,
    1.123704433441162,
    0.7511641979217529,
    1.0136643648147583,
    1.0393304824829102,
    0.7044738531112671,
    1.3845958709716797,
    0.6334510445594788,
    0.19267983734607697,
    0.1356106698513031,
    0.11603409051895142,
    0.6453472375869751,
    0.023829840123653412,
    0.00984298437833786,
    0.026464112102985382,
    0.6534444689750671,
    0.533976674079895,
    0.7741603851318359,
    0.8592850565910339,
    0.44672268629074097,
    0.4304769039154053,
    0.3175884485244751,
    0.339299738407135,
    -0.15600550174713135,
    0.11554650962352753,
    0.10169127583503723,
    0.058196332305669785,
    0.14687465131282806,
    0.9462888836860657,
    -0.1796259731054306,
    0.5000319480895996,
    0.26111361384391785,
    0.0025095748715102673,
    -0.007987255230545998,
    -0.0322582945227623,
    0.002460324438288808,
    0.12705853581428528,
    0.015330151654779911,
    0.5378920435905457,
    0.25200408697128296,
    0.5676759481430054,
    0.43979471921920776,
    0.5761643648147583,
    0.3251010775566101,
    -0.08689706027507782,
    -0.0777910128235817,
    0.42447587847709656,
    0.27886301279067993,
    0.47396597266197205,
    0.3763294219970703,
    0.10827046632766724,
    0.4615802764892578,
    0.5443105697631836,
    0.22653190791606903,
    -0.002594144083559513,
    0.2839018702507019,
    0.4053902328014374,
    0.0890013799071312,
    0.19300445914268494,
    0.08366081118583679,
    0.31156834959983826,
    0.37830302119255066,
    0.34195634722709656,
    0.10560230910778046,
    0.31126466393470764,
    0.3539685010910034,
    0.5256021618843079,
    0.004925186280161142,
    0.23519881069660187,
    0.4058712422847748,
    0.41823610663414,
    0.13297118246555328
  ],
  "opt_ratios": [
    9.155264706350863e-05,
    0.0002721213677432388,
    0.00040699687087908387,
    0.0005849009612575173,
    0.0008170722867362201,
    0.0011180159635841846,
    0.0015063753817230463,
    0.0020061994437128305,
    0.002648223889991641,
    0.003472107695415616,
    0.004528712015599012,
    0.005883598234504461,
    0.007621101103723049,
    0.009849597699940205,
    0.012708090245723724,
    0.016373537480831146,
    0.021070120856165886,
    0.02707713469862938,
    0.0347345806658268,
    0.04444433003664017,
    0.056659501045942307,
    0.07185297459363937,
    0.09046446532011032,
    0.11282816529273987,
    0.13909278810024261,
    0.16916391253471375,
    0.20269775390625,
    0.23915830254554749,
    0.2778976857662201,
    0.3182215988636017,
    0.35943764448165894,
    0.40087759494781494,
    0.44190317392349243,
    0.48193082213401794,
    0.5204430818557739,
    0.5570231676101685,
    0.5913683176040649,
    0.6232879161834717,
    0.6527011394500732,
    0.6796145439147949,
    0.7041076421737671,
    0.7263017892837524,
    0.7463582158088684,
    0.7644491195678711,
    0.7807536125183105,
    0.7954469919204712,
    0.8086993098258972,
    0.8206675052642822,
    0.8314939737319946,
    0.8413057327270508,
    0.8502184152603149,
    0.8583407402038574,
    0.8657643795013428,
    0.8725714087486267,
    0.8788267374038696,
    0.8845902681350708,
    0.8899174332618713,
    0.894860565662384,
    0.8994560241699219,
    0.903737485408783,
    0.9077370166778564,
    0.9114795327186584,
    0.9149941205978394,
    0.9182992577552795,
    0.9214117527008057,
    0.9243475198745728,
    0.9271261096000671,
    0.929755687713623,
    0.9322469234466553,
    0.9346122145652771,
    0.9368615746498108,
    0.9390006065368652,
    0.9410374760627747,
    0.942979097366333,
    0.9448328614234924,
    0.9466031193733215,
    0.9482936859130859,
    0.9499127268791199,
    0.9514607191085815,
    0.9529428482055664,
    0.9543620347976685,
    0.9557236433029175,
    0.9570311307907104,
    0.9582847356796265,
    0.9594897031784058,
    0.9606460332870483,
    0.9617588520050049,
    0.9628282785415649,
    0.9638559222221375,
    0.9648454785346985,
    0.9657987952232361,
    0.9667161107063293,
    0.9676013588905334,
    0.9684537053108215,
    0.9692764282226562,
    0.9700692892074585,
    0.9708337783813477,
    0.9715723395347595,
    0.9722845554351807,
    0.9729731678962708,
    0.9736379981040955
  ],
  "expectations": [
    -35.999969482421875,
    -37.569488525390625,
    -38.075157165527344,
    -38.50696563720703,
    -38.8874626159668,
    -39.231109619140625,
    -39.54771423339844,
    -39.84429168701172,
    -40.125999450683594,
    -40.39685821533203,
    -40.66017150878906,
    -40.918540954589844,
    -41.174407958984375,
    -41.43000793457031,
    -41.68735885620117,
    -41.94841003417969,
    -42.21516418457031,
    -42.48933029174805,
    -42.77252960205078,
    -43.06597900390625,
    -43.370269775390625,
    -43.6849365234375,
    -44.00823211669922,
    -44.3367919921875,
    -44.665374755859375,
    -44.98786163330078,
    -45.29768371582031,
    -45.58921813964844,
    -45.858558654785156,
    -46.10365295410156,
    -46.32398223876953,
    -46.52046203613281,
    -46.69447326660156,
    -46.847740173339844,
    -46.98222351074219,
    -47.099735260009766,
    -47.202030181884766,
    -47.290985107421875,
    -47.368133544921875,
    -47.43504333496094,
    -47.49308776855469,
    -47.54340362548828,
    -47.58711242675781,
    -47.62512969970703,
    -47.65830612182617,
    -47.687347412109375,
    -47.71277618408203,
    -47.73517990112305,
    -47.75498580932617,
    -47.772499084472656,
    -47.788063049316406,
    -47.801998138427734,
    -47.814491271972656,
    -47.82577133178711,
    -47.83591079711914,
    -47.84515380859375,
    -47.853553771972656,
    -47.86124038696289,
    -47.86827850341797,
    -47.874786376953125,
    -47.880767822265625,
    -47.88628387451172,
    -47.891448974609375,
    -47.89623260498047,
    -47.90070343017578,
    -47.90483093261719,
    -47.9088134765625,
    -47.91244888305664,
    -47.915870666503906,
    -47.91913604736328,
    -47.92221450805664,
    -47.92512130737305,
    -47.927833557128906,
    -47.93041229248047,
    -47.932861328125,
    -47.935211181640625,
    -47.9373779296875,
    -47.93955993652344,
    -47.941558837890625,
    -47.943477630615234,
    -47.945255279541016,
    -47.946983337402344,
    -47.948673248291016,
    -47.95023727416992,
    -47.95176315307617,
    -47.953216552734375,
    -47.95461654663086,
    -47.95596694946289,
    -47.95719909667969,
    -47.95839309692383,
    -47.9595947265625,
    -47.960693359375,
    -47.96179962158203,
    -47.962825775146484,
    -47.963836669921875,
    -47.96479034423828,
    -47.965728759765625,
    -47.966617584228516,
    -47.96745300292969,
    -47.96828079223633,
    -47.96906661987305
  ],