{
  "size": 16,
  "opt_val": -50.0,
  "method": "VQE",
  "operations": [
    "Z0_Y2",
    "Z0_Y5",
    "Z0_Y8",
    "Z0_Y14",
    "Z0_Y11",
    "Z0_Y13",
    "Z0_Y9",
    "Z0_Y6",
    "Z0_Y15",
    "Z2_Y1",
    "Z2_Y4",
    "Z2_Y10",
    "Z2_Y3",
    "Z2_Y12",
    "Z8_Y7",
    "Z2_Y11",
    "Z2_Y5",
    "Z2_Y14",
    "Z5_Y3",
    "Z5_Y13",
    "Z5_Y10",
    "Z5_Y6",
    "Z5_Y9",
    "Z5_Y15",
    "Z8_Y1",
    "Z8_Y3",
    "Z8_Y4",
    "Z8_Y12",
    "Z14_Y7",
    "Z5_Y14",
    "Z8_Y15",
    "Z8_Y11",
    "Z8_Y14",
    "Z14_Y3",
    "Z14_Y6",
    "Z14_Y9",
    "Z11_Y1",
    "Z11_Y4",
    "Z11_Y10",
    "Z11_Y12",
    "Z13_Y1",
    "Z13_Y7",
    "Z14_Y15",
    "Z11_Y3",
    "Z11_Y9",
    "Z13_Y4",
    "Z13_Y6",
    "Z13_Y10",
    "Z13_Y12",
    "Z13_Y15",
    "Z9_Y1",
    "Z9_Y6",
    "Z9_Y7",
    "Z9_Y3",
    "Z9_Y10",
    "Z6_Y1",
    "Z6_Y3",
    "Z6_Y12",
    "Z6_Y15",
    "Z15_Y4",
    "Z1_Y7",
    "Z15_Y10",
    "Z15_Y12",
    "Z1_Y12",
    "Z12_Y4",
    "Z12_Y7",
    "Z7_Y3",
    "Z1_Y10",
    "Z7_Y4",
    "Z7_Y10",
    "Z4_Y3",
    "Z10_Y4"
  ],
  "dt": 0.05,
  "lr": 0.05,
  "lam": 1.0,
  "mu": 0.9,
  "fix_step": 0,
  "constant_c": true,
  "parameters": [
    1.5707964897155762,
    -0.5900810360908508,
    1.5703551769256592,
    -0.5068313479423523,
    0.9347959160804749,
    0.9187797904014587,
    0.6639500260353088,
    0.7165610194206238,
    0.6139586567878723,
    0.3453153073787689,
    0.32689663767814636,
    0.33379340171813965,
    0.3366650640964508,
    0.39142051339149475,
    -0.02199563756585121,
    -0.4852835536003113,
    0.9806261658668518,
    1.0033822059631348,
    0.16338470578193665,
    0.6520185470581055,
    0.19174078106880188,
    0.2625831067562103,
    0.3866821825504303,
    0.33423033356666565,
    0.23257413506507874,
    0.2940582036972046,
    0.2690516412258148,
    0.13859350979328156,
    0.3809216618537903,
    0.11061091721057892,
    0.041712284088134766,
    -0.15081505477428436,
    0.17205709218978882,
    0.11850540339946747,
    0.5679458975791931,
    0.5009302496910095,
    0.2357504665851593,
    0.2627706825733185,
    0.3221595585346222,
    0.32316556572914124,
    0.19368620216846466,
    0.01427854597568512,
    0.6345279216766357,
    0.3522539436817169,
    -0.01925143413245678,
    0.37290942668914795,
    0.002563692396506667,
    0.23199887573719025,
    0.13432903587818146,
    -0.036632437258958817,
    0.22759738564491272,
    -0.026302706450223923,
    -0.0073755537159740925,
    0.28260472416877747,
    0.33278998732566833,
    0.33587774634361267,
    0.3790529668331146,
    0.3674735128879547,
    0.0068087042309343815,
    0.3599449098110199,
    0.529960572719574,
    0.35729461908340454,
    0.29935455322265625,
    0.08353341370820999,
    0.14792563021183014,
    0.6451312303543091,
    0.331233948469162,
    0.1563345491886139,
    0.25392335653305054,
    0.3408447504043579,
    0.12353389710187912,
    0.13033968210220337
  ],
  "opt_ratios": [
    3.0517549021169543e-05,
    0.0001081661757780239,
    0.00017465901328250766,
    0.0002712460409384221,
    0.00041101014357991517,
    0.000613617361523211,
    0.0009090031962841749,
    0.0013433970743790269,
    0.0019895294681191444,
    0.002963324775919318,
    0.004453039728105068,
    0.006768482271581888,
    0.010425514541566372,
    0.016286449506878853,
    0.02578338049352169,
    0.0412278026342392,
    0.06612476706504822,
    0.10516279190778732,
    0.16321958601474762,
    0.2427746057510376,
    0.3406280279159546,
    0.4470379650592804,
    0.5496826767921448,
    0.6395453810691833,
    0.7134625315666199,
    0.7724618911743164,
    0.8190751671791077,
    0.8558521270751953,
    0.8848882913589478,
    0.9078637957572937,
    0.9260632395744324,
    0.940493643283844,
    0.9519577026367188,
    0.9610964059829712,
    0.9683834910392761,
    0.9742035269737244,
    0.9788763523101807,
    0.9826295375823975,
    0.9856222867965698,
    0.9880498051643372,
    0.9900025725364685,
    0.9915979504585266,
    0.9928920269012451,
    0.9939432144165039,
    0.9948086738586426,
    0.9955206513404846,
    0.9961183071136475,
    0.9966115951538086,
    0.9970221519470215,
    0.9973645210266113,
    0.9976470470428467,
    0.9978864789009094,
    0.9980873465538025,
    0.9982603788375854,
    0.998407781124115,
    0.9985353350639343,
    0.9986459016799927,
    0.9987438917160034,
    0.9988297820091248,
    0.998905599117279,
    0.9989737272262573,
    0.9990349411964417,
    0.9990895986557007,
    0.9991386532783508,
    0.9991838932037354,
    0.9992251396179199,
    0.9992618560791016,
    0.999297022819519,
    0.9993283748626709,
    0.9993592500686646,
    0.9993873238563538,
    0.9994131326675415,
    0.9994373917579651,
    0.9994608163833618,
    0.9994828104972839,
    0.9995033144950867,
    0.9995231628417969,
    0.9995412230491638,
    0.9995579123497009,
    0.9995753169059753,
    0.9995903372764587,
    0.9996053576469421,
    0.9996182918548584,
    0.9996320009231567,
    0.9996451735496521,
    0.9996587038040161,
    0.9996702075004578,
    0.999681293964386,
    0.9996915459632874,
    0.9997016787528992,
    0.9997112154960632,
    0.9997209906578064,
    0.9997304677963257,
    0.9997391700744629,
    0.9997467994689941,
    0.9997550249099731,
    0.9997625946998596,
    0.9997705221176147,
    0.99977707862854,
    0.9997837543487549,
    0.9997909069061279
  ],
  "expectations": [
    -35.999969482421875,
    -37.57289123535156,
    -38.08468246459961,
    -38.524879455566406,
    -38.91663360595703,
    -39.275028228759766,
    -39.6109504699707,
    -39.93273162841797,
    -40.24754333496094,
    -40.562095642089844,
    -40.883277893066406,
    -41.21923828125,
    -41.579559326171875,
    -41.975982666015625,
    -42.42291259765625,
    -42.93658447265625,
    -43.5322265625,
    -44.21806335449219,
    -44.985687255859375,
    -45.80211639404297,
    -46.6118278503418,
    -47.35253143310547,
    -47.97791290283203,
    -48.471614837646484,
    -48.84436798095703,
    -49.120338439941406,
    -49.32408905029297,
    -49.47550964355469,
    -49.58908462524414,
    -49.67525100708008,
    -49.741241455078125,
    -49.792144775390625,
    -49.831790924072266,
    -49.86304473876953,
    -49.887638092041016,
    -49.90721130371094,
    -49.9228515625,
    -49.93548583984375,
    -49.94560241699219,
    -49.95381546020508,
    -49.96051788330078,
    -49.966060638427734,
    -49.97056198120117,
    -49.97430419921875,
    -49.97743606567383,
    -49.97999572753906,
    -49.982177734375,
    -49.983978271484375,
    -49.98554992675781,
    -49.986915588378906,
    -49.988033294677734,
    -49.988990783691406,
    -49.989845275878906,
    -49.990623474121094,
    -49.991233825683594,
    -49.99178695678711,
    -49.99226379394531,
    -49.99272918701172,
    -49.99311065673828,
    -49.99345397949219,
    -49.993804931640625,
    -49.99413299560547,
    -49.994407653808594,
    -49.99463653564453,
    -49.99488830566406,
    -49.99510192871094,
    -49.995269775390625,
    -49.99547576904297,
    -49.99560546875,
    -49.995811462402344,
    -49.99596405029297,
    -49.99609375,
    -49.99622344970703,
    -49.996368408203125,
    -49.99650955200195,
    -49.996612548828125,
    -49.996734619140625,
    -49.99683380126953,
    -49.99689865112305,
    -49.99702835083008,
    -49.997093200683594,
    -49.99718475341797,
    -49.997222900390625,
    -49.99730682373047,
    -49.99738693237305,
    -49.99751281738281,
    -49.99756622314453,
    -49.99762725830078,
    -49.99766540527344,
    -49.99773025512695,
    -49.99778366088867,
    -49.99785614013672,
    -49.9979248046875,
    -49.99797439575195,
    -49.99797821044922,
    -49.99803161621094,
    -49.998077392578125,
    -49.99814224243164,
    -49.99816131591797,
    -49.99818801879883,
    -49.99825668334961
  ],