{
  "size": 16,
  "opt_val": -50.0,
  "method": "VQE",
  "operations": [
    "Z0_Y8",
    "Z0_Y14",
    "Z0_Y11",
    "Z0_Y1",
    "Z0_Y7",
    "Z0_Y10",
    "Z0_Y4",
    "Z0_Y3",
    "Z0_Y6",
    "Z8_Y12",
    "Z8_Y15",
    "Z8_Y13",
    "Z14_Y2",
    "Z14_Y5",
    "Z11_Y9",
    "Z8_Y1",
    "Z8_Y3",
    "Z8_Y4",
    "Z8_Y6",
    "Z8_Y11",
    "Z14_Y1",
    "Z14_Y12",
    "Z14_Y13",
    "Z14_Y15",
    "Z11_Y5",
    "Z1_Y2",
    "Z1_Y10",
    "Z7_Y2",
    "Z7_Y9",
    "Z14_Y4",
    "Z14_Y11",
    "Z11_Y1",
    "Z11_Y3",
    "Z11_Y6",
    "Z11_Y13",
    "Z1_Y12",
    "Z1_Y5",
    "Z7_Y3",
    "Z7_Y10",
    "Z10_Y2",
    "Z10_Y15",
    "Z4_Y9",
    "Z1_Y6",
    "Z7_Y4",
    "Z7_Y5",
    "Z7_Y6",
    "Z7_Y12",
    "Z10_Y3",
    "Z10_Y5",
    "Z10_Y13",
    "Z4_Y2",
    "Z3_Y9",
    "Z3_Y15",
    "Z10_Y12",
    "Z4_Y6",
    "Z4_Y12",
    "Z4_Y13",
    "Z3_Y2",
    "Z3_Y6",
    "Z6_Y15",
    "Z12_Y5",
    "Z12_Y9",
    "Z6_Y12",
    "Z2_Y13",
    "Z2_Y9",
    "Z2_Y15",
    "Z5_Y13",
    "Z5_Y9",
    "Z5_Y15",
    "Z13_Y9",
    "Z13_Y15",
    "Z9_Y15"
  ],
  "dt": 0.05,
  "lr": 0.05,
  "lam": 1.0,
  "mu": 0.9,
  "fix_step": 0,
  "constant_c": true,
  "parameters": [
    1.5707963705062866,
    1.5707913637161255,
    -0.25128835439682007,
    -0.06879273802042007,
    -1.1531234979629517,
    0.8572998046875,
    -0.02248331904411316,
    -0.0345550999045372,
    0.40501582622528076,
    0.5834616422653198,
    0.33603113889694214,
    0.47043541073799133,
    0.1469261348247528,
    -0.007974277250468731,
    0.00291104125790298,
    1.0580673217773438,
    0.8481636047363281,
    0.8734842538833618,
    -0.07107732445001602,
    0.6660003066062927,
    0.44402024149894714,
    0.4566515386104584,
    0.33883312344551086,
    0.2675255239009857,
    0.17013655602931976,
    0.7033402919769287,
    0.7132136821746826,
    0.07270586490631104,
    0.009617581963539124,
    0.685215175151825,
    0.6625992059707642,
    0.00019710483320523053,
    0.02926650457084179,
    0.1307571828365326,
    0.1476788967847824,
    0.011523399502038956,
    0.7540918588638306,
    0.009741002693772316,
    0.0002945809392258525,
    0.001352973049506545,
    0.2755619287490845,
    0.4166247844696045,
    0.4148314893245697,
    0.01617756299674511,
    0.1503889113664627,
    0.0013353904942050576,
    -0.005301817785948515,
    0.7259870767593384,
    -0.08339234441518784,
    0.5641590356826782,
    0.42697063088417053,
    0.4060531556606293,
    0.15535196661949158,
    0.5767804384231567,
    0.2620041072368622,
    0.049755025655031204,
    0.14269325137138367,
    0.5179003477096558,
    0.28618672490119934,
    0.42806535959243774,
    0.4371721148490906,
    0.5374054908752441,
    0.01660325936973095,
    0.2779819667339325,
    0.1241203024983406,
    0.1936262995004654,
    0.2099982351064682,
    0.09598667919635773,
    0.12320124357938766,
    0.42041927576065063,
    0.18834997713565826,
    0.29094594717025757
  ],
  "opt_ratios": [
    3.0517549021169543e-05,
    0.00011077064846176654,
    0.00017962168203666806,
    0.00027736424817703664,
    0.00041255212272517383,
    0.0005953378858976066,
    0.0008372176671400666,
    0.001150465221144259,
    0.0015470079379156232,
    0.0020368462428450584,
    0.002625849563628435,
    0.003313204972073436,
    0.004088993649929762,
    0.004931939300149679,
    0.005808966234326363,
    0.00667589670047164,
    0.007479976862668991,
    0.008164883591234684,
    0.008676315657794476,
    0.008967001922428608,
    0.009004183113574982,
    0.00877290964126587,
    0.008279387839138508,
    0.0075527760200202465,
    0.006643013563007116,
    0.005616998765617609,
    0.004551987163722515,
    0.003525256412103772,
    0.0026031273882836103,
    0.0018306685378775,
    0.0012266101548448205,
    0.0007846782100386918,
    0.00048095110105350614,
    0.0002837084757629782,
    0.00016185791173484176,
    8.97428544703871e-05,
    4.8567944759270176e-05,
    2.575693724793382e-05,
    1.342668565484928e-05,
    6.89766011419124e-06,
    3.4990132462553447e-06,
    1.7557405271872994e-06,
    8.72391296979913e-07,
    4.297082796256291e-07,
    2.1001105210416426e-07,
    1.0189472021693291e-07,
    4.909804474095836e-08,
    2.3505544177737647e-08,
    1.1193762361472182e-08,
    5.287820403765409e-09,
    2.4918707097754123e-09,
    1.1741241312535067e-09,
    5.461833763042989e-10,
    2.467880344525497e-10,
    1.1898765306384007e-10,
    5.197357128006175e-11,
    2.575704059759598e-11,
    1.1582935131870808e-11,
    4.692282153107019e-12,
    2.245647678228435e-12,
    1.2376948424486223e-12,
    7.30154652017756e-13,
    4.599093458498849e-13,
    3.0561612810765804e-13,
    1.9130270284550832e-13,
    1.2696106373253496e-13,
    8.631350435816046e-14,
    5.6765122523295616e-14,
    3.812000967163588e-14,
    2.066988920789662e-14,
    1.3366115533168868e-14,
    4.320516011201581e-15,
    7.578633007375576e-16,
    1.0727159424995931e-16,
    1.060469963664664e-16,
    4.1886626274672406e-17,
    2.6071571546091408e-17,
    3.564927417443875e-17,
    4.5744414671884965e-17,
    2.2324486384618045e-17,
    5.531011987262784e-17,
    2.6732425989794723e-17,
    2.7168568548291883e-17,
    1.9901287249923552e-17,
    9.390253575375477e-17,
    4.754449865114326e-17,
    7.207661428537958e-17,
    6.23017382687792e-18,
    5.54989982936982e-17,
    2.9720606026475185e-17,
    8.609482758270349e-18,
    4.825203255117417e-17,
    7.985040474259373e-17,
    4.1900486513016345e-17,
    1.7414087496874607e-17,
    3.613499793885234e-17,
    2.037358421863418e-17,
    4.812033216276593e-17,
    3.657895900849935e-17,
    8.246317713007313e-17,
    1.3768239316210384e-17
  ],