{
  "size": 14,
  "opt_val": -18.0,
  "method": "VQE",
  "operations": [
    "Z0_Y4",
    "Z0_Y10",
    "Z0_Y9",
    "Z4_Y5",
    "Z4_Y7",
    "Z10_Y6",
    "Z10_Y8",
    "Z9_Y13",
    "Z1_Y3",
    "Z1_Y12",
    "Z1_Y7",
    "Z2_Y11",
    "Z2_Y8",
    "Z9_Y8",
    "Z3_Y7",
    "Z3_Y12",
    "Z12_Y13",
    "Z2_Y13",
    "Z11_Y5",
    "Z11_Y6",
    "Z5_Y6"
  ],
  "dt": 0.05,
  "lr": 0.05,
  "lam": 1.0,
  "mu": 0.9,
  "fix_step": 0,
  "constant_c": true,
  "parameters": [
    1.3062187433242798,
    1.5224692821502686,
    1.5401611328125,
    0.9819748401641846,
    0.30088362097740173,
    0.8136614561080933,
    0.7584108114242554,
    0.6138287782669067,
    -0.9302883148193359,
    0.7839199900627136,
    0.6847315430641174,
    1.4146841764450073,
    0.07405650615692139,
    0.7584108710289001,
    0.6847319006919861,
    0.7839213609695435,
    0.6138294339179993,
    0.6138290166854858,
    0.5155923366546631,
    1.0237889289855957,
    0.654809296131134
  ],
  "opt_ratios": [
    0.0001220702106365934,
    0.0002459846145939082,
    0.00033622683258727193,
    0.0004492852312978357,
    0.0005876999348402023,
    0.000753527507185936,
    0.0009482027962803841,
    0.0011724472278729081,
    0.0014262149343267083,
    0.001708687050268054,
    0.002018313156440854,
    0.00235288729891181,
    0.002709639724344015,
    0.0030853692442178726,
    0.003476557554677129,
    0.0038794963620603085,
    0.004290410317480564,
    0.004705559927970171,
    0.0051213158294558525,
    0.005534266121685505,
    0.005941234529018402,
    0.0063393572345376015,
    0.006726070307195187,
    0.007099151611328125,
    0.007456710562109947,
    0.007797159254550934,
    0.008119228295981884,
    0.008421936072409153,
    0.008704546838998795,
    0.008966556750237942,
    0.009207689203321934,
    0.00942782312631607,
    0.009627011604607105,
    0.009805439040064812,
    0.009963404387235641,
    0.010101301595568657,
    0.010219600982964039,
    0.01031884178519249,
    0.010399620980024338,
    0.010462583974003792,
    0.010508383624255657,
    0.010537737049162388,
    0.010551327839493752,
    0.010549888014793396,
    0.010534157045185566,
    0.010504858568310738,
    0.010462709702551365,
    0.010408453643321991,
    0.010342787019908428,
    0.01026640273630619,
    0.010179996490478516,
    0.010084228590130806,
    0.009979762136936188,
    0.009867200627923012,
    0.009747171774506569,
    0.009620263241231441,
    0.009487038478255272,
    0.009348047897219658,
    0.009203814901411533,
    0.009054840542376041,
    0.008901611901819706,
    0.008744575083255768,
    0.008584192022681236,
    0.008420858532190323,
    0.008254989981651306,
    0.008086957037448883,
    0.0079171322286129,
    0.007745862007141113,
    0.007573455572128296,
    0.0074002365581691265,
    0.0072265081107616425,
    0.007052539847791195,
    0.0068785930052399635,
    0.006704924628138542,
    0.006531772203743458,
    0.006359363906085491,
    0.006187900900840759,
    0.006017586681991816,
    0.005848613567650318,
    0.005681151989847422,
    0.005515371449291706,
    0.005351421423256397,
    0.005189455114305019,
    0.005029591731727123,
    0.004871968645602465,
    0.0047166915610432625,
    0.004563868977129459,
    0.0044136024080216885,
    0.004265971481800079,
    0.004121056292206049,
    0.003978939726948738,
    0.003839671378955245,
    0.0037033120170235634,
    0.0035699072759598494,
    0.0034395030234009027,
    0.0033121220767498016,
    0.003187805414199829,
    0.0030665635131299496,
    0.002948412671685219,
    0.0028333631344139576,
    0.002721414901316166
  ],
  "expectations": [
    -10.499990463256836,
    -11.016518592834473,
    -11.259889602661133,
    -11.494348526000977,
    -11.719675064086914,
    -11.93575668334961,
    -12.14254379272461,
    -12.340096473693848,
    -12.52853775024414,
    -12.70803451538086,
    -12.878805160522461,
    -13.041136741638184,
    -13.195301055908203,
    -13.341623306274414,
    -13.48044204711914,
    -13.612083435058594,
    -13.736899375915527,
    -13.855228424072266,
    -13.96738052368164,
    -14.073710441589355,
    -14.174500465393066,
    -14.270079612731934,
    -14.360723495483398,
    -14.4467134475708,
    -14.528318405151367,
    -14.60578727722168,
    -14.679349899291992,
    -14.749252319335938,
    -14.815692901611328,
    -14.878868103027344,
    -14.93899154663086,
    -14.99621295928955,
    -15.050714492797852,
    -15.102648735046387,
    -15.152156829833984,
    -15.199387550354004,
    -15.244447708129883,
    -15.28746509552002,
    -15.328548431396484,
    -15.367815971374512,
    -15.405344009399414,
    -15.44124984741211,
    -15.475593566894531,
    -15.508468627929688,
    -15.539955139160156,
    -15.570121765136719,
    -15.599029541015625,
    -15.626773834228516,
    -15.65339469909668,
    -15.678934097290039,
    -15.703481674194336,
    -15.727081298828125,
    -15.749787330627441,
    -15.771631240844727,
    -15.792675018310547,
    -15.812962532043457,
    -15.832526206970215,
    -15.851421356201172,
    -15.869688034057617,
    -15.887347221374512,
    -15.90444278717041,
    -15.920988082885742,
    -15.937049865722656,
    -15.952615737915039,
    -15.96774673461914,
    -15.98244857788086,
    -15.996764183044434,
    -16.01068878173828,
    -16.02425765991211,
    -16.037487030029297,
    -16.050397872924805,
    -16.063003540039062,
    -16.07530403137207,
    -16.087337493896484,
    -16.099109649658203,
    -16.110626220703125,
    -16.121898651123047,
    -16.132932662963867,
    -16.143747329711914,
    -16.15434455871582,
    -16.16472625732422,
    -16.174901962280273,
    -16.184890747070312,
    -16.194679260253906,
    -16.204275131225586,
    -16.213687896728516,
    -16.222911834716797,
    -16.23195457458496,
    -16.240819931030273,
    -16.249513626098633,
    -16.258041381835938,
    -16.26639175415039,
    -16.274568557739258,
    -16.282581329345703,
    -16.290435791015625,
    -16.298114776611328,
    -16.305641174316406,
    -16.312997817993164,
    -16.320194244384766,
    -16.32723617553711,
    -16.334102630615234
  ],