{
  "size": 14,
  "opt_val": -17.0,
  "method": "VQE",
  "operations": [
    "Z0_Y11",
    "Z0_Y1",
    "Z0_Y12",
    "Z11_Y5",
    "Z1_Y7",
    "Z12_Y2",
    "Z12_Y4",
    "Z7_Y3",
    "Z7_Y8",
    "Z2_Y13",
    "Z4_Y10",
    "Z3_Y6",
    "Z6_Y9",
    "Z11_Y1",
    "Z2_Y4",
    "Z13_Y8",
    "Z13_Y10",
    "Z3_Y8",
    "Z6_Y5",
    "Z10_Y9",
    "Z5_Y9"
  ],
  "dt": 0.05,
  "lr": 0.05,
  "lam": 1.0,
  "mu": 0.9,
  "fix_step": 0,
  "constant_c": true,
  "parameters": [
    0.6749235987663269,
    0.919711709022522,
    1.4505528211593628,
    1.3586069345474243,
    1.2891138792037964,
    0.725684404373169,
    0.09206204116344452,
    1.255889654159546,
    0.43601998686790466,
    1.5362787246704102,
    0.06916714459657669,
    1.4042062759399414,
    0.5205063819885254,
    0.1642456203699112,
    1.3999536037445068,
    1.2248088121414185,
    1.5161361694335938,
    0.5712886452674866,
    0.141402930021286,
    0.6544560790061951,
    0.49780401587486267
  ],
  "opt_ratios": [
    0.0009765616850927472,
    0.0018084968905895948,
    0.002388794906437397,
    0.0031013519037514925,
    0.003961768001317978,
    0.004984668456017971,
    0.006183320190757513,
    0.007569301873445511,
    0.009152300655841827,
    0.01093994826078415,
    0.012937825173139572,
    0.01514948159456253,
    0.017576558515429497,
    0.020218972116708755,
    0.02307513728737831,
    0.026142213493585587,
    0.029416322708129883,
    0.03289281576871872,
    0.03656656667590141,
    0.04043210297822952,
    0.044483814388513565,
    0.048716142773628235,
    0.053123652935028076,
    0.05770116671919823,
    0.06244393065571785,
    0.0673474669456482,
    0.07240761816501617,
    0.07762083411216736,
    0.08298376947641373,
    0.08849349617958069,
    0.09414757788181305,
    0.09994371235370636,
    0.10587982833385468,
    0.11195425689220428,
    0.11816542595624924,
    0.12451192736625671,
    0.13099229335784912,
    0.13760551810264587,
    0.14435017108917236,
    0.1512250304222107,
    0.1582288146018982,
    0.1653602421283722,
    0.17261797189712524,
    0.1800002008676529,
    0.1875056028366089,
    0.19513237476348877,
    0.20287834107875824,
    0.21074190735816956,
    0.21872061491012573,
    0.2268124669790268,
    0.23501479625701904,
    0.2433251142501831,
    0.2517410218715668,
    0.260259747505188,
    0.26887819170951843,
    0.27759405970573425,
    0.2864043116569519,
    0.2953059673309326,
    0.3042962849140167,
    0.31337255239486694,
    0.3225318193435669,
    0.3317714333534241,
    0.3410886228084564,
    0.35048091411590576,
    0.3599461317062378,
    0.36948132514953613,
    0.3790843188762665,
    0.38875311613082886,
    0.39848530292510986,
    0.4082790017127991,
    0.418131560087204,
    0.4280412793159485,
    0.43800604343414307,
    0.44802314043045044,
    0.4580906331539154,
    0.46820518374443054,
    0.4783647656440735,
    0.4885660409927368,
    0.49880528450012207,
    0.509078860282898,
    0.5193831324577332,
    0.5297124981880188,
    0.540062665939331,
    0.5504275560379028,
    0.5608018040657043,
    0.5711777806282043,
    0.5815494656562805,
    0.5919084548950195,
    0.6022468209266663,
    0.6125562191009521,
    0.6228275299072266,
    0.6330513954162598,
    0.6432179808616638,
    0.6533175110816956,
    0.6633397340774536,
    0.6732746362686157,
    0.6831114292144775,
    0.692840576171875,
    0.702451229095459,
    0.7119337320327759,
    0.7212786674499512
  ],
  "expectations": [
    -10.499991416931152,
    -11.014089584350586,
    -11.252077102661133,
    -11.478982925415039,
    -11.694807052612305,
    -11.899673461914062,
    -12.093829154968262,
    -12.277581214904785,
    -12.451316833496094,
    -12.615429878234863,
    -12.770380020141602,
    -12.91662311553955,
    -13.0546236038208,
    -13.184844970703125,
    -13.307750701904297,
    -13.423799514770508,
    -13.533422470092773,
    -13.637027740478516,
    -13.735039710998535,
    -13.82784652709961,
    -13.91580581665039,
    -13.999277114868164,
    -14.07857894897461,
    -14.15401840209961,
    -14.225908279418945,
    -14.294514656066895,
    -14.360072135925293,
    -14.422845840454102,
    -14.483037948608398,
    -14.540851593017578,
    -14.596492767333984,
    -14.650129318237305,
    -14.701905250549316,
    -14.75198745727539,
    -14.800506591796875,
    -14.847587585449219,
    -14.893326759338379,
    -14.937858581542969,
    -14.981252670288086,
    -15.023595809936523,
    -15.064963340759277,
    -15.105424880981445,
    -15.145050048828125,
    -15.183868408203125,
    -15.22195053100586,
    -15.259333610534668,
    -15.296028137207031,
    -15.332098007202148,
    -15.367548942565918,
    -15.40241813659668,
    -15.436705589294434,
    -15.470431327819824,
    -15.503623962402344,
    -15.536279678344727,
    -15.568391799926758,
    -15.599998474121094,
    -15.631088256835938,
    -15.661662101745605,
    -15.691730499267578,
    -15.721302032470703,
    -15.7503662109375,
    -15.778934478759766,
    -15.807003021240234,
    -15.834587097167969,
    -15.861696243286133,
    -15.888317108154297,
    -15.914461135864258,
    -15.940150260925293,
    -15.965378761291504,
    -15.990169525146484,
    -16.014507293701172,
    -16.038423538208008,
    -16.061933517456055,
    -16.085033416748047,
    -16.107751846313477,
    -16.130075454711914,
    -16.152042388916016,
    -16.173656463623047,
    -16.194917678833008,
    -16.21584701538086,
    -16.236467361450195,
    -16.256763458251953,
    -16.276763916015625,
    -16.29646110534668,
    -16.315881729125977,
    -16.335006713867188,
    -16.353864669799805,
    -16.3724422454834,
    -16.390748977661133,
    -16.40878677368164,
    -16.42655372619629,
    -16.444047927856445,
    -16.461267471313477,
    -16.47821044921875,
    -16.494873046875,
    -16.511253356933594,
    -16.52733612060547,
    -16.54313087463379,
    -16.558618545532227,
    -16.57379722595215,
    -16.588661193847656
  ],