{
  "size": 14,
  "opt_val": -18.0,
  "method": "VQE",
  "operations": [
    "Z0_Y5",
    "Z0_Y10",
    "Z0_Y3",
    "Z5_Y9",
    "Z5_Y8",
    "Z10_Y4",
    "Z10_Y12",
    "Z3_Y13",
    "Z3_Y6",
    "Z1_Y6",
    "Z2_Y11",
    "Z2_Y7",
    "Z2_Y12",
    "Z1_Y8",
    "Z1_Y13",
    "Z6_Y12",
    "Z8_Y9",
    "Z11_Y4",
    "Z11_Y7",
    "Z13_Y9",
    "Z7_Y4"
  ],
  "dt": 0.05,
  "lr": 0.05,
  "lam": 1.0,
  "mu": 0.9,
  "fix_step": 0,
  "constant_c": true,
  "parameters": [
    1.3930515050888062,
    1.3618541955947876,
    1.3294672966003418,
    0.08912647515535355,
    0.08250731229782104,
    0.16720035672187805,
    0.5607040524482727,
    0.10385972261428833,
    0.45222362875938416,
    1.0949524641036987,
    1.285757303237915,
    1.2712812423706055,
    0.7950200438499451,
    1.4809975624084473,
    1.4619977474212646,
    0.5607038140296936,
    0.7118090391159058,
    0.7266517877578735,
    -0.18316954374313354,
    0.7981552481651306,
    0.7266517877578735
  ],
  "opt_ratios": [
    0.0001220702106365934,
    0.00025012600235641,
    0.0003480550949461758,
    0.0004763239703606814,
    0.0006416087853722274,
    0.0008512877975590527,
    0.001113341422751546,
    0.0014362020883709192,
    0.0018285817932337523,
    0.002299267565831542,
    0.0028569060377776623,
    0.0035097813233733177,
    0.0042656054720282555,
    0.005131327081471682,
    0.006112960167229176,
    0.007215454708784819,
    0.008442607708275318,
    0.009796997532248497,
    0.011279980652034283,
    0.0128916772082448,
    0.01463109441101551,
    0.01649611070752144,
    0.01848364621400833,
    0.02058977261185646,
    0.022809796035289764,
    0.02513844706118107,
    0.027569986879825592,
    0.030098319053649902,
    0.03271712735295296,
    0.03541995584964752,
    0.03820038214325905,
    0.04105198755860329,
    0.04396843537688255,
    0.04694364219903946,
    0.04997170343995094,
    0.05304680019617081,
    0.05616352707147598,
    0.059316664934158325,
    0.06250119209289551,
    0.06571220606565475,
    0.0689452663064003,
    0.07219593226909637,
    0.07545995712280273,
    0.07873328030109406,
    0.08201205730438232,
    0.08529229462146759,
    0.0885704755783081,
    0.09184285253286362,
    0.09510595351457596,
    0.09835623949766159,
    0.10159040987491608,
    0.10480501502752304,
    0.10799692571163177,
    0.11116285622119904,
    0.11429978162050247,
    0.11740457266569138,
    0.12047430872917175,
    0.12350612133741379,
    0.12649735808372498,
    0.12944523990154266,
    0.13234737515449524,
    0.13520120084285736,
    0.13800467550754547,
    0.14075562357902527,
    0.14345212280750275,
    0.14609238505363464,
    0.14867469668388367,
    0.1511979103088379,
    0.15366068482398987,
    0.15606188774108887,
    0.1584005504846573,
    0.16067619621753693,
    0.16288815438747406,
    0.1650359332561493,
    0.16711971163749695,
    0.16913916170597076,
    0.1710946261882782,
    0.17298613488674164,
    0.17481432855129242,
    0.17657968401908875,
    0.17828300595283508,
    0.17992478609085083,
    0.1815061867237091,
    0.18302816152572632,
    0.18449173867702484,
    0.18589799106121063,
    0.18724821507930756,
    0.18854382634162903,
    0.18978574872016907,
    0.19097580015659332,
    0.1921149492263794,
    0.19320493936538696,
    0.19424688816070557,
    0.19524253904819489,
    0.19619318842887878,
    0.1971002221107483,
    0.1979650855064392,
    0.19878922402858734,
    0.19957399368286133,
    0.2003207504749298,
    0.2010311484336853
  ],
  "expectations": [
    -10.499991416931152,
    -11.016702651977539,
    -11.26054859161377,
    -11.495772361755371,
    -11.722193717956543,
    -11.939621925354004,
    -12.147985458374023,
    -12.347245216369629,
    -12.537397384643555,
    -12.718533515930176,
    -12.89078140258789,
    -13.054306030273438,
    -13.209341049194336,
    -13.356147766113281,
    -13.495019912719727,
    -13.626270294189453,
    -13.750243186950684,
    -13.867274284362793,
    -13.977734565734863,
    -14.081953048706055,
    -14.18031120300293,
    -14.273133277893066,
    -14.360759735107422,
    -14.443519592285156,
    -14.521724700927734,
    -14.59567928314209,
    -14.665672302246094,
    -14.731979370117188,
    -14.794864654541016,
    -14.85456371307373,
    -14.911334037780762,
    -14.965383529663086,
    -15.016914367675781,
    -15.066139221191406,
    -15.113239288330078,
    -15.158361434936523,
    -15.201678276062012,
    -15.243343353271484,
    -15.283491134643555,
    -15.322216987609863,
    -15.359662055969238,
    -15.395922660827637,
    -15.431087493896484,
    -15.465234756469727,
    -15.49846076965332,
    -15.530801773071289,
    -15.562341690063477,
    -15.593118667602539,
    -15.623178482055664,
    -15.652551651000977,
    -15.681285858154297,
    -15.709390640258789,
    -15.736909866333008,
    -15.76384162902832,
    -15.790214538574219,
    -15.816024780273438,
    -15.841285705566406,
    -15.865997314453125,
    -15.890181541442871,
    -15.913818359375,
    -15.936920166015625,
    -15.959467887878418,
    -15.98148250579834,
    -16.002952575683594,
    -16.02387237548828,
    -16.044235229492188,
    -16.06403923034668,
    -16.08330535888672,
    -16.102018356323242,
    -16.12017822265625,
    -16.137771606445312,
    -16.154821395874023,
    -16.171329498291016,
    -16.187274932861328,
    -16.202699661254883,
    -16.217578887939453,
    -16.231945037841797,
    -16.24577522277832,
    -16.25910758972168,
    -16.271934509277344,
    -16.284278869628906,
    -16.29613494873047,
    -16.307525634765625,
    -16.318466186523438,
    -16.328960418701172,
    -16.33901596069336,
    -16.348655700683594,
    -16.3579044342041,
    -16.366737365722656,
    -16.375213623046875,
    -16.3833065032959,
    -16.391063690185547,
    -16.39846420288086,
    -16.405553817749023,
    -16.412328720092773,
    -16.418800354003906,
    -16.424978256225586,
    -16.43088722229004,
    -16.436527252197266,
    -16.441905975341797,
    -16.447057723999023
  ],