{
  "size": 14,
  "opt_val": -18.0,
  "method": "VQE",
  "operations": [
    "Z0_Y10",
    "Z0_Y9",
    "Z0_Y6",
    "Z10_Y13",
    "Z9_Y8",
    "Z6_Y12",
    "Z6_Y11",
    "Z1_Y3",
    "Z1_Y8",
    "Z1_Y4",
    "Z3_Y7",
    "Z8_Y2",
    "Z2_Y5",
    "Z10_Y9",
    "Z3_Y13",
    "Z4_Y11",
    "Z4_Y7",
    "Z2_Y12",
    "Z5_Y13",
    "Z5_Y12",
    "Z7_Y11"
  ],
  "dt": 0.05,
  "lr": 0.05,
  "lam": 1.0,
  "mu": 0.9,
  "fix_step": 0,
  "constant_c": true,
  "parameters": [
    0.4627494215965271,
    0.9041818380355835,
    1.4255348443984985,
    0.20146507024765015,
    0.22221052646636963,
    1.2855781316757202,
    1.372127652168274,
    1.5571564435958862,
    1.3215665817260742,
    1.5401378870010376,
    0.9355303049087524,
    1.5032395124435425,
    1.3936830759048462,
    0.4974077343940735,
    0.7518969178199768,
    0.4333435893058777,
    0.634395956993103,
    0.4805813133716583,
    0.6828855872154236,
    0.4300134778022766,
    0.43334323167800903
  ],
  "opt_ratios": [
    0.0002441404212731868,
    0.0004990886664018035,
    0.0006914266268722713,
    0.000940171186812222,
    0.0012558663729578257,
    0.0016494886949658394,
    0.002132178284227848,
    0.0027149708475917578,
    0.00340853538364172,
    0.004222956486046314,
    0.005167538300156593,
    0.006250637583434582,
    0.007479559630155563,
    0.008860479108989239,
    0.010398359037935734,
    0.012096927501261234,
    0.01395866647362709,
    0.015984751284122467,
    0.0181751549243927,
    0.020528506487607956,
    0.02304229885339737,
    0.025712722912430763,
    0.028534848242998123,
    0.031502604484558105,
    0.03460889309644699,
    0.03784564882516861,
    0.04120391607284546,
    0.04467397928237915,
    0.048245590180158615,
    0.05190791189670563,
    0.055649835616350174,
    0.059460099786520004,
    0.06332727521657944,
    0.06724013388156891,
    0.07118775695562363,
    0.07515949010848999,
    0.07914518564939499,
    0.08313531428575516,
    0.087120920419693,
    0.09109384566545486,
    0.0950465053319931,
    0.09897225350141525,
    0.10286508500576019,
    0.10671968758106232,
    0.11053158342838287,
    0.11429688334465027,
    0.11801234632730484,
    0.12167534977197647,
    0.12528358399868011,
    0.1288355588912964,
    0.13232988119125366,
    0.13576576113700867,
    0.13914236426353455,
    0.14245957136154175,
    0.14571696519851685,
    0.148914635181427,
    0.15205253660678864,
    0.1551310271024704,
    0.15815021097660065,
    0.16111016273498535,
    0.16401135921478271,
    0.16685378551483154,
    0.1696375608444214,
    0.1723630726337433,
    0.17503011226654053,
    0.17763882875442505,
    0.18018898367881775,
    0.18268072605133057,
    0.185113787651062,
    0.1874878704547882,
    0.18980297446250916,
    0.192058727145195,
    0.19425511360168457,
    0.19639179110527039,
    0.19846849143505096,
    0.2004852294921875,
    0.20244185626506805,
    0.20433823764324188,
    0.2061745524406433,
    0.20795077085494995,
    0.20966726541519165,
    0.21132424473762512,
    0.212922140955925,
    0.21446141600608826,
    0.2159428596496582,
    0.2173670530319214,
    0.21873480081558228,
    0.22004710137844086,
    0.22130492329597473,
    0.2225094437599182,
    0.22366169095039368,
    0.2247631698846817,
    0.22581517696380615,
    0.22681879997253418,
    0.2277759313583374,
    0.22868768870830536,
    0.22955575585365295,
    0.2303815335035324,
    0.231166809797287,
    0.23191282153129578,
    0.23262134194374084
  ],
  "expectations": [
    -10.499991416931152,
    -11.016582489013672,
    -11.259849548339844,
    -11.49393367767334,
    -11.718597412109375,
    -11.933725357055664,
    -12.139359474182129,
    -12.335630416870117,
    -12.522762298583984,
    -12.701061248779297,
    -12.870909690856934,
    -13.032681465148926,
    -13.186805725097656,
    -13.333734512329102,
    -13.473898887634277,
    -13.607719421386719,
    -13.73561954498291,
    -13.857975006103516,
    -13.975170135498047,
    -14.087510108947754,
    -14.195341110229492,
    -14.298921585083008,
    -14.398503303527832,
    -14.49431037902832,
    -14.586536407470703,
    -14.67536449432373,
    -14.760934829711914,
    -14.843379020690918,
    -14.922825813293457,
    -14.999368667602539,
    -15.07310676574707,
    -15.14413070678711,
    -15.212498664855957,
    -15.278290748596191,
    -15.34157943725586,
    -15.40243911743164,
    -15.460930824279785,
    -15.51712417602539,
    -15.571091651916504,
    -15.622909545898438,
    -15.672636032104492,
    -15.720361709594727,
    -15.766159057617188,
    -15.810091018676758,
    -15.852249145507812,
    -15.89271354675293,
    -15.931554794311523,
    -15.968860626220703,
    -16.004682540893555,
    -16.03912925720215,
    -16.072254180908203,
    -16.104141235351562,
    -16.134841918945312,
    -16.164451599121094,
    -16.193008422851562,
    -16.22058868408203,
    -16.247230529785156,
    -16.273014068603516,
    -16.297983169555664,
    -16.32217025756836,
    -16.345645904541016,
    -16.368427276611328,
    -16.390552520751953,
    -16.41208267211914,
    -16.43301773071289,
    -16.453405380249023,
    -16.473255157470703,
    -16.492603302001953,
    -16.51146125793457,
    -16.529834747314453,
    -16.547752380371094,
    -16.565217971801758,
    -16.582252502441406,
    -16.59885597229004,
    -16.615026473999023,
    -16.630781173706055,
    -16.646114349365234,
    -16.661029815673828,
    -16.6755313873291,
    -16.689620971679688,
    -16.703296661376953,
    -16.716556549072266,
    -16.729412078857422,
    -16.741851806640625,
    -16.753890991210938,
    -16.76551628112793,
    -16.776737213134766,
    -16.787553787231445,
    -16.797971725463867,
    -16.807998657226562,
    -16.817623138427734,
    -16.82686996459961,
    -16.835744857788086,
    -16.844234466552734,
    -16.852371215820312,
    -16.86014175415039,
    -16.867568969726562,
    -16.874649047851562,
    -16.881412506103516,
    -16.887845993041992,
    -16.89397430419922
  ],