{
  "size": 14,
  "opt_val": -18.0,
  "method": "VQE",
  "operations": [
    "Z0_Y1",
    "Z0_Y13",
    "Z0_Y9",
    "Z1_Y7",
    "Z13_Y2",
    "Z9_Y3",
    "Z9_Y8",
    "Z7_Y11",
    "Z2_Y12",
    "Z12_Y6",
    "Z12_Y10",
    "Z3_Y4",
    "Z4_Y5",
    "Z1_Y13",
    "Z7_Y2",
    "Z3_Y10",
    "Z4_Y6",
    "Z10_Y8",
    "Z6_Y11",
    "Z5_Y11",
    "Z5_Y8"
  ],
  "dt": 0.05,
  "lr": 0.05,
  "lam": 1.0,
  "mu": 0.9,
  "fix_step": 0,
  "constant_c": true,
  "parameters": [
    1.201188087463379,
    -0.07506781816482544,
    1.504070520401001,
    1.5299469232559204,
    0.5411134958267212,
    1.5322645902633667,
    0.7091960310935974,
    0.27488940954208374,
    0.6053662300109863,
    0.17529112100601196,
    0.4553755521774292,
    1.3676667213439941,
    1.4744502305984497,
    0.9289957284927368,
    0.8737135529518127,
    1.1070414781570435,
    1.3943653106689453,
    1.0286123752593994,
    0.6263869404792786,
    0.6764959692955017,
    0.24560478329658508
  ],
  "opt_ratios": [
    0.00036621064646169543,
    0.0007438845932483673,
    0.0010271628852933645,
    0.0013907593674957752,
    0.0018479865975677967,
    0.0024117794819176197,
    0.0030940596479922533,
    0.0039051242638379335,
    0.004853135906159878,
    0.005943723954260349,
    0.007179789710789919,
    0.008561480790376663,
    0.01008634828031063,
    0.01174968108534813,
    0.013544894754886627,
    0.015464081428945065,
    0.017498478293418884,
    0.019638966768980026,
    0.0218764990568161,
    0.024202466011047363,
    0.02660895511507988,
    0.029089003801345825,
    0.031636569648981094,
    0.03424680233001709,
    0.036915816366672516,
    0.03964081034064293,
    0.04241998866200447,
    0.045252375304698944,
    0.0481378398835659,
    0.051076967269182205,
    0.05407094955444336,
    0.05712145194411278,
    0.06023072823882103,
    0.06340126693248749,
    0.06663595139980316,
    0.06993786990642548,
    0.07331040501594543,
    0.07675695419311523,
    0.08028115332126617,
    0.08388665318489075,
    0.08757725358009338,
    0.09135665744543076,
    0.09522853046655655,
    0.09919675439596176,
    0.10326481610536575,
    0.10743638873100281,
    0.11171482503414154,
    0.11610355973243713,
    0.1206057071685791,
    0.1252242475748062,
    0.12996196746826172,
    0.1348213255405426,
    0.13980457186698914,
    0.14491353929042816,
    0.15014983713626862,
    0.15551474690437317,
    0.1610088348388672,
    0.16663262248039246,
    0.17238560318946838,
    0.17826734483242035,
    0.18427643179893494,
    0.19041100144386292,
    0.1966685950756073,
    0.20304614305496216,
    0.20953969657421112,
    0.21614517271518707,
    0.22285689413547516,
    0.22966939210891724,
    0.23657621443271637,
    0.24356988072395325,
    0.25064265727996826,
    0.2577861547470093,
    0.26499107480049133,
    0.27224797010421753,
    0.2795465290546417,
    0.2868760824203491,
    0.2942255139350891,
    0.3015837073326111,
    0.30893850326538086,
    0.3162783980369568,
    0.32359105348587036,
    0.33086472749710083,
    0.3380873203277588,
    0.3452470302581787,
    0.3523316979408264,
    0.35933029651641846,
    0.3662317097187042,
    0.37302571535110474,
    0.3797014355659485,
    0.386249840259552,
    0.3926618993282318,
    0.3989297151565552,
    0.40504521131515503,
    0.41100215911865234,
    0.41679418087005615,
    0.4224163889884949,
    0.42786434292793274,
    0.4331345856189728,
    0.43822425603866577,
    0.4431315064430237,
    0.44785547256469727
  ],
  "expectations": [
    -10.499991416931152,
    -11.021793365478516,
    -11.276369094848633,
    -11.526166915893555,
    -11.770404815673828,
    -12.008325576782227,
    -12.239213943481445,
    -12.46242904663086,
    -12.677422523498535,
    -12.883734703063965,
    -13.081012725830078,
    -13.26902961730957,
    -13.44764232635498,
    -13.616859436035156,
    -13.776744842529297,
    -13.92750358581543,
    -14.06939697265625,
    -14.202753067016602,
    -14.327959060668945,
    -14.445433616638184,
    -14.555624008178711,
    -14.659000396728516,
    -14.75600814819336,
    -14.847122192382812,
    -14.932770729064941,
    -15.01338005065918,
    -15.089363098144531,
    -15.161092758178711,
    -15.228920936584473,
    -15.293188095092773,
    -15.354194641113281,
    -15.412206649780273,
    -15.467504501342773,
    -15.52029800415039,
    -15.570806503295898,
    -15.619222640991211,
    -15.665730476379395,
    -15.710470199584961,
    -15.7535982131958,
    -15.795225143432617,
    -15.835498809814453,
    -15.874507904052734,
    -15.912334442138672,
    -15.949089050292969,
    -15.984830856323242,
    -16.019643783569336,
    -16.053577423095703,
    -16.08670425415039,
    -16.119068145751953,
    -16.150718688964844,
    -16.18170738220215,
    -16.212060928344727,
    -16.241819381713867,
    -16.271015167236328,
    -16.299678802490234,
    -16.327844619750977,
    -16.35552215576172,
    -16.382755279541016,
    -16.40953254699707,
    -16.435901641845703,
    -16.46186637878418,
    -16.4874324798584,
    -16.51262664794922,
    -16.537458419799805,
    -16.561918258666992,
    -16.58605194091797,
    -16.609817504882812,
    -16.633256912231445,
    -16.6563720703125,
    -16.67914581298828,
    -16.701595306396484,
    -16.72372055053711,
    -16.74551773071289,
    -16.766990661621094,
    -16.788143157958984,
    -16.8089599609375,
    -16.829442977905273,
    -16.849609375,
    -16.869426727294922,
    -16.888916015625,
    -16.908050537109375,
    -16.926849365234375,
    -16.945301055908203,
    -16.963409423828125,
    -16.98114013671875,
    -16.998519897460938,
    -17.015531539916992,
    -17.032190322875977,
    -17.048458099365234,
    -17.064355850219727,
    -17.079872131347656,
    -17.095016479492188,
    -17.10976791381836,
    -17.12413787841797,
    -17.13811492919922,
    -17.151702880859375,
    -17.164901733398438,
    -17.17771339416504,
    -17.19013023376465,
    -17.202159881591797,
    -17.21381187438965
  ],