{
  "size": 14,
  "opt_val": -19.0,
  "method": "VQE",
  "operations": [
    "Z0_Y5",
    "Z0_Y4",
    "Z0_Y13",
    "Z5_Y2",
    "Z5_Y3",
    "Z4_Y6",
    "Z13_Y9",
    "Z13_Y10",
    "Z1_Y6",
    "Z1_Y8",
    "Z6_Y7",
    "Z3_Y11",
    "Z8_Y12",
    "Z4_Y2",
    "Z1_Y3",
    "Z8_Y11",
    "Z2_Y12",
    "Z12_Y7",
    "Z11_Y9",
    "Z7_Y10",
    "Z10_Y9"
  ],
  "dt": 0.05,
  "lr": 0.05,
  "lam": 1.0,
  "mu": 0.9,
  "fix_step": 0,
  "constant_c": true,
  "parameters": [
    1.5458687543869019,
    1.5529828071594238,
    1.4713364839553833,
    0.8179742693901062,
    0.3816283047199249,
    1.360470175743103,
    0.3812236785888672,
    0.27743178606033325,
    0.14968281984329224,
    1.4878438711166382,
    0.8371309041976929,
    0.15338337421417236,
    1.3477520942687988,
    0.7522359490394592,
    1.1732969284057617,
    1.4111831188201904,
    0.15104350447654724,
    0.720008909702301,
    1.0179142951965332,
    1.279455304145813,
    0.4323441982269287
  ],
  "opt_ratios": [
    0.0002441404212731868,
    0.00054897804511711,
    0.0007986593991518021,
    0.001140124979428947,
    0.0015981884207576513,
    0.002201362047344446,
    0.002981599187478423,
    0.003973821643739939,
    0.005215275101363659,
    0.006744662299752235,
    0.008601216599345207,
    0.010823596268892288,
    0.013448797166347504,
    0.016511041671037674,
    0.020040709525346756,
    0.024063315242528915,
    0.028598669916391373,
    0.03366008400917053,
    0.03925389051437378,
    0.0453789196908474,
    0.052026499062776566,
    0.05918033421039581,
    0.06681691855192184,
    0.0749058723449707,
    0.08341087400913239,
    0.09229031205177307,
    0.10149815678596497,
    0.11098538339138031,
    0.12070105224847794,
    0.1305932104587555,
    0.1406099796295166,
    0.15070095658302307,
    0.16081753373146057,
    0.17091387510299683,
    0.1809476912021637,
    0.19088038802146912,
    0.2006772756576538,
    0.21030807495117188,
    0.21974636614322662,
    0.22897037863731384,
    0.23796159029006958,
    0.24670559167861938,
    0.25519126653671265,
    0.2634105682373047,
    0.2713586091995239,
    0.2790324091911316,
    0.28643161058425903,
    0.293557345867157,
    0.3004128336906433,
    0.30700236558914185,
    0.3133311867713928,
    0.31940576434135437,
    0.3252331614494324,
    0.3308209478855133,
    0.3361770510673523,
    0.3413098454475403,
    0.3462277054786682,
    0.35093939304351807,
    0.35545334219932556,
    0.35977789759635925,
    0.36392197012901306,
    0.3678932785987854,
    0.3717004060745239,
    0.3753509521484375,
    0.3788521885871887,
    0.3822121322154999,
    0.38543739914894104,
    0.3885347843170166,
    0.3915112316608429,
    0.39437252283096313,
    0.39712467789649963,
    0.3997732996940613,
    0.4023236036300659,
    0.4047808051109314,
    0.40714994072914124,
    0.40943479537963867,
    0.41164013743400574,
    0.4137697219848633,
    0.4158271551132202,
    0.41781628131866455,
    0.41973984241485596,
    0.42160114645957947,
    0.42340272665023804,
    0.4251476228237152,
    0.4268380403518677,
    0.42847633361816406,
    0.43006473779678345,
    0.4316049814224243,
    0.4330993890762329,
    0.43454957008361816,
    0.43595725297927856,
    0.43732380867004395,
    0.4386509358882904,
    0.4399404525756836,
    0.44119328260421753,
    0.4424106478691101,
    0.4435938894748688,
    0.44474494457244873,
    0.4458640515804291,
    0.4469528794288635,
    0.44801250100135803
  ],
  "expectations": [
    -10.499991416931152,
    -11.021745681762695,
    -11.27621078491211,
    -11.525914192199707,
    -11.77020263671875,
    -12.008513450622559,
    -12.240365982055664,
    -12.465368270874023,
    -12.683271408081055,
    -12.89383602142334,
    -13.096991539001465,
    -13.292675018310547,
    -13.480936050415039,
    -13.661861419677734,
    -13.83559513092041,
    -14.002294540405273,
    -14.16215991973877,
    -14.315377235412598,
    -14.462169647216797,
    -14.602714538574219,
    -14.737222671508789,
    -14.865862846374512,
    -14.988807678222656,
    -15.106216430664062,
    -15.218250274658203,
    -15.325051307678223,
    -15.426742553710938,
    -15.523460388183594,
    -15.615370750427246,
    -15.702598571777344,
    -15.785295486450195,
    -15.863616943359375,
    -15.937725067138672,
    -16.007774353027344,
    -16.07394790649414,
    -16.136425018310547,
    -16.195384979248047,
    -16.25101661682129,
    -16.303497314453125,
    -16.353031158447266,
    -16.39979362487793,
    -16.443965911865234,
    -16.485733032226562,
    -16.52526092529297,
    -16.5627384185791,
    -16.59831428527832,
    -16.632152557373047,
    -16.664396286010742,
    -16.69520378112793,
    -16.724708557128906,
    -16.75303077697754,
    -16.78030776977539,
    -16.806652069091797,
    -16.832164764404297,
    -16.856952667236328,
    -16.88111686706543,
    -16.904739379882812,
    -16.92790985107422,
    -16.95069694519043,
    -16.973163604736328,
    -16.99539566040039,
    -17.017423629760742,
    -17.039321899414062,
    -17.061120986938477,
    -17.08284568786621,
    -17.10455322265625,
    -17.12624740600586,
    -17.14794921875,
    -17.169681549072266,
    -17.191444396972656,
    -17.213233947753906,
    -17.235042572021484,
    -17.256855010986328,
    -17.278663635253906,
    -17.300453186035156,
    -17.322181701660156,
    -17.34383201599121,
    -17.36536979675293,
    -17.38675308227539,
    -17.407962799072266,
    -17.428945541381836,
    -17.449665069580078,
    -17.4700870513916,
    -17.490175247192383,
    -17.509899139404297,
    -17.529216766357422,
    -17.548107147216797,
    -17.566524505615234,
    -17.584468841552734,
    -17.601905822753906,
    -17.618820190429688,
    -17.63518714904785,
    -17.651004791259766,
    -17.666282653808594,
    -17.68099021911621,
    -17.695127487182617,
    -17.708696365356445,
    -17.72172737121582,
    -17.73419761657715,
    -17.746126174926758,
    -17.757526397705078
  ],