{
  "size": 14,
  "opt_val": -18.0,
  "method": "VQE",
  "operations": [
    "Z0_Y11",
    "Z0_Y1",
    "Z0_Y13",
    "Z11_Y4",
    "Z11_Y6",
    "Z1_Y10",
    "Z13_Y3",
    "Z13_Y12",
    "Z10_Y8",
    "Z2_Y5",
    "Z2_Y3",
    "Z5_Y7",
    "Z5_Y9",
    "Z1_Y4",
    "Z4_Y6",
    "Z10_Y12",
    "Z2_Y6",
    "Z3_Y7",
    "Z7_Y9",
    "Z9_Y8",
    "Z8_Y12"
  ],
  "dt": 0.05,
  "lr": 0.05,
  "lam": 1.0,
  "mu": 0.9,
  "fix_step": 0,
  "constant_c": true,
  "parameters": [
    1.5390788316726685,
    1.538967251777649,
    1.4090538024902344,
    0.6283348202705383,
    0.4366459250450134,
    1.4090535640716553,
    1.083833932876587,
    0.7477750182151794,
    0.567386269569397,
    1.4476525783538818,
    0.48423558473587036,
    0.12452755868434906,
    0.37788093090057373,
    0.9415253400802612,
    0.43664613366127014,
    0.35814765095710754,
    1.3674099445343018,
    1.4264068603515625,
    1.1533640623092651,
    0.9988065958023071,
    1.063372254371643
  ],
  "opt_ratios": [
    0.0001220702106365934,
    0.0002512930368538946,
    0.000350826681824401,
    0.00048210867680609226,
    0.0006526265060529113,
    0.0008708977838978171,
    0.0011464497074484825,
    0.0014897605869919062,
    0.00191217300016433,
    0.00242576003074646,
    0.0030431761406362057,
    0.003777463687583804,
    0.004641830921173096,
    0.005649453494697809,
    0.006813201121985912,
    0.008145429193973541,
    0.009657747112214565,
    0.011360750533640385,
    0.013263913802802563,
    0.015375320799648762,
    0.01770157366991043,
    0.020247669890522957,
    0.02301691845059395,
    0.026010887697339058,
    0.029229406267404556,
    0.03267062455415726,
    0.03633095696568489,
    0.040205344557762146,
    0.044287167489528656,
    0.0485684834420681,
    0.05304025113582611,
    0.05769234150648117,
    0.0625137910246849,
    0.0674930289387703,
    0.07261792570352554,
    0.07787615805864334,
    0.08325506746768951,
    0.08874215185642242,
    0.09432512521743774,
    0.09999171644449234,
    0.10573042929172516,
    0.1115298718214035,
    0.11737949401140213,
    0.12326905876398087,
    0.1291894018650055,
    0.13513171672821045,
    0.14108791947364807,
    0.14705084264278412,
    0.15301372110843658,
    0.15897062420845032,
    0.16491636633872986,
    0.17084600031375885,
    0.17675575613975525,
    0.18264180421829224,
    0.1885012686252594,
    0.1943313479423523,
    0.20012988150119781,
    0.20589536428451538,
    0.21162590384483337,
    0.21732059121131897,
    0.22297832369804382,
    0.22859835624694824,
    0.2341802716255188,
    0.23972363770008087,
    0.24522806704044342,
    0.25069350004196167,
    0.25611966848373413,
    0.26150640845298767,
    0.26685357093811035,
    0.2721611261367798,
    0.27742892503738403,
    0.2826564311981201,
    0.2878435254096985,
    0.2929896116256714,
    0.2980942726135254,
    0.30315709114074707,
    0.30817705392837524,
    0.31315308809280396,
    0.3180844783782959,
    0.32297009229660034,
    0.3278084397315979,
    0.3325982391834259,
    0.33733806014060974,
    0.34202611446380615,
    0.34666070342063904,
    0.351239949464798,
    0.3557620644569397,
    0.3602246344089508,
    0.36462610960006714,
    0.3689638376235962,
    0.37323641777038574,
    0.3774411976337433,
    0.3815760612487793,
    0.385638952255249,
    0.38962775468826294,
    0.3935408890247345,
    0.3973761200904846,
    0.40113168954849243,
    0.404805988073349,
    0.40839752554893494,
    0.411904901266098
  ],
  "expectations": [
    -10.499990463256836,
    -11.016824722290039,
    -11.261009216308594,
    -11.496944427490234,
    -11.724637985229492,
    -11.944171905517578,
    -12.15571403503418,
    -12.359443664550781,
    -12.555583953857422,
    -12.74435806274414,
    -12.926027297973633,
    -13.10082721710205,
    -13.268974304199219,
    -13.430723190307617,
    -13.586273193359375,
    -13.735848426818848,
    -13.879661560058594,
    -14.017874717712402,
    -14.150718688964844,
    -14.278350830078125,
    -14.40095043182373,
    -14.518688201904297,
    -14.631728172302246,
    -14.740217208862305,
    -14.84430980682373,
    -14.944173812866211,
    -15.039920806884766,
    -15.131725311279297,
    -15.219688415527344,
    -15.303945541381836,
    -15.384634017944336,
    -15.461873054504395,
    -15.535773277282715,
    -15.606468200683594,
    -15.674066543579102,
    -15.738692283630371,
    -15.800442695617676,
    -15.859432220458984,
    -15.91579818725586,
    -15.969610214233398,
    -16.02100944519043,
    -16.070085525512695,
    -16.116947174072266,
    -16.16168975830078,
    -16.204435348510742,
    -16.245271682739258,
    -16.28428840637207,
    -16.321592330932617,
    -16.35726547241211,
    -16.391401290893555,
    -16.42408561706543,
    -16.455387115478516,
    -16.485416412353516,
    -16.51422119140625,
    -16.541885375976562,
    -16.56847381591797,
    -16.594051361083984,
    -16.618701934814453,
    -16.6424560546875,
    -16.665390014648438,
    -16.687543869018555,
    -16.70897102355957,
    -16.729726791381836,
    -16.749853134155273,
    -16.769380569458008,
    -16.788362503051758,
    -16.806825637817383,
    -16.824810028076172,
    -16.84234046936035,
    -16.859455108642578,
    -16.87618064880371,
    -16.892528533935547,
    -16.908540725708008,
    -16.92421531677246,
    -16.939590454101562,
    -16.95468521118164,
    -16.969499588012695,
    -16.98404312133789,
    -16.998350143432617,
    -17.012420654296875,
    -17.026256561279297,
    -17.039871215820312,
    -17.05327606201172,
    -17.066471099853516,
    -17.07945442199707,
    -17.09223747253418,
    -17.104825973510742,
    -17.117202758789062,
    -17.1293888092041,
    -17.1413631439209,
    -17.153148651123047,
    -17.16472816467285,
    -17.17609405517578,
    -17.187257766723633,
    -17.198196411132812,
    -17.208934783935547,
    -17.219449996948242,
    -17.2297420501709,
    -17.239809036254883,
    -17.249649047851562,
    -17.259262084960938
  ],