{
  "size": 14,
  "opt_val": -19.0,
  "method": "VQE",
  "operations": [
    "Z0_Y1",
    "Z0_Y4",
    "Z0_Y12",
    "Z1_Y10",
    "Z4_Y7",
    "Z12_Y5",
    "Z10_Y8",
    "Z2_Y13",
    "Z2_Y9",
    "Z2_Y3",
    "Z13_Y11",
    "Z9_Y5",
    "Z7_Y6",
    "Z1_Y4",
    "Z12_Y10",
    "Z13_Y3",
    "Z9_Y3",
    "Z7_Y8",
    "Z5_Y6",
    "Z6_Y11",
    "Z11_Y8"
  ],
  "dt": 0.05,
  "lr": 0.05,
  "lam": 1.0,
  "mu": 0.9,
  "fix_step": 0,
  "constant_c": true,
  "parameters": [
    1.5017759799957275,
    1.5200968980789185,
    1.5681586265563965,
    0.8881363868713379,
    1.5610151290893555,
    1.3771713972091675,
    0.07735424488782883,
    1.472227692604065,
    1.472227931022644,
    0.14707721769809723,
    0.1181262880563736,
    0.19301310181617737,
    0.9188997149467468,
    0.07439368218183517,
    0.6832433342933655,
    0.8516559600830078,
    0.8516553044319153,
    0.8605685234069824,
    0.6518824696540833,
    1.4517345428466797,
    0.6374862790107727
  ],
  "opt_ratios": [
    0.0001220702106365934,
    0.0002751846914179623,
    0.0003993092686869204,
    0.0005679508903995156,
    0.0007925977697595954,
    0.0010863200295716524,
    0.0014636684209108353,
    0.0019405325874686241,
    0.002533972728997469,
    0.0032620225101709366,
    0.004143518395721912,
    0.005197952967137098,
    0.0064453319646418095,
    0.007906114682555199,
    0.009601171128451824,
    0.011551756411790848,
    0.013779538683593273,
    0.016306601464748383,
    0.01915542595088482,
    0.022348858416080475,
    0.025910010561347008,
    0.029862098395824432,
    0.03422816842794418,
    0.03903082758188248,
    0.044291723519563675,
    0.050031039863824844,
    0.05626700073480606,
    0.06301506608724594,
    0.0702873021364212,
    0.07809153199195862,
    0.0864308774471283,
    0.09530288726091385,
    0.1046987995505333,
    0.11460357159376144,
    0.1249951720237732,
    0.13584445416927338,
    0.1471158266067505,
    0.15876686573028564,
    0.17074909806251526,
    0.18300914764404297,
    0.19548876583576202,
    0.20812685787677765,
    0.22086051106452942,
    0.23362523317337036,
    0.24635747075080872,
    0.2589953541755676,
    0.27147912979125977,
    0.2837536633014679,
    0.29576754570007324,
    0.3074747622013092,
    0.31883594393730164,
    0.3298161029815674,
    0.3403876721858978,
    0.3505285382270813,
    0.3602229356765747,
    0.369459867477417,
    0.3782341480255127,
    0.3865455090999603,
    0.39439675211906433,
    0.4017954170703888,
    0.40875157713890076,
    0.4152778387069702,
    0.421389102935791,
    0.42710164189338684,
    0.4324330985546112,
    0.4374014139175415,
    0.44202539324760437,
    0.44632411003112793,
    0.4503162205219269,
    0.4540199637413025,
    0.4574534595012665,
    0.46063458919525146,
    0.4635799825191498,
    0.46630531549453735,
    0.46882593631744385,
    0.471157044172287,
    0.4733116328716278,
    0.47530296444892883,
    0.4771433472633362,
    0.4788433313369751,
    0.480413556098938,
    0.48186415433883667,
    0.48320436477661133,
    0.4844425320625305,
    0.4855863153934479,
    0.48664337396621704,
    0.48762017488479614,
    0.48852264881134033,
    0.4893572926521301,
    0.49012869596481323,
    0.4908418357372284,
    0.4915018379688263,
    0.49211204051971436,
    0.4926767945289612,
    0.4931993782520294,
    0.4936832785606384,
    0.49413102865219116,
    0.49454599618911743,
    0.4949304759502411,
    0.49528661370277405,
    0.4956165850162506
  ],
  "expectations": [
    -10.499990463256836,
    -11.01683521270752,
    -11.261072158813477,
    -11.497034072875977,
    -11.724597930908203,
    -11.94375991821289,
    -12.154521942138672,
    -12.356966018676758,
    -12.551254272460938,
    -12.73757266998291,
    -12.916158676147461,
    -13.087348937988281,
    -13.25143814086914,
    -13.408798217773438,
    -13.55982780456543,
    -13.70490837097168,
    -13.844462394714355,
    -13.978899002075195,
    -14.108634948730469,
    -14.234049797058105,
    -14.355541229248047,
    -14.473464012145996,
    -14.588159561157227,
    -14.699953079223633,
    -14.809115409851074,
    -14.915887832641602,
    -15.020505905151367,
    -15.123147964477539,
    -15.223970413208008,
    -15.323071479797363,
    -15.42055892944336,
    -15.516489028930664,
    -15.610868453979492,
    -15.703720092773438,
    -15.79501724243164,
    -15.884710311889648,
    -15.97276496887207,
    -16.059118270874023,
    -16.1436824798584,
    -16.226390838623047,
    -16.307144165039062,
    -16.385862350463867,
    -16.46249008178711,
    -16.536930084228516,
    -16.60912322998047,
    -16.67901611328125,
    -16.746540069580078,
    -16.811683654785156,
    -16.874391555786133,
    -16.934646606445312,
    -16.992483139038086,
    -17.0478515625,
    -17.100807189941406,
    -17.1513614654541,
    -17.199560165405273,
    -17.245437622070312,
    -17.289043426513672,
    -17.33046531677246,
    -17.369728088378906,
    -17.40692901611328,
    -17.442134857177734,
    -17.47541618347168,
    -17.506853103637695,
    -17.53652572631836,
    -17.564517974853516,
    -17.590900421142578,
    -17.615747451782227,
    -17.639148712158203,
    -17.661174774169922,
    -17.681880950927734,
    -17.70134925842285,
    -17.719663619995117,
    -17.736873626708984,
    -17.753032684326172,
    -17.768203735351562,
    -17.78246307373047,
    -17.79584503173828,
    -17.80841064453125,
    -17.820220947265625,
    -17.83129119873047,
    -17.8416748046875,
    -17.85141372680664,
    -17.860565185546875,
    -17.869152069091797,
    -17.877201080322266,
    -17.8847599029541,
    -17.891849517822266,
    -17.89849090576172,
    -17.90473747253418,
    -17.91058921813965,
    -17.916072845458984,
    -17.92123031616211,
    -17.926057815551758,
    -17.930593490600586,
    -17.93484115600586,
    -17.938831329345703,
    -17.942567825317383,
    -17.946081161499023,
    -17.949378967285156,
    -17.952470779418945,
    -17.955368041992188
  ],