{
  "size": 14,
  "opt_val": -19.0,
  "method": "VQE",
  "operations": [
    "Z0_Y2",
    "Z0_Y5",
    "Z0_Y13",
    "Z2_Y7",
    "Z5_Y10",
    "Z5_Y8",
    "Z13_Y12",
    "Z1_Y6",
    "Z1_Y4",
    "Z1_Y7",
    "Z6_Y3",
    "Z6_Y9",
    "Z8_Y11",
    "Z2_Y13",
    "Z4_Y9",
    "Z4_Y12",
    "Z7_Y10",
    "Z3_Y9",
    "Z3_Y8",
    "Z12_Y11",
    "Z10_Y11"
  ],
  "dt": 0.05,
  "lr": 0.05,
  "lam": 1.0,
  "mu": 0.9,
  "fix_step": 0,
  "constant_c": true,
  "parameters": [
    -0.178397536277771,
    1.5012211799621582,
    1.392768383026123,
    0.6145649552345276,
    1.365178108215332,
    1.435903549194336,
    1.1451836824417114,
    1.5270410776138306,
    1.5310026407241821,
    0.9433419704437256,
    0.36434534192085266,
    0.6911566853523254,
    0.5127175450325012,
    0.16043031215667725,
    0.8650727272033691,
    0.4014672636985779,
    0.2040639966726303,
    0.04229144752025604,
    0.13590611517429352,
    0.3467938005924225,
    0.7224284410476685
  ],
  "opt_ratios": [
    0.0001220702106365934,
    0.00027001689886674285,
    0.00038588372990489006,
    0.0005382065428420901,
    0.00073365488788113,
    0.0009787771850824356,
    0.0012796786613762379,
    0.0016417144797742367,
    0.0020692204125225544,
    0.0025653159245848656,
    0.0031317775137722492,
    0.003769004251807928,
    0.004476063419133425,
    0.005250812508165836,
    0.006090080831199884,
    0.006989856716245413,
    0.007945545949041843,
    0.008952166885137558,
    0.010004585608839989,
    0.011097691021859646,
    0.012226527556777,
    0.013386402279138565,
    0.014573000371456146,
    0.015782373026013374,
    0.017010975629091263,
    0.01825568825006485,
    0.019513724371790886,
    0.020782679319381714,
    0.022060437127947807,
    0.0233450997620821,
    0.024635039269924164,
    0.025928767397999763,
    0.02722497284412384,
    0.028522418811917305,
    0.029819946736097336,
    0.03111649677157402,
    0.03241104632616043,
    0.03370257839560509,
    0.03499015048146248,
    0.036272767931222916,
    0.03754951059818268,
    0.03881949931383133,
    0.040081847459077835,
    0.04133565351366997,
    0.04258007928729057,
    0.04381434619426727,
    0.045037705451250076,
    0.046249404549598694,
    0.047448791563510895,
    0.04863530397415161,
    0.04980829358100891,
    0.05096736550331116,
    0.052112042903900146,
    0.05324197933077812,
    0.054356932640075684,
    0.05545660853385925,
    0.05654088407754898,
    0.05760970339179039,
    0.05866303667426109,
    0.05970090627670288,
    0.06072342395782471,
    0.061730824410915375,
    0.06272323429584503,
    0.06370098888874054,
    0.06466437876224518,
    0.06561373174190521,
    0.06654948741197586,
    0.06747204810380936,
    0.06838192045688629,
    0.0692794993519783,
    0.07016536593437195,
    0.07103990018367767,
    0.07190379500389099,
    0.07275746017694473,
    0.07360145449638367,
    0.0744362622499466,
    0.07526247948408127,
    0.0760805755853653,
    0.0768909901380539,
    0.0776943564414978,
    0.07849098742008209,
    0.0792815238237381,
    0.08006618916988373,
    0.08084551990032196,
    0.08161988854408264,
    0.08238968253135681,
    0.08315525203943253,
    0.08391690254211426,
    0.08467497676610947,
    0.08542976528406143,
    0.08618152141571045,
    0.08693048357963562,
    0.08767686039209366,
    0.08842101693153381,
    0.08916297554969788,
    0.08990299701690674,
    0.0906413197517395,
    0.09137795120477676,
    0.09211328625679016,
    0.09284726530313492,
    0.09358009696006775
  ],
  "expectations": [
    -10.499990463256836,
    -11.019189834594727,
    -11.268098831176758,
    -11.510011672973633,
    -11.744415283203125,
    -11.970869064331055,
    -12.189048767089844,
    -12.398723602294922,
    -12.599735260009766,
    -12.79203987121582,
    -12.97563648223877,
    -13.150623321533203,
    -13.317117691040039,
    -13.47533130645752,
    -13.62551498413086,
    -13.76791763305664,
    -13.902859687805176,
    -14.030656814575195,
    -14.151653289794922,
    -14.26620864868164,
    -14.374676704406738,
    -14.477394104003906,
    -14.574728012084961,
    -14.667008399963379,
    -14.754554748535156,
    -14.837689399719238,
    -14.91668701171875,
    -14.991837501525879,
    -15.063404083251953,
    -15.131599426269531,
    -15.1966552734375,
    -15.258767127990723,
    -15.318130493164062,
    -15.37490463256836,
    -15.429237365722656,
    -15.481284141540527,
    -15.53117847442627,
    -15.579022407531738,
    -15.6249418258667,
    -15.669025421142578,
    -15.711363792419434,
    -15.75206184387207,
    -15.791202545166016,
    -15.82884407043457,
    -15.865071296691895,
    -15.899943351745605,
    -15.933534622192383,
    -15.965911865234375,
    -15.997119903564453,
    -16.02724266052246,
    -16.056304931640625,
    -16.08438491821289,
    -16.111515045166016,
    -16.137760162353516,
    -16.163169860839844,
    -16.187782287597656,
    -16.211631774902344,
    -16.234783172607422,
    -16.257266998291016,
    -16.279117584228516,
    -16.30037498474121,
    -16.321090698242188,
    -16.34127426147461,
    -16.36096954345703,
    -16.380210876464844,
    -16.399011611938477,
    -16.41740608215332,
    -16.4354190826416,
    -16.453079223632812,
    -16.47039031982422,
    -16.487388610839844,
    -16.504064559936523,
    -16.52046775817871,
    -16.536582946777344,
    -16.552431106567383,
    -16.568012237548828,
    -16.58334732055664,
    -16.59843635559082,
    -16.6132755279541,
    -16.62788963317871,
    -16.642250061035156,
    -16.65639305114746,
    -16.670286178588867,
    -16.68393898010254,
    -16.697355270385742,
    -16.710529327392578,
    -16.723464965820312,
    -16.736146926879883,
    -16.74858283996582,
    -16.76076316833496,
    -16.77269172668457,
    -16.78436279296875,
    -16.79576301574707,
    -16.806915283203125,
    -16.817792892456055,
    -16.828407287597656,
    -16.838760375976562,
    -16.848834991455078,
    -16.858667373657227,
    -16.86823081970215,
    -16.877532958984375
  ],