{
  "size": 14,
  "opt_val": -18.0,
  "method": "VQE",
  "operations": [
    "Z0_Y7",
    "Z0_Y10",
    "Z0_Y13",
    "Z7_Y5",
    "Z7_Y6",
    "Z10_Y8",
    "Z10_Y11",
    "Z13_Y2",
    "Z13_Y4",
    "Z1_Y9",
    "Z1_Y2",
    "Z9_Y3",
    "Z2_Y12",
    "Z1_Y11",
    "Z9_Y11",
    "Z12_Y4",
    "Z12_Y6",
    "Z3_Y5",
    "Z3_Y8",
    "Z5_Y8",
    "Z4_Y6"
  ],
  "dt": 0.05,
  "lr": 0.05,
  "lam": 1.0,
  "mu": 0.9,
  "fix_step": 0,
  "constant_c": true,
  "parameters": [
    1.336976170539856,
    1.313834547996521,
    1.4299134016036987,
    1.0056915283203125,
    1.0815950632095337,
    0.800958514213562,
    1.244685173034668,
    1.4571396112442017,
    0.8910706639289856,
    1.2067285776138306,
    0.11250607669353485,
    1.4146844148635864,
    1.549257755279541,
    0.47303465008735657,
    0.4730343520641327,
    0.6690718531608582,
    0.7245915532112122,
    0.49447882175445557,
    0.997500479221344,
    0.6407944560050964,
    0.2711043357849121
  ],
  "opt_ratios": [
    0.0001220702106365934,
    0.0002518923720344901,
    0.00035248626954853535,
    0.00048572540981695056,
    0.0006594575825147331,
    0.0008825979311950505,
    0.0011650787200778723,
    0.0015177562600001693,
    0.00195228005759418,
    0.0024809299502521753,
    0.0031164137180894613,
    0.003871663473546505,
    0.004759618546813726,
    0.005793008487671614,
    0.006984133273363113,
    0.008344699628651142,
    0.009885639883577824,
    0.011616979725658894,
    0.013547730632126331,
    0.015685783699154854,
    0.018037911504507065,
    0.020609673112630844,
    0.023405399173498154,
    0.026428263634443283,
    0.02968020737171173,
    0.033162083476781845,
    0.036873601377010345,
    0.04081330820918083,
    0.044978853315114975,
    0.049366794526576996,
    0.05397278070449829,
    0.058791570365428925,
    0.0638171136379242,
    0.06904250383377075,
    0.07446005195379257,
    0.08006153255701065,
    0.08583801984786987,
    0.09177988767623901,
    0.0978771299123764,
    0.1041191965341568,
    0.1104951798915863,
    0.11699362099170685,
    0.12360326200723648,
    0.13031208515167236,
    0.13710837066173553,
    0.14397984743118286,
    0.15091492235660553,
    0.1579013168811798,
    0.16492752730846405,
    0.1719820350408554,
    0.17905327677726746,
    0.18613044917583466,
    0.1932029277086258,
    0.20026063919067383,
    0.2072938084602356,
    0.2142932415008545,
    0.2212502658367157,
    0.22815673053264618,
    0.2350052446126938,
    0.2417883425951004,
    0.24849995970726013,
    0.2551340162754059,
    0.26168525218963623,
    0.26814860105514526,
    0.2745198905467987,
    0.2807953655719757,
    0.28697121143341064,
    0.2930449843406677,
    0.2990136742591858,
    0.30487510561943054,
    0.31062793731689453,
    0.316270112991333,
    0.3218006491661072,
    0.32721829414367676,
    0.33252257108688354,
    0.33771318197250366,
    0.3427892029285431,
    0.3477511703968048,
    0.352599173784256,
    0.35733291506767273,
    0.36195310950279236,
    0.36646056175231934,
    0.37085554003715515,
    0.37513890862464905,
    0.37931177020072937,
    0.38337481021881104,
    0.3873291015625,
    0.3911761939525604,
    0.394916832447052,
    0.3985527753829956,
    0.4020852744579315,
    0.4055154621601105,
    0.4088452458381653,
    0.4120759963989258,
    0.41520968079566956,
    0.4182477295398712,
    0.4211915135383606,
    0.4240434467792511,
    0.42680490016937256,
    0.4294777512550354,
    0.4320639669895172
  ],
  "expectations": [
    -10.499990463256836,
    -11.016640663146973,
    -11.260130882263184,
    -11.494685173034668,
    -11.720102310180664,
    -11.936302185058594,
    -12.143301963806152,
    -12.341182708740234,
    -12.530101776123047,
    -12.710283279418945,
    -12.881948471069336,
    -13.045381546020508,
    -13.20088005065918,
    -13.348782539367676,
    -13.489391326904297,
    -13.623058319091797,
    -13.75011920928955,
    -13.870914459228516,
    -13.9857759475708,
    -14.095026016235352,
    -14.19900131225586,
    -14.297998428344727,
    -14.392309188842773,
    -14.482231140136719,
    -14.568014144897461,
    -14.649935722351074,
    -14.72824478149414,
    -14.803150177001953,
    -14.874885559082031,
    -14.94365119934082,
    -15.009631156921387,
    -15.07301139831543,
    -15.133959770202637,
    -15.192623138427734,
    -15.249128341674805,
    -15.303630828857422,
    -15.356260299682617,
    -15.407106399536133,
    -15.456275939941406,
    -15.503867149353027,
    -15.549962043762207,
    -15.594625473022461,
    -15.637948989868164,
    -15.679980278015137,
    -15.720783233642578,
    -15.760379791259766,
    -15.798866271972656,
    -15.836226463317871,
    -15.872533798217773,
    -15.907815933227539,
    -15.942081451416016,
    -15.97536849975586,
    -16.007701873779297,
    -16.03910255432129,
    -16.06958770751953,
    -16.09918212890625,
    -16.12789535522461,
    -16.155750274658203,
    -16.18277931213379,
    -16.20895767211914,
    -16.234338760375977,
    -16.258930206298828,
    -16.282747268676758,
    -16.305801391601562,
    -16.328121185302734,
    -16.34972381591797,
    -16.3706111907959,
    -16.390825271606445,
    -16.410375595092773,
    -16.429264068603516,
    -16.447546005249023,
    -16.46521759033203,
    -16.482295989990234,
    -16.498794555664062,
    -16.51474952697754,
    -16.530176162719727,
    -16.545068740844727,
    -16.559473037719727,
    -16.573400497436523,
    -16.586851119995117,
    -16.599851608276367,
    -16.612430572509766,
    -16.624582290649414,
    -16.63633155822754,
    -16.64769744873047,
    -16.658679962158203,
    -16.669300079345703,
    -16.679576873779297,
    -16.68950653076172,
    -16.69911766052246,
    -16.708415985107422,
    -16.717397689819336,
    -16.72609519958496,
    -16.73450469970703,
    -16.74264907836914,
    -16.750530242919922,
    -16.758136749267578,
    -16.765514373779297,
    -16.772645950317383,
    -16.779544830322266,
    -16.786222457885742
  ],