{
  "size": 14,
  "opt_val": -19.0,
  "method": "VQE",
  "operations": [
    "Z0_Y2",
    "Z0_Y8",
    "Z0_Y9",
    "Z2_Y1",
    "Z2_Y10",
    "Z8_Y5",
    "Z8_Y6",
    "Z9_Y13",
    "Z1_Y12",
    "Z1_Y7",
    "Z12_Y3",
    "Z12_Y4",
    "Z6_Y11",
    "Z9_Y10",
    "Z7_Y3",
    "Z7_Y10",
    "Z3_Y6",
    "Z4_Y11",
    "Z4_Y13",
    "Z11_Y5",
    "Z13_Y5"
  ],
  "dt": 0.05,
  "lr": 0.05,
  "lam": 1.0,
  "mu": 0.9,
  "fix_step": 0,
  "constant_c": true,
  "parameters": [
    1.5512584447860718,
    1.527197241783142,
    1.479649305343628,
    1.554208517074585,
    0.6430618166923523,
    0.4839715361595154,
    1.5132205486297607,
    -0.06288136541843414,
    1.5599963665008545,
    1.565806269645691,
    0.7773134708404541,
    1.5302002429962158,
    0.7265352606773376,
    0.4257930517196655,
    0.7874489426612854,
    0.5022087097167969,
    -0.00813156459480524,
    0.844215452671051,
    1.4517287015914917,
    0.710602879524231,
    0.3765808343887329
  ],
  "opt_ratios": [
    0.0002441404212731868,
    0.0005463117267936468,
    0.0007915499154478312,
    0.0011243128683418036,
    0.0015671162400394678,
    0.0021455748938024044,
    0.0028881938196718693,
    0.003826043801382184,
    0.004992326255887747,
    0.006421883124858141,
    0.00815063901245594,
    0.010215071961283684,
    0.012651655822992325,
    0.01549635548144579,
    0.018784169107675552,
    0.02254873886704445,
    0.026821939274668694,
    0.0316336527466774,
    0.0370115265250206,
    0.04298081994056702,
    0.04956444352865219,
    0.05678292363882065,
    0.06465473771095276,
    0.07319647818803787,
    0.08242316544055939,
    0.09234864264726639,
    0.10298584401607513,
    0.11434708535671234,
    0.1264442503452301,
    0.13928881287574768,
    0.152891606092453,
    0.16726303100585938,
    0.18241193890571594,
    0.19834578037261963,
    0.21506959199905396,
    0.23258532583713531,
    0.250890851020813,
    0.26997917890548706,
    0.2898372411727905,
    0.31044480204582214,
    0.3317734897136688,
    0.3537856936454773,
    0.3764338195323944,
    0.3996596038341522,
    0.42339402437210083,
    0.44755682349205017,
    0.47205784916877747,
    0.49679654836654663,
    0.521664023399353,
    0.546546459197998,
    0.5713231563568115,
    0.5958741903305054,
    0.6200792789459229,
    0.6438209414482117,
    0.6669897437095642,
    0.6894840002059937,
    0.7112129926681519,
    0.7320977449417114,
    0.7520740032196045,
    0.771091103553772,
    0.7891120910644531,
    0.8061167597770691,
    0.8220946788787842,
    0.8370478749275208,
    0.850992739200592,
    0.8639505505561829,
    0.8759542107582092,
    0.8870391845703125,
    0.8972488045692444,
    0.9066282510757446,
    0.9152249097824097,
    0.9230883121490479,
    0.9302669763565063,
    0.9368104338645935,
    0.9427648186683655,
    0.9481756687164307,
    0.953087329864502,
    0.9575414657592773,
    0.9615762233734131,
    0.9652289152145386,
    0.9685331583023071,
    0.9715205430984497,
    0.9742206931114197,
    0.976659893989563,
    0.978862464427948,
    0.9808515906333923,
    0.9826467037200928,
    0.984268069267273,
    0.9857314229011536,
    0.9870523810386658,
    0.9882451891899109,
    0.9893227219581604,
    0.9902952909469604,
    0.9911746978759766,
    0.9919686913490295,
    0.9926873445510864,
    0.9933368563652039,
    0.9939241409301758,
    0.9944562315940857,
    0.9949381351470947,
    0.9953737258911133
  ],
  "expectations": [
    -10.499991416931152,
    -11.02466869354248,
    -11.286016464233398,
    -11.546087265014648,
    -11.804378509521484,
    -12.06037712097168,
    -12.313557624816895,
    -12.563398361206055,
    -12.809389114379883,
    -13.051057815551758,
    -13.28793716430664,
    -13.519628524780273,
    -13.745763778686523,
    -13.966032028198242,
    -14.180152893066406,
    -14.387917518615723,
    -14.589143753051758,
    -14.783697128295898,
    -14.971480369567871,
    -15.152420043945312,
    -15.32648754119873,
    -15.493675231933594,
    -15.654009819030762,
    -15.807573318481445,
    -15.954452514648438,
    -16.09479522705078,
    -16.22876739501953,
    -16.356586456298828,
    -16.478485107421875,
    -16.594736099243164,
    -16.70562171936035,
    -16.811458587646484,
    -16.91254234313965,
    -17.009193420410156,
    -17.101720809936523,
    -17.1904354095459,
    -17.27562713623047,
    -17.35757827758789,
    -17.436546325683594,
    -17.512779235839844,
    -17.586483001708984,
    -17.657852172851562,
    -17.727039337158203,
    -17.794174194335938,
    -17.8593692779541,
    -17.922687530517578,
    -17.984188079833984,
    -18.043880462646484,
    -18.10174560546875,
    -18.15780258178711,
    -18.21195411682129,
    -18.26419448852539,
    -18.314455032348633,
    -18.36265754699707,
    -18.408767700195312,
    -18.452728271484375,
    -18.4945068359375,
    -18.5340576171875,
    -18.571382522583008,
    -18.60647964477539,
    -18.639358520507812,
    -18.67009735107422,
    -18.698711395263672,
    -18.725234985351562,
    -18.749805450439453,
    -18.772459030151367,
    -18.79332733154297,
    -18.812467575073242,
    -18.83000373840332,
    -18.846036911010742,
    -18.860645294189453,
    -18.87395477294922,
    -18.88605308532715,
    -18.897050857543945,
    -18.907012939453125,
    -18.916030883789062,
    -18.924184799194336,
    -18.93157196044922,
    -18.93822479248047,
    -18.94424057006836,
    -18.949661254882812,
    -18.954551696777344,
    -18.958961486816406,
    -18.962940216064453,
    -18.966514587402344,
    -18.969743728637695,
    -18.972633361816406,
    -18.975257873535156,
    -18.97760772705078,
    -18.979724884033203,
    -18.98163604736328,
    -18.983360290527344,
    -18.984905242919922,
    -18.986305236816406,
    -18.987560272216797,
    -18.988704681396484,
    -18.989734649658203,
    -18.990652084350586,
    -18.99149513244629,
    -18.99225616455078,
    -18.99292755126953
  ],