{
  "size": 14,
  "opt_val": -19.0,
  "method": "VQE",
  "operations": [
    "Z0_Y1",
    "Z0_Y7",
    "Z0_Y13",
    "Z1_Y6",
    "Z1_Y5",
    "Z7_Y2",
    "Z7_Y10",
    "Z6_Y3",
    "Z2_Y11",
    "Z2_Y9",
    "Z11_Y8",
    "Z11_Y12",
    "Z9_Y4",
    "Z13_Y5",
    "Z13_Y6",
    "Z5_Y10",
    "Z9_Y10",
    "Z3_Y4",
    "Z3_Y12",
    "Z4_Y8",
    "Z12_Y8"
  ],
  "dt": 0.05,
  "lr": 0.05,
  "lam": 1.0,
  "mu": 0.9,
  "fix_step": 0,
  "constant_c": true,
  "parameters": [
    1.569769024848938,
    1.4326809644699097,
    1.5643157958984375,
    1.5561914443969727,
    0.7810128927230835,
    1.5597952604293823,
    0.7582166194915771,
    1.5232882499694824,
    1.4346956014633179,
    1.5521928071975708,
    0.10960660874843597,
    0.3432985842227936,
    0.45011240243911743,
    0.7846331596374512,
    0.01881176233291626,
    0.10871081799268723,
    0.9083906412124634,
    1.12044095993042,
    1.2271733283996582,
    0.8794566988945007,
    0.7799304127693176
  ],
  "opt_ratios": [
    0.0001220702106365934,
    0.0002764120581559837,
    0.00040531682316213846,
    0.000585024943575263,
    0.0008317428873851895,
    0.0011654968839138746,
    0.0016106236726045609,
    0.002196207642555237,
    0.0029564467258751392,
    0.0039308881387114525,
    0.0051645259372889996,
    0.006707692984491587,
    0.008615736849606037,
    0.010948476381599903,
    0.013769365847110748,
    0.017144404351711273,
    0.02114081010222435,
    0.025825411081314087,
    0.03126288950443268,
    0.03751398250460625,
    0.04463329166173935,
    0.05266764387488365,
    0.06165437772870064,
    0.0716196820139885,
    0.08257792145013809,
    0.09453065693378448,
    0.10746722668409348,
    0.12136470526456833,
    0.13618941605091095,
    0.15189816057682037,
    0.16843962669372559,
    0.18575751781463623,
    0.2037905752658844,
    0.22247594594955444,
    0.241750106215477,
    0.2615496516227722,
    0.2818133533000946,
    0.3024820387363434,
    0.3234984278678894,
    0.344807893037796,
    0.36635836958885193,
    0.3880994915962219,
    0.4099825620651245,
    0.4319590926170349,
    0.45398199558258057,
    0.47600340843200684,
    0.4979751408100128,
    0.5198484063148499,
    0.5415728688240051,
    0.563097357749939,
    0.5843700170516968,
    0.6053390502929688,
    0.6259511709213257,
    0.6461533308029175,
    0.6658954620361328,
    0.6851274967193604,
    0.7038037180900574,
    0.7218806147575378,
    0.739319920539856,
    0.7560883164405823,
    0.772157609462738,
    0.7875059843063354,
    0.8021179437637329,
    0.8159853219985962,
    0.8291043043136597,
    0.841478168964386,
    0.853115975856781,
    0.8640329837799072,
    0.8742462396621704,
    0.8837800025939941,
    0.8926581740379333,
    0.9009101390838623,
    0.908565878868103,
    0.915656566619873,
    0.9222148060798645,
    0.9282722473144531,
    0.9338608980178833,
    0.9390125274658203,
    0.9437571167945862,
    0.9481245279312134,
    0.952142596244812,
    0.9558372497558594,
    0.9592350125312805,
    0.9623584747314453,
    0.9652293920516968,
    0.967869758605957,
    0.9702960848808289,
    0.9725285768508911,
    0.9745819568634033,
    0.9764719009399414,
    0.9782111644744873,
    0.9798133969306946,
    0.9812895059585571,
    0.982649564743042,
    0.9839046001434326,
    0.9850618243217468,
    0.9861308336257935,
    0.9871180057525635,
    0.9880297183990479,
    0.988874077796936,
    0.9896543025970459
  ],
  "expectations": [
    -10.499991416931152,
    -11.022050857543945,
    -11.277664184570312,
    -11.529659271240234,
    -11.77772331237793,
    -12.021543502807617,
    -12.260885238647461,
    -12.49550724029541,
    -12.725249290466309,
    -12.949987411499023,
    -13.169647216796875,
    -13.384211540222168,
    -13.59367561340332,
    -13.798102378845215,
    -13.99757194519043,
    -14.19216537475586,
    -14.381994247436523,
    -14.567146301269531,
    -14.747692108154297,
    -14.923726081848145,
    -15.095226287841797,
    -15.262195587158203,
    -15.424602508544922,
    -15.582354545593262,
    -15.735366821289062,
    -15.883501052856445,
    -16.026655197143555,
    -16.16470718383789,
    -16.29757308959961,
    -16.425209045410156,
    -16.547555923461914,
    -16.664691925048828,
    -16.776653289794922,
    -16.883567810058594,
    -16.985595703125,
    -17.082910537719727,
    -17.175745010375977,
    -17.26435089111328,
    -17.34895896911621,
    -17.4298152923584,
    -17.507186889648438,
    -17.581315994262695,
    -17.65243911743164,
    -17.720739364624023,
    -17.786439895629883,
    -17.849706649780273,
    -17.910682678222656,
    -17.969505310058594,
    -18.026269912719727,
    -18.0810546875,
    -18.133922576904297,
    -18.184947967529297,
    -18.234134674072266,
    -18.281482696533203,
    -18.327028274536133,
    -18.37074089050293,
    -18.412633895874023,
    -18.452686309814453,
    -18.490890502929688,
    -18.527244567871094,
    -18.56173324584961,
    -18.5943660736084,
    -18.625154495239258,
    -18.654138565063477,
    -18.681325912475586,
    -18.706745147705078,
    -18.730457305908203,
    -18.75254249572754,
    -18.773021697998047,
    -18.79200553894043,
    -18.809520721435547,
    -18.825674057006836,
    -18.84053611755371,
    -18.85418128967285,
    -18.866701126098633,
    -18.87816619873047,
    -18.888641357421875,
    -18.898218154907227,
    -18.906953811645508,
    -18.914918899536133,
    -18.92218780517578,
    -18.928791046142578,
    -18.934823989868164,
    -18.940311431884766,
    -18.94529914855957,
    -18.949867248535156,
    -18.953994750976562,
    -18.957775115966797,
    -18.961214065551758,
    -18.964357376098633,
    -18.96721649169922,
    -18.969829559326172,
    -18.972219467163086,
    -18.97438621520996,
    -18.97638511657715,
    -18.978200912475586,
    -18.979873657226562,
    -18.981401443481445,
    -18.98279571533203,
    -18.984100341796875,
    -18.985280990600586
  ],