{
  "size": 14,
  "opt_val": -18.0,
  "method": "VQE",
  "operations": [
    "Z0_Y5",
    "Z0_Y11",
    "Z0_Y9",
    "Z5_Y4",
    "Z5_Y10",
    "Z11_Y8",
    "Z9_Y7",
    "Z1_Y4",
    "Z10_Y13",
    "Z2_Y3",
    "Z2_Y6",
    "Z2_Y12",
    "Z3_Y13",
    "Z11_Y9",
    "Z1_Y7",
    "Z1_Y10",
    "Z4_Y7",
    "Z3_Y8",
    "Z6_Y12",
    "Z6_Y13",
    "Z12_Y8"
  ],
  "dt": 0.05,
  "lr": 0.05,
  "lam": 1.0,
  "mu": 0.9,
  "fix_step": 0,
  "constant_c": true,
  "parameters": [
    1.4007511138916016,
    0.9406611919403076,
    0.2544267773628235,
    1.2965320348739624,
    0.8733205199241638,
    0.11456071585416794,
    0.4895658493041992,
    0.21498438715934753,
    0.04906554892659187,
    1.5601444244384766,
    1.2961293458938599,
    1.4105119705200195,
    0.7695014476776123,
    0.7652249336242676,
    0.7033167481422424,
    0.6777967214584351,
    0.782640814781189,
    0.7442092895507812,
    -0.027887403964996338,
    0.7695017457008362,
    0.7442095875740051
  ],
  "opt_ratios": [
    0.0001220702106365934,
    0.00024668220430612564,
    0.0003375997766852379,
    0.0004517890920396894,
    0.0005920103867538273,
    0.0007606133003719151,
    0.000959416851401329,
    0.0011896304786205292,
    0.001451823627576232,
    0.0017459352966398,
    0.0020713217090815306,
    0.0024268385022878647,
    0.0028109331615269184,
    0.003221745602786541,
    0.0036572092212736607,
    0.00411514937877655,
    0.0045933471992611885,
    0.005089614074677229,
    0.005601829849183559,
    0.006127980537712574,
    0.006666172761470079,
    0.007214643061161041,
    0.007771754637360573,
    0.008336005732417107,
    0.008905986323952675,
    0.009480397216975689,
    0.010058014653623104,
    0.010637686587870121,
    0.011218302883207798,
    0.011798808351159096,
    0.0123781468719244,
    0.012955298647284508,
    0.013529222458600998,
    0.014098893851041794,
    0.014663249254226685,
    0.015221240930259228,
    0.0157717764377594,
    0.016313744708895683,
    0.016846034675836563,
    0.01736750267446041,
    0.01787695661187172,
    0.01837324909865856,
    0.018855206668376923,
    0.019321635365486145,
    0.019771374762058258,
    0.020203299820423126,
    0.020616240799427032,
    0.02100914716720581,
    0.021380992606282234,
    0.02173074334859848,
    0.02205752581357956,
    0.02236047200858593,
    0.022638799622654915,
    0.022891856729984283,
    0.023119047284126282,
    0.023319892585277557,
    0.023494001477956772,
    0.02364109456539154,
    0.023761052638292313,
    0.023853737860918045,
    0.02391926944255829,
    0.02395777590572834,
    0.02396949753165245,
    0.02395480126142502,
    0.02391415275633335,
    0.02384805493056774,
    0.023757126182317734,
    0.023642022162675858,
    0.023503543809056282,
    0.02334246039390564,
    0.023159626871347427,
    0.02295592986047268,
    0.02273229882121086,
    0.02248968370258808,
    0.022229081019759178,
    0.021951450034976006,
    0.021657783538103104,
    0.021349096670746803,
    0.021026361733675003,
    0.020690584555268288,
    0.020342713221907616,
    0.019983729347586632,
    0.019614562392234802,
    0.01923614740371704,
    0.018849385902285576,
    0.0184551402926445,
    0.018054267391562462,
    0.017647624015808105,
    0.017236001789569855,
    0.01682017371058464,
    0.01640089601278305,
    0.015978915616869926,
    0.015554927289485931,
    0.015129615552723408,
    0.014703631401062012,
    0.014277630485594273,
    0.013852209784090519,
    0.013427979312837124,
    0.013005482032895088,
    0.012585305608808994,
    0.012167954817414284
  ],
  "expectations": [
    -10.499991416931152,
    -11.016572952270508,
    -11.259711265563965,
    -11.49344539642334,
    -11.717317581176758,
    -11.931037902832031,
    -12.134417533874512,
    -12.327388763427734,
    -12.510001182556152,
    -12.68240737915039,
    -12.844842910766602,
    -12.99763011932373,
    -13.141157150268555,
    -13.275835037231445,
    -13.402128219604492,
    -13.520522117614746,
    -13.631497383117676,
    -13.735533714294434,
    -13.833120346069336,
    -13.92471694946289,
    -14.01076889038086,
    -14.091703414916992,
    -14.1679105758667,
    -14.239778518676758,
    -14.30764102935791,
    -14.371831893920898,
    -14.432645797729492,
    -14.490362167358398,
    -14.545217514038086,
    -14.59747314453125,
    -14.647310256958008,
    -14.694944381713867,
    -14.740533828735352,
    -14.784259796142578,
    -14.826244354248047,
    -14.866637229919434,
    -14.905548095703125,
    -14.94309139251709,
    -14.979362487792969,
    -15.014463424682617,
    -15.048442840576172,
    -15.081396102905273,
    -15.11337947845459,
    -15.144444465637207,
    -15.17464828491211,
    -15.204039573669434,
    -15.232633590698242,
    -15.260486602783203,
    -15.287641525268555,
    -15.314090728759766,
    -15.339885711669922,
    -15.365033149719238,
    -15.389541625976562,
    -15.413443565368652,
    -15.436745643615723,
    -15.459463119506836,
    -15.481596946716309,
    -15.503158569335938,
    -15.524179458618164,
    -15.544626235961914,
    -15.564538955688477,
    -15.583919525146484,
    -15.602765083312988,
    -15.621088027954102,
    -15.638906478881836,
    -15.656216621398926,
    -15.673036575317383,
    -15.689348220825195,
    -15.705208778381348,
    -15.720605850219727,
    -15.735544204711914,
    -15.750043869018555,
    -15.764106750488281,
    -15.777762413024902,
    -15.791015625,
    -15.80388069152832,
    -15.816368103027344,
    -15.828500747680664,
    -15.840283393859863,
    -15.85174560546875,
    -15.862884521484375,
    -15.87372875213623,
    -15.88428020477295,
    -15.894570350646973,
    -15.904600143432617,
    -15.914388656616211,
    -15.923946380615234,
    -15.933302879333496,
    -15.942458152770996,
    -15.951425552368164,
    -15.960214614868164,
    -15.96886157989502,
    -15.977350234985352,
    -15.985712051391602,
    -15.993935585021973,
    -16.00206184387207,
    -16.01007843017578,
    -16.01801300048828,
    -16.025854110717773,
    -16.03363037109375,
    -16.041343688964844
  ],