{
  "size": 14,
  "opt_val": -19.0,
  "method": "VQE",
  "operations": [
    "Z0_Y13",
    "Z0_Y9",
    "Z0_Y6",
    "Z13_Y7",
    "Z13_Y8",
    "Z9_Y10",
    "Z6_Y4",
    "Z6_Y11",
    "Z1_Y2",
    "Z1_Y4",
    "Z2_Y5",
    "Z2_Y12",
    "Z5_Y3",
    "Z9_Y8",
    "Z1_Y7",
    "Z4_Y11",
    "Z7_Y10",
    "Z5_Y10",
    "Z12_Y3",
    "Z12_Y8",
    "Z3_Y11"
  ],
  "dt": 0.05,
  "lr": 0.05,
  "lam": 1.0,
  "mu": 0.9,
  "fix_step": 0,
  "constant_c": true,
  "parameters": [
    1.5245033502578735,
    1.524503231048584,
    1.4146838188171387,
    0.7585750222206116,
    0.7572466135025024,
    0.9532225131988525,
    0.07933606952428818,
    0.08937478810548782,
    1.5120309591293335,
    1.4833934307098389,
    1.554552435874939,
    1.5597771406173706,
    0.7819554805755615,
    0.7572474479675293,
    0.7614607810974121,
    0.6262413263320923,
    0.7067509293556213,
    0.9509589672088623,
    0.788826048374176,
    0.07736966013908386,
    0.8808931112289429
  ],
  "opt_ratios": [
    0.0001220702106365934,
    0.0002757528854999691,
    0.0004028690455015749,
    0.0005782755906693637,
    0.0008159623248502612,
    0.0011324463412165642,
    0.0015468138735741377,
    0.002080649835988879,
    0.002757878042757511,
    0.0036044970620423555,
    0.004648231901228428,
    0.005918104201555252,
    0.007443954702466726,
    0.00925588607788086,
    0.011383715085685253,
    0.013856378383934498,
    0.016701282933354378,
    0.01994374766945839,
    0.02360635995864868,
    0.027708355337381363,
    0.03226516768336296,
    0.03728776425123215,
    0.04278237372636795,
    0.0487501285970211,
    0.05518679320812225,
    0.06208288297057152,
    0.06942354142665863,
    0.07718905061483383,
    0.08535490185022354,
    0.0938926637172699,
    0.10277020931243896,
    0.11195281147956848,
    0.12140336632728577,
    0.13108354806900024,
    0.14095422625541687,
    0.15097589790821075,
    0.16110998392105103,
    0.17131845653057098,
    0.18156462907791138,
    0.19181372225284576,
    0.20203296840190887,
    0.21219123899936676,
    0.2222602218389511,
    0.23221378028392792,
    0.24202805757522583,
    0.251681923866272,
    0.2611563801765442,
    0.27043452858924866,
    0.27950212359428406,
    0.28834670782089233,
    0.2969585359096527,
    0.30532893538475037,
    0.31345134973526,
    0.3213210999965668,
    0.32893484830856323,
    0.33629071712493896,
    0.3433879017829895,
    0.350227415561676,
    0.35681068897247314,
    0.3631403148174286,
    0.3692195415496826,
    0.3750527501106262,
    0.3806445002555847,
    0.38599976897239685,
    0.39112499356269836,
    0.39602571725845337,
    0.40070840716362,
    0.40518003702163696,
    0.4094471037387848,
    0.4135167598724365,
    0.41739553213119507,
    0.4210909605026245,
    0.4246099293231964,
    0.4279591143131256,
    0.43114593625068665,
    0.43417662382125854,
    0.43705764412879944,
    0.4397967457771301,
    0.4423993229866028,
    0.44487154483795166,
    0.4472198486328125,
    0.44945016503334045,
    0.4515673518180847,
    0.45357751846313477,
    0.45548608899116516,
    0.4572979211807251,
    0.459017276763916,
    0.4606494903564453,
    0.46219897270202637,
    0.4636697471141815,
    0.4650660455226898,
    0.4663916230201721,
    0.46765023469924927,
    0.4688451886177063,
    0.46998074650764465,
    0.47105899453163147,
    0.47208359837532043,
    0.4730573296546936,
    0.47398266196250916,
    0.47486329078674316,
    0.4756999909877777
  ],
  "expectations": [
    -10.499990463256836,
    -11.021744728088379,
    -11.276205062866211,
    -11.525918960571289,
    -11.770256996154785,
    -12.008654594421387,
    -12.240713119506836,
    -12.466114044189453,
    -12.684663772583008,
    -12.89625358581543,
    -13.10089111328125,
    -13.298648834228516,
    -13.489696502685547,
    -13.674211502075195,
    -13.852431297302246,
    -14.024616241455078,
    -14.191000938415527,
    -14.351842880249023,
    -14.507375717163086,
    -14.657792091369629,
    -14.803290367126465,
    -14.943987846374512,
    -15.080011367797852,
    -15.211456298828125,
    -15.338372230529785,
    -15.4608154296875,
    -15.57880973815918,
    -15.692392349243164,
    -15.801567077636719,
    -15.90638542175293,
    -16.00686264038086,
    -16.103069305419922,
    -16.195053100585938,
    -16.28290367126465,
    -16.366714477539062,
    -16.446565628051758,
    -16.522613525390625,
    -16.594955444335938,
    -16.66373634338379,
    -16.729087829589844,
    -16.79117774963379,
    -16.850112915039062,
    -16.90605354309082,
    -16.959136962890625,
    -17.00949478149414,
    -17.05727195739746,
    -17.10259437561035,
    -17.14556312561035,
    -17.186302185058594,
    -17.22492218017578,
    -17.26154327392578,
    -17.296255111694336,
    -17.329143524169922,
    -17.360313415527344,
    -17.389842987060547,
    -17.417818069458008,
    -17.44430160522461,
    -17.46939468383789,
    -17.493148803710938,
    -17.51563835144043,
    -17.53691864013672,
    -17.557064056396484,
    -17.576126098632812,
    -17.594146728515625,
    -17.611209869384766,
    -17.62734603881836,
    -17.64259910583496,
    -17.65703582763672,
    -17.670690536499023,
    -17.68361473083496,
    -17.69582176208496,
    -17.707378387451172,
    -17.718318939208984,
    -17.72865104675293,
    -17.738452911376953,
    -17.74771499633789,
    -17.7564697265625,
    -17.764785766601562,
    -17.772659301757812,
    -17.780105590820312,
    -17.787174224853516,
    -17.793888092041016,
    -17.80023193359375,
    -17.806262969970703,
    -17.81200408935547,
    -17.817459106445312,
    -17.822622299194336,
    -17.827545166015625,
    -17.832237243652344,
    -17.836700439453125,
    -17.840957641601562,
    -17.84501075744629,
    -17.848880767822266,
    -17.852563858032227,
    -17.85610580444336,
    -17.859481811523438,
    -17.862712860107422,
    -17.86581039428711,
    -17.868770599365234,
    -17.87163543701172,
    -17.874357223510742
  ],