{
  "size": 14,
  "opt_val": -18.0,
  "method": "VQE",
  "operations": [
    "Z0_Y2",
    "Z0_Y5",
    "Z0_Y1",
    "Z2_Y3",
    "Z2_Y9",
    "Z5_Y11",
    "Z1_Y7",
    "Z1_Y10",
    "Z7_Y12",
    "Z10_Y6",
    "Z10_Y13",
    "Z3_Y8",
    "Z8_Y4",
    "Z5_Y3",
    "Z7_Y11",
    "Z9_Y6",
    "Z9_Y12",
    "Z8_Y6",
    "Z4_Y11",
    "Z4_Y13",
    "Z13_Y12"
  ],
  "dt": 0.05,
  "lr": 0.05,
  "lam": 1.0,
  "mu": 0.9,
  "fix_step": 0,
  "constant_c": true,
  "parameters": [
    1.5683788061141968,
    1.5155892372131348,
    1.553006649017334,
    0.9396551847457886,
    1.5456218719482422,
    0.46847793459892273,
    1.4879775047302246,
    1.5139449834823608,
    0.7752364277839661,
    0.8037267923355103,
    0.317943274974823,
    0.4132603108882904,
    1.4275133609771729,
    0.5213444232940674,
    0.6193667650222778,
    0.7374402284622192,
    0.779557466506958,
    0.07520527392625809,
    1.245356798171997,
    1.2157319784164429,
    0.078072689473629
  ],
  "opt_ratios": [
    0.0002441404212731868,
    0.0005014488124288619,
    0.0007024233927950263,
    0.0009694021428003907,
    0.0013183963019400835,
    0.0017674954142421484,
    0.002336690202355385,
    0.003047615522518754,
    0.0039232284761965275,
    0.004987433552742004,
    0.006264703813940287,
    0.007779698818922043,
    0.009556932374835014,
    0.01162045169621706,
    0.013993615284562111,
    0.016698915511369705,
    0.019757838919758797,
    0.02319086343050003,
    0.027017395943403244,
    0.03125587850809097,
    0.03592380881309509,
    0.04103780537843704,
    0.04661387950181961,
    0.052667222917079926,
    0.05921252444386482,
    0.06626403331756592,
    0.07383529841899872,
    0.08193930983543396,
    0.09058846533298492,
    0.09979430586099625,
    0.10956718772649765,
    0.11991627514362335,
    0.13084900379180908,
    0.1423707902431488,
    0.15448467433452606,
    0.16719084978103638,
    0.1804860234260559,
    0.194363534450531,
    0.20881204307079315,
    0.22381633520126343,
    0.23935607075691223,
    0.2554061710834503,
    0.2719362676143646,
    0.2889110743999481,
    0.30629029870033264,
    0.32402926683425903,
    0.3420789837837219,
    0.36038661003112793,
    0.3788965940475464,
    0.39755094051361084,
    0.41628992557525635,
    0.4350535273551941,
    0.4537820816040039,
    0.4724161922931671,
    0.49089905619621277,
    0.5091769099235535,
    0.5271979570388794,
    0.5449151992797852,
    0.5622859001159668,
    0.579271674156189,
    0.5958393216133118,
    0.6119594573974609,
    0.627609372138977,
    0.6427699327468872,
    0.6574270725250244,
    0.6715714931488037,
    0.6851970553398132,
    0.6983019709587097,
    0.7108879089355469,
    0.7229593992233276,
    0.734524130821228,
    0.7455908060073853,
    0.7561713457107544,
    0.7662787437438965,
    0.7759276628494263,
    0.7851321697235107,
    0.7939096689224243,
    0.8022757768630981,
    0.8102478981018066,
    0.8178425431251526,
    0.8250768780708313,
    0.8319671154022217,
    0.8385298252105713,
    0.8447812795639038,
    0.8507372140884399,
    0.856411874294281,
    0.8618202209472656,
    0.8669769763946533,
    0.8718944191932678,
    0.8765854835510254,
    0.8810626864433289,
    0.8853375315666199,
    0.8894212245941162,
    0.8933237791061401,
    0.8970555067062378,
    0.900624692440033,
    0.9040407538414001,
    0.9073126912117004,
    0.9104468822479248,
    0.9134512543678284,
    0.9163329601287842
  ],
  "expectations": [
    -10.499990463256836,
    -11.024099349975586,
    -11.283248901367188,
    -11.538846015930176,
    -11.78966236114502,
    -12.034584999084473,
    -12.272637367248535,
    -12.502998352050781,
    -12.725044250488281,
    -12.938313484191895,
    -13.142520904541016,
    -13.337554931640625,
    -13.523457527160645,
    -13.700370788574219,
    -13.868565559387207,
    -14.028373718261719,
    -14.180183410644531,
    -14.324434280395508,
    -14.46157169342041,
    -14.592055320739746,
    -14.716354370117188,
    -14.834880828857422,
    -14.948101043701172,
    -15.056385040283203,
    -15.160122871398926,
    -15.259679794311523,
    -15.355378150939941,
    -15.447504043579102,
    -15.53635311126709,
    -15.622184753417969,
    -15.705207824707031,
    -15.785651206970215,
    -15.86369514465332,
    -15.93950366973877,
    -16.013240814208984,
    -16.085033416748047,
    -16.154983520507812,
    -16.22321128845215,
    -16.289779663085938,
    -16.354761123657227,
    -16.41822052001953,
    -16.480186462402344,
    -16.540695190429688,
    -16.599763870239258,
    -16.65738868713379,
    -16.713586807250977,
    -16.768341064453125,
    -16.821640014648438,
    -16.87347412109375,
    -16.923824310302734,
    -16.97265625,
    -17.019960403442383,
    -17.065731048583984,
    -17.10992431640625,
    -17.152542114257812,
    -17.193588256835938,
    -17.23303985595703,
    -17.270904541015625,
    -17.30719757080078,
    -17.341922760009766,
    -17.3751163482666,
    -17.406766891479492,
    -17.436935424804688,
    -17.46564292907715,
    -17.492929458618164,
    -17.518842697143555,
    -17.543418884277344,
    -17.56670379638672,
    -17.588748931884766,
    -17.60959815979004,
    -17.629323959350586,
    -17.647945404052734,
    -17.6655330657959,
    -17.682132720947266,
    -17.697811126708984,
    -17.71257972717285,
    -17.726520538330078,
    -17.73965835571289,
    -17.75205421447754,
    -17.763736724853516,
    -17.77476692199707,
    -17.785160064697266,
    -17.794963836669922,
    -17.804218292236328,
    -17.812959671020508,
    -17.821203231811523,
    -17.828989028930664,
    -17.83635711669922,
    -17.84331512451172,
    -17.84989356994629,
    -17.856121063232422,
    -17.862014770507812,
    -17.86760711669922,
    -17.87290382385254,
    -17.87793731689453,
    -17.882699966430664,
    -17.887226104736328,
    -17.89154052734375,
    -17.895633697509766,
    -17.89952850341797,
    -17.903242111206055
  ],