{
  "size": 14,
  "opt_val": -19.0,
  "method": "VQE",
  "operations": [
    "Z0_Y8",
    "Z0_Y3",
    "Z0_Y6",
    "Z8_Y9",
    "Z8_Y13",
    "Z3_Y5",
    "Z6_Y4",
    "Z1_Y5",
    "Z1_Y11",
    "Z1_Y10",
    "Z10_Y12",
    "Z2_Y4",
    "Z2_Y7",
    "Z3_Y9",
    "Z6_Y5",
    "Z11_Y4",
    "Z11_Y10",
    "Z2_Y13",
    "Z7_Y9",
    "Z7_Y12",
    "Z13_Y12"
  ],
  "dt": 0.05,
  "lr": 0.05,
  "lam": 1.0,
  "mu": 0.9,
  "fix_step": 0,
  "constant_c": true,
  "parameters": [
    1.5430235862731934,
    1.5656124353408813,
    1.5430234670639038,
    0.7619302868843079,
    0.18898724019527435,
    0.7619301676750183,
    0.6138288378715515,
    0.06411560624837875,
    0.5007517337799072,
    0.8087459206581116,
    0.0627540647983551,
    0.6138291954994202,
    1.5341894626617432,
    0.7619304060935974,
    0.7619302868843079,
    0.6138288974761963,
    0.6466575264930725,
    1.3798003196716309,
    0.06411544233560562,
    0.7654550671577454,
    0.7654556035995483
  ],
  "opt_ratios": [
    0.0001220702106365934,
    0.0002713077119551599,
    0.0003898222930729389,
    0.0005474978825077415,
    0.0007525518885813653,
    0.0010135581251233816,
    0.001339142443612218,
    0.0017376728355884552,
    0.002216927707195282,
    0.0027838069945573807,
    0.003444059519097209,
    0.00420208228752017,
    0.005060740280896425,
    0.006021269131451845,
    0.0070832218043506145,
    0.00824448000639677,
    0.009501309134066105,
    0.010848434641957283,
    0.012279227375984192,
    0.013785850256681442,
    0.015359476208686829,
    0.01699051633477211,
    0.01866886019706726,
    0.020384088158607483,
    0.02212570607662201,
    0.023883359506726265,
    0.02564699947834015,
    0.02740706317126751,
    0.029154587537050247,
    0.030881281942129135,
    0.0325796864926815,
    0.034243032336235046,
    0.03586550056934357,
    0.03744206205010414,
    0.03896843269467354,
    0.04044120013713837,
    0.04185771942138672,
    0.043215926736593246,
    0.044514454901218414,
    0.045752592384815216,
    0.04693005979061127,
    0.04804712533950806,
    0.04910450428724289,
    0.05010314658284187,
    0.051044438034296036,
    0.05192997306585312,
    0.05276154354214668,
    0.05354108661413193,
    0.054270800203084946,
    0.05495276302099228,
    0.055589236319065094,
    0.05618254095315933,
    0.05673488229513168,
    0.05724852904677391,
    0.0577257014811039,
    0.05816854536533356,
    0.058579184114933014,
    0.058959655463695526,
    0.05931183695793152,
    0.059637680649757385,
    0.05993889644742012,
    0.060217179358005524,
    0.06047417223453522,
    0.0607113391160965,
    0.060930076986551285,
    0.06113181263208389,
    0.06131769344210625,
    0.061488982290029526,
    0.0616467148065567,
    0.06179194897413254,
    0.06192561239004135,
    0.06204856187105179,
    0.062161706387996674,
    0.062265731394290924,
    0.062361396849155426,
    0.062449343502521515,
    0.06253016740083694,
    0.06260443478822708,
    0.06267265230417252,
    0.06273531913757324,
    0.06279288977384567,
    0.06284574419260025,
    0.06289428472518921,
    0.06293885409832001,
    0.06297978013753891,
    0.063017338514328,
    0.06305180490016937,
    0.06308338791131973,
    0.06311240792274475,
    0.06313906610012054,
    0.06316350400447845,
    0.0631859228014946,
    0.06320641189813614,
    0.06322528421878815,
    0.06324257701635361,
    0.06325845420360565,
    0.06327299773693085,
    0.06328631192445755,
    0.0632985308766365,
    0.06330974400043488,
    0.06331997364759445
  ],
  "expectations": [
    -10.499990463256836,
    -11.021689414978027,
    -11.275904655456543,
    -11.52511215209961,
    -11.768556594848633,
    -12.005638122558594,
    -12.235838890075684,
    -12.45881462097168,
    -12.67428970336914,
    -12.882137298583984,
    -13.082284927368164,
    -13.274796485900879,
    -13.459755897521973,
    -13.637307167053223,
    -13.807613372802734,
    -13.970895767211914,
    -14.12734603881836,
    -14.277177810668945,
    -14.420594215393066,
    -14.557796478271484,
    -14.688980102539062,
    -14.814330101013184,
    -14.934035301208496,
    -15.0482759475708,
    -15.157222747802734,
    -15.261053085327148,
    -15.359930992126465,
    -15.454030990600586,
    -15.543526649475098,
    -15.628575325012207,
    -15.709362030029297,
    -15.78602123260498,
    -15.858729362487793,
    -15.927655220031738,
    -15.992940902709961,
    -16.054737091064453,
    -16.11321258544922,
    -16.168498992919922,
    -16.220727920532227,
    -16.270061492919922,
    -16.316619873046875,
    -16.36052894592285,
    -16.401939392089844,
    -16.440963745117188,
    -16.477724075317383,
    -16.512346267700195,
    -16.544937133789062,
    -16.57560157775879,
    -16.604469299316406,
    -16.631614685058594,
    -16.657150268554688,
    -16.68117332458496,
    -16.703763961791992,
    -16.72500991821289,
    -16.744997024536133,
    -16.763790130615234,
    -16.781478881835938,
    -16.798124313354492,
    -16.813777923583984,
    -16.828521728515625,
    -16.842395782470703,
    -16.855453491210938,
    -16.867765426635742,
    -16.87936019897461,
    -16.890274047851562,
    -16.90057373046875,
    -16.910268783569336,
    -16.91942024230957,
    -16.928050994873047,
    -16.936193466186523,
    -16.943878173828125,
    -16.951114654541016,
    -16.957962036132812,
    -16.964420318603516,
    -16.970518112182617,
    -16.97628402709961,
    -16.981721878051758,
    -16.986865997314453,
    -16.99172019958496,
    -16.996305465698242,
    -17.000648498535156,
    -17.004745483398438,
    -17.008621215820312,
    -17.012285232543945,
    -17.01575469970703,
    -17.01903533935547,
    -17.02213478088379,
    -17.025056838989258,
    -17.027828216552734,
    -17.030460357666016,
    -17.032943725585938,
    -17.035295486450195,
    -17.037504196166992,
    -17.039609909057617,
    -17.04159927368164,
    -17.043489456176758,
    -17.045272827148438,
    -17.046955108642578,
    -17.048553466796875,
    -17.050071716308594,
    -17.05149269104004
  ],