{
  "size": 14,
  "opt_val": -18.0,
  "method": "VQE",
  "operations": [
    "Z0_Y11",
    "Z0_Y10",
    "Z0_Y12",
    "Z11_Y8",
    "Z11_Y9",
    "Z10_Y1",
    "Z10_Y7",
    "Z12_Y13",
    "Z1_Y6",
    "Z1_Y5",
    "Z6_Y3",
    "Z6_Y4",
    "Z5_Y2",
    "Z12_Y9",
    "Z5_Y3",
    "Z2_Y8",
    "Z2_Y3",
    "Z8_Y7",
    "Z4_Y7",
    "Z4_Y13",
    "Z13_Y9"
  ],
  "dt": 0.05,
  "lr": 0.05,
  "lam": 1.0,
  "mu": 0.9,
  "fix_step": 0,
  "constant_c": true,
  "parameters": [
    1.5526515245437622,
    1.4165042638778687,
    1.5101916790008545,
    0.6608637571334839,
    0.7490226626396179,
    1.3964483737945557,
    0.44236886501312256,
    -0.10696285218000412,
    1.5360671281814575,
    1.545225739479065,
    0.8366512656211853,
    1.3800022602081299,
    -0.6995056867599487,
    0.6310298442840576,
    0.6660686135292053,
    0.8998813033103943,
    0.07388568669557571,
    1.135300874710083,
    0.7227902412414551,
    1.3902453184127808,
    0.1924591064453125
  ],
  "opt_ratios": [
    0.0001220702106365934,
    0.00024893434601835907,
    0.0003461968735791743,
    0.00047371882828883827,
    0.0006383453728631139,
    0.0008477588417008519,
    0.0011104198638349771,
    0.001435459591448307,
    0.0018325389828532934,
    0.0023116774391382933,
    0.002883048728108406,
    0.003556774230673909,
    0.004342713393270969,
    0.005250261165201664,
    0.006288167554885149,
    0.0074644242413342,
    0.00878611858934164,
    0.010259434580802917,
    0.011889565736055374,
    0.013680804520845413,
    0.015636596828699112,
    0.017759593203663826,
    0.020051805302500725,
    0.02251472696661949,
    0.025149472057819366,
    0.027956927195191383,
    0.03093789890408516,
    0.03409324586391449,
    0.03742396831512451,
    0.04093141481280327,
    0.04461720585823059,
    0.048483505845069885,
    0.05253291130065918,
    0.05676852911710739,
    0.06119413673877716,
    0.06581384688615799,
    0.07063242793083191,
    0.07565508782863617,
    0.08088740706443787,
    0.08633539080619812,
    0.09200546145439148,
    0.0979040265083313,
    0.10403803735971451,
    0.11041433364152908,
    0.11703992635011673,
    0.12392174452543259,
    0.13106685876846313,
    0.13848212361335754,
    0.14617429673671722,
    0.15414978563785553,
    0.16241487860679626,
    0.17097537219524384,
    0.17983697354793549,
    0.1890045404434204,
    0.19848260283470154,
    0.20827490091323853,
    0.21838423609733582,
    0.22881275415420532,
    0.239561527967453,
    0.25063061714172363,
    0.2620185613632202,
    0.2737230956554413,
    0.2857396602630615,
    0.2980632185935974,
    0.31068602204322815,
    0.32359927892684937,
    0.33679208159446716,
    0.35025209188461304,
    0.36396437883377075,
    0.377912700176239,
    0.39207923412323,
    0.40644335746765137,
    0.4209839403629303,
    0.43567728996276855,
    0.4504993259906769,
    0.46542397141456604,
    0.4804237484931946,
    0.4954712688922882,
    0.5105377435684204,
    0.5255942344665527,
    0.5406122803688049,
    0.555562436580658,
    0.5704169869422913,
    0.5851473212242126,
    0.5997269153594971,
    0.6141296625137329,
    0.6283313632011414,
    0.6423082947731018,
    0.6560399532318115,
    0.6695057153701782,
    0.6826882362365723,
    0.6955715417861938,
    0.7081415057182312,
    0.7203867435455322,
    0.732296347618103,
    0.7438628077507019,
    0.7550798058509827,
    0.7659426331520081,
    0.7764484882354736,
    0.7865968942642212,
    0.7963874340057373
  ],
  "expectations": [
    -10.499990463256836,
    -11.019307136535645,
    -11.268680572509766,
    -11.51154899597168,
    -11.747537612915039,
    -11.976327896118164,
    -12.197683334350586,
    -12.41143798828125,
    -12.617474555969238,
    -12.815752983093262,
    -13.00629997253418,
    -13.189180374145508,
    -13.364511489868164,
    -13.532470703125,
    -13.69322395324707,
    -13.847015380859375,
    -13.994071006774902,
    -14.134658813476562,
    -14.269020080566406,
    -14.397409439086914,
    -14.520108222961426,
    -14.637361526489258,
    -14.749414443969727,
    -14.85651969909668,
    -14.958902359008789,
    -15.056787490844727,
    -15.150402069091797,
    -15.23995590209961,
    -15.325645446777344,
    -15.407675743103027,
    -15.48621940612793,
    -15.561478614807129,
    -15.633621215820312,
    -15.702805519104004,
    -15.76922607421875,
    -15.833015441894531,
    -15.89433765411377,
    -15.953333854675293,
    -16.010129928588867,
    -16.064861297607422,
    -16.117671966552734,
    -16.168636322021484,
    -16.217897415161133,
    -16.26554298400879,
    -16.311664581298828,
    -16.356342315673828,
    -16.399667739868164,
    -16.44171714782715,
    -16.482559204101562,
    -16.522254943847656,
    -16.560871124267578,
    -16.598459243774414,
    -16.635089874267578,
    -16.670814514160156,
    -16.70568084716797,
    -16.739744186401367,
    -16.773040771484375,
    -16.80561637878418,
    -16.837514877319336,
    -16.868778228759766,
    -16.89944076538086,
    -16.929550170898438,
    -16.95911407470703,
    -16.988201141357422,
    -17.016799926757812,
    -17.04494857788086,
    -17.072675704956055,
    -17.099998474121094,
    -17.126922607421875,
    -17.153453826904297,
    -17.179624557495117,
    -17.205411911010742,
    -17.230846405029297,
    -17.25589942932129,
    -17.280595779418945,
    -17.30492401123047,
    -17.328861236572266,
    -17.3524169921875,
    -17.37557029724121,
    -17.398305892944336,
    -17.420631408691406,
    -17.442506790161133,
    -17.463953018188477,
    -17.484928131103516,
    -17.505430221557617,
    -17.52544593811035,
    -17.544967651367188,
    -17.563968658447266,
    -17.582469940185547,
    -17.600433349609375,
    -17.617862701416016,
    -17.63475799560547,
    -17.65111541748047,
    -17.66693878173828,
    -17.682209014892578,
    -17.696945190429688,
    -17.71114730834961,
    -17.724817276000977,
    -17.73794937133789,
    -17.75058364868164,
    -17.762691497802734
  ],