{
  "size": 16,
  "opt_val": -26.0,
  "method": "VQE",
  "operations": [
    "Z0_Y8",
    "Z0_Y7",
    "Z0_Y4",
    "Z0_Y12",
    "Z8_Y1",
    "Z8_Y9",
    "Z7_Y15",
    "Z4_Y3",
    "Z4_Y5",
    "Z4_Y10",
    "Z1_Y14",
    "Z14_Y13",
    "Z2_Y11",
    "Z2_Y13",
    "Z2_Y6",
    "Z8_Y7",
    "Z7_Y1",
    "Z12_Y1",
    "Z12_Y10",
    "Z12_Y15",
    "Z14_Y5",
    "Z14_Y10",
    "Z2_Y9",
    "Z11_Y5",
    "Z11_Y9",
    "Z11_Y13",
    "Z13_Y6",
    "Z6_Y3",
    "Z9_Y6",
    "Z3_Y15",
    "Z3_Y5",
    "Z15_Y10"
  ],
  "dt": 0.05,
  "lr": 0.05,
  "lam": 1.0,
  "mu": 0.9,
  "fix_step": 0,
  "constant_c": true,
  "parameters": [
    1.5680323839187622,
    1.210480809211731,
    1.559619665145874,
    1.568101406097412,
    1.5687464475631714,
    1.1729063987731934,
    0.5824110507965088,
    0.026729652658104897,
    0.6820195317268372,
    0.6206846237182617,
    1.5470898151397705,
    0.8832076787948608,
    1.1234638690948486,
    0.14152094721794128,
    0.6150795221328735,
    -0.2286415696144104,
    -0.04766174033284187,
    0.04797191172838211,
    0.49896255135536194,
    0.36994776129722595,
    0.7857140302658081,
    0.45522797107696533,
    0.3049519956111908,
    0.34958815574645996,
    0.5760003924369812,
    0.7917200922966003,
    0.8078036904335022,
    1.0743200778961182,
    0.1817178875207901,
    0.6233245134353638,
    0.3068229854106903,
    0.012669740244746208
  ],
  "opt_ratios": [
    0.00027465797029435635,
    0.0006986087537370622,
    0.0010538941714912653,
    0.001541996723972261,
    0.002194227185100317,
    0.003044264856725931,
    0.0041271899826824665,
    0.005478658713400364,
    0.007133830804377794,
    0.009126586839556694,
    0.011488311924040318,
    0.014247290790081024,
    0.017427563667297363,
    0.02104851044714451,
    0.025123849511146545,
    0.02966148778796196,
    0.0346633642911911,
    0.040124811232089996,
    0.04603510722517967,
    0.052377890795469284,
    0.059131376445293427,
    0.06627004593610764,
    0.0737648606300354,
    0.08158464729785919,
    0.08969706296920776,
    0.09806954860687256,
    0.10666994750499725,
    0.11546818912029266,
    0.12443540245294571,
    0.1335459053516388,
    0.1427767127752304,
    0.15210768580436707,
    0.16152127087116241,
    0.17100301384925842,
    0.18054279685020447,
    0.19013170897960663,
    0.19976405799388885,
    0.2094363570213318,
    0.21914659440517426,
    0.22889606654644012,
    0.23868457973003387,
    0.24851346015930176,
    0.2583840489387512,
    0.2682966887950897,
    0.2782464027404785,
    0.2882271111011505,
    0.29822850227355957,
    0.30823415517807007,
    0.31822338700294495,
    0.3281671702861786,
    0.3380310535430908,
    0.34777477383613586,
    0.3573513627052307,
    0.366711288690567,
    0.37580186128616333,
    0.3845706284046173,
    0.39296790957450867,
    0.400950163602829,
    0.4084784984588623,
    0.41552478075027466,
    0.4220709204673767,
    0.4281095266342163,
    0.43364182114601135,
    0.43868011236190796,
    0.4432448446750641,
    0.44736170768737793,
    0.45106133818626404,
    0.4543783962726593,
    0.4573470950126648,
    0.46000176668167114,
    0.4623783230781555,
    0.4645077884197235,
    0.4664202034473419,
    0.46814247965812683,
    0.46969884634017944,
    0.47111111879348755,
    0.4723990857601166,
    0.4735793471336365,
    0.4746670126914978,
    0.4756750762462616,
    0.47661450505256653,
    0.47749364376068115,
    0.47832077741622925,
    0.4791026711463928,
    0.4798448085784912,
    0.4805521070957184,
    0.4812283217906952,
    0.48187702894210815,
    0.4825011193752289,
    0.48310235142707825,
    0.48368310928344727,
    0.48424503207206726,
    0.48478877544403076,
    0.48531585931777954,
    0.4858272671699524,
    0.48632341623306274,
    0.48680517077445984,
    0.4872729480266571,
    0.48772671818733215,
    0.488166868686676,
    0.4885939955711365
  ],
  "expectations": [
    -15.999984741210938,
    -16.778823852539062,
    -17.133087158203125,
    -17.46868896484375,
    -17.786373138427734,
    -18.08694076538086,
    -18.371261596679688,
    -18.640201568603516,
    -18.894603729248047,
    -19.135395050048828,
    -19.363399505615234,
    -19.579425811767578,
    -19.784286499023438,
    -19.97869300842285,
    -20.16330337524414,
    -20.3387451171875,
    -20.505550384521484,
    -20.664268493652344,
    -20.815338134765625,
    -20.959171295166016,
    -21.096160888671875,
    -21.226669311523438,
    -21.351078033447266,
    -21.46966552734375,
    -21.582820892333984,
    -21.690837860107422,
    -21.79408836364746,
    -21.892868041992188,
    -21.987506866455078,
    -22.07830238342285,
    -22.165607452392578,
    -22.24972152709961,
    -22.3309326171875,
    -22.409496307373047,
    -22.48575210571289,
    -22.559947967529297,
    -22.632335662841797,
    -22.703182220458984,
    -22.772720336914062,
    -22.841201782226562,
    -22.908855438232422,
    -22.975875854492188,
    -23.04245376586914,
    -23.108806610107422,
    -23.175031661987305,
    -23.241260528564453,
    -23.30756950378418,
    -23.37395668029785,
    -23.440439224243164,
    -23.50688934326172,
    -23.573204040527344,
    -23.639175415039062,
    -23.70453643798828,
    -23.76900291442871,
    -23.832256317138672,
    -23.893917083740234,
    -23.953638076782227,
    -24.011104583740234,
    -24.06599998474121,
    -24.118112564086914,
    -24.167232513427734,
    -24.21327781677246,
    -24.256181716918945,
    -24.295970916748047,
    -24.332748413085938,
    -24.366647720336914,
    -24.397842407226562,
    -24.426536560058594,
    -24.452938079833984,
    -24.477252960205078,
    -24.49972915649414,
    -24.520517349243164,
    -24.539844512939453,
    -24.557872772216797,
    -24.574745178222656,
    -24.590612411499023,
    -24.605602264404297,
    -24.619792938232422,
    -24.63329315185547,
    -24.646198272705078,
    -24.658565521240234,
    -24.670425415039062,
    -24.681842803955078,
    -24.692859649658203,
    -24.703502655029297,
    -24.71380043029785,
    -24.72376251220703,
    -24.733428955078125,
    -24.742828369140625,
    -24.751937866210938,
    -24.760786056518555,
    -24.769393920898438,
    -24.777732849121094,
    -24.785842895507812,
    -24.793716430664062,
    -24.80135154724121,
    -24.808773040771484,
    -24.81597900390625,
    -24.82296371459961,
    -24.829723358154297,
    -24.836284637451172
  ],