{
  "size": 16,
  "opt_val": -26.0,
  "method": "VQE",
  "operations": [
    "Z0_Y14",
    "Z0_Y7",
    "Z0_Y6",
    "Z0_Y15",
    "Z14_Y10",
    "Z14_Y13",
    "Z7_Y5",
    "Z6_Y1",
    "Z6_Y2",
    "Z1_Y3",
    "Z1_Y9",
    "Z3_Y4",
    "Z9_Y8",
    "Z9_Y11",
    "Z9_Y12",
    "Z14_Y7",
    "Z7_Y15",
    "Z6_Y10",
    "Z15_Y1",
    "Z15_Y10",
    "Z3_Y10",
    "Z3_Y13",
    "Z2_Y5",
    "Z2_Y8",
    "Z2_Y13",
    "Z5_Y11",
    "Z8_Y4",
    "Z8_Y12",
    "Z5_Y13",
    "Z4_Y12",
    "Z4_Y11",
    "Z12_Y11"
  ],
  "dt": 0.05,
  "lr": 0.05,
  "lam": 1.0,
  "mu": 0.9,
  "fix_step": 0,
  "constant_c": true,
  "parameters": [
    1.5685449838638306,
    -0.9676758646965027,
    1.5707781314849854,
    1.0688034296035767,
    0.4242778718471527,
    0.6564986705780029,
    0.24836774170398712,
    1.5698766708374023,
    1.535378098487854,
    1.5649421215057373,
    0.5340124368667603,
    0.8026694059371948,
    0.387400358915329,
    0.7645716667175293,
    0.24466493725776672,
    0.6109597682952881,
    0.5019972324371338,
    0.4885875880718231,
    0.002063347026705742,
    0.4320189654827118,
    0.22615867853164673,
    0.6750180125236511,
    1.3117121458053589,
    1.1118216514587402,
    0.2559055685997009,
    0.5006347298622131,
    0.6975905895233154,
    0.7733515501022339,
    0.4951559603214264,
    0.5377779603004456,
    0.40557289123535156,
    0.5786241292953491
  ],
  "opt_ratios": [
    0.0003967281663790345,
    0.0010109839495271444,
    0.0015290254959836602,
    0.0022437055595219135,
    0.003202511928975582,
    0.004456669557839632,
    0.0060600112192332745,
    0.008067954331636429,
    0.010537264868617058,
    0.013525493443012238,
    0.017091266810894012,
    0.02129526622593403,
    0.02620074525475502,
    0.03187442570924759,
    0.03838864713907242,
    0.04582055285573006,
    0.05425310507416725,
    0.06377428025007248,
    0.07447606325149536,
    0.08645175397396088,
    0.0997924730181694,
    0.11458414793014526,
    0.13089896738529205,
    0.14879293739795685,
    0.16829609870910645,
    0.18941126763820648,
    0.21210622787475586,
    0.23631148040294647,
    0.2619200348854065,
    0.2887902855873108,
    0.31674882769584656,
    0.34559428691864014,
    0.37510988116264343,
    0.4050612151622772,
    0.4352128505706787,
    0.4653296172618866,
    0.495181679725647,
    0.5245576500892639,
    0.5532609224319458,
    0.5811178684234619,
    0.607981264591217,
    0.6337317228317261,
    0.6582731008529663,
    0.6815411448478699,
    0.7034968733787537,
    0.7241203784942627,
    0.7434162497520447,
    0.7614021301269531,
    0.778117299079895,
    0.7936078310012817,
    0.8079304695129395,
    0.821147084236145,
    0.8333244323730469,
    0.8445295691490173,
    0.8548341393470764,
    0.8643040657043457,
    0.873005211353302,
    0.8809970617294312,
    0.8883410692214966,
    0.8950918316841125,
    0.9012988805770874,
    0.9070128202438354,
    0.9122772216796875,
    0.917131781578064,
    0.9216116666793823,
    0.9257521629333496,
    0.9295818209648132,
    0.9331307411193848,
    0.9364200830459595,
    0.93947434425354,
    0.9423132538795471,
    0.9449580311775208,
    0.9474231004714966,
    0.9497237205505371,
    0.9518753886222839,
    0.9538869857788086,
    0.9557740092277527,
    0.9575435519218445,
    0.9592079520225525,
    0.9607719779014587,
    0.9622476100921631,
    0.963638424873352,
    0.964950442314148,
    0.966192364692688,
    0.9673670530319214,
    0.9684809446334839,
    0.9695367813110352,
    0.9705402255058289,
    0.9714940786361694,
    0.9724020957946777,
    0.9732668995857239,
    0.9740920662879944,
    0.9748792052268982,
    0.9756314754486084,
    0.9763498902320862,
    0.9770386815071106,
    0.9776979088783264,
    0.978329598903656,
    0.9789364337921143,
    0.9795177578926086,
    0.9800768494606018
  ],
  "expectations": [
    -15.999984741210938,
    -16.781597137451172,
    -17.14183235168457,
    -17.485687255859375,
    -17.81363868713379,
    -18.126131057739258,
    -18.423694610595703,
    -18.706878662109375,
    -18.976318359375,
    -19.232799530029297,
    -19.47716522216797,
    -19.710416793823242,
    -19.933603286743164,
    -20.14784812927246,
    -20.354379653930664,
    -20.554410934448242,
    -20.749160766601562,
    -20.939773559570312,
    -21.12737464904785,
    -21.312898635864258,
    -21.4971923828125,
    -21.680925369262695,
    -21.864501953125,
    -22.048194885253906,
    -22.231975555419922,
    -22.4156494140625,
    -22.598800659179688,
    -22.780887603759766,
    -22.961177825927734,
    -23.13888168334961,
    -23.31324005126953,
    -23.483417510986328,
    -23.648704528808594,
    -23.808391571044922,
    -23.961872100830078,
    -24.10869598388672,
    -24.248437881469727,
    -24.380809783935547,
    -24.505638122558594,
    -24.622798919677734,
    -24.732315063476562,
    -24.83428192138672,
    -24.92881965637207,
    -25.016143798828125,
    -25.09659194946289,
    -25.17041778564453,
    -25.238027572631836,
    -25.29974365234375,
    -25.35599708557129,
    -25.407163619995117,
    -25.45363998413086,
    -25.495826721191406,
    -25.53406524658203,
    -25.568729400634766,
    -25.60013198852539,
    -25.62860870361328,
    -25.65445327758789,
    -25.677871704101562,
    -25.699159622192383,
    -25.718509674072266,
    -25.736103057861328,
    -25.752168655395508,
    -25.766830444335938,
    -25.780254364013672,
    -25.79252052307129,
    -25.803794860839844,
    -25.81414794921875,
    -25.823699951171875,
    -25.83249282836914,
    -25.84061622619629,
    -25.848133087158203,
    -25.855121612548828,
    -25.861591339111328,
    -25.867618560791016,
    -25.87325668334961,
    -25.878494262695312,
    -25.883398056030273,
    -25.88798713684082,
    -25.892318725585938,
    -25.896364212036133,
    -25.90020179748535,
    -25.90378189086914,
    -25.907161712646484,
    -25.91038703918457,
    -25.913414001464844,
    -25.916297912597656,
    -25.919008255004883,
    -25.921598434448242,
    -25.924060821533203,
    -25.926406860351562,
    -25.928638458251953,
    -25.93077850341797,
    -25.93280792236328,
    -25.934755325317383,
    -25.93659210205078,
    -25.93838882446289,
    -25.94009780883789,
    -25.941726684570312,
    -25.943317413330078,
    -25.944808959960938,
    -25.94626235961914
  ],