{
  "size": 16,
  "opt_val": -26.0,
  "method": "VQE",
  "operations": [
    "Z0_Y14",
    "Z0_Y13",
    "Z0_Y9",
    "Z0_Y15",
    "Z14_Y3",
    "Z13_Y1",
    "Z13_Y4",
    "Z9_Y2",
    "Z9_Y10",
    "Z15_Y7",
    "Z15_Y12",
    "Z1_Y6",
    "Z1_Y11",
    "Z1_Y8",
    "Z11_Y5",
    "Z14_Y9",
    "Z14_Y13",
    "Z15_Y10",
    "Z6_Y2",
    "Z6_Y11",
    "Z6_Y7",
    "Z11_Y12",
    "Z8_Y5",
    "Z8_Y7",
    "Z8_Y10",
    "Z2_Y4",
    "Z4_Y3",
    "Z2_Y10",
    "Z4_Y12",
    "Z3_Y12",
    "Z3_Y5",
    "Z5_Y7"
  ],
  "dt": 0.05,
  "lr": 0.05,
  "lam": 1.0,
  "mu": 0.9,
  "fix_step": 0,
  "constant_c": true,
  "parameters": [
    -1.5627357959747314,
    1.5707048177719116,
    1.2021043300628662,
    1.5691335201263428,
    1.4003666639328003,
    1.5699630975723267,
    0.9185492396354675,
    -0.20573614537715912,
    0.2238871306180954,
    0.6011453866958618,
    0.6444980502128601,
    0.360128253698349,
    1.5541973114013672,
    1.5687799453735352,
    0.5755009055137634,
    0.3828374743461609,
    0.002849479205906391,
    0.7513396739959717,
    1.1648077964782715,
    0.006504577584564686,
    0.6278851628303528,
    0.5850083827972412,
    0.3719841539859772,
    0.5282179117202759,
    0.5945762395858765,
    0.6200711727142334,
    0.1703740805387497,
    0.006498868577182293,
    0.03254419565200806,
    0.35532355308532715,
    0.6234837770462036,
    0.1885736584663391
  ],
  "opt_ratios": [
    0.00015258774510584772,
    0.00038805059739388525,
    0.0005867112777195871,
    0.0008604647591710091,
    0.0012269640574231744,
    0.0017049532616510987,
    0.0023137505631893873,
    0.0030728126876056194,
    0.004001447930932045,
    0.005118535831570625,
    0.006442595738917589,
    0.007991771213710308,
    0.009784084744751453,
    0.011837669648230076,
    0.014171152375638485,
    0.016804004088044167,
    0.019756831228733063,
    0.023052314296364784,
    0.026714861392974854,
    0.030771350488066673,
    0.0352521650493145,
    0.04019055888056755,
    0.04562334716320038,
    0.051591768860816956,
    0.05814104527235031,
    0.06532100588083267,
    0.07318611443042755,
    0.08179596066474915,
    0.09121385216712952,
    0.10150811076164246,
    0.11275015026330948,
    0.12501515448093414,
    0.1383790671825409,
    0.1529170125722885,
    0.16870471835136414,
    0.18581032752990723,
    0.20429472625255585,
    0.22420677542686462,
    0.2455790936946869,
    0.26842138171195984,
    0.29272061586380005,
    0.31842976808547974,
    0.3454696238040924,
    0.3737224340438843,
    0.40303003787994385,
    0.43319955468177795,
    0.46400102972984314,
    0.4951763451099396,
    0.5264491438865662,
    0.5575329065322876,
    0.5881428718566895,
    0.6180086731910706,
    0.6468836665153503,
    0.6745542287826538,
    0.7008511424064636,
    0.7256469130516052,
    0.7488548159599304,
    0.7704311013221741,
    0.7903692722320557,
    0.8086960911750793,
    0.8254637718200684,
    0.8407434821128845,
    0.854621946811676,
    0.8671926259994507,
    0.8785538077354431,
    0.8888071179389954,
    0.8980490565299988,
    0.9063755869865417,
    0.9138749241828918,
    0.9206302165985107,
    0.9267183542251587,
    0.9322119355201721,
    0.9371724128723145,
    0.9416592717170715,
    0.9457207918167114,
    0.9494059681892395,
    0.9527541995048523,
    0.9558011293411255,
    0.9585816264152527,
    0.9611225128173828,
    0.9634496569633484,
    0.9655836820602417,
    0.9675463438034058,
    0.9693549275398254,
    0.9710240960121155,
    0.9725675582885742,
    0.9739987254142761,
    0.9753272533416748,
    0.9765622019767761,
    0.9777118563652039,
    0.9787850379943848,
    0.979787290096283,
    0.9807248711585999,
    0.9816046357154846,
    0.9824302196502686,
    0.9832047820091248,
    0.9839347004890442,
    0.9846220016479492,
    0.9852683544158936,
    0.9858798384666443,
    0.9864575862884521
  ],
  "expectations": [
    -15.999984741210938,
    -16.782978057861328,
    -17.14417266845703,
    -17.486957550048828,
    -17.810848236083984,
    -18.115772247314453,
    -18.401966094970703,
    -18.669967651367188,
    -18.920494079589844,
    -19.154468536376953,
    -19.372936248779297,
    -19.57699966430664,
    -19.767799377441406,
    -19.946495056152344,
    -20.114246368408203,
    -20.272151947021484,
    -20.421276092529297,
    -20.56263542175293,
    -20.697208404541016,
    -20.825878143310547,
    -20.949562072753906,
    -21.06903839111328,
    -21.185104370117188,
    -21.2984676361084,
    -21.409835815429688,
    -21.51983070373535,
    -21.629104614257812,
    -21.73825454711914,
    -21.847806930541992,
    -21.958284378051758,
    -22.07018280029297,
    -22.183937072753906,
    -22.299922943115234,
    -22.418516159057617,
    -22.53993797302246,
    -22.66442108154297,
    -22.792030334472656,
    -22.92276382446289,
    -23.0565185546875,
    -23.193038940429688,
    -23.33197784423828,
    -23.47280502319336,
    -23.614891052246094,
    -23.757539749145508,
    -23.89984130859375,
    -24.040924072265625,
    -24.1798095703125,
    -24.31551742553711,
    -24.447118759155273,
    -24.573741912841797,
    -24.69460678100586,
    -24.80908966064453,
    -24.916683197021484,
    -25.01705551147461,
    -25.110061645507812,
    -25.195676803588867,
    -25.273998260498047,
    -25.345287322998047,
    -25.409862518310547,
    -25.46808433532715,
    -25.520404815673828,
    -25.567283630371094,
    -25.60918617248535,
    -25.646564483642578,
    -25.679851531982422,
    -25.709484100341797,
    -25.735843658447266,
    -25.75929069519043,
    -25.78014373779297,
    -25.79871940612793,
    -25.81527328491211,
    -25.830047607421875,
    -25.843223571777344,
    -25.855058670043945,
    -25.86566162109375,
    -25.87518310546875,
    -25.883769989013672,
    -25.89150619506836,
    -25.898530960083008,
    -25.904890060424805,
    -25.910675048828125,
    -25.915931701660156,
    -25.920745849609375,
    -25.92516326904297,
    -25.929222106933594,
    -25.93294334411621,
    -25.936391830444336,
    -25.93958282470703,
    -25.942527770996094,
    -25.945281982421875,
    -25.947826385498047,
    -25.950191497802734,
    -25.95240020751953,
    -25.95448875427246,
    -25.9564266204834,
    -25.958248138427734,
    -25.959959030151367,
    -25.961589813232422,
    -25.963096618652344,
    -25.964540481567383,
    -25.96588897705078
  ],