{
  "size": 16,
  "opt_val": -28.0,
  "method": "VQE",
  "operations": [
    "Z0_Y5",
    "Z0_Y14",
    "Z0_Y1",
    "Z0_Y7",
    "Z5_Y2",
    "Z5_Y10",
    "Z5_Y15",
    "Z14_Y11",
    "Z1_Y12",
    "Z1_Y4",
    "Z7_Y6",
    "Z12_Y3",
    "Z12_Y13",
    "Z2_Y8",
    "Z8_Y9",
    "Z14_Y1",
    "Z14_Y7",
    "Z7_Y2",
    "Z12_Y11",
    "Z4_Y3",
    "Z4_Y10",
    "Z4_Y13",
    "Z2_Y11",
    "Z11_Y6",
    "Z8_Y3",
    "Z8_Y15",
    "Z3_Y6",
    "Z6_Y9",
    "Z10_Y9",
    "Z10_Y15",
    "Z13_Y9",
    "Z13_Y15"
  ],
  "dt": 0.05,
  "lr": 0.05,
  "lam": 1.0,
  "mu": 0.9,
  "fix_step": 0,
  "constant_c": true,
  "parameters": [
    1.5686720609664917,
    -1.558174729347229,
    1.5706218481063843,
    1.1479827165603638,
    1.5616892576217651,
    -0.20877796411514282,
    0.44469544291496277,
    0.442129522562027,
    1.5707491636276245,
    1.5703990459442139,
    0.17178277671337128,
    0.8615992069244385,
    0.6721315979957581,
    1.4753509759902954,
    0.5583595633506775,
    0.00031361039145849645,
    0.42324990034103394,
    0.009360697120428085,
    0.5819087028503418,
    0.7500002980232239,
    1.3612427711486816,
    0.8986666798591614,
    0.5467929244041443,
    0.7975479364395142,
    0.04121369495987892,
    0.15059393644332886,
    0.5973368287086487,
    0.2380475103855133,
    0.6531577110290527,
    0.4017680883407593,
    0.596604585647583,
    0.5739640593528748
  ],
  "opt_ratios": [
    3.0517549021169543e-05,
    9.347333980258554e-05,
    0.00015475442341994494,
    0.000247938180109486,
    0.00038536961073987186,
    0.0005824090912938118,
    0.0008576128748245537,
    0.0012328771408647299,
    0.0017334514996036887,
    0.0023880491498857737,
    0.003228922374546528,
    0.004292009398341179,
    0.005617434624582529,
    0.0072499606758356094,
    0.009239581413567066,
    0.01164255104959011,
    0.014522543177008629,
    0.01795111782848835,
    0.022009629756212234,
    0.02678966522216797,
    0.03239413723349571,
    0.03893794119358063,
    0.04654833301901817,
    0.055363740772008896,
    0.0655326247215271,
    0.07721056789159775,
    0.09055476635694504,
    0.10571715980768204,
    0.12283573299646378,
    0.14202095568180084,
    0.16334350407123566,
    0.18681994080543518,
    0.21239732205867767,
    0.23994414508342743,
    0.2692462205886841,
    0.30000922083854675,
    0.33186668157577515,
    0.3644050359725952,
    0.39718741178512573,
    0.42978259921073914,
    0.46179258823394775,
    0.492878794670105,
    0.5227736234664917,
    0.5512867569923401,
    0.5783081650733948,
    0.6037920117378235,
    0.6277498006820679,
    0.6502403616905212,
    0.6713493466377258,
    0.6911801099777222,
    0.7098430395126343,
    0.7274498343467712,
    0.7441022992134094,
    0.7598984241485596,
    0.774920642375946,
    0.7892365455627441,
    0.8028981685638428,
    0.8159565925598145,
    0.8284361958503723,
    0.8403668999671936,
    0.8517599105834961,
    0.8626235127449036,
    0.8729648590087891,
    0.882783830165863,
    0.8920786380767822,
    0.9008502960205078,
    0.9091007709503174,
    0.9168344140052795,
    0.9240569472312927,
    0.9307782053947449,
    0.9370092749595642,
    0.9427657127380371,
    0.9480671882629395,
    0.9529306888580322,
    0.9573805928230286,
    0.9614416360855103,
    0.9651346802711487,
    0.9684886336326599,
    0.9715266823768616,
    0.9742733836174011,
    0.9767526388168335,
    0.9789883494377136,
    0.9810025095939636,
    0.982814610004425,
    0.984443187713623,
    0.9859070181846619,
    0.9872218370437622,
    0.9884030818939209,
    0.9894647002220154,
    0.990418016910553,
    0.9912753105163574,
    0.992045521736145,
    0.9927379488945007,
    0.9933620095252991,
    0.9939233064651489,
    0.994428813457489,
    0.9948854446411133,
    0.9952963590621948,
    0.9956678748130798,
    0.996004581451416,
    0.9963080883026123
  ],
  "expectations": [
    -15.999984741210938,
    -16.79146385192871,
    -17.17214584350586,
    -17.543350219726562,
    -17.904376983642578,
    -18.2545166015625,
    -18.593107223510742,
    -18.919700622558594,
    -19.23394012451172,
    -19.535717010498047,
    -19.825183868408203,
    -20.102638244628906,
    -20.368663787841797,
    -20.623985290527344,
    -20.869470596313477,
    -21.10613250732422,
    -21.33503532409668,
    -21.55725860595703,
    -21.77391242980957,
    -21.98611068725586,
    -22.194852828979492,
    -22.401199340820312,
    -22.606029510498047,
    -22.810237884521484,
    -23.014537811279297,
    -23.219587326049805,
    -23.425880432128906,
    -23.63373565673828,
    -23.84327507019043,
    -24.054367065429688,
    -24.266647338867188,
    -24.47943115234375,
    -24.691770553588867,
    -24.902442932128906,
    -25.11001968383789,
    -25.31291961669922,
    -25.509498596191406,
    -25.69818115234375,
    -25.877561569213867,
    -26.0465087890625,
    -26.20416831970215,
    -26.350059509277344,
    -26.484088897705078,
    -26.60645294189453,
    -26.717662811279297,
    -26.81839370727539,
    -26.909456253051758,
    -26.99178695678711,
    -27.066303253173828,
    -27.13390350341797,
    -27.19545555114746,
    -27.251747131347656,
    -27.30350112915039,
    -27.351306915283203,
    -27.395732879638672,
    -27.437206268310547,
    -27.47608184814453,
    -27.512714385986328,
    -27.547252655029297,
    -27.579957962036133,
    -27.610946655273438,
    -27.640287399291992,
    -27.668087005615234,
    -27.694400787353516,
    -27.71920394897461,
    -27.742572784423828,
    -27.764511108398438,
    -27.785015106201172,
    -27.804149627685547,
    -27.821924209594727,
    -27.838363647460938,
    -27.853511810302734,
    -27.86744499206543,
    -27.880168914794922,
    -27.89175796508789,
    -27.902339935302734,
    -27.911876678466797,
    -27.920515060424805,
    -27.928298950195312,
    -27.935302734375,
    -27.941579818725586,
    -27.94721221923828,
    -27.952272415161133,
    -27.9567928314209,
    -27.960819244384766,
    -27.96442222595215,
    -27.967636108398438,
    -27.97051239013672,
    -27.973098754882812,
    -27.975391387939453,
    -27.97747039794922,
    -27.979307174682617,
    -27.980955123901367,
    -27.98245620727539,
    -27.983783721923828,
    -27.984981536865234,
    -27.98607635498047,
    -27.98703384399414,
    -27.9879150390625,
    -27.988739013671875,
    -27.989456176757812
  ],