{
  "size": 16,
  "opt_val": -26.0,
  "method": "VQE",
  "operations": [
    "Z0_Y5",
    "Z0_Y8",
    "Z0_Y7",
    "Z0_Y10",
    "Z5_Y3",
    "Z5_Y4",
    "Z5_Y14",
    "Z8_Y15",
    "Z7_Y6",
    "Z7_Y13",
    "Z7_Y12",
    "Z1_Y12",
    "Z1_Y11",
    "Z12_Y2",
    "Z12_Y9",
    "Z8_Y3",
    "Z8_Y10",
    "Z10_Y4",
    "Z10_Y15",
    "Z1_Y4",
    "Z1_Y13",
    "Z11_Y2",
    "Z11_Y4",
    "Z11_Y14",
    "Z13_Y9",
    "Z2_Y6",
    "Z13_Y2",
    "Z6_Y15",
    "Z6_Y14",
    "Z3_Y9",
    "Z3_Y15",
    "Z9_Y14"
  ],
  "dt": 0.05,
  "lr": 0.05,
  "lam": 1.0,
  "mu": 0.9,
  "fix_step": 0,
  "constant_c": true,
  "parameters": [
    1.5671265125274658,
    1.3928881883621216,
    1.5014654397964478,
    1.109358787536621,
    1.0524457693099976,
    0.7823628783226013,
    0.6266430616378784,
    0.4485616981983185,
    0.4471471607685089,
    1.4756935834884644,
    1.3275851011276245,
    0.24317482113838196,
    1.461207389831543,
    1.0210789442062378,
    0.34524229168891907,
    0.5183488130569458,
    0.03316279128193855,
    0.7824844717979431,
    0.6520772576332092,
    0.3259418308734894,
    0.09498408436775208,
    0.34922224283218384,
    0.32591816782951355,
    0.5391287207603455,
    0.47391289472579956,
    0.9781897664070129,
    0.24106542766094208,
    0.8171260356903076,
    0.1067814826965332,
    0.7582736611366272,
    0.4450826346874237,
    0.45087480545043945
  ],
  "opt_ratios": [
    0.00067138607846573,
    0.001720126485452056,
    0.0026268395595252514,
    0.003903232980519533,
    0.005653149448335171,
    0.007992682978510857,
    0.01104593276977539,
    0.014939026907086372,
    0.01979226991534233,
    0.025711216032505035,
    0.032776497304439545,
    0.041035838425159454,
    0.050496116280555725,
    0.06112130358815193,
    0.07283256947994232,
    0.08551399409770966,
    0.09902094304561615,
    0.11319230496883392,
    0.12785989046096802,
    0.14286068081855774,
    0.15804192423820496,
    0.17326825857162476,
    0.1884244978427887,
    0.20341047644615173,
    0.2181462049484253,
    0.2325672209262848,
    0.2466212511062622,
    0.2602672576904297,
    0.2734728455543518,
    0.2862115502357483,
    0.2984660863876343,
    0.3102211356163025,
    0.321468710899353,
    0.3322031497955322,
    0.34242314100265503,
    0.35213080048561096,
    0.36133116483688354,
    0.37003207206726074,
    0.3782447576522827,
    0.3859809339046478,
    0.39325499534606934,
    0.4000840485095978,
    0.40648359060287476,
    0.4124726951122284,
    0.41806983947753906,
    0.42329442501068115,
    0.4281648099422455,
    0.4327011704444885,
    0.4369216859340668,
    0.4408453106880188,
    0.44448941946029663,
    0.447872132062912,
    0.4510100483894348,
    0.45392078161239624,
    0.4566183388233185,
    0.459118515253067,
    0.4614346921443939,
    0.463580459356308,
    0.4655686020851135,
    0.46740972995758057,
    0.4691154360771179,
    0.47069650888442993,
    0.4721618890762329,
    0.4735206961631775,
    0.47478151321411133,
    0.47595223784446716,
    0.4770401418209076,
    0.47805124521255493,
    0.47899240255355835,
    0.47986894845962524,
    0.48068681359291077,
    0.48145049810409546,
    0.4821639060974121,
    0.4828316569328308,
    0.4834573566913605,
    0.48404455184936523,
    0.48459601402282715,
    0.4851152300834656,
    0.4856046438217163,
    0.4860665798187256,
    0.48650437593460083,
    0.48691824078559875,
    0.48731130361557007,
    0.48768407106399536,
    0.4880380630493164,
    0.4883761703968048,
    0.48869824409484863,
    0.4890061020851135,
    0.4893004596233368,
    0.489582896232605,
    0.4898543059825897,
    0.49011480808258057,
    0.49036526679992676,
    0.49060606956481934,
    0.4908381700515747,
    0.4910625219345093,
    0.4912787675857544,
    0.49148815870285034,
    0.49169015884399414,
    0.4918857514858246,
    0.49207520484924316
  ],
  "expectations": [
    -15.999984741210938,
    -16.789379119873047,
    -17.16619110107422,
    -17.533000946044922,
    -17.889720916748047,
    -18.236217498779297,
    -18.572277069091797,
    -18.89763641357422,
    -19.21196174621582,
    -19.514863967895508,
    -19.80582618713379,
    -20.08437728881836,
    -20.349952697753906,
    -20.60207176208496,
    -20.840309143066406,
    -21.064437866210938,
    -21.274391174316406,
    -21.470413208007812,
    -21.652889251708984,
    -21.82244873046875,
    -21.97985076904297,
    -22.1259822845459,
    -22.261802673339844,
    -22.38818359375,
    -22.506072998046875,
    -22.616283416748047,
    -22.71957015991211,
    -22.816654205322266,
    -22.90810775756836,
    -22.994434356689453,
    -23.07613754272461,
    -23.15357208251953,
    -23.227096557617188,
    -23.297008514404297,
    -23.363561630249023,
    -23.427017211914062,
    -23.487567901611328,
    -23.545394897460938,
    -23.600723266601562,
    -23.65365982055664,
    -23.704360961914062,
    -23.753019332885742,
    -23.799711227416992,
    -23.844589233398438,
    -23.88776397705078,
    -23.92934799194336,
    -23.96942138671875,
    -24.008087158203125,
    -24.04543685913086,
    -24.081539154052734,
    -24.116436004638672,
    -24.150226593017578,
    -24.182952880859375,
    -24.21469497680664,
    -24.245458602905273,
    -24.275310516357422,
    -24.304264068603516,
    -24.33236312866211,
    -24.359643936157227,
    -24.386085510253906,
    -24.41171646118164,
    -24.436588287353516,
    -24.46068000793457,
    -24.484006881713867,
    -24.506587982177734,
    -24.528425216674805,
    -24.54953384399414,
    -24.569896697998047,
    -24.589542388916016,
    -24.60846710205078,
    -24.62669563293457,
    -24.644207000732422,
    -24.661029815673828,
    -24.677162170410156,
    -24.69261932373047,
    -24.707416534423828,
    -24.721548080444336,
    -24.735065460205078,
    -24.747943878173828,
    -24.760208129882812,
    -24.77191162109375,
    -24.78301239013672,
    -24.793596267700195,
    -24.803627014160156,
    -24.81311798095703,
    -24.822141647338867,
    -24.830677032470703,
    -24.838768005371094,
    -24.84640884399414,
    -24.853633880615234,
    -24.860485076904297,
    -24.866945266723633,
    -24.873050689697266,
    -24.87881088256836,
    -24.884246826171875,
    -24.8893985748291,
    -24.894250869750977,
    -24.898849487304688,
    -24.90316390991211,
    -24.90725326538086,
    -24.911115646362305
  ],