{
  "size": 16,
  "opt_val": -26.0,
  "method": "VQE",
  "operations": [
    "Z0_Y8",
    "Z0_Y7",
    "Z0_Y10",
    "Z0_Y9",
    "Z8_Y12",
    "Z8_Y11",
    "Z7_Y5",
    "Z7_Y13",
    "Z7_Y15",
    "Z10_Y2",
    "Z10_Y3",
    "Z10_Y4",
    "Z9_Y6",
    "Z1_Y3",
    "Z1_Y14",
    "Z8_Y9",
    "Z9_Y4",
    "Z1_Y15",
    "Z1_Y11",
    "Z3_Y6",
    "Z3_Y15",
    "Z15_Y2",
    "Z11_Y4",
    "Z11_Y13",
    "Z14_Y2",
    "Z2_Y5",
    "Z5_Y12",
    "Z14_Y4",
    "Z14_Y6",
    "Z5_Y13",
    "Z6_Y12",
    "Z13_Y12"
  ],
  "dt": 0.05,
  "lr": 0.05,
  "lam": 1.0,
  "mu": 0.9,
  "fix_step": 0,
  "constant_c": true,
  "parameters": [
    -0.9507582187652588,
    1.2898834943771362,
    1.3100658655166626,
    0.7489861249923706,
    0.614719033241272,
    1.0607448816299438,
    0.5692469477653503,
    0.28965339064598083,
    0.698381781578064,
    0.07259485870599747,
    0.49934789538383484,
    0.35095417499542236,
    0.0775461345911026,
    1.0583213567733765,
    1.5605266094207764,
    0.8178473114967346,
    0.48563534021377563,
    1.2258696556091309,
    0.5099961757659912,
    0.4977431893348694,
    0.4539903402328491,
    0.9792477488517761,
    0.6143429279327393,
    1.287365436553955,
    0.5998072624206543,
    0.9952673316001892,
    0.23027503490447998,
    0.21932344138622284,
    1.0238577127456665,
    0.1065342053771019,
    0.2556432783603668,
    0.7282955646514893
  ],
  "opt_ratios": [
    0.0004272456862963736,
    0.0010867920937016606,
    0.0016445147339254618,
    0.00241235364228487,
    0.003437093924731016,
    0.0047651976346969604,
    0.006439752411097288,
    0.008497349917888641,
    0.01096566952764988,
    0.013861509039998055,
    0.01718979701399803,
    0.020943745970726013,
    0.025105556473135948,
    0.029648039489984512,
    0.0345369353890419,
    0.03973240405321121,
    0.04519207030534744,
    0.050872549414634705,
    0.05673116445541382,
    0.06272785365581512,
    0.06882520020008087,
    0.07498960942029953,
    0.08119141310453415,
    0.08740517497062683,
    0.09360937029123306,
    0.09978601336479187,
    0.10592089593410492,
    0.11200202256441116,
    0.11802034825086594,
    0.12396878004074097,
    0.12984201312065125,
    0.13563644886016846,
    0.14134934544563293,
    0.1469791829586029,
    0.15252527594566345,
    0.15798701345920563,
    0.16336479783058167,
    0.1686595380306244,
    0.17387238144874573,
    0.1790042221546173,
    0.18405726552009583,
    0.18903344869613647,
    0.19393497705459595,
    0.19876372814178467,
    0.20352235436439514,
    0.20821374654769897,
    0.21284055709838867,
    0.21740567684173584,
    0.2219127118587494,
    0.22636422514915466,
    0.2307637482881546,
    0.23511336743831635,
    0.2394188642501831,
    0.24368229508399963,
    0.24790748953819275,
    0.25209781527519226,
    0.25625577569007874,
    0.26038551330566406,
    0.26448971033096313,
    0.2685714364051819,
    0.27263396978378296,
    0.27668002247810364,
    0.280711829662323,
    0.2847326993942261,
    0.2887457311153412,
    0.29275232553482056,
    0.29675501585006714,
    0.30075547099113464,
    0.30475538969039917,
    0.30875658988952637,
    0.3127600848674774,
    0.316767156124115,
    0.3207789659500122,
    0.3247958719730377,
    0.32881850004196167,
    0.332846999168396,
    0.33688175678253174,
    0.34092238545417786,
    0.344967246055603,
    0.3490162491798401,
    0.35306745767593384,
    0.3571201264858246,
    0.3611719012260437,
    0.3652202785015106,
    0.36926257610321045,
    0.3732953667640686,
    0.37731611728668213,
    0.3813197612762451,
    0.38530194759368896,
    0.38925859332084656,
    0.39318400621414185,
    0.39707234501838684,
    0.4009178876876831,
    0.4047165513038635,
    0.40846067667007446,
    0.4121444523334503,
    0.41576164960861206,
    0.41930556297302246,
    0.4227691888809204,
    0.42614811658859253,
    0.4294368028640747
  ],
  "expectations": [
    -15.999984741210938,
    -16.788864135742188,
    -17.16366958618164,
    -17.52640151977539,
    -17.876344680786133,
    -18.212848663330078,
    -18.53534507751465,
    -18.843265533447266,
    -19.136219024658203,
    -19.413982391357422,
    -19.676389694213867,
    -19.923521041870117,
    -20.155555725097656,
    -20.372817993164062,
    -20.575748443603516,
    -20.764957427978516,
    -20.94101333618164,
    -21.104677200317383,
    -21.25664520263672,
    -21.397705078125,
    -21.528610229492188,
    -21.650074005126953,
    -21.762897491455078,
    -21.867706298828125,
    -21.965206146240234,
    -22.05600357055664,
    -22.140663146972656,
    -22.219730377197266,
    -22.293678283691406,
    -22.362957000732422,
    -22.427961349487305,
    -22.48907470703125,
    -22.54664421081543,
    -22.600889205932617,
    -22.65218162536621,
    -22.70069122314453,
    -22.74667739868164,
    -22.790313720703125,
    -22.831806182861328,
    -22.871288299560547,
    -22.908950805664062,
    -22.944889068603516,
    -22.979259490966797,
    -23.012176513671875,
    -23.04374122619629,
    -23.074037551879883,
    -23.103179931640625,
    -23.13124656677246,
    -23.15833282470703,
    -23.184513092041016,
    -23.209861755371094,
    -23.234426498413086,
    -23.258285522460938,
    -23.2814998626709,
    -23.304141998291016,
    -23.326255798339844,
    -23.34788703918457,
    -23.369110107421875,
    -23.38996696472168,
    -23.410491943359375,
    -23.43073272705078,
    -23.450740814208984,
    -23.470561981201172,
    -23.490230560302734,
    -23.509788513183594,
    -23.529277801513672,
    -23.54873275756836,
    -23.568191528320312,
    -23.587696075439453,
    -23.60729217529297,
    -23.626998901367188,
    -23.64685821533203,
    -23.666942596435547,
    -23.687232971191406,
    -23.707805633544922,
    -23.728689193725586,
    -23.749927520751953,
    -23.771556854248047,
    -23.793582916259766,
    -23.816089630126953,
    -23.83906364440918,
    -23.86257553100586,
    -23.886648178100586,
    -23.91128158569336,
    -23.936534881591797,
    -23.962371826171875,
    -23.988859176635742,
    -24.015981674194336,
    -24.043697357177734,
    -24.07204818725586,
    -24.100955963134766,
    -24.130420684814453,
    -24.160381317138672,
    -24.190797805786133,
    -24.22157859802246,
    -24.252649307250977,
    -24.283916473388672,
    -24.315292358398438,
    -24.346649169921875,
    -24.37786293029785,
    -24.40884780883789
  ],