{
  "size": 16,
  "opt_val": -24.0,
  "method": "VQE",
  "operations": [
    "Z0_Y8",
    "Z0_Y13",
    "Z0_Y9",
    "Z0_Y15",
    "Z8_Y1",
    "Z8_Y3",
    "Z8_Y14",
    "Z13_Y4",
    "Z9_Y5",
    "Z9_Y6",
    "Z15_Y2",
    "Z15_Y11",
    "Z15_Y12",
    "Z14_Y7",
    "Z2_Y10",
    "Z13_Y3",
    "Z13_Y9",
    "Z1_Y6",
    "Z1_Y11",
    "Z1_Y14",
    "Z6_Y4",
    "Z2_Y7",
    "Z2_Y3",
    "Z7_Y10",
    "Z7_Y12",
    "Z10_Y5",
    "Z4_Y12",
    "Z6_Y11",
    "Z11_Y14",
    "Z10_Y3",
    "Z4_Y5",
    "Z12_Y5"
  ],
  "dt": 0.05,
  "lr": 0.05,
  "lam": 1.0,
  "mu": 0.9,
  "fix_step": 0,
  "constant_c": true,
  "parameters": [
    1.5360333919525146,
    1.4891384840011597,
    -0.9398682713508606,
    1.032672643661499,
    1.4161579608917236,
    0.5016710758209229,
    0.8420737981796265,
    0.6793898940086365,
    0.13555803894996643,
    0.6185207366943359,
    1.424254298210144,
    0.6019653677940369,
    0.6546933650970459,
    0.479428231716156,
    0.1023399606347084,
    0.6383591294288635,
    0.5880100131034851,
    0.9739617109298706,
    0.542594313621521,
    0.34025338292121887,
    0.8904570937156677,
    0.905454695224762,
    0.2849245071411133,
    1.1751989126205444,
    0.9457765221595764,
    0.3793841004371643,
    0.03311643376946449,
    0.8614898920059204,
    0.6672667860984802,
    0.4497373104095459,
    0.5643279552459717,
    0.5219496488571167
  ],
  "opt_ratios": [
    0.0023803701624274254,
    0.005040854215621948,
    0.00701093440875411,
    0.009507197886705399,
    0.012592596933245659,
    0.01631886512041092,
    0.020722756162285805,
    0.02582377940416336,
    0.03162292391061783,
    0.03810258209705353,
    0.04522830992937088,
    0.052950210869312286,
    0.061207205057144165,
    0.0699290856719017,
    0.07904137670993805,
    0.08846760541200638,
    0.09813262522220612,
    0.10796555876731873,
    0.11790034919977188,
    0.1278780996799469,
    0.13784798979759216,
    0.14776727557182312,
    0.15760165452957153,
    0.16732445359230042,
    0.17691725492477417,
    0.1863681972026825,
    0.19567081332206726,
    0.20482505857944489,
    0.213835671544075,
    0.22271078824996948,
    0.23146271705627441,
    0.24010689556598663,
    0.24865981936454773,
    0.2571408152580261,
    0.2655712962150574,
    0.2739725112915039,
    0.2823678255081177,
    0.29078030586242676,
    0.2992359399795532,
    0.3077588677406311,
    0.31637412309646606,
    0.32510805130004883,
    0.33398672938346863,
    0.34303587675094604,
    0.35228151082992554,
    0.3617490530014038,
    0.3714638352394104,
    0.3814504146575928,
    0.39173245429992676,
    0.4023318886756897,
    0.4132689833641052,
    0.42456167936325073,
    0.4362247884273529,
    0.4482693672180176,
    0.4607030153274536,
    0.47352880239486694,
    0.486741840839386,
    0.500333309173584,
    0.5142877101898193,
    0.5285815000534058,
    0.5431824326515198,
    0.5580532550811768,
    0.5731495022773743,
    0.5884174108505249,
    0.6038007736206055,
    0.6192364692687988,
    0.6346607804298401,
    0.6500042676925659,
    0.665198802947998,
    0.6801784038543701,
    0.6948791742324829,
    0.7092421650886536,
    0.7232141494750977,
    0.736748218536377,
    0.7498056888580322,
    0.7623540759086609,
    0.774370551109314,
    0.785839319229126,
    0.7967521548271179,
    0.8071078062057495,
    0.8169094324111938,
    0.8261678218841553,
    0.8348953127861023,
    0.8431109189987183,
    0.8508339524269104,
    0.8580871820449829,
    0.8648934960365295,
    0.8712755441665649,
    0.8772605657577515,
    0.8828710317611694,
    0.8881314992904663,
    0.8930641412734985,
    0.8976908922195435,
    0.9020322561264038,
    0.9061101078987122,
    0.9099428653717041,
    0.9135468602180481,
    0.9169384241104126,
    0.920133113861084,
    0.9231456518173218,
    0.9259885549545288
  ],
  "expectations": [
    -15.999984741210938,
    -16.781158447265625,
    -17.13958740234375,
    -17.47985076904297,
    -17.80206298828125,
    -18.106369018554688,
    -18.393054962158203,
    -18.662437438964844,
    -18.915008544921875,
    -19.15125274658203,
    -19.371810913085938,
    -19.577373504638672,
    -19.768638610839844,
    -19.94639015197754,
    -20.111398696899414,
    -20.264480590820312,
    -20.40637969970703,
    -20.537912368774414,
    -20.65982437133789,
    -20.772823333740234,
    -20.877601623535156,
    -20.974843978881836,
    -21.065170288085938,
    -21.149169921875,
    -21.22739028930664,
    -21.300350189208984,
    -21.368549346923828,
    -21.432415008544922,
    -21.492401123046875,
    -21.548851013183594,
    -21.602153778076172,
    -21.65265655517578,
    -21.70064353942871,
    -21.74642562866211,
    -21.790258407592773,
    -21.832393646240234,
    -21.873044967651367,
    -21.912416458129883,
    -21.950759887695312,
    -21.988195419311523,
    -22.024913787841797,
    -22.06109619140625,
    -22.096881866455078,
    -22.132381439208984,
    -22.16778564453125,
    -22.203144073486328,
    -22.238616943359375,
    -22.274303436279297,
    -22.31029510498047,
    -22.3466796875,
    -22.383525848388672,
    -22.420944213867188,
    -22.458938598632812,
    -22.497570037841797,
    -22.536880493164062,
    -22.576894760131836,
    -22.617576599121094,
    -22.65892791748047,
    -22.700904846191406,
    -22.74347686767578,
    -22.78651237487793,
    -22.82994842529297,
    -22.873668670654297,
    -22.91754913330078,
    -22.96142578125,
    -23.005142211914062,
    -23.048534393310547,
    -23.09146499633789,
    -23.133718490600586,
    -23.175174713134766,
    -23.215635299682617,
    -23.254989624023438,
    -23.293115615844727,
    -23.329879760742188,
    -23.365209579467773,
    -23.399028778076172,
    -23.43130111694336,
    -23.461990356445312,
    -23.491092681884766,
    -23.518630981445312,
    -23.54461669921875,
    -23.569076538085938,
    -23.592063903808594,
    -23.613628387451172,
    -23.633832931518555,
    -23.65277099609375,
    -23.67049789428711,
    -23.687030792236328,
    -23.7025146484375,
    -23.716968536376953,
    -23.730480194091797,
    -23.74311065673828,
    -23.754928588867188,
    -23.765953063964844,
    -23.77629852294922,
    -23.78598403930664,
    -23.79507064819336,
    -23.803585052490234,
    -23.811569213867188,
    -23.819082260131836,
    -23.826152801513672
  ],