{
  "size": 16,
  "opt_val": -26.0,
  "method": "VQE",
  "operations": [
    "Z0_Y5",
    "Z0_Y4",
    "Z0_Y10",
    "Z0_Y13",
    "Z5_Y9",
    "Z5_Y11",
    "Z5_Y8",
    "Z4_Y3",
    "Z10_Y14",
    "Z13_Y2",
    "Z13_Y7",
    "Z13_Y15",
    "Z1_Y6",
    "Z1_Y3",
    "Z1_Y12",
    "Z4_Y9",
    "Z4_Y8",
    "Z10_Y9",
    "Z10_Y11",
    "Z1_Y7",
    "Z6_Y2",
    "Z6_Y12",
    "Z6_Y15",
    "Z3_Y7",
    "Z3_Y12",
    "Z7_Y14",
    "Z2_Y9",
    "Z12_Y2",
    "Z8_Y11",
    "Z8_Y14",
    "Z11_Y15",
    "Z15_Y14"
  ],
  "dt": 0.05,
  "lr": 0.05,
  "lam": 1.0,
  "mu": 0.9,
  "fix_step": 0,
  "constant_c": true,
  "parameters": [
    1.5696918964385986,
    1.5615127086639404,
    1.5576143264770508,
    -0.6128552556037903,
    0.551438570022583,
    0.705054521560669,
    0.6187732815742493,
    1.3734290599822998,
    0.4316249191761017,
    0.4859304428100586,
    0.8810995221138,
    0.8542746901512146,
    1.284239411354065,
    -0.012858455069363117,
    0.7086645364761353,
    0.5097633004188538,
    0.8944087028503418,
    0.5083562731742859,
    0.9901696443557739,
    0.24337127804756165,
    0.9213687181472778,
    0.06731966882944107,
    0.24767540395259857,
    0.5763254761695862,
    0.8931843042373657,
    0.7121148109436035,
    0.002150613348931074,
    0.3003983497619629,
    0.12957030534744263,
    0.39265063405036926,
    0.6017890572547913,
    0.8174009919166565
  ],
  "opt_ratios": [
    0.00018310529412701726,
    0.000462145108031109,
    0.0006920328014530241,
    0.0010014937724918127,
    0.0014042594702914357,
    0.0019123312085866928,
    0.002535073785111308,
    0.00327850179746747,
    0.004145090468227863,
    0.005133789964020252,
    0.006240451708436012,
    0.007458598352968693,
    0.008780066855251789,
    0.010196041315793991,
    0.011697512120008469,
    0.013275930657982826,
    0.014923584647476673,
    0.01663384586572647,
    0.018401063978672028,
    0.020221037790179253,
    0.022090192884206772,
    0.02400638535618782,
    0.0259675532579422,
    0.027972448617219925,
    0.030020225793123245,
    0.03211024031043053,
    0.03424205631017685,
    0.03641516715288162,
    0.03862904757261276,
    0.040882714092731476,
    0.04317545145750046,
    0.04550624638795853,
    0.047874387353658676,
    0.050278693437576294,
    0.05271797627210617,
    0.05519126355648041,
    0.05769818276166916,
    0.06023797020316124,
    0.06280963122844696,
    0.06541329622268677,
    0.0680491253733635,
    0.07071714103221893,
    0.07341812551021576,
    0.07615280151367188,
    0.07892276346683502,
    0.08172890543937683,
    0.08457370102405548,
    0.08745898306369781,
    0.09038618206977844,
    0.09335896372795105,
    0.09637998044490814,
    0.09945175051689148,
    0.10257827490568161,
    0.10576262325048447,
    0.1090087816119194,
    0.11232031881809235,
    0.11570246517658234,
    0.1191582977771759,
    0.12269296497106552,
    0.1263100504875183,
    0.13001535832881927,
    0.13381212949752808,
    0.13770493865013123,
    0.14169874787330627,
    0.14579737186431885,
    0.1500042974948883,
    0.1543249487876892,
    0.15876294672489166,
    0.16332152485847473,
    0.16800415515899658,
    0.17281360924243927,
    0.17775177955627441,
    0.18282057344913483,
    0.1880224347114563,
    0.19335760176181793,
    0.19882667064666748,
    0.20442810654640198,
    0.21016106009483337,
    0.21602407097816467,
    0.22201383113861084,
    0.22812706232070923,
    0.2343587428331375,
    0.24070295691490173,
    0.247153177857399,
    0.25370150804519653,
    0.26033973693847656,
    0.26705777645111084,
    0.27384549379348755,
    0.2806916832923889,
    0.28758475184440613,
    0.2945115566253662,
    0.30145761370658875,
    0.308409184217453,
    0.31535232067108154,
    0.32227158546447754,
    0.3291526138782501,
    0.33598122000694275,
    0.3427422046661377,
    0.34942102432250977,
    0.35600441694259644,
    0.3624778687953949
  ],
  "expectations": [
    -15.999984741210938,
    -16.786415100097656,
    -17.156526565551758,
    -17.513362884521484,
    -17.856613159179688,
    -18.185897827148438,
    -18.50091552734375,
    -18.801414489746094,
    -19.087261199951172,
    -19.358509063720703,
    -19.615337371826172,
    -19.858112335205078,
    -20.08736801147461,
    -20.303730010986328,
    -20.507898330688477,
    -20.700654983520508,
    -20.88276481628418,
    -21.055004119873047,
    -21.218088150024414,
    -21.372699737548828,
    -21.519439697265625,
    -21.65888214111328,
    -21.79147720336914,
    -21.91762924194336,
    -22.037731170654297,
    -22.152082443237305,
    -22.260940551757812,
    -22.36455726623535,
    -22.463119506835938,
    -22.556819915771484,
    -22.645849227905273,
    -22.730342864990234,
    -22.810436248779297,
    -22.88630485534668,
    -22.95807647705078,
    -23.025915145874023,
    -23.089977264404297,
    -23.150442123413086,
    -23.207399368286133,
    -23.26107406616211,
    -23.311622619628906,
    -23.35918617248535,
    -23.403934478759766,
    -23.446041107177734,
    -23.485675811767578,
    -23.522968292236328,
    -23.558082580566406,
    -23.59119415283203,
    -23.622398376464844,
    -23.651874542236328,
    -23.67974090576172,
    -23.70612335205078,
    -23.731155395507812,
    -23.754924774169922,
    -23.777584075927734,
    -23.799192428588867,
    -23.819889068603516,
    -23.839752197265625,
    -23.858871459960938,
    -23.877338409423828,
    -23.895235061645508,
    -23.912620544433594,
    -23.929574966430664,
    -23.94615936279297,
    -23.96246337890625,
    -23.978513717651367,
    -23.994384765625,
    -24.01011848449707,
    -24.02577781677246,
    -24.041400909423828,
    -24.057024002075195,
    -24.072694778442383,
    -24.08843231201172,
    -24.104297637939453,
    -24.12027359008789,
    -24.136423110961914,
    -24.152746200561523,
    -24.169261932373047,
    -24.186012268066406,
    -24.202980041503906,
    -24.22016716003418,
    -24.237585067749023,
    -24.255252838134766,
    -24.273149490356445,
    -24.291236877441406,
    -24.3095703125,
    -24.328079223632812,
    -24.346782684326172,
    -24.365623474121094,
    -24.38460922241211,
    -24.40371322631836,
    -24.422866821289062,
    -24.44207191467285,
    -24.461286544799805,
    -24.480459213256836,
    -24.49957847595215,
    -24.51858901977539,
    -24.537452697753906,
    -24.55614471435547,
    -24.57461929321289,
    -24.592838287353516
  ],