{
  "size": 16,
  "opt_val": -24.0,
  "method": "VQE",
  "operations": [
    "Z0_Y1",
    "Z0_Y4",
    "Z0_Y12",
    "Z0_Y15",
    "Z1_Y14",
    "Z4_Y3",
    "Z4_Y10",
    "Z12_Y8",
    "Z12_Y11",
    "Z12_Y13",
    "Z15_Y5",
    "Z15_Y7",
    "Z14_Y2",
    "Z5_Y6",
    "Z8_Y9",
    "Z1_Y15",
    "Z1_Y4",
    "Z14_Y11",
    "Z14_Y13",
    "Z2_Y5",
    "Z2_Y8",
    "Z2_Y3",
    "Z5_Y11",
    "Z10_Y6",
    "Z10_Y7",
    "Z10_Y9",
    "Z8_Y3",
    "Z3_Y13",
    "Z13_Y11",
    "Z6_Y7",
    "Z6_Y9",
    "Z7_Y9"
  ],
  "dt": 0.05,
  "lr": 0.05,
  "lam": 1.0,
  "mu": 0.9,
  "fix_step": 0,
  "constant_c": true,
  "parameters": [
    -0.1338643878698349,
    1.4169842004776,
    1.422498345375061,
    1.4054272174835205,
    1.384908676147461,
    0.20199710130691528,
    1.5020015239715576,
    1.5343023538589478,
    0.421758234500885,
    0.5517863631248474,
    1.2564332485198975,
    1.0093045234680176,
    1.4738942384719849,
    0.9238375425338745,
    0.7924360036849976,
    0.018008287996053696,
    0.06615617126226425,
    0.6830235719680786,
    0.12388662248849869,
    0.31289470195770264,
    0.005770438816398382,
    0.8349700570106506,
    0.8376730680465698,
    0.6010293960571289,
    0.08092375099658966,
    0.5667380094528198,
    0.9065591096878052,
    0.9265093207359314,
    0.4420228898525238,
    0.6380832195281982,
    0.2644015848636627,
    0.4691479802131653
  ],
  "opt_ratios": [
    0.0013732900843024254,
    0.0029187542386353016,
    0.004068031907081604,
    0.005533680785447359,
    0.007361248135566711,
    0.009593924507498741,
    0.012271118350327015,
    0.015427207574248314,
    0.019090864807367325,
    0.02328445576131344,
    0.028023889288306236,
    0.03331910818815231,
    0.03917356953024864,
    0.04558643326163292,
    0.05255194008350372,
    0.0600607804954052,
    0.06810134649276733,
    0.07665956765413284,
    0.08572094887495041,
    0.09527061879634857,
    0.10529302060604095,
    0.11577359586954117,
    0.12669937312602997,
    0.13805745542049408,
    0.1498355269432068,
    0.16202247142791748,
    0.17460830509662628,
    0.18758323788642883,
    0.20093758404254913,
    0.21466200053691864,
    0.22874636948108673,
    0.24317865073680878,
    0.2579476833343506,
    0.2730399966239929,
    0.2884395122528076,
    0.3041296601295471,
    0.3200910985469818,
    0.33630266785621643,
    0.3527402877807617,
    0.3693798780441284,
    0.38619381189346313,
    0.40315350890159607,
    0.4202272295951843,
    0.43738383054733276,
    0.4545896351337433,
    0.47181272506713867,
    0.48901641368865967,
    0.5061707496643066,
    0.5232387781143188,
    0.5401896834373474,
    0.5569909811019897,
    0.5736114382743835,
    0.5900231599807739,
    0.6061963438987732,
    0.6221049427986145,
    0.6377256512641907,
    0.6530347466468811,
    0.6680121421813965,
    0.6826385259628296,
    0.6968969702720642,
    0.7107740640640259,
    0.7242569327354431,
    0.7373348474502563,
    0.7499988079071045,
    0.7622436285018921,
    0.7740641832351685,
    0.7854570150375366,
    0.7964211106300354,
    0.8069574236869812,
    0.8170668482780457,
    0.8267556428909302,
    0.8360270261764526,
    0.8448869585990906,
    0.8533437848091125,
    0.8614051342010498,
    0.8690803050994873,
    0.8763803243637085,
    0.8833144307136536,
    0.8898948431015015,
    0.8961346745491028,
    0.9020447731018066,
    0.9076370596885681,
    0.9129249453544617,
    0.9179208278656006,
    0.9226378202438354,
    0.9270880222320557,
    0.9312841892242432,
    0.9352378845214844,
    0.9389619827270508,
    0.9424677491188049,
    0.9457670450210571,
    0.9488711953163147,
    0.951789379119873,
    0.9545320868492126,
    0.9571096301078796,
    0.9595330357551575,
    0.9618085026741028,
    0.9639459252357483,
    0.965954601764679,
    0.9678407907485962,
    0.9696128368377686
  ],
  "expectations": [
    -15.999984741210938,
    -16.775920867919922,
    -17.12401580810547,
    -17.45111846923828,
    -17.758270263671875,
    -18.046550750732422,
    -18.31705093383789,
    -18.570850372314453,
    -18.809017181396484,
    -19.032543182373047,
    -19.2424373626709,
    -19.43961524963379,
    -19.62493133544922,
    -19.79925537109375,
    -19.963376998901367,
    -20.11803436279297,
    -20.26390838623047,
    -20.401702880859375,
    -20.532012939453125,
    -20.655433654785156,
    -20.772512435913086,
    -20.883760452270508,
    -20.98967742919922,
    -21.090686798095703,
    -21.187225341796875,
    -21.2796630859375,
    -21.368366241455078,
    -21.453659057617188,
    -21.53582763671875,
    -21.615150451660156,
    -21.691879272460938,
    -21.76624298095703,
    -21.838420867919922,
    -21.908599853515625,
    -21.97690200805664,
    -22.04348373413086,
    -22.108470916748047,
    -22.171947479248047,
    -22.233978271484375,
    -22.29466438293457,
    -22.354034423828125,
    -22.412137985229492,
    -22.46902847290039,
    -22.52469253540039,
    -22.579166412353516,
    -22.632457733154297,
    -22.684572219848633,
    -22.73552703857422,
    -22.785289764404297,
    -22.833866119384766,
    -22.881282806396484,
    -22.927494049072266,
    -22.97252082824707,
    -23.016338348388672,
    -23.058940887451172,
    -23.10034942626953,
    -23.140533447265625,
    -23.179492950439453,
    -23.21721839904785,
    -23.25372886657715,
    -23.289024353027344,
    -23.323101043701172,
    -23.35596466064453,
    -23.387622833251953,
    -23.41809844970703,
    -23.4473819732666,
    -23.475496292114258,
    -23.502466201782227,
    -23.52829360961914,
    -23.552993774414062,
    -23.576631546020508,
    -23.599199295043945,
    -23.62071418762207,
    -23.641220092773438,
    -23.660736083984375,
    -23.679290771484375,
    -23.696922302246094,
    -23.713651657104492,
    -23.72951316833496,
    -23.74456024169922,
    -23.758800506591797,
    -23.77227020263672,
    -23.785005569458008,
    -23.797035217285156,
    -23.808401107788086,
    -23.81912612915039,
    -23.82924461364746,
    -23.838768005371094,
    -23.847755432128906,
    -23.856218338012695,
    -23.864194869995117,
    -23.871719360351562,
    -23.87877655029297,
    -23.885414123535156,
    -23.89166259765625,
    -23.897567749023438,
    -23.903087615966797,
    -23.908279418945312,
    -23.913188934326172,
    -23.917789459228516,
    -23.92212677001953
  ],