{
  "size": 16,
  "opt_val": -26.0,
  "method": "VQE",
  "operations": [
    "Z0_Y5",
    "Z0_Y4",
    "Z0_Y9",
    "Z0_Y12",
    "Z5_Y2",
    "Z5_Y14",
    "Z4_Y6",
    "Z9_Y15",
    "Z12_Y1",
    "Z12_Y10",
    "Z1_Y11",
    "Z6_Y3",
    "Z6_Y13",
    "Z15_Y8",
    "Z11_Y7",
    "Z5_Y4",
    "Z4_Y2",
    "Z9_Y2",
    "Z9_Y12",
    "Z1_Y6",
    "Z1_Y15",
    "Z15_Y10",
    "Z11_Y8",
    "Z11_Y14",
    "Z2_Y7",
    "Z7_Y13",
    "Z7_Y14",
    "Z3_Y10",
    "Z3_Y13",
    "Z3_Y8",
    "Z10_Y13",
    "Z8_Y14"
  ],
  "dt": 0.05,
  "lr": 0.05,
  "lam": 1.0,
  "mu": 0.9,
  "fix_step": 0,
  "constant_c": true,
  "parameters": [
    1.5563316345214844,
    1.2366738319396973,
    1.5703349113464355,
    -1.544731855392456,
    0.6741277575492859,
    0.8021804094314575,
    0.7301743626594543,
    0.6617043614387512,
    1.5678828954696655,
    0.6877797245979309,
    1.5562567710876465,
    0.7915143370628357,
    0.22116883099079132,
    0.0794663056731224,
    0.46712830662727356,
    -0.21745017170906067,
    0.3162931501865387,
    0.5821424126625061,
    0.026994088664650917,
    0.38032060861587524,
    0.909643292427063,
    0.8900616765022278,
    1.4531937837600708,
    0.27655717730522156,
    1.1036485433578491,
    0.7736271023750305,
    0.6515023708343506,
    0.01844930090010166,
    0.3679297864437103,
    0.01741836778819561,
    0.6545564532279968,
    0.39354008436203003
  ],
  "opt_ratios": [
    0.00018310529412701726,
    0.00046947304508648813,
    0.0007127645658329129,
    0.0010502239456400275,
    0.0015050400979816914,
    0.002101954072713852,
    0.0028664052952080965,
    0.003823400940746069,
    0.004996598698198795,
    0.006407390348613262,
    0.008073797449469566,
    0.010010015219449997,
    0.01222572848200798,
    0.014726243913173676,
    0.01751202903687954,
    0.02057943120598793,
    0.023921746760606766,
    0.027528828009963036,
    0.03138914704322815,
    0.035491228103637695,
    0.03982360661029816,
    0.04437728226184845,
    0.04914651811122894,
    0.05412913113832474,
    0.05932806059718132,
    0.06475281715393066,
    0.07041612267494202,
    0.07633890956640244,
    0.08254776895046234,
    0.08907577395439148,
    0.09596207737922668,
    0.10325191915035248,
    0.11099608242511749,
    0.11925148963928223,
    0.12808018922805786,
    0.13755136728286743,
    0.14773789048194885,
    0.1587182730436325,
    0.1705743372440338,
    0.18339142203330994,
    0.1972568780183792,
    0.21225789189338684,
    0.22847910225391388,
    0.24600039422512054,
    0.2648918628692627,
    0.2852115035057068,
    0.3069968521595001,
    0.330261766910553,
    0.3549901247024536,
    0.3811274766921997,
    0.4085829257965088,
    0.4372217655181885,
    0.4668640196323395,
    0.4972885251045227,
    0.5282361507415771,
    0.5594245791435242,
    0.5905474424362183,
    0.6212965250015259,
    0.6513743996620178,
    0.6805065870285034,
    0.7084463238716125,
    0.7349933385848999,
    0.7599905729293823,
    0.783329963684082,
    0.8049464225769043,
    0.8248250484466553,
    0.8429833650588989,
    0.8594714999198914,
    0.8743630051612854,
    0.8877496719360352,
    0.899734616279602,
    0.9104278087615967,
    0.9199393391609192,
    0.9283794164657593,
    0.9358547925949097,
    0.9424644708633423,
    0.9483034610748291,
    0.953457236289978,
    0.9580049514770508,
    0.9620169401168823,
    0.9655569791793823,
    0.9686828851699829,
    0.971443772315979,
    0.9738829135894775,
    0.9760428071022034,
    0.977958083152771,
    0.979655921459198,
    0.9811657071113586,
    0.9825088977813721,
    0.9837075471878052,
    0.9847780466079712,
    0.9857367277145386,
    0.9865968227386475,
    0.9873688220977783,
    0.9880648255348206,
    0.9886932373046875,
    0.9892621636390686,
    0.9897787570953369,
    0.9902474880218506,
    0.9906757473945618,
    0.9910648465156555
  ],
  "expectations": [
    -15.999984741210938,
    -16.781156539916992,
    -17.139598846435547,
    -17.480112075805664,
    -17.80306625366211,
    -18.108959197998047,
    -18.398412704467773,
    -18.67206573486328,
    -18.930606842041016,
    -19.17473030090332,
    -19.405134201049805,
    -19.62253761291504,
    -19.827550888061523,
    -20.02086639404297,
    -20.20302391052246,
    -20.374631881713867,
    -20.536266326904297,
    -20.688453674316406,
    -20.831708908081055,
    -20.966609954833984,
    -21.093658447265625,
    -21.213394165039062,
    -21.32638168334961,
    -21.433202743530273,
    -21.534393310546875,
    -21.630563735961914,
    -21.7222957611084,
    -21.810176849365234,
    -21.894775390625,
    -21.976694107055664,
    -22.056495666503906,
    -22.13473129272461,
    -22.211944580078125,
    -22.288646697998047,
    -22.365367889404297,
    -22.442588806152344,
    -22.52080535888672,
    -22.600482940673828,
    -22.68205451965332,
    -22.76593780517578,
    -22.852535247802734,
    -22.94219970703125,
    -23.035266876220703,
    -23.13197898864746,
    -23.23253631591797,
    -23.337053298950195,
    -23.445491790771484,
    -23.557775497436523,
    -23.67363166809082,
    -23.792619705200195,
    -23.914207458496094,
    -24.037704467773438,
    -24.162235260009766,
    -24.286865234375,
    -24.410511016845703,
    -24.532215118408203,
    -24.65087127685547,
    -24.765480041503906,
    -24.875221252441406,
    -24.979318618774414,
    -25.077220916748047,
    -25.16852569580078,
    -25.253026962280273,
    -25.330642700195312,
    -25.401416778564453,
    -25.465625762939453,
    -25.523509979248047,
    -25.57544708251953,
    -25.621871948242188,
    -25.663177490234375,
    -25.699832916259766,
    -25.7322998046875,
    -25.76095962524414,
    -25.786237716674805,
    -25.808507919311523,
    -25.828094482421875,
    -25.845340728759766,
    -25.86050796508789,
    -25.873855590820312,
    -25.885602951049805,
    -25.895950317382812,
    -25.905094146728516,
    -25.91315460205078,
    -25.92024803161621,
    -25.926563262939453,
    -25.93218231201172,
    -25.93712615966797,
    -25.941558837890625,
    -25.94552230834961,
    -25.94905662536621,
    -25.952190399169922,
    -25.95505142211914,
    -25.95761489868164,
    -25.959911346435547,
    -25.96199607849121,
    -25.963897705078125,
    -25.96561050415039,
    -25.96718406677246,
    -25.968610763549805,
    -25.96993637084961,
    -25.97110366821289
  ],