{
  "size": 16,
  "opt_val": -26.0,
  "method": "VQE",
  "operations": [
    "Z0_Y8",
    "Z0_Y11",
    "Z0_Y7",
    "Z0_Y3",
    "Z8_Y2",
    "Z8_Y15",
    "Z8_Y14",
    "Z11_Y4",
    "Z11_Y12",
    "Z7_Y1",
    "Z7_Y13",
    "Z3_Y5",
    "Z1_Y9",
    "Z4_Y6",
    "Z6_Y10",
    "Z11_Y15",
    "Z7_Y15",
    "Z3_Y1",
    "Z3_Y12",
    "Z1_Y4",
    "Z9_Y2",
    "Z9_Y4",
    "Z2_Y6",
    "Z2_Y15",
    "Z6_Y5",
    "Z12_Y13",
    "Z5_Y10",
    "Z5_Y14",
    "Z9_Y12",
    "Z10_Y14",
    "Z10_Y13",
    "Z14_Y13"
  ],
  "dt": 0.05,
  "lr": 0.05,
  "lam": 1.0,
  "mu": 0.9,
  "fix_step": 0,
  "constant_c": true,
  "parameters": [
    1.5589635372161865,
    1.5703744888305664,
    1.5707194805145264,
    1.5691965818405151,
    0.5522509217262268,
    0.49128463864326477,
    0.610321044921875,
    1.230373501777649,
    0.6916176676750183,
    1.5692245960235596,
    0.375682532787323,
    0.8541040420532227,
    1.5672109127044678,
    0.5464769005775452,
    0.051048651337623596,
    0.6073889136314392,
    0.5814401507377625,
    0.023472370579838753,
    0.642423152923584,
    0.2873785197734833,
    1.0182957649230957,
    0.6130764484405518,
    1.0079090595245361,
    0.10935883224010468,
    0.6509101986885071,
    0.2862556278705597,
    0.4718303680419922,
    0.6040453910827637,
    0.22985413670539856,
    0.29600995779037476,
    0.7522112131118774,
    0.7328470945358276
  ],
  "opt_ratios": [
    0.0002136228431481868,
    0.0005527400644496083,
    0.0008508103783242404,
    0.0012766403378918767,
    0.0018701108638197184,
    0.0026782641652971506,
    0.003755202516913414,
    0.005161814857274294,
    0.006965150590986013,
    0.009237825870513916,
    0.012056617997586727,
    0.015502258203923702,
    0.019657574594020844,
    0.02460608072578907,
    0.030431581661105156,
    0.0372156985104084,
    0.045035798102617264,
    0.053965453058481216,
    0.06407058984041214,
    0.07540913671255112,
    0.08802931010723114,
    0.10196877270936966,
    0.1172538548707962,
    0.13389906287193298,
    0.15190589427947998,
    0.1712624579668045,
    0.19194379448890686,
    0.21391214430332184,
    0.23711353540420532,
    0.261479914188385,
    0.2869313955307007,
    0.3133697807788849,
    0.3406832814216614,
    0.36874350905418396,
    0.39741092920303345,
    0.42652976512908936,
    0.4559328556060791,
    0.4854419529438019,
    0.5148770213127136,
    0.544052243232727,
    0.5727816820144653,
    0.6008879542350769,
    0.6282048225402832,
    0.6545776724815369,
    0.6798754334449768,
    0.7039884924888611,
    0.7268301248550415,
    0.7483391761779785,
    0.768480122089386,
    0.7872443795204163,
    0.8046417236328125,
    0.8207016587257385,
    0.8354706764221191,
    0.8490051627159119,
    0.8613731265068054,
    0.8726470470428467,
    0.8829041123390198,
    0.8922204971313477,
    0.9006742238998413,
    0.9083395004272461,
    0.9152868986129761,
    0.921585202217102,
    0.9272946715354919,
    0.9324759840965271,
    0.9371784925460815,
    0.9414525032043457,
    0.9453405141830444,
    0.9488827586174011,
    0.9521161317825317,
    0.9550694823265076,
    0.9577723741531372,
    0.9602491855621338,
    0.9625247716903687,
    0.964616060256958,
    0.9665433168411255,
    0.9683212637901306,
    0.969963788986206,
    0.9714838862419128,
    0.9728940725326538,
    0.9742030501365662,
    0.9754199981689453,
    0.9765533208847046,
    0.9776108860969543,
    0.9785975217819214,
    0.9795212745666504,
    0.980384886264801,
    0.9811950325965881,
    0.9819549918174744,
    0.9826701283454895,
    0.9833418726921082,
    0.9839759469032288,
    0.9845734238624573,
    0.9851371049880981,
    0.9856707453727722,
    0.9861757159233093,
    0.9866534471511841,
    0.9871070981025696,
    0.9875380992889404,
    0.9879461526870728,
    0.9883351922035217,
    0.9887059330940247
  ],
  "expectations": [
    -15.999984741210938,
    -16.78608512878418,
    -17.154857635498047,
    -17.509233474731445,
    -17.8489990234375,
    -18.17410659790039,
    -18.484725952148438,
    -18.781190872192383,
    -19.064037322998047,
    -19.33391571044922,
    -19.591567993164062,
    -19.83780288696289,
    -20.073497772216797,
    -20.299514770507812,
    -20.516639709472656,
    -20.7257022857666,
    -20.92740821838379,
    -21.122432708740234,
    -21.311405181884766,
    -21.494863510131836,
    -21.673303604125977,
    -21.847187042236328,
    -22.016876220703125,
    -22.182796478271484,
    -22.34522247314453,
    -22.504493713378906,
    -22.66086196899414,
    -22.81454849243164,
    -22.965744018554688,
    -23.11457061767578,
    -23.26113510131836,
    -23.40547752380371,
    -23.54757308959961,
    -23.687332153320312,
    -23.824621200561523,
    -23.95920181274414,
    -24.090831756591797,
    -24.219165802001953,
    -24.343856811523438,
    -24.464521408081055,
    -24.58074188232422,
    -24.69208335876465,
    -24.798240661621094,
    -24.898853302001953,
    -24.99366569519043,
    -25.082477569580078,
    -25.165224075317383,
    -25.241844177246094,
    -25.31240463256836,
    -25.377113342285156,
    -25.43610382080078,
    -25.489696502685547,
    -25.538185119628906,
    -25.581878662109375,
    -25.62116241455078,
    -25.656387329101562,
    -25.687923431396484,
    -25.716093063354492,
    -25.74125099182129,
    -25.76369857788086,
    -25.783721923828125,
    -25.801597595214844,
    -25.81753921508789,
    -25.83182144165039,
    -25.844585418701172,
    -25.856037139892578,
    -25.86629295349121,
    -25.875526428222656,
    -25.883880615234375,
    -25.891399383544922,
    -25.89822769165039,
    -25.904396057128906,
    -25.9100399017334,
    -25.915170669555664,
    -25.919879913330078,
    -25.924175262451172,
    -25.928125381469727,
    -25.931753158569336,
    -25.93511199951172,
    -25.938213348388672,
    -25.941085815429688,
    -25.943740844726562,
    -25.94624137878418,
    -25.948543548583984,
    -25.95071029663086,
    -25.952722549438477,
    -25.954607009887695,
    -25.95637321472168,
    -25.958045959472656,
    -25.9595947265625,
    -25.961074829101562,
    -25.962465286254883,
    -25.96377182006836,
    -25.965002059936523,
    -25.966190338134766,
    -25.967309951782227,
    -25.96834945678711,
    -25.96936798095703,
    -25.97031021118164,
    -25.97123146057129,
    -25.97209930419922
  ],