{
  "size": 16,
  "opt_val": -28.0,
  "method": "VQE",
  "operations": [
    "Z0_Y5",
    "Z0_Y11",
    "Z0_Y10",
    "Z0_Y6",
    "Z5_Y9",
    "Z5_Y12",
    "Z11_Y14",
    "Z10_Y4",
    "Z10_Y7",
    "Z1_Y3",
    "Z1_Y9",
    "Z1_Y13",
    "Z3_Y2",
    "Z3_Y15",
    "Z3_Y8",
    "Z5_Y6",
    "Z11_Y9",
    "Z11_Y12",
    "Z10_Y14",
    "Z6_Y12",
    "Z1_Y7",
    "Z7_Y15",
    "Z7_Y8",
    "Z13_Y2",
    "Z13_Y4",
    "Z13_Y8",
    "Z2_Y14",
    "Z4_Y12",
    "Z6_Y9",
    "Z2_Y8",
    "Z14_Y15",
    "Z15_Y4"
  ],
  "dt": 0.05,
  "lr": 0.05,
  "lam": 1.0,
  "mu": 0.9,
  "fix_step": 0,
  "constant_c": true,
  "parameters": [
    1.5635857582092285,
    1.5705734491348267,
    1.4833085536956787,
    1.1726659536361694,
    0.4931301772594452,
    0.5083682537078857,
    0.5925127863883972,
    0.6197966933250427,
    0.46044978499412537,
    1.5671683549880981,
    0.003827744862064719,
    1.5582760572433472,
    0.8194078803062439,
    0.16233590245246887,
    0.5394654870033264,
    -0.39803606271743774,
    0.5559489130973816,
    0.5401290655136108,
    0.8025513291358948,
    0.5232143402099609,
    1.1102619171142578,
    0.73798006772995,
    0.6494909524917603,
    0.7440486550331116,
    0.46099191904067993,
    0.5375655293464661,
    0.18869289755821228,
    0.0019426181679591537,
    0.5199602842330933,
    0.15573997795581818,
    0.6874557137489319,
    0.4941733479499817
  ],
  "opt_ratios": [
    6.1035098042339087e-05,
    0.00018860228010453284,
    0.0003137931926175952,
    0.0005063681164756417,
    0.0007948166457936168,
    0.0012164603685960174,
    0.0018190431874245405,
    0.002662270562723279,
    0.00381895387545228,
    0.00537556828930974,
    0.007432271260768175,
    0.010101540014147758,
    0.013505801558494568,
    0.017773378640413284,
    0.023033488541841507,
    0.029410066083073616,
    0.037013716995716095,
    0.045934803783893585,
    0.05623555928468704,
    0.06794407963752747,
    0.08104917407035828,
    0.09549645334482193,
    0.11118853092193604,
    0.12798652052879333,
    0.14571520686149597,
    0.16416752338409424,
    0.18311598896980286,
    0.2023235261440277,
    0.2215515822172165,
    0.24057258665561676,
    0.2591787278652191,
    0.27718982100486755,
    0.2944575548171997,
    0.31086841225624084,
    0.32634174823760986,
    0.34082990884780884,
    0.354312926530838,
    0.36679404973983765,
    0.3782971501350403,
    0.3888590931892395,
    0.39852821826934814,
    0.40735822916030884,
    0.4154062569141388,
    0.42273181676864624,
    0.4293917119503021,
    0.435443252325058,
    0.44094038009643555,
    0.44593286514282227,
    0.45046690106391907,
    0.45458585023880005,
    0.45833081007003784,
    0.4617384672164917,
    0.4648376405239105,
    0.46766039729118347,
    0.4702345132827759,
    0.4725828170776367,
    0.47472691535949707,
    0.4766843318939209,
    0.4784744381904602,
    0.4801139831542969,
    0.4816162586212158,
    0.48299482464790344,
    0.4842599630355835,
    0.4854229688644409,
    0.4864928722381592,
    0.4874771237373352,
    0.4883832335472107,
    0.489219605922699,
    0.4899913966655731,
    0.4907040297985077,
    0.4913622736930847,
    0.49197083711624146,
    0.4925341010093689,
    0.4930558204650879,
    0.4935397207736969,
    0.4939880669116974,
    0.49440431594848633,
    0.4947906732559204,
    0.49514880776405334,
    0.4954811930656433,
    0.49579042196273804,
    0.4960777163505554,
    0.4963441789150238,
    0.4965919852256775,
    0.4968222975730896,
    0.49703675508499146,
    0.4972366690635681,
    0.4974225163459778,
    0.49759554862976074,
    0.4977569282054901,
    0.4979073405265808,
    0.498047411441803,
    0.4981778562068939,
    0.49829965829849243,
    0.49841272830963135,
    0.4985184669494629,
    0.4986168444156647,
    0.4987090229988098,
    0.498794823884964,
    0.49887457489967346,
    0.49894899129867554
  ],
  "expectations": [
    -15.999984741210938,
    -16.787139892578125,
    -17.160289764404297,
    -17.523540496826172,
    -17.877782821655273,
    -18.22380828857422,
    -18.562286376953125,
    -18.893760681152344,
    -19.21866226196289,
    -19.537349700927734,
    -19.85006332397461,
    -20.15692138671875,
    -20.45799446105957,
    -20.75322723388672,
    -21.04250717163086,
    -21.325668334960938,
    -21.602462768554688,
    -21.87261962890625,
    -22.135765075683594,
    -22.391536712646484,
    -22.639493942260742,
    -22.879169464111328,
    -23.11005401611328,
    -23.33162498474121,
    -23.543418884277344,
    -23.744869232177734,
    -23.935546875,
    -24.115097045898438,
    -24.283266067504883,
    -24.43988609313965,
    -24.584970474243164,
    -24.718666076660156,
    -24.841236114501953,
    -24.953094482421875,
    -25.054759979248047,
    -25.146800994873047,
    -25.229883193969727,
    -25.304637908935547,
    -25.371810913085938,
    -25.432018280029297,
    -25.485965728759766,
    -25.534225463867188,
    -25.577392578125,
    -25.61602020263672,
    -25.650577545166016,
    -25.681495666503906,
    -25.709213256835938,
    -25.734037399291992,
    -25.75631332397461,
    -25.77633285522461,
    -25.794340133666992,
    -25.810569763183594,
    -25.82522964477539,
    -25.83844757080078,
    -25.850421905517578,
    -25.86128807067871,
    -25.87114715576172,
    -25.880128860473633,
    -25.888280868530273,
    -25.895736694335938,
    -25.90254020690918,
    -25.908794403076172,
    -25.914512634277344,
    -25.919784545898438,
    -25.924636840820312,
    -25.929100036621094,
    -25.933197021484375,
    -25.937021255493164,
    -25.94054412841797,
    -25.943817138671875,
    -25.946857452392578,
    -25.94967269897461,
    -25.952306747436523,
    -25.954748153686523,
    -25.95703887939453,
    -25.95917510986328,
    -25.96117401123047,
    -25.963054656982422,
    -25.964813232421875,
    -25.966449737548828,
    -25.968002319335938,
    -25.969467163085938,
    -25.970829010009766,
    -25.972126007080078,
    -25.973331451416016,
    -25.97447395324707,
    -25.975568771362305,
    -25.97658920288086,
    -25.977554321289062,
    -25.97847557067871,
    -25.979354858398438,
    -25.980175018310547,
    -25.98094940185547,
    -25.981704711914062,
    -25.982402801513672,
    -25.98307991027832,
    -25.983707427978516,
    -25.98432159423828,
    -25.98490333557129,
    -25.98543930053711,
    -25.9859619140625
  ],