{
  "size": 16,
  "opt_val": -28.0,
  "method": "VQE",
  "operations": [
    "Z0_Y5",
    "Z0_Y8",
    "Z0_Y13",
    "Z0_Y9",
    "Z5_Y1",
    "Z5_Y2",
    "Z5_Y10",
    "Z8_Y6",
    "Z13_Y7",
    "Z9_Y4",
    "Z1_Y14",
    "Z14_Y15",
    "Z4_Y3",
    "Z4_Y11",
    "Z11_Y12",
    "Z8_Y1",
    "Z8_Y9",
    "Z13_Y6",
    "Z13_Y10",
    "Z9_Y10",
    "Z1_Y4",
    "Z14_Y2",
    "Z14_Y7",
    "Z2_Y11",
    "Z2_Y15",
    "Z15_Y12",
    "Z3_Y10",
    "Z3_Y12",
    "Z11_Y7",
    "Z15_Y7",
    "Z3_Y6",
    "Z6_Y12"
  ],
  "dt": 0.05,
  "lr": 0.05,
  "lam": 1.0,
  "mu": 0.9,
  "fix_step": 0,
  "constant_c": true,
  "parameters": [
    1.5707961320877075,
    1.5401664972305298,
    1.57066011428833,
    1.570592999458313,
    1.5659046173095703,
    1.0493091344833374,
    0.42297130823135376,
    0.6422675848007202,
    0.4049273133277893,
    1.5706477165222168,
    1.5660200119018555,
    -0.24952764809131622,
    1.5703544616699219,
    0.7865285873413086,
    0.02605712227523327,
    0.02464439906179905,
    0.00303628365509212,
    0.6330204010009766,
    0.4238603413105011,
    0.43050289154052734,
    0.007747706491500139,
    0.5214812159538269,
    0.342032253742218,
    0.7842658162117004,
    1.3208321332931519,
    0.857822597026825,
    0.29346930980682373,
    0.7507241368293762,
    0.45218271017074585,
    0.3716643452644348,
    0.2955101728439331,
    0.06392587721347809
  ],
  "opt_ratios": [
    3.0517549021169543e-05,
    9.43552513490431e-05,
    0.00015687719860579818,
    0.00025261781411245465,
    0.0003949896199628711,
    0.000601071456912905,
    0.0008920851978473365,
    0.0012938290601596236,
    0.0018370915204286575,
    0.0025579645298421383,
    0.0034982904326170683,
    0.004706130363047123,
    0.006236236076802015,
    0.008150988258421421,
    0.010520960204303265,
    0.013426560908555984,
    0.01695927046239376,
    0.021223250776529312,
    0.02633749693632126,
    0.03243779391050339,
    0.0396786592900753,
    0.04823528230190277,
    0.058304402977228165,
    0.07010519504547119,
    0.0838753953576088,
    0.09986819326877594,
    0.11834169924259186,
    0.1395464986562729,
    0.16370601952075958,
    0.1909894198179245,
    0.22148823738098145,
    0.25518083572387695,
    0.291906476020813,
    0.33134758472442627,
    0.3730248212814331,
    0.41631266474723816,
    0.4604804217815399,
    0.5047385096549988,
    0.5483033061027527,
    0.5904586315155029,
    0.6306010484695435,
    0.668278157711029,
    0.7031850218772888,
    0.7351733446121216,
    0.7642190456390381,
    0.790396511554718,
    0.8138488531112671,
    0.8347669243812561,
    0.8533636331558228,
    0.8698578476905823,
    0.8844686150550842,
    0.8974015116691589,
    0.9088374972343445,
    0.9189594984054565,
    0.9279110431671143,
    0.9358379244804382,
    0.9428629279136658,
    0.9490862488746643,
    0.9546041488647461,
    0.9595048427581787,
    0.9638522267341614,
    0.9677218198776245,
    0.9711612462997437,
    0.9742221832275391,
    0.976945698261261,
    0.9793727993965149,
    0.9815354943275452,
    0.9834635257720947,
    0.9851840138435364,
    0.9867193102836609,
    0.9880910515785217,
    0.9893169403076172,
    0.990412712097168,
    0.9913944602012634,
    0.992271900177002,
    0.9930577278137207,
    0.9937611222267151,
    0.9943920373916626,
    0.9949572086334229,
    0.995464563369751,
    0.9959192872047424,
    0.9963274598121643,
    0.9966938495635986,
    0.9970225691795349,
    0.9973176717758179,
    0.9975829720497131,
    0.9978228211402893,
    0.9980367422103882,
    0.9982295036315918,
    0.9984034895896912,
    0.9985596537590027,
    0.998700737953186,
    0.9988270998001099,
    0.9989414215087891,
    0.9990441203117371,
    0.999137818813324,
    0.9992209076881409,
    0.9992961287498474,
    0.9993636608123779,
    0.9994247555732727,
    0.9994799494743347
  ],
  "expectations": [
    -15.999984741210938,
    -16.789081573486328,
    -17.16476058959961,
    -17.529361724853516,
    -17.882659912109375,
    -18.224491119384766,
    -18.55478286743164,
    -18.873567581176758,
    -19.180994033813477,
    -19.477325439453125,
    -19.762937545776367,
    -20.03833770751953,
    -20.304149627685547,
    -20.561079025268555,
    -20.809913635253906,
    -21.05154037475586,
    -21.28687286376953,
    -21.516860961914062,
    -21.742542266845703,
    -21.96490478515625,
    -22.185012817382812,
    -22.40391731262207,
    -22.622699737548828,
    -22.842369079589844,
    -23.06393814086914,
    -23.288345336914062,
    -23.516355514526367,
    -23.748592376708984,
    -23.98532485961914,
    -24.226516723632812,
    -24.471620559692383,
    -24.71967887878418,
    -24.96908187866211,
    -25.217754364013672,
    -25.463247299194336,
    -25.702777862548828,
    -25.93355941772461,
    -26.15292739868164,
    -26.35867691040039,
    -26.549062728881836,
    -26.722993850708008,
    -26.8801212310791,
    -27.02056884765625,
    -27.1450252532959,
    -27.254531860351562,
    -27.350345611572266,
    -27.433801651000977,
    -27.506305694580078,
    -27.56916046142578,
    -27.623592376708984,
    -27.670745849609375,
    -27.71160888671875,
    -27.747011184692383,
    -27.77777671813965,
    -27.80450439453125,
    -27.82779312133789,
    -27.848098754882812,
    -27.86583137512207,
    -27.881336212158203,
    -27.89495277404785,
    -27.90686798095703,
    -27.917375564575195,
    -27.926597595214844,
    -27.934768676757812,
    -27.941932678222656,
    -27.948293685913086,
    -27.953887939453125,
    -27.958866119384766,
    -27.96326446533203,
    -27.9671688079834,
    -27.970626831054688,
    -27.973709106445312,
    -27.97644805908203,
    -27.97891616821289,
    -27.981082916259766,
    -27.9830322265625,
    -27.98474884033203,
    -27.986309051513672,
    -27.98769187927246,
    -27.988929748535156,
    -27.99002456665039,
    -27.99102020263672,
    -27.991920471191406,
    -27.992708206176758,
    -27.99341583251953,
    -27.99404525756836,
    -27.994647979736328,
    -27.995147705078125,
    -27.995609283447266,
    -27.996036529541016,
    -27.99640464782715,
    -27.99675178527832,
    -27.997045516967773,
    -27.997323989868164,
    -27.997562408447266,
    -27.99781036376953,
    -27.99799919128418,
    -27.998178482055664,
    -27.998332977294922,
    -27.99847412109375,
    -27.99860191345215
  ],