{
  "size": 16,
  "opt_val": -26.0,
  "method": "VQE",
  "operations": [
    "Z0_Y11",
    "Z0_Y7",
    "Z0_Y4",
    "Z0_Y6",
    "Z11_Y1",
    "Z11_Y2",
    "Z11_Y12",
    "Z7_Y9",
    "Z7_Y14",
    "Z4_Y15",
    "Z6_Y8",
    "Z6_Y13",
    "Z1_Y5",
    "Z12_Y3",
    "Z13_Y10",
    "Z7_Y4",
    "Z4_Y9",
    "Z6_Y14",
    "Z1_Y12",
    "Z1_Y13",
    "Z12_Y5",
    "Z5_Y9",
    "Z5_Y8",
    "Z13_Y3",
    "Z2_Y14",
    "Z2_Y9",
    "Z2_Y15",
    "Z15_Y10",
    "Z14_Y15",
    "Z3_Y10",
    "Z3_Y8",
    "Z10_Y8"
  ],
  "dt": 0.05,
  "lr": 0.05,
  "lam": 1.0,
  "mu": 0.9,
  "fix_step": 0,
  "constant_c": true,
  "parameters": [
    1.5689265727996826,
    1.5384048223495483,
    1.3918005228042603,
    1.568843960762024,
    1.1790916919708252,
    -1.2751600742340088,
    1.5549087524414062,
    0.5420220494270325,
    0.810282826423645,
    0.8481934070587158,
    0.5659777522087097,
    1.5420094728469849,
    0.4493526220321655,
    0.9679228663444519,
    0.8168299198150635,
    -0.14089436829090118,
    0.436558336019516,
    0.6815230846405029,
    -0.015482105314731598,
    -0.019502967596054077,
    1.1214474439620972,
    0.5021700859069824,
    0.3595312237739563,
    0.6025878190994263,
    0.08073458075523376,
    0.09421598166227341,
    0.7917288541793823,
    0.76079922914505,
    0.08383015543222427,
    0.008975685574114323,
    0.49681490659713745,
    0.15048158168792725
  ],
  "opt_ratios": [
    9.155264706350863e-05,
    0.00023318067542277277,
    0.00035202022991143167,
    0.0005149983917362988,
    0.000731808366253972,
    0.001012165448628366,
    0.0013652545167133212,
    0.0017991755157709122,
    0.002320527797564864,
    0.0029340649489313364,
    0.0036425015423446894,
    0.004446631763130426,
    0.005345492158085108,
    0.006336673628538847,
    0.007416808512061834,
    0.008582158014178276,
    0.009828905574977398,
    0.011153915897011757,
    0.012554984539747238,
    0.01403120718896389,
    0.015583268366754055,
    0.017213696613907814,
    0.0189268309623003,
    0.020729072391986847,
    0.022629128769040108,
    0.024637017399072647,
    0.02676539495587349,
    0.029028641059994698,
    0.0314432717859745,
    0.0340270958840847,
    0.036800432950258255,
    0.03978465124964714,
    0.04300364479422569,
    0.04648131877183914,
    0.050244368612766266,
    0.05432071164250374,
    0.05873823165893555,
    0.06352680921554565,
    0.06871713697910309,
    0.07434132695198059,
    0.08043184131383896,
    0.08702009171247482,
    0.0941426008939743,
    0.10183528810739517,
    0.11013223230838776,
    0.11907385289669037,
    0.12869812548160553,
    0.13904455304145813,
    0.15015600621700287,
    0.16207383573055267,
    0.17483793199062347,
    0.18848973512649536,
    0.20306889712810516,
    0.21860846877098083,
    0.23513638973236084,
    0.25267335772514343,
    0.2712319493293762,
    0.2908080816268921,
    0.3113866448402405,
    0.33293670415878296,
    0.355411171913147,
    0.3787427842617035,
    0.40283435583114624,
    0.42758649587631226,
    0.4528738260269165,
    0.478559285402298,
    0.5044876933097839,
    0.5305094718933105,
    0.5564529895782471,
    0.5821499824523926,
    0.6074581146240234,
    0.6322199702262878,
    0.6562990546226501,
    0.6795933246612549,
    0.7019704580307007,
    0.7233756184577942,
    0.7437406778335571,
    0.763015866279602,
    0.7811910510063171,
    0.7982338070869446,
    0.8141768574714661,
    0.8290420770645142,
    0.8428562879562378,
    0.8556601405143738,
    0.8674919605255127,
    0.878404438495636,
    0.8884484767913818,
    0.897677481174469,
    0.9061450362205505,
    0.9139035940170288,
    0.9210055470466614,
    0.9275014996528625,
    0.9334366321563721,
    0.9388571977615356,
    0.943805992603302,
    0.9483199715614319,
    0.9524399042129517,
    0.9561975002288818,
    0.9596251249313354,
    0.9627518653869629,
    0.9656029343605042
  ],
  "expectations": [
    -15.999984741210938,
    -16.781225204467773,
    -17.14000701904297,
    -17.481075286865234,
    -17.80469512939453,
    -18.111183166503906,
    -18.40097427368164,
    -18.674514770507812,
    -18.9323673248291,
    -19.17510223388672,
    -19.403406143188477,
    -19.617950439453125,
    -19.819477081298828,
    -20.0087890625,
    -20.18661880493164,
    -20.353832244873047,
    -20.5112361907959,
    -20.65964126586914,
    -20.799846649169922,
    -20.932687759399414,
    -21.058916091918945,
    -21.17925262451172,
    -21.294437408447266,
    -21.405088424682617,
    -21.51187515258789,
    -21.615318298339844,
    -21.71596908569336,
    -21.81425666809082,
    -21.910615921020508,
    -22.00539207458496,
    -22.098892211914062,
    -22.19135284423828,
    -22.282958984375,
    -22.37386131286621,
    -22.46417236328125,
    -22.553905487060547,
    -22.643077850341797,
    -22.73165512084961,
    -22.819570541381836,
    -22.906721115112305,
    -22.99297332763672,
    -23.078258514404297,
    -23.16240882873535,
    -23.24532699584961,
    -23.326885223388672,
    -23.407062530517578,
    -23.485740661621094,
    -23.562965393066406,
    -23.638717651367188,
    -23.71308135986328,
    -23.786144256591797,
    -23.858003616333008,
    -23.928863525390625,
    -23.99883270263672,
    -24.068113327026367,
    -24.136823654174805,
    -24.205162048339844,
    -24.273216247558594,
    -24.341129302978516,
    -24.40892791748047,
    -24.476673126220703,
    -24.54434585571289,
    -24.611825942993164,
    -24.679096221923828,
    -24.74593162536621,
    -24.812196731567383,
    -24.877647399902344,
    -24.94210433959961,
    -25.005264282226562,
    -25.066879272460938,
    -25.126758575439453,
    -25.184642791748047,
    -25.240379333496094,
    -25.293766021728516,
    -25.344648361206055,
    -25.392955780029297,
    -25.438613891601562,
    -25.481597900390625,
    -25.52191925048828,
    -25.559558868408203,
    -25.59461212158203,
    -25.62720489501953,
    -25.657390594482422,
    -25.685291290283203,
    -25.711021423339844,
    -25.734691619873047,
    -25.756450653076172,
    -25.776405334472656,
    -25.794689178466797,
    -25.811420440673828,
    -25.826725006103516,
    -25.84073829650879,
    -25.853496551513672,
    -25.865169525146484,
    -25.875831604003906,
    -25.885528564453125,
    -25.8944034576416,
    -25.90249252319336,
    -25.909870147705078,
    -25.91661834716797,
    -25.922761917114258
  ],