{
  "size": 18,
  "opt_val": -23.0,
  "method": "VQE",
  "operations": [
    "Z6_Y15",
    "Z6_Y4",
    "Z6_Y8",
    "Z15_Y14",
    "Z15_Y3",
    "Z4_Y10",
    "Z4_Y16",
    "Z8_Y7",
    "Z14_Y9",
    "Z3_Y5",
    "Z10_Y12",
    "Z16_Y0",
    "Z16_Y11",
    "Z9_Y13",
    "Z9_Y2",
    "Z12_Y17",
    "Z17_Y1",
    "Z8_Y3",
    "Z14_Y7",
    "Z10_Y7",
    "Z13_Y0",
    "Z13_Y2",
    "Z2_Y12",
    "Z17_Y5",
    "Z0_Y11",
    "Z11_Y1",
    "Z1_Y5"
  ],
  "dt": 0.05,
  "lr": 0.05,
  "lam": 1.0,
  "mu": 0.9,
  "fix_step": 0,
  "constant_c": true,
  "parameters": [
    1.5684809684753418,
    1.5592854022979736,
    1.4725558757781982,
    1.5318994522094727,
    1.145656704902649,
    1.5500630140304565,
    1.4429363012313843,
    0.20923840999603271,
    1.5112271308898926,
    0.36361372470855713,
    1.4918441772460938,
    0.12088001519441605,
    0.941209614276886,
    0.21197623014450073,
    1.3581714630126953,
    1.4108045101165771,
    -0.01864909753203392,
    0.42611122131347656,
    0.8658655881881714,
    0.8959564566612244,
    1.3701283931732178,
    0.1926238089799881,
    0.054842814803123474,
    0.8488135933876038,
    0.5926360487937927,
    1.4357916116714478,
    0.38073715567588806
  ],
  "opt_ratios": [
    2.2888159946887754e-05,
    5.6747085181996226e-05,
    8.633063407614827e-05,
    0.0001286460319533944,
    0.00018795410869643092,
    0.000269484706223011,
    0.00037951889680698514,
    0.0005254492862150073,
    0.000715811038389802,
    0.0009602791396901011,
    0.0012696455232799053,
    0.0016557604540139437,
    0.002131461864337325,
    0.0027104923501610756,
    0.0034074035938829184,
    0.004237474408000708,
    0.005216623656451702,
    0.006361338309943676,
    0.007688624784350395,
    0.009215956553816795,
    0.010961269959807396,
    0.012942921370267868,
    0.015179736539721489,
    0.017690962180495262,
    0.020496368408203125,
    0.023616144433617592,
    0.027070999145507812,
    0.030882161110639572,
    0.035071324557065964,
    0.039660558104515076,
    0.04467237368226051,
    0.050129566341638565,
    0.05605500563979149,
    0.06247156485915184,
    0.06940175592899323,
    0.07686778157949448,
    0.0848907083272934,
    0.09349051862955093,
    0.10268561542034149,
    0.11249227821826935,
    0.12292425334453583,
    0.1339922547340393,
    0.14570361375808716,
    0.15806183218955994,
    0.1710657775402069,
    0.1847100555896759,
    0.19898360967636108,
    0.2138708531856537,
    0.2293505221605301,
    0.2453959435224533,
    0.26197549700737,
    0.27905189990997314,
    0.29658377170562744,
    0.3145257830619812,
    0.3328283429145813,
    0.35143807530403137,
    0.3703007698059082,
    0.38935890793800354,
    0.40855470299720764,
    0.4278297424316406,
    0.44712603092193604,
    0.46638646721839905,
    0.48555558919906616,
    0.5045799612998962,
    0.5234084725379944,
    0.5419937372207642,
    0.5602908134460449,
    0.5782592296600342,
    0.5958608388900757,
    0.6130626201629639,
    0.6298352479934692,
    0.6461533308029175,
    0.6619949340820312,
    0.6773426532745361,
    0.6921826004981995,
    0.7065037488937378,
    0.7203003764152527,
    0.7335669994354248,
    0.746303915977478,
    0.7585122585296631,
    0.7701966166496277,
    0.7813647985458374,
    0.7920243740081787,
    0.802186131477356,
    0.811862587928772,
    0.8210666179656982,
    0.8298124074935913,
    0.8381158113479614,
    0.8459935188293457,
    0.8534600734710693,
    0.860533595085144,
    0.8672304153442383,
    0.8735677003860474,
    0.8795616626739502,
    0.8852297067642212,
    0.8905873894691467,
    0.8956508040428162,
    0.9004356861114502,
    0.904956579208374,
    0.9092283248901367,
    0.9132633209228516
  ],
  "expectations": [
    -13.499984741210938,
    -14.166419982910156,
    -14.484136581420898,
    -14.792049407958984,
    -15.08963394165039,
    -15.376540184020996,
    -15.65249252319336,
    -15.917400360107422,
    -16.171279907226562,
    -16.414226531982422,
    -16.646480560302734,
    -16.868310928344727,
    -17.080116271972656,
    -17.28228759765625,
    -17.475296020507812,
    -17.659618377685547,
    -17.83576202392578,
    -18.004207611083984,
    -18.16546058654785,
    -18.319982528686523,
    -18.46823501586914,
    -18.61064910888672,
    -18.747644424438477,
    -18.879592895507812,
    -19.006879806518555,
    -19.129810333251953,
    -19.248695373535156,
    -19.363847732543945,
    -19.475536346435547,
    -19.583969116210938,
    -19.689388275146484,
    -19.792028427124023,
    -19.892061233520508,
    -19.98966407775879,
    -20.084985733032227,
    -20.17820930480957,
    -20.269437789916992,
    -20.358783721923828,
    -20.446353912353516,
    -20.532245635986328,
    -20.616519927978516,
    -20.699230194091797,
    -20.78042984008789,
    -20.860158920288086,
    -20.938411712646484,
    -21.015233993530273,
    -21.090578079223633,
    -21.164459228515625,
    -21.236858367919922,
    -21.307735443115234,
    -21.377079010009766,
    -21.444808959960938,
    -21.510906219482422,
    -21.57537078857422,
    -21.63814926147461,
    -21.69916343688965,
    -21.758441925048828,
    -21.81591033935547,
    -21.87157440185547,
    -21.925418853759766,
    -21.9774169921875,
    -22.027576446533203,
    -22.075899124145508,
    -22.122390747070312,
    -22.167055130004883,
    -22.20992660522461,
    -22.25101089477539,
    -22.290363311767578,
    -22.327974319458008,
    -22.363895416259766,
    -22.39816665649414,
    -22.430830001831055,
    -22.461917877197266,
    -22.491477966308594,
    -22.519567489624023,
    -22.546205520629883,
    -22.57148551940918,
    -22.59540367126465,
    -22.6180419921875,
    -22.639419555664062,
    -22.65959930419922,
    -22.678665161132812,
    -22.696622848510742,
    -22.71352767944336,
    -22.72945213317871,
    -22.744422912597656,
    -22.758481979370117,
    -22.771690368652344,
    -22.784114837646484,
    -22.795745849609375,
    -22.806669235229492,
    -22.81690216064453,
    -22.82650375366211,
    -22.835485458374023,
    -22.843917846679688,
    -22.851810455322266,
    -22.859201431274414,
    -22.86613655090332,
    -22.872638702392578,
    -22.878738403320312,
    -22.88443374633789
  ],