{
  "size": 18,
  "opt_val": -24.0,
  "method": "VQE",
  "operations": [
    "Z4_Y9",
    "Z4_Y2",
    "Z4_Y7",
    "Z9_Y10",
    "Z9_Y15",
    "Z2_Y1",
    "Z10_Y11",
    "Z15_Y5",
    "Z12_Y13",
    "Z12_Y8",
    "Z12_Y3",
    "Z13_Y5",
    "Z13_Y17",
    "Z8_Y0",
    "Z8_Y6",
    "Z3_Y16",
    "Z17_Y14",
    "Z2_Y10",
    "Z7_Y15",
    "Z7_Y1",
    "Z3_Y6",
    "Z5_Y11",
    "Z17_Y16",
    "Z16_Y14",
    "Z6_Y0",
    "Z14_Y0",
    "Z11_Y1"
  ],
  "dt": 0.05,
  "lr": 0.05,
  "lam": 1.0,
  "mu": 0.9,
  "fix_step": 0,
  "constant_c": true,
  "parameters": [
    1.5700273513793945,
    1.5686849355697632,
    1.5688135623931885,
    1.5226842164993286,
    0.8033304214477539,
    0.6793840527534485,
    1.3067576885223389,
    0.0006060547311790287,
    1.4368237257003784,
    1.5566234588623047,
    1.538338303565979,
    1.3993144035339355,
    1.4368237257003784,
    0.6962524652481079,
    0.6553643941879272,
    1.3234094381332397,
    0.8245033621788025,
    0.04882730916142464,
    0.7658782601356506,
    0.6796748638153076,
    0.9048839807510376,
    0.24781177937984467,
    -0.20397284626960754,
    0.7456992864608765,
    0.18573497235774994,
    1.0449578762054443,
    0.21378649771213531
  ],
  "opt_ratios": [
    1.5258772691595368e-05,
    4.1602630517445505e-05,
    6.625628884648904e-05,
    0.00010322171146981418,
    0.00015748172882013023,
    0.00023554571089334786,
    0.0003457535058259964,
    0.000498604029417038,
    0.0007070991559885442,
    0.000987105187959969,
    0.0013577123172581196,
    0.0018415988888591528,
    0.0024653631262481213,
    0.003259827382862568,
    0.004260263871401548,
    0.005506530869752169,
    0.007043079007416964,
    0.008918804116547108,
    0.011186654679477215,
    0.01390313170850277,
    0.017127392813563347,
    0.020920349285006523,
    0.02534334920346737,
    0.0304569024592638,
    0.03631910681724548,
    0.042984284460544586,
    0.050501301884651184,
    0.058912359178066254,
    0.06825185567140579,
    0.07854504883289337,
    0.08980737626552582,
    0.10204421728849411,
    0.11524966359138489,
    0.12940749526023865,
    0.1444900631904602,
    0.16045957803726196,
    0.1772676706314087,
    0.19485703110694885,
    0.2131611406803131,
    0.232106551527977,
    0.2516128420829773,
    0.2715955972671509,
    0.29196664690971375,
    0.3126358389854431,
    0.33351361751556396,
    0.3545112609863281,
    0.37554335594177246,
    0.39652830362319946,
    0.4173908531665802,
    0.43806034326553345,
    0.45847442746162415,
    0.478577584028244,
    0.49832096695899963,
    0.517663836479187,
    0.5365723967552185,
    0.5550185441970825,
    0.5729821920394897,
    0.590446949005127,
    0.6074020862579346,
    0.6238418221473694,
    0.6397625207901001,
    0.6551656126976013,
    0.6700528860092163,
    0.6844307780265808,
    0.6983046531677246,
    0.7116841077804565,
    0.7245765924453735,
    0.7369931936264038,
    0.7489425539970398,
    0.7604366540908813,
    0.7714858651161194,
    0.7821011543273926,
    0.7922943830490112,
    0.802075982093811,
    0.8114573955535889,
    0.8204509019851685,
    0.8290652632713318,
    0.8373137712478638,
    0.8452068567276001,
    0.8527559041976929,
    0.8599717617034912,
    0.8668659329414368,
    0.8734485507011414,
    0.8797311782836914,
    0.8857250213623047,
    0.8914393782615662,
    0.8968859910964966,
    0.9020748734474182,
    0.9070166349411011,
    0.9117207527160645,
    0.9161970615386963,
    0.9204549789428711,
    0.9245051145553589,
    0.9283556342124939,
    0.9320154190063477,
    0.9354928731918335,
    0.9387971758842468,
    0.9419353008270264,
    0.9449163675308228,
    0.9477462768554688,
    0.9504328966140747
  ],
  "expectations": [
    -13.499984741210938,
    -14.169219017028809,
    -14.493345260620117,
    -14.810758590698242,
    -15.121023178100586,
    -15.423894882202148,
    -15.719219207763672,
    -16.006996154785156,
    -16.287322998046875,
    -16.56045150756836,
    -16.826671600341797,
    -17.086400985717773,
    -17.340044021606445,
    -17.588069915771484,
    -17.83088493347168,
    -18.06888198852539,
    -18.30238914489746,
    -18.53168487548828,
    -18.75685691833496,
    -18.978012084960938,
    -19.19506072998047,
    -19.40787696838379,
    -19.61621856689453,
    -19.81979751586914,
    -20.018268585205078,
    -20.211299896240234,
    -20.398487091064453,
    -20.57952880859375,
    -20.7541446685791,
    -20.92209815979004,
    -21.083192825317383,
    -21.237396240234375,
    -21.384624481201172,
    -21.52498435974121,
    -21.658533096313477,
    -21.785459518432617,
    -21.90593147277832,
    -22.02019691467285,
    -22.128467559814453,
    -22.231027603149414,
    -22.328083038330078,
    -22.419940948486328,
    -22.506837844848633,
    -22.5889949798584,
    -22.666664123535156,
    -22.74007225036621,
    -22.809436798095703,
    -22.874937057495117,
    -22.936832427978516,
    -22.995241165161133,
    -23.050397872924805,
    -23.102474212646484,
    -23.1516170501709,
    -23.198001861572266,
    -23.24180030822754,
    -23.283126831054688,
    -23.322172164916992,
    -23.359033584594727,
    -23.393850326538086,
    -23.42676544189453,
    -23.45785903930664,
    -23.487274169921875,
    -23.515073776245117,
    -23.54139518737793,
    -23.566282272338867,
    -23.589874267578125,
    -23.612184524536133,
    -23.633331298828125,
    -23.653335571289062,
    -23.672292709350586,
    -23.690244674682617,
    -23.707244873046875,
    -23.723360061645508,
    -23.73861312866211,
    -23.7530574798584,
    -23.766759872436523,
    -23.77968406677246,
    -23.791934967041016,
    -23.803518295288086,
    -23.814476013183594,
    -23.82483673095703,
    -23.83463478088379,
    -23.843881607055664,
    -23.852615356445312,
    -23.860885620117188,
    -23.86866569519043,
    -23.87601661682129,
    -23.88295555114746,
    -23.889511108398438,
    -23.895689010620117,
    -23.90151023864746,
    -23.906991958618164,
    -23.912179946899414,
    -23.917062759399414,
    -23.921667098999023,
    -23.925996780395508,
    -23.930097579956055,
    -23.933944702148438,
    -23.937593460083008,
    -23.941015243530273,
    -23.944238662719727
  ],