{
  "size": 18,
  "opt_val": -24.0,
  "method": "VQE",
  "operations": [
    "Z7_Y17",
    "Z7_Y12",
    "Z7_Y15",
    "Z17_Y1",
    "Z17_Y5",
    "Z12_Y9",
    "Z15_Y4",
    "Z15_Y13",
    "Z1_Y14",
    "Z1_Y0",
    "Z5_Y2",
    "Z3_Y16",
    "Z3_Y6",
    "Z3_Y0",
    "Z16_Y11",
    "Z11_Y10",
    "Z4_Y8",
    "Z12_Y5",
    "Z16_Y2",
    "Z6_Y11",
    "Z6_Y14",
    "Z0_Y9",
    "Z2_Y10",
    "Z4_Y13",
    "Z8_Y14",
    "Z8_Y10",
    "Z13_Y9"
  ],
  "dt": 0.05,
  "lr": 0.05,
  "lam": 1.0,
  "mu": 0.9,
  "fix_step": 0,
  "constant_c": true,
  "parameters": [
    1.562075138092041,
    1.564805030822754,
    1.455793023109436,
    1.5080022811889648,
    0.9772297739982605,
    0.6858482360839844,
    1.022132396697998,
    -0.04934488236904144,
    0.5545029640197754,
    1.3524930477142334,
    0.12070538848638535,
    1.5537396669387817,
    1.553739070892334,
    0.2159857153892517,
    1.1554547548294067,
    0.3675777018070221,
    1.3546603918075562,
    0.5912970900535583,
    1.4162275791168213,
    0.4110153615474701,
    1.0370416641235352,
    0.6101841926574707,
    1.0848886966705322,
    1.354331612586975,
    0.5545028448104858,
    0.14516384899616241,
    0.28613147139549255
  ],
  "opt_ratios": [
    7.629386345797684e-06,
    2.0712594050564803e-05,
    3.2800151529954746e-05,
    5.06898904859554e-05,
    7.653226202819496e-05,
    0.00011301153426757082,
    0.00016339334251824766,
    0.00023155755479820073,
    0.0003220121143385768,
    0.0004398896708153188,
    0.0005909276660531759,
    0.0007814267301000655,
    0.0010182021651417017,
    0.0013085183454677463,
    0.0016600078670307994,
    0.002080589300021529,
    0.0025783630553632975,
    0.0031615078914910555,
    0.003838161937892437,
    0.004616290330886841,
    0.005503574851900339,
    0.00650727329775691,
    0.0076341042295098305,
    0.008890105411410332,
    0.010280594229698181,
    0.01181004848331213,
    0.013482089154422283,
    0.015299463644623756,
    0.01726408489048481,
    0.01937704347074032,
    0.02163872867822647,
    0.02404891885817051,
    0.026606930419802666,
    0.029311668127775192,
    0.03216184675693512,
    0.035156089812517166,
    0.038292914628982544,
    0.041571103036403656,
    0.044989459216594696,
    0.04854706674814224,
    0.05224321037530899,
    0.05607747659087181,
    0.06004972755908966,
    0.06415991485118866,
    0.06840826570987701,
    0.0727950781583786,
    0.07732073962688446,
    0.08198562264442444,
    0.08678984642028809,
    0.09173362702131271,
    0.09681679308414459,
    0.10203869640827179,
    0.10739842057228088,
    0.11289456486701965,
    0.11852524429559708,
    0.12428779155015945,
    0.1301790475845337,
    0.13619525730609894,
    0.1423315852880478,
    0.14858299493789673,
    0.15494337677955627,
    0.161406010389328,
    0.16796348989009857,
    0.17460764944553375,
    0.18133006989955902,
    0.18812136352062225,
    0.19497206807136536,
    0.2018718123435974,
    0.2088104635477066,
    0.21577732264995575,
    0.22276169061660767,
    0.2297525256872177,
    0.23673923313617706,
    0.24371090531349182,
    0.2506570518016815,
    0.2575673460960388,
    0.26443207263946533,
    0.271241694688797,
    0.27798688411712646,
    0.284659206867218,
    0.29125070571899414,
    0.2977539300918579,
    0.3041616380214691,
    0.3104679584503174,
    0.3166666328907013,
    0.3227531313896179,
    0.32872283458709717,
    0.3345714211463928,
    0.3402958810329437,
    0.345893532037735,
    0.3513619303703308,
    0.3566989302635193,
    0.3619036078453064,
    0.3669746518135071,
    0.3719116747379303,
    0.3767146170139313,
    0.3813837468624115,
    0.3859192430973053,
    0.39032208919525146,
    0.39459341764450073,
    0.3987341821193695
  ],
  "expectations": [
    -13.499984741210938,
    -14.171530723571777,
    -14.500216484069824,
    -14.8233060836792,
    -15.139822959899902,
    -15.44894027709961,
    -15.749984741210938,
    -16.042442321777344,
    -16.325946807861328,
    -16.600292205810547,
    -16.865459442138672,
    -17.121463775634766,
    -17.368492126464844,
    -17.606807708740234,
    -17.836711883544922,
    -18.058542251586914,
    -18.272663116455078,
    -18.47941780090332,
    -18.679153442382812,
    -18.872140884399414,
    -19.05868148803711,
    -19.23897933959961,
    -19.413244247436523,
    -19.581571578979492,
    -19.744083404541016,
    -19.90085220336914,
    -20.05191421508789,
    -20.19729995727539,
    -20.337038040161133,
    -20.47113800048828,
    -20.599613189697266,
    -20.72252655029297,
    -20.839927673339844,
    -20.95187759399414,
    -21.058490753173828,
    -21.159896850585938,
    -21.256210327148438,
    -21.347637176513672,
    -21.4343318939209,
    -21.516504287719727,
    -21.59434700012207,
    -21.6680908203125,
    -21.737964630126953,
    -21.804183959960938,
    -21.866966247558594,
    -21.926544189453125,
    -21.98311996459961,
    -22.036924362182617,
    -22.088106155395508,
    -22.13690948486328,
    -22.18349838256836,
    -22.228015899658203,
    -22.270626068115234,
    -22.311471939086914,
    -22.35070037841797,
    -22.38840675354004,
    -22.42471694946289,
    -22.459745407104492,
    -22.493526458740234,
    -22.526214599609375,
    -22.55782699584961,
    -22.58844566345215,
    -22.618125915527344,
    -22.646900177001953,
    -22.674840927124023,
    -22.70197105407715,
    -22.72833251953125,
    -22.753923416137695,
    -22.778793334960938,
    -22.802976608276367,
    -22.82648468017578,
    -22.849315643310547,
    -22.871509552001953,
    -22.8930606842041,
    -22.913990020751953,
    -22.93429946899414,
    -22.954021453857422,
    -22.97317886352539,
    -22.991741180419922,
    -23.009737014770508,
    -23.02718734741211,
    -23.044105529785156,
    -23.060476303100586,
    -23.076343536376953,
    -23.09168815612793,
    -23.106536865234375,
    -23.12091636657715,
    -23.13479995727539,
    -23.148231506347656,
    -23.161224365234375,
    -23.173784255981445,
    -23.1859130859375,
    -23.19763946533203,
    -23.20895004272461,
    -23.219871520996094,
    -23.230422973632812,
    -23.240610122680664,
    -23.25044059753418,
    -23.259923934936523,
    -23.269084930419922,
    -23.277915954589844
  ],