{
  "size": 18,
  "opt_val": -23.0,
  "method": "VQE",
  "operations": [
    "Z3_Y4",
    "Z3_Y12",
    "Z3_Y14",
    "Z4_Y6",
    "Z12_Y7",
    "Z14_Y10",
    "Z14_Y1",
    "Z6_Y2",
    "Z2_Y15",
    "Z2_Y11",
    "Z7_Y8",
    "Z5_Y16",
    "Z5_Y0",
    "Z5_Y8",
    "Z16_Y9",
    "Z0_Y17",
    "Z9_Y13",
    "Z4_Y12",
    "Z6_Y10",
    "Z10_Y1",
    "Z7_Y15",
    "Z16_Y11",
    "Z0_Y9",
    "Z8_Y15",
    "Z11_Y17",
    "Z17_Y13",
    "Z13_Y1"
  ],
  "dt": 0.05,
  "lr": 0.05,
  "lam": 1.0,
  "mu": 0.9,
  "fix_step": 0,
  "constant_c": true,
  "parameters": [
    -0.5724522471427917,
    1.274614930152893,
    1.4085837602615356,
    1.4146263599395752,
    1.2840036153793335,
    0.2760154902935028,
    0.5876396298408508,
    1.411407709121704,
    0.7767465114593506,
    1.3741183280944824,
    0.27289965748786926,
    1.5597206354141235,
    1.5597206354141235,
    1.258055329322815,
    1.0199638605117798,
    1.4896175861358643,
    0.2781763970851898,
    0.13920819759368896,
    1.2514077425003052,
    0.5698463916778564,
    0.5497761964797974,
    0.10497818887233734,
    0.5506815910339355,
    0.4785531461238861,
    0.07388678193092346,
    1.2655320167541504,
    0.8095461130142212
  ],
  "opt_ratios": [
    3.0517545383190736e-05,
    7.538506906712428e-05,
    0.00011423342220950872,
    0.00016933877486735582,
    0.00024584244238212705,
    0.00034991843858733773,
    0.0004888158873654902,
    0.0006708708824589849,
    0.0009054841357283294,
    0.0012030609650537372,
    0.0015749353915452957,
    0.0020332548301666975,
    0.002590861637145281,
    0.0032611661590635777,
    0.004058006219565868,
    0.004995514173060656,
    0.006087989546358585,
    0.007349790073931217,
    0.008795177564024925,
    0.010438255034387112,
    0.012292804196476936,
    0.014372198842465878,
    0.016689274460077286,
    0.019256193190813065,
    0.022084319964051247,
    0.02518412470817566,
    0.02856486290693283,
    0.03223462030291557,
    0.036200057715177536,
    0.04046618193387985,
    0.04503636062145233,
    0.049912020564079285,
    0.05509263277053833,
    0.060575664043426514,
    0.06635630130767822,
    0.07242786139249802,
    0.07878129184246063,
    0.08540582656860352,
    0.09228864312171936,
    0.0994153767824173,
    0.1067700982093811,
    0.11433578282594681,
    0.122094064950943,
    0.1300264596939087,
    0.13811370730400085,
    0.14633649587631226,
    0.15467584133148193,
    0.16311313211917877,
    0.17163002490997314,
    0.18020981550216675,
    0.18883603811264038,
    0.19749367237091064,
    0.20616909861564636,
    0.21484968066215515,
    0.22352439165115356,
    0.23218339681625366,
    0.24081829190254211,
    0.2494220733642578,
    0.25798898935317993,
    0.26651448011398315,
    0.27499520778656006,
    0.2834290564060211,
    0.291814923286438,
    0.30015265941619873,
    0.3084431290626526,
    0.3166882395744324,
    0.32489022612571716,
    0.33305245637893677,
    0.3411790132522583,
    0.34927433729171753,
    0.357343852519989,
    0.36539337038993835,
    0.37342923879623413,
    0.38145750761032104,
    0.3894857168197632,
    0.3975209593772888,
    0.4055711328983307,
    0.4136437773704529,
    0.4217469096183777,
    0.4298889636993408,
    0.43807733058929443,
    0.4463208317756653,
    0.4546266198158264,
    0.46300309896469116,
    0.47145652770996094,
    0.47999489307403564,
    0.48862457275390625,
    0.49735087156295776,
    0.5061793327331543,
    0.5151141285896301,
    0.5241592526435852,
    0.5333166122436523,
    0.5425877571105957,
    0.5519731044769287,
    0.5614715814590454,
    0.5710798501968384,
    0.5807947516441345,
    0.5906113386154175,
    0.6005219221115112,
    0.6105189919471741,
    0.6205929517745972
  ],
  "expectations": [
    -13.499984741210938,
    -14.166425704956055,
    -14.484176635742188,
    -14.792198181152344,
    -15.090017318725586,
    -15.377309799194336,
    -15.653854370117188,
    -15.919546127319336,
    -16.174392700195312,
    -16.418426513671875,
    -16.651844024658203,
    -16.87483024597168,
    -17.087684631347656,
    -17.290729522705078,
    -17.484350204467773,
    -17.668922424316406,
    -17.844871520996094,
    -18.012672424316406,
    -18.17272186279297,
    -18.32549285888672,
    -18.471420288085938,
    -18.61091423034668,
    -18.744388580322266,
    -18.87221908569336,
    -18.994775772094727,
    -19.11241912841797,
    -19.22543716430664,
    -19.33411407470703,
    -19.438735961914062,
    -19.539512634277344,
    -19.636676788330078,
    -19.73040008544922,
    -19.82085418701172,
    -19.908206939697266,
    -19.992538452148438,
    -20.074003219604492,
    -20.15265464782715,
    -20.22860336303711,
    -20.30191421508789,
    -20.37265396118164,
    -20.44088363647461,
    -20.506675720214844,
    -20.570030212402344,
    -20.631057739257812,
    -20.68978500366211,
    -20.746265411376953,
    -20.800575256347656,
    -20.852771759033203,
    -20.90288543701172,
    -20.951038360595703,
    -20.997276306152344,
    -21.041656494140625,
    -21.08428955078125,
    -21.12523078918457,
    -21.164566040039062,
    -21.202381134033203,
    -21.238746643066406,
    -21.273754119873047,
    -21.307483673095703,
    -21.340007781982422,
    -21.371402740478516,
    -21.401752471923828,
    -21.43113136291504,
    -21.459606170654297,
    -21.48724365234375,
    -21.51412582397461,
    -21.54030418395996,
    -21.56583595275879,
    -21.590791702270508,
    -21.615215301513672,
    -21.639179229736328,
    -21.66273307800293,
    -21.685932159423828,
    -21.708789825439453,
    -21.73138427734375,
    -21.753746032714844,
    -21.775917053222656,
    -21.797937393188477,
    -21.8198299407959,
    -21.841657638549805,
    -21.86341094970703,
    -21.885162353515625,
    -21.906902313232422,
    -21.928688049316406,
    -21.95048713684082,
    -21.97237205505371,
    -21.994342803955078,
    -22.016393661499023,
    -22.038555145263672,
    -22.060813903808594,
    -22.083200454711914,
    -22.105693817138672,
    -22.128292083740234,
    -22.150997161865234,
    -22.173809051513672,
    -22.19667625427246,
    -22.2196044921875,
    -22.242586135864258,
    -22.26557159423828,
    -22.288549423217773,
    -22.311506271362305
  ],