{
  "size": 18,
  "opt_val": -24.0,
  "method": "VQE",
  "operations": [
    "Z12_Y16",
    "Z12_Y14",
    "Z12_Y17",
    "Z16_Y5",
    "Z16_Y7",
    "Z14_Y10",
    "Z17_Y15",
    "Z17_Y4",
    "Z5_Y6",
    "Z7_Y11",
    "Z3_Y13",
    "Z3_Y1",
    "Z3_Y9",
    "Z13_Y2",
    "Z13_Y8",
    "Z9_Y15",
    "Z6_Y0",
    "Z14_Y5",
    "Z7_Y4",
    "Z1_Y2",
    "Z1_Y8",
    "Z9_Y6",
    "Z4_Y11",
    "Z11_Y10",
    "Z15_Y0",
    "Z0_Y10",
    "Z2_Y8"
  ],
  "dt": 0.05,
  "lr": 0.05,
  "lam": 1.0,
  "mu": 0.9,
  "fix_step": 0,
  "constant_c": true,
  "parameters": [
    1.5603681802749634,
    1.5667551755905151,
    1.524673581123352,
    0.89200758934021,
    1.5051040649414062,
    0.7007303833961487,
    0.8026888966560364,
    1.339432716369629,
    0.055706676095724106,
    0.774195671081543,
    1.5612939596176147,
    1.5612934827804565,
    1.41468346118927,
    0.7747242450714111,
    0.8092204928398132,
    0.7676368951797485,
    0.019254405051469803,
    0.6736766695976257,
    -0.22291299700737,
    0.7747278213500977,
    0.8092218041419983,
    1.4293042421340942,
    0.7965795993804932,
    0.6871212720870972,
    1.5274282693862915,
    0.19779109954833984,
    0.05243704468011856
  ],
  "opt_ratios": [
    7.629386345797684e-06,
    2.084509287669789e-05,
    3.319906318210997e-05,
    5.17108419444412e-05,
    7.885953527875245e-05,
    0.00011787622497649863,
    0.0001728916831780225,
    0.0002490963088348508,
    0.0003529102832544595,
    0.0004921630024909973,
    0.0006762805860489607,
    0.0009164819493889809,
    0.001225980231538415,
    0.0016201826510950923,
    0.0021168917883187532,
    0.0027364983689039946,
    0.003502147039398551,
    0.00443988898769021,
    0.0055787526071071625,
    0.006950801238417625,
    0.008591033518314362,
    0.010537234134972095,
    0.012829648330807686,
    0.015510475262999535,
    0.018623245880007744,
    0.02221190556883812,
    0.02631981298327446,
    0.030988439917564392,
    0.036255959421396255,
    0.04215579107403755,
    0.04871504753828049,
    0.0559530146420002,
    0.06387974321842194,
    0.07249511033296585,
    0.08178772777318954,
    0.0917348712682724,
    0.1023021787405014,
    0.11344447731971741,
    0.12510639429092407,
    0.1372240036725998,
    0.14972616732120514,
    0.16253669559955597,
    0.17557623982429504,
    0.18876425921916962,
    0.2020212858915329,
    0.21527007222175598,
    0.22843751311302185,
    0.2414560616016388,
    0.25426435470581055,
    0.26680782437324524,
    0.27903926372528076,
    0.29091888666152954,
    0.3024139404296875,
    0.31349876523017883,
    0.3241543173789978,
    0.33436745405197144,
    0.3441305160522461,
    0.35344019532203674,
    0.36229798197746277,
    0.3707088828086853,
    0.37868043780326843,
    0.386222779750824,
    0.3933483362197876,
    0.4000706970691681,
    0.40640485286712646,
    0.4123665392398834,
    0.4179718792438507,
    0.42323750257492065,
    0.42817991971969604,
    0.43281590938568115,
    0.4371613562107086,
    0.4412321150302887,
    0.4450439214706421,
    0.4486115872859955,
    0.45194900035858154,
    0.45507052540779114,
    0.4579893946647644,
    0.46071764826774597,
    0.46326744556427,
    0.4656497538089752,
    0.46787571907043457,
    0.4699550271034241,
    0.47189730405807495,
    0.47371143102645874,
    0.4754064083099365,
    0.47698885202407837,
    0.47846776247024536,
    0.4798484742641449,
    0.48113855719566345,
    0.48234352469444275,
    0.48346924781799316,
    0.4845210015773773,
    0.4855039119720459,
    0.4864218235015869,
    0.48728033900260925,
    0.48808276653289795,
    0.48883262276649475,
    0.48953336477279663,
    0.49018895626068115,
    0.4908023178577423,
    0.49137580394744873
  ],
  "expectations": [
    -13.499984741210938,
    -14.166679382324219,
    -14.485459327697754,
    -14.795602798461914,
    -15.096961975097656,
    -15.38949966430664,
    -15.67325210571289,
    -15.94835090637207,
    -16.215003967285156,
    -16.473453521728516,
    -16.724027633666992,
    -16.96705436706543,
    -17.20291519165039,
    -17.431982040405273,
    -17.654640197753906,
    -17.87128448486328,
    -18.082275390625,
    -18.287988662719727,
    -18.488739013671875,
    -18.684860229492188,
    -18.876604080200195,
    -19.064220428466797,
    -19.247913360595703,
    -19.42783546447754,
    -19.6041259765625,
    -19.776823043823242,
    -19.94600486755371,
    -20.111648559570312,
    -20.273712158203125,
    -20.432086944580078,
    -20.586694717407227,
    -20.737407684326172,
    -20.88404083251953,
    -21.026460647583008,
    -21.164474487304688,
    -21.297931671142578,
    -21.426666259765625,
    -21.550559997558594,
    -21.66946792602539,
    -21.7833251953125,
    -21.89205551147461,
    -21.995628356933594,
    -22.094032287597656,
    -22.18731117248535,
    -22.275541305541992,
    -22.358797073364258,
    -22.437192916870117,
    -22.5108642578125,
    -22.579984664916992,
    -22.64471435546875,
    -22.705236434936523,
    -22.761754989624023,
    -22.814449310302734,
    -22.863527297973633,
    -22.909191131591797,
    -22.951644897460938,
    -22.991085052490234,
    -23.02766990661621,
    -23.061609268188477,
    -23.09308624267578,
    -23.12225341796875,
    -23.14927101135254,
    -23.17428970336914,
    -23.19745635986328,
    -23.21889877319336,
    -23.238739013671875,
    -23.257104873657227,
    -23.274099349975586,
    -23.28982925415039,
    -23.30440330505371,
    -23.317886352539062,
    -23.330358505249023,
    -23.3419246673584,
    -23.35263442993164,
    -23.362548828125,
    -23.37173080444336,
    -23.380258560180664,
    -23.388164520263672,
    -23.395490646362305,
    -23.40227508544922,
    -23.408592224121094,
    -23.41444206237793,
    -23.419879913330078,
    -23.4249210357666,
    -23.429637908935547,
    -23.43398666381836,
    -23.438074111938477,
    -23.441844940185547,
    -23.44537353515625,
    -23.44865608215332,
    -23.451717376708984,
    -23.454566955566406,
    -23.45723533630371,
    -23.459699630737305,
    -23.462032318115234,
    -23.464208602905273,
    -23.46623420715332,
    -23.468114852905273,
    -23.469890594482422,
    -23.471561431884766,
    -23.473121643066406
  ],