{
  "size": 18,
  "opt_val": -24.0,
  "method": "VQE",
  "operations": [
    "Z4_Y12",
    "Z4_Y0",
    "Z4_Y7",
    "Z12_Y10",
    "Z12_Y17",
    "Z0_Y14",
    "Z0_Y15",
    "Z7_Y13",
    "Z7_Y16",
    "Z10_Y9",
    "Z17_Y8",
    "Z17_Y3",
    "Z5_Y13",
    "Z13_Y6",
    "Z6_Y11",
    "Z9_Y2",
    "Z9_Y1",
    "Z10_Y16",
    "Z5_Y15",
    "Z5_Y14",
    "Z15_Y8",
    "Z14_Y3",
    "Z6_Y16",
    "Z2_Y11",
    "Z2_Y1",
    "Z3_Y8",
    "Z11_Y1"
  ],
  "dt": 0.05,
  "lr": 0.05,
  "lam": 1.0,
  "mu": 0.9,
  "fix_step": 0,
  "constant_c": true,
  "parameters": [
    1.4277244806289673,
    1.5305899381637573,
    0.8461637496948242,
    0.8461625576019287,
    1.5305899381637573,
    1.1379808187484741,
    1.0852622985839844,
    0.9547950029373169,
    0.6342431306838989,
    1.3153212070465088,
    0.7213196158409119,
    0.5044216513633728,
    0.6081063747406006,
    1.4522252082824707,
    0.8404366374015808,
    1.2919950485229492,
    0.5918939709663391,
    0.183958038687706,
    0.47532352805137634,
    0.4236851930618286,
    0.9899115562438965,
    1.0429871082305908,
    0.9392509460449219,
    0.6939760446548462,
    0.4610205590724945,
    0.260066956281662,
    1.2341076135635376
  ],
  "opt_ratios": [
    7.629386345797684e-06,
    2.0795407181140035e-05,
    3.291962275397964e-05,
    5.080825212644413e-05,
    7.652500062249601e-05,
    0.0001125825074268505,
    0.00016193956253118813,
    0.00022796796110924333,
    0.00031438516452908516,
    0.0004251565842423588,
    0.0005643709446303546,
    0.0007361009484156966,
    0.0009442542213946581,
    0.0011924300342798233,
    0.0014837849885225296,
    0.001820926321670413,
    0.0022058230824768543,
    0.0026397593319416046,
    0.003123300615698099,
    0.0036563018802553415,
    0.0042379433289170265,
    0.004866759292781353,
    0.005540718324482441,
    0.006257306784391403,
    0.007013571914285421,
    0.007806266192346811,
    0.008631865493953228,
    0.009486695751547813,
    0.010366974398493767,
    0.011268937960267067,
    0.012188795953989029,
    0.013122868724167347,
    0.014067617245018482,
    0.015019630081951618,
    0.01597568951547146,
    0.016932806000113487,
    0.017888199537992477,
    0.0188392773270607,
    0.019783711060881615,
    0.020719416439533234,
    0.02164449170231819,
    0.02255726046860218,
    0.023456282913684845,
    0.02434033341705799,
    0.02520831488072872,
    0.026059336960315704,
    0.026892688125371933,
    0.027707848697900772,
    0.028504377231001854,
    0.029281962662935257,
    0.030040491372346878,
    0.030779888853430748,
    0.031500253826379776,
    0.03220164775848389,
    0.03288432955741882,
    0.03354854881763458,
    0.03419466316699982,
    0.034823063760995865,
    0.03543421998620033,
    0.036028534173965454,
    0.036606550216674805,
    0.03716876730322838,
    0.037715665996074677,
    0.038247860968112946,
    0.038765814155340195,
    0.039270028471946716,
    0.03976110741496086,
    0.040239546447992325,
    0.040705859661102295,
    0.04116048663854599,
    0.0416039377450943,
    0.042036619037389755,
    0.04245901480317116,
    0.04287152364850044,
    0.04327452927827835,
    0.04366839677095413,
    0.04405352845788002,
    0.04443018510937691,
    0.04479866847395897,
    0.04515934735536575,
    0.04551243409514427,
    0.04585821554064751,
    0.04619690403342247,
    0.046528689563274384,
    0.04685382544994354,
    0.04717249423265457,
    0.04748491197824478,
    0.04779113084077835,
    0.048091400414705276,
    0.0483858585357666,
    0.04867461323738098,
    0.048957813531160355,
    0.049235548824071884,
    0.04950791969895363,
    0.04977511614561081,
    0.05003717541694641,
    0.05029425397515297,
    0.050546351820230484,
    0.05079364404082298,
    0.05103614553809166,
    0.05127403140068054
  ],
  "expectations": [
    -13.499984741210938,
    -14.16655158996582,
    -14.484835624694824,
    -14.793892860412598,
    -15.0933198928833,
    -15.382795333862305,
    -15.66206169128418,
    -15.930973052978516,
    -16.189411163330078,
    -16.437355041503906,
    -16.67485237121582,
    -16.90201187133789,
    -17.119003295898438,
    -17.3260555267334,
    -17.523422241210938,
    -17.711408615112305,
    -17.89033317565918,
    -18.060562133789062,
    -18.222427368164062,
    -18.37630271911621,
    -18.5225887298584,
    -18.661596298217773,
    -18.79370880126953,
    -18.919296264648438,
    -19.038660049438477,
    -19.15216636657715,
    -19.260120391845703,
    -19.36280632019043,
    -19.460506439208984,
    -19.55352783203125,
    -19.642107009887695,
    -19.726490020751953,
    -19.80691146850586,
    -19.883583068847656,
    -19.95669937133789,
    -20.026470184326172,
    -20.093088150024414,
    -20.156688690185547,
    -20.217437744140625,
    -20.275508880615234,
    -20.331031799316406,
    -20.384113311767578,
    -20.434898376464844,
    -20.483524322509766,
    -20.530067443847656,
    -20.574628829956055,
    -20.6173038482666,
    -20.658206939697266,
    -20.697410583496094,
    -20.734970092773438,
    -20.770984649658203,
    -20.805519104003906,
    -20.838665008544922,
    -20.870445251464844,
    -20.900943756103516,
    -20.93021011352539,
    -20.958297729492188,
    -20.985248565673828,
    -21.011154174804688,
    -21.035999298095703,
    -21.05988311767578,
    -21.08282470703125,
    -21.104841232299805,
    -21.126028060913086,
    -21.14637565612793,
    -21.165922164916992,
    -21.184724807739258,
    -21.20279884338379,
    -21.220191955566406,
    -21.23690414428711,
    -21.252994537353516,
    -21.268463134765625,
    -21.283348083496094,
    -21.297679901123047,
    -21.31146240234375,
    -21.32473373413086,
    -21.337520599365234,
    -21.349830627441406,
    -21.361671447753906,
    -21.373096466064453,
    -21.38408660888672,
    -21.39468002319336,
    -21.404884338378906,
    -21.414701461791992,
    -21.424171447753906,
    -21.43330192565918,
    -21.442108154296875,
    -21.45057487487793,
    -21.458744049072266,
    -21.466625213623047,
    -21.47421646118164,
    -21.48153305053711,
    -21.48858642578125,
    -21.49536895751953,
    -21.501922607421875,
    -21.50823211669922,
    -21.51433563232422,
    -21.520206451416016,
    -21.52587890625,
    -21.531314849853516,
    -21.536584854125977
  ],