{
  "size": 18,
  "opt_val": -25.0,
  "method": "VQE",
  "operations": [
    "Z6_Y12",
    "Z6_Y15",
    "Z6_Y4",
    "Z12_Y5",
    "Z12_Y2",
    "Z15_Y8",
    "Z15_Y10",
    "Z4_Y14",
    "Z4_Y16",
    "Z5_Y7",
    "Z5_Y0",
    "Z2_Y17",
    "Z8_Y3",
    "Z10_Y1",
    "Z14_Y9",
    "Z16_Y13",
    "Z7_Y11",
    "Z2_Y7",
    "Z8_Y14",
    "Z10_Y0",
    "Z16_Y17",
    "Z0_Y11",
    "Z11_Y1",
    "Z9_Y3",
    "Z9_Y13",
    "Z3_Y17",
    "Z13_Y1"
  ],
  "dt": 0.05,
  "lr": 0.05,
  "lam": 1.0,
  "mu": 0.9,
  "fix_step": 0,
  "constant_c": true,
  "parameters": [
    1.5697370767593384,
    1.5579540729522705,
    1.5175065994262695,
    1.5701838731765747,
    1.5672929286956787,
    0.03744475170969963,
    1.567036509513855,
    1.254781723022461,
    1.4512194395065308,
    1.2092056274414062,
    0.8616107106208801,
    0.6367586255073547,
    0.15356965363025665,
    0.713243305683136,
    1.3708012104034424,
    0.027373921126127243,
    0.3098800778388977,
    0.3703828454017639,
    0.15034936368465424,
    0.7091852426528931,
    0.6918131113052368,
    1.2540816068649292,
    0.7093701362609863,
    1.3990169763565063,
    1.4073410034179688,
    0.247271329164505,
    0.15116378664970398
  ],
  "opt_ratios": [
    7.629386345797684e-06,
    2.266463707201183e-05,
    3.734699930646457e-05,
    5.9809968661284074e-05,
    9.318148659076542e-05,
    0.00014137277321424335,
    0.0002090920606860891,
    0.00030179633176885545,
    0.0004255755920894444,
    0.0005869707674719393,
    0.0007927396800369024,
    0.0010495935566723347,
    0.001363922841846943,
    0.0017415537731721997,
    0.002187540056183934,
    0.002706030383706093,
    0.0033001918345689774,
    0.003972207196056843,
    0.004723364487290382,
    0.005554122384637594,
    0.006464300211519003,
    0.007453190162777901,
    0.008519751951098442,
    0.009662729687988758,
    0.010880774818360806,
    0.012172586284577847,
    0.013536937534809113,
    0.014972776174545288,
    0.016479264944791794,
    0.01805577054619789,
    0.01970187947154045,
    0.021417412906885147,
    0.023202402517199516,
    0.02505703642964363,
    0.026981733739376068,
    0.028977056965231895,
    0.03104371204972267,
    0.03318260610103607,
    0.03539487347006798,
    0.03768180310726166,
    0.04004495590925217,
    0.04248618707060814,
    0.04500768333673477,
    0.04761186242103577,
    0.05030157417058945,
    0.05308001488447189,
    0.05595054849982262,
    0.05891694128513336,
    0.06198309734463692,
    0.0651533454656601,
    0.06843185424804688,
    0.07182309031486511,
    0.07533138990402222,
    0.0789613425731659,
    0.0827171579003334,
    0.08660320937633514,
    0.09062366187572479,
    0.09478259086608887,
    0.09908400475978851,
    0.10353166610002518,
    0.10812936723232269,
    0.11288080364465714,
    0.11778946220874786,
    0.12285899370908737,
    0.12809306383132935,
    0.13349516689777374,
    0.13906937837600708,
    0.1448190063238144,
    0.15074829757213593,
    0.15686126053333282,
    0.1631624549627304,
    0.16965581476688385,
    0.17634640634059906,
    0.1832386553287506,
    0.19033777713775635,
    0.1976480484008789,
    0.20517510175704956,
    0.2129235714673996,
    0.22089825570583344,
    0.2291039228439331,
    0.2375447154045105,
    0.24622496962547302,
    0.25514739751815796,
    0.2643154561519623,
    0.2737315595149994,
    0.28339582681655884,
    0.29330992698669434,
    0.30347269773483276,
    0.31388211250305176,
    0.32453489303588867,
    0.3354257345199585,
    0.3465506136417389,
    0.35790127515792847,
    0.3694687485694885,
    0.38124263286590576,
    0.39321139454841614,
    0.405361533164978,
    0.4176782965660095,
    0.4301454722881317,
    0.44274574518203735,
    0.45546138286590576
  ],
  "expectations": [
    -13.499984741210938,
    -14.17414379119873,
    -14.508560180664062,
    -14.83970832824707,
    -15.166448593139648,
    -15.487726211547852,
    -15.80257797241211,
    -16.11013412475586,
    -16.409732818603516,
    -16.700786590576172,
    -16.98287010192871,
    -17.255706787109375,
    -17.519161224365234,
    -17.77321434020996,
    -18.017993927001953,
    -18.253692626953125,
    -18.480621337890625,
    -18.69911766052246,
    -18.90964126586914,
    -19.112577438354492,
    -19.308399200439453,
    -19.49755859375,
    -19.68048095703125,
    -19.857559204101562,
    -20.029129028320312,
    -20.195533752441406,
    -20.356996536254883,
    -20.51372528076172,
    -20.6658935546875,
    -20.81359100341797,
    -20.956890106201172,
    -21.095813751220703,
    -21.230369567871094,
    -21.360517501831055,
    -21.48621368408203,
    -21.60740852355957,
    -21.724014282226562,
    -21.835981369018555,
    -21.943279266357422,
    -22.045881271362305,
    -22.14375877380371,
    -22.236961364746094,
    -22.32555389404297,
    -22.40961456298828,
    -22.48927879333496,
    -22.564739227294922,
    -22.636152267456055,
    -22.70374298095703,
    -22.767719268798828,
    -22.82837677001953,
    -22.885908126831055,
    -22.940584182739258,
    -22.99262809753418,
    -23.042314529418945,
    -23.08979606628418,
    -23.135316848754883,
    -23.17903709411621,
    -23.221145629882812,
    -23.261795043945312,
    -23.30109977722168,
    -23.33917808532715,
    -23.37615203857422,
    -23.41209602355957,
    -23.44706916809082,
    -23.481157302856445,
    -23.514406204223633,
    -23.546890258789062,
    -23.57858657836914,
    -23.609573364257812,
    -23.63987159729004,
    -23.669527053833008,
    -23.698528289794922,
    -23.72693634033203,
    -23.754730224609375,
    -23.781982421875,
    -23.808671951293945,
    -23.834835052490234,
    -23.860498428344727,
    -23.885692596435547,
    -23.910436630249023,
    -23.93475341796875,
    -23.958667755126953,
    -23.982187271118164,
    -24.00536346435547,
    -24.02821922302246,
    -24.05074691772461,
    -24.0729923248291,
    -24.09497833251953,
    -24.116716384887695,
    -24.138214111328125,
    -24.159482955932617,
    -24.180553436279297,
    -24.201425552368164,
    -24.222103118896484,
    -24.24257469177246,
    -24.262876510620117,
    -24.28298568725586,
    -24.302898406982422,
    -24.322599411010742,
    -24.34208106994629,
    -24.361377716064453
  ],