{
  "size": 18,
  "opt_val": -24.0,
  "method": "VQE",
  "operations": [
    "Z0_Y8",
    "Z0_Y4",
    "Z0_Y3",
    "Z8_Y6",
    "Z8_Y11",
    "Z4_Y13",
    "Z3_Y12",
    "Z3_Y14",
    "Z6_Y5",
    "Z6_Y2",
    "Z1_Y15",
    "Z1_Y5",
    "Z13_Y9",
    "Z12_Y7",
    "Z7_Y16",
    "Z16_Y17",
    "Z9_Y10",
    "Z4_Y11",
    "Z11_Y5",
    "Z1_Y13",
    "Z15_Y12",
    "Z15_Y2",
    "Z2_Y7",
    "Z16_Y9",
    "Z17_Y10",
    "Z17_Y14",
    "Z14_Y10"
  ],
  "dt": 0.05,
  "lr": 0.05,
  "lam": 1.0,
  "mu": 0.9,
  "fix_step": 0,
  "constant_c": true,
  "parameters": [
    1.556741714477539,
    1.5655770301818848,
    1.476090431213379,
    1.535031795501709,
    0.8766376972198486,
    1.3029751777648926,
    1.3400293588638306,
    1.2181984186172485,
    0.7612596750259399,
    0.2712443470954895,
    1.4146835803985596,
    0.06602509319782257,
    0.4499712586402893,
    1.299041986465454,
    1.3867186307907104,
    1.5327731370925903,
    0.19090129435062408,
    0.6941520571708679,
    0.7612606883049011,
    0.26519975066185,
    0.21886053681373596,
    1.2739932537078857,
    0.20153728127479553,
    1.092990756034851,
    1.35384202003479,
    0.3120684325695038,
    0.0861007496714592
  ],
  "opt_ratios": [
    7.629386345797684e-06,
    2.075524753308855e-05,
    3.294374619144946e-05,
    5.1062525017187e-05,
    7.736386032775044e-05,
    0.00011468626325950027,
    0.00016651667829137295,
    0.00023703409533482045,
    0.00033113171230070293,
    0.0004544119874481112,
    0.0006131523987278342,
    0.0008142379811033607,
    0.0010650726035237312,
    0.0013734521344304085,
    0.0017474181950092316,
    0.002195100300014019,
    0.002724527381360531,
    0.003343449905514717,
    0.004059160128235817,
    0.004878319334238768,
    0.005806805565953255,
    0.006849594414234161,
    0.008010678924620152,
    0.009293003007769585,
    0.010698468424379826,
    0.012227974832057953,
    0.013881470076739788,
    0.015658065676689148,
    0.01755620911717415,
    0.019573677331209183,
    0.02170790359377861,
    0.023955978453159332,
    0.0263148695230484,
    0.028781458735466003,
    0.0313526950776577,
    0.03402567282319069,
    0.036797694861888885,
    0.03966624289751053,
    0.042629092931747437,
    0.04568442329764366,
    0.04883060231804848,
    0.05206642299890518,
    0.055390894412994385,
    0.0588035024702549,
    0.062303874641656876,
    0.06589210033416748,
    0.06956849247217178,
    0.07333362102508545,
    0.07718847692012787,
    0.08113420009613037,
    0.08517228066921234,
    0.08930415660142899,
    0.09353190660476685,
    0.09785749018192291,
    0.10228299349546432,
    0.10681097209453583,
    0.11144382506608963,
    0.11618392169475555,
    0.12103407829999924,
    0.12599679827690125,
    0.1310747116804123,
    0.13627010583877563,
    0.1415855884552002,
    0.14702311158180237,
    0.15258489549160004,
    0.15827234089374542,
    0.16408663988113403,
    0.1700288951396942,
    0.1760989874601364,
    0.18229706585407257,
    0.18862169981002808,
    0.19507162272930145,
    0.20164376497268677,
    0.20833508670330048,
    0.21514056622982025,
    0.2220551073551178,
    0.2290717363357544,
    0.23618251085281372,
    0.24337893724441528,
    0.2506505846977234,
    0.25798627734184265,
    0.26537346839904785,
    0.2727988064289093,
    0.28024765849113464,
    0.28770560026168823,
    0.2951558232307434,
    0.30258259177207947,
    0.30996912717819214,
    0.3172988295555115,
    0.3245546221733093,
    0.33171993494033813,
    0.3387794494628906,
    0.34571757912635803,
    0.35252025723457336,
    0.3591734766960144,
    0.36566612124443054,
    0.37198686599731445,
    0.3781260848045349,
    0.38407590985298157,
    0.38983020186424255,
    0.3953835964202881
  ],
  "expectations": [
    -13.499984741210938,
    -14.171480178833008,
    -14.500028610229492,
    -14.822906494140625,
    -15.139185905456543,
    -15.44809341430664,
    -15.74899959564209,
    -16.041385650634766,
    -16.324874877929688,
    -16.59925079345703,
    -16.86437225341797,
    -17.120176315307617,
    -17.36672592163086,
    -17.604129791259766,
    -17.83254623413086,
    -18.052173614501953,
    -18.263221740722656,
    -18.465919494628906,
    -18.660499572753906,
    -18.847200393676758,
    -19.02622413635254,
    -19.197771072387695,
    -19.362060546875,
    -19.519256591796875,
    -19.669536590576172,
    -19.813085556030273,
    -19.95008087158203,
    -20.080677032470703,
    -20.20511245727539,
    -20.323524475097656,
    -20.4361515045166,
    -20.543203353881836,
    -20.644916534423828,
    -20.741519927978516,
    -20.833250045776367,
    -20.92036247253418,
    -21.00311279296875,
    -21.081722259521484,
    -21.15644645690918,
    -21.227523803710938,
    -21.295181274414062,
    -21.359649658203125,
    -21.421127319335938,
    -21.479846954345703,
    -21.535964965820312,
    -21.589689254760742,
    -21.641185760498047,
    -21.69061279296875,
    -21.738140106201172,
    -21.783893585205078,
    -21.828048706054688,
    -21.87068748474121,
    -21.91195297241211,
    -21.95196533203125,
    -21.990798950195312,
    -22.028587341308594,
    -22.065414428710938,
    -22.101337432861328,
    -22.1364803314209,
    -22.1708984375,
    -22.204654693603516,
    -22.23781394958496,
    -22.270456314086914,
    -22.3026123046875,
    -22.33437728881836,
    -22.365755081176758,
    -22.39677619934082,
    -22.427528381347656,
    -22.457998275756836,
    -22.488250732421875,
    -22.518278121948242,
    -22.548141479492188,
    -22.577816009521484,
    -22.607337951660156,
    -22.636667251586914,
    -22.66585922241211,
    -22.694862365722656,
    -22.72366714477539,
    -22.752300262451172,
    -22.780696868896484,
    -22.808853149414062,
    -22.836719512939453,
    -22.864273071289062,
    -22.891448974609375,
    -22.91828727722168,
    -22.94464874267578,
    -22.970544815063477,
    -22.99591827392578,
    -23.020750045776367,
    -23.04497528076172,
    -23.06852912902832,
    -23.091428756713867,
    -23.113615036010742,
    -23.13507080078125,
    -23.155736923217773,
    -23.175640106201172,
    -23.194740295410156,
    -23.213024139404297,
    -23.230485916137695,
    -23.247154235839844,
    -23.26300811767578
  ],