{
  "size": 18,
  "opt_val": -23.0,
  "method": "VQE",
  "operations": [
    "Z6_Y15",
    "Z6_Y10",
    "Z6_Y2",
    "Z15_Y4",
    "Z15_Y1",
    "Z10_Y13",
    "Z10_Y17",
    "Z2_Y9",
    "Z2_Y8",
    "Z4_Y3",
    "Z1_Y16",
    "Z3_Y12",
    "Z12_Y7",
    "Z12_Y14",
    "Z0_Y5",
    "Z0_Y7",
    "Z7_Y11",
    "Z4_Y1",
    "Z3_Y13",
    "Z13_Y8",
    "Z8_Y14",
    "Z0_Y16",
    "Z5_Y14",
    "Z5_Y17",
    "Z16_Y9",
    "Z17_Y11",
    "Z9_Y11"
  ],
  "dt": 0.05,
  "lr": 0.05,
  "lam": 1.0,
  "mu": 0.9,
  "fix_step": 0,
  "constant_c": true,
  "parameters": [
    1.540815830230713,
    1.5065371990203857,
    1.4787684679031372,
    0.9532345533370972,
    1.3515422344207764,
    0.5627069473266602,
    1.2111306190490723,
    0.9095728397369385,
    1.226145625114441,
    1.4655766487121582,
    1.2825448513031006,
    1.378514289855957,
    0.6715726852416992,
    0.6462984085083008,
    1.40040123462677,
    0.8612896203994751,
    0.19130994379520416,
    0.1571999490261078,
    0.9786025881767273,
    0.18185321986675262,
    0.6462962031364441,
    0.2785921096801758,
    0.42382094264030457,
    0.35299813747406006,
    0.6606069803237915,
    0.7441477179527283,
    0.7839154601097107
  ],
  "opt_ratios": [
    3.814693263848312e-05,
    9.454789687879384e-05,
    0.00014395423932000995,
    0.00021453277440741658,
    0.00031307421158999205,
    0.00044763280311599374,
    0.0006274748593568802,
    0.0008629566291347146,
    0.0011653350666165352,
    0.0015465300530195236,
    0.002018855419009924,
    0.0025947359390556812,
    0.003286442020907998,
    0.004105834290385246,
    0.005064165219664574,
    0.006171875633299351,
    0.007438484579324722,
    0.008872447535395622,
    0.010481104254722595,
    0.012270664796233177,
    0.014246078208088875,
    0.01641114428639412,
    0.018768474459648132,
    0.021319475024938583,
    0.024064449593424797,
    0.02700258046388626,
    0.030132019892334938,
    0.03344991058111191,
    0.03695247322320938,
    0.040635108947753906,
    0.044492386281490326,
    0.04851813614368439,
    0.052705686539411545,
    0.05704760551452637,
    0.06153614819049835,
    0.06616313010454178,
    0.07092003524303436,
    0.07579810917377472,
    0.08078829199075699,
    0.08588171005249023,
    0.09106900542974472,
    0.0963413268327713,
    0.1016894057393074,
    0.1071043312549591,
    0.11257733404636383,
    0.11809980869293213,
    0.12366325408220291,
    0.1292596161365509,
    0.1348809152841568,
    0.1405196338891983,
    0.1461685299873352,
    0.15182062983512878,
    0.15746942162513733,
    0.1631086766719818,
    0.16873255372047424,
    0.17433586716651917,
    0.17991316318511963,
    0.1854604184627533,
    0.19097283482551575,
    0.19644701480865479,
    0.20187950134277344,
    0.20726712048053741,
    0.21260742843151093,
    0.2178983837366104,
    0.22313791513442993,
    0.22832481563091278,
    0.23345786333084106,
    0.23853641748428345,
    0.24356019496917725,
    0.24852898716926575,
    0.2534433901309967,
    0.2583036422729492,
    0.2631101608276367,
    0.26786473393440247,
    0.2725679874420166,
    0.27722111344337463,
    0.2818260192871094,
    0.28638404607772827,
    0.2908968925476074,
    0.2953660488128662,
    0.2997933626174927,
    0.30418044328689575,
    0.30852872133255005,
    0.3128398358821869,
    0.3171149492263794,
    0.32135576009750366,
    0.3255627453327179,
    0.3297371566295624,
    0.3338797986507416,
    0.33799076080322266,
    0.3420705199241638,
    0.34611910581588745,
    0.35013633966445923,
    0.3541215658187866,
    0.3580741882324219,
    0.36199378967285156,
    0.3658786416053772,
    0.3697277009487152,
    0.3735395669937134,
    0.37731245160102844,
    0.38104450702667236
  ],
  "expectations": [
    -13.499984741210938,
    -14.171266555786133,
    -14.498899459838867,
    -14.819786071777344,
    -15.132479667663574,
    -15.43575668334961,
    -15.728522300720215,
    -16.009929656982422,
    -16.279325485229492,
    -16.536312103271484,
    -16.780712127685547,
    -17.01251220703125,
    -17.231897354125977,
    -17.43918228149414,
    -17.63481903076172,
    -17.819290161132812,
    -17.99319076538086,
    -18.15707778930664,
    -18.311567306518555,
    -18.457294464111328,
    -18.594789505004883,
    -18.72464370727539,
    -18.847412109375,
    -18.963552474975586,
    -19.073564529418945,
    -19.17786407470703,
    -19.276874542236328,
    -19.37095069885254,
    -19.46042823791504,
    -19.545635223388672,
    -19.62685203552246,
    -19.704334259033203,
    -19.778362274169922,
    -19.849109649658203,
    -19.91681671142578,
    -19.98166275024414,
    -20.043832778930664,
    -20.103496551513672,
    -20.16077423095703,
    -20.215856552124023,
    -20.26881980895996,
    -20.319854736328125,
    -20.369028091430664,
    -20.416458129882812,
    -20.462257385253906,
    -20.506521224975586,
    -20.549333572387695,
    -20.590789794921875,
    -20.630964279174805,
    -20.669933319091797,
    -20.707778930664062,
    -20.744558334350586,
    -20.780344009399414,
    -20.8151912689209,
    -20.849153518676758,
    -20.882305145263672,
    -20.914663314819336,
    -20.946327209472656,
    -20.9772891998291,
    -21.00762939453125,
    -21.037382125854492,
    -21.06656265258789,
    -21.095232009887695,
    -21.1234188079834,
    -21.15113067626953,
    -21.178422927856445,
    -21.205303192138672,
    -21.23180389404297,
    -21.25794219970703,
    -21.28373146057129,
    -21.309207916259766,
    -21.334381103515625,
    -21.35922622680664,
    -21.383813858032227,
    -21.40811538696289,
    -21.43213653564453,
    -21.455907821655273,
    -21.479419708251953,
    -21.502689361572266,
    -21.525697708129883,
    -21.548463821411133,
    -21.570985794067383,
    -21.59326171875,
    -21.61528968811035,
    -21.637060165405273,
    -21.658601760864258,
    -21.67988395690918,
    -21.700912475585938,
    -21.721702575683594,
    -21.742219924926758,
    -21.762481689453125,
    -21.78248405456543,
    -21.802223205566406,
    -21.821685791015625,
    -21.84086799621582,
    -21.859798431396484,
    -21.87843894958496,
    -21.896799087524414,
    -21.91486930847168,
    -21.932662963867188,
    -21.950143814086914
  ],