{
  "size": 18,
  "opt_val": -25.0,
  "method": "VQE",
  "operations": [
    "Z4_Y6",
    "Z4_Y15",
    "Z4_Y5",
    "Z6_Y1",
    "Z6_Y14",
    "Z15_Y16",
    "Z15_Y9",
    "Z5_Y0",
    "Z1_Y11",
    "Z1_Y10",
    "Z14_Y7",
    "Z12_Y13",
    "Z12_Y8",
    "Z12_Y9",
    "Z13_Y17",
    "Z8_Y3",
    "Z11_Y2",
    "Z5_Y14",
    "Z13_Y11",
    "Z8_Y10",
    "Z9_Y17",
    "Z17_Y3",
    "Z16_Y0",
    "Z16_Y7",
    "Z0_Y3",
    "Z10_Y2",
    "Z2_Y7"
  ],
  "dt": 0.05,
  "lr": 0.05,
  "lam": 1.0,
  "mu": 0.9,
  "fix_step": 0,
  "constant_c": true,
  "parameters": [
    1.5676162242889404,
    1.4662081003189087,
    1.4997714757919312,
    1.551631212234497,
    1.0710995197296143,
    1.480278730392456,
    0.23049680888652802,
    0.5551601052284241,
    1.511362075805664,
    1.5180761814117432,
    0.17509232461452484,
    1.5307892560958862,
    1.303501009941101,
    1.338382363319397,
    0.7156456112861633,
    0.4925175905227661,
    0.6949700117111206,
    0.5024970173835754,
    0.07930736243724823,
    0.052313707768917084,
    0.8538387417793274,
    0.4972354769706726,
    0.7991055250167847,
    0.6693384051322937,
    1.2293150424957275,
    0.8750498294830322,
    0.7301592230796814
  ],
  "opt_ratios": [
    1.5258772691595368e-05,
    4.566449933918193e-05,
    7.59397225920111e-05,
    0.00012316707579884678,
    0.00019499423797242343,
    0.00030159021844156086,
    0.000456093781394884,
    0.000675009679980576,
    0.0009785181609913707,
    0.0013906472595408559,
    0.001939278794452548,
    0.002655972493812442,
    0.0035755648277699947,
    0.0047355713322758675,
    0.0061754100024700165,
    0.007935410365462303,
    0.010055741295218468,
    0.012575220316648483,
    0.015530030243098736,
    0.01895259879529476,
    0.02287033013999462,
    0.027304667979478836,
    0.0322701595723629,
    0.03777385503053665,
    0.04381493851542473,
    0.05038454383611679,
    0.05746590346097946,
    0.06503508239984512,
    0.07306118309497833,
    0.08150766789913177,
    0.09033331274986267,
    0.09949307143688202,
    0.10893973708152771,
    0.11862479895353317,
    0.12849968671798706,
    0.13851648569107056,
    0.14862903952598572,
    0.1587935984134674,
    0.1689690351486206,
    0.17911744117736816,
    0.18920458853244781,
    0.19919928908348083,
    0.20907416939735413,
    0.21880517899990082,
    0.2283715456724167,
    0.23775579035282135,
    0.24694247543811798,
    0.25592029094696045,
    0.2646791338920593,
    0.27321189641952515,
    0.281512975692749,
    0.2895786762237549,
    0.29740720987319946,
    0.30499783158302307,
    0.3123513460159302,
    0.31946897506713867,
    0.32635369896888733,
    0.33300837874412537,
    0.3394373655319214,
    0.3456447720527649,
    0.35163605213165283,
    0.3574158847332001,
    0.3629900813102722,
    0.3683638572692871,
    0.37354347109794617,
    0.37853461503982544,
    0.38334307074546814,
    0.38797470927238464,
    0.39243531227111816,
    0.39673054218292236,
    0.4008662700653076,
    0.4048478603363037,
    0.4086805582046509,
    0.4123694896697998,
    0.41592034697532654,
    0.41933727264404297,
    0.42262551188468933,
    0.4257892966270447,
    0.4288336932659149,
    0.43176206946372986,
    0.4345795512199402,
    0.4372895359992981,
    0.4398959279060364,
    0.44240230321884155,
    0.4448126256465912,
    0.44712984561920166,
    0.449357807636261,
    0.45149946212768555,
    0.4535576105117798,
    0.4555356502532959,
    0.4574361741542816,
    0.45926177501678467,
    0.46101558208465576,
    0.462699830532074,
    0.46431732177734375,
    0.4658697247505188,
    0.46736040711402893,
    0.46879053115844727,
    0.47016292810440063,
    0.47147971391677856,
    0.47274258732795715
  ],
  "expectations": [
    -13.499984741210938,
    -14.174077987670898,
    -14.508235931396484,
    -14.838833808898926,
    -15.164663314819336,
    -15.484618186950684,
    -15.797731399536133,
    -16.103174209594727,
    -16.400314331054688,
    -16.68866729736328,
    -16.967893600463867,
    -17.237865447998047,
    -17.49850845336914,
    -17.749876022338867,
    -17.992149353027344,
    -18.225502014160156,
    -18.450204849243164,
    -18.66655158996582,
    -18.874797821044922,
    -19.075279235839844,
    -19.26825523376465,
    -19.45400619506836,
    -19.632776260375977,
    -19.804798126220703,
    -19.970291137695312,
    -20.129413604736328,
    -20.282333374023438,
    -20.429241180419922,
    -20.570255279541016,
    -20.705520629882812,
    -20.835189819335938,
    -20.959379196166992,
    -21.0782527923584,
    -21.191965103149414,
    -21.300678253173828,
    -21.404552459716797,
    -21.50374984741211,
    -21.598464965820312,
    -21.688865661621094,
    -21.77511978149414,
    -21.857444763183594,
    -21.935972213745117,
    -22.01089096069336,
    -22.08237075805664,
    -22.150554656982422,
    -22.215621948242188,
    -22.27764320373535,
    -22.33682632446289,
    -22.39325714111328,
    -22.447072982788086,
    -22.498374938964844,
    -22.547256469726562,
    -22.593841552734375,
    -22.638208389282227,
    -22.68047332763672,
    -22.72068214416504,
    -22.75895118713379,
    -22.795337677001953,
    -22.829944610595703,
    -22.862821578979492,
    -22.89407730102539,
    -22.923751831054688,
    -22.951942443847656,
    -22.978673934936523,
    -23.004058837890625,
    -23.028152465820312,
    -23.05099868774414,
    -23.072675704956055,
    -23.093225479125977,
    -23.112716674804688,
    -23.131214141845703,
    -23.148761749267578,
    -23.1654052734375,
    -23.181188583374023,
    -23.196186065673828,
    -23.210407257080078,
    -23.223913192749023,
    -23.236732482910156,
    -23.24892807006836,
    -23.260486602783203,
    -23.271499633789062,
    -23.281963348388672,
    -23.291915893554688,
    -23.30137062072754,
    -23.310382843017578,
    -23.318950653076172,
    -23.327117919921875,
    -23.334903717041016,
    -23.342315673828125,
    -23.349384307861328,
    -23.356128692626953,
    -23.362545013427734,
    -23.368680953979492,
    -23.374534606933594,
    -23.3801326751709,
    -23.385448455810547,
    -23.390560150146484,
    -23.395410537719727,
    -23.40005874633789,
    -23.40450096130371,
    -23.408748626708984
  ],