{
  "size": 18,
  "opt_val": -24.0,
  "method": "VQE",
  "operations": [
    "Z3_Y7",
    "Z3_Y15",
    "Z3_Y5",
    "Z7_Y6",
    "Z7_Y1",
    "Z15_Y12",
    "Z15_Y10",
    "Z5_Y9",
    "Z5_Y14",
    "Z6_Y0",
    "Z6_Y16",
    "Z1_Y11",
    "Z4_Y12",
    "Z4_Y17",
    "Z4_Y2",
    "Z2_Y8",
    "Z9_Y13",
    "Z1_Y0",
    "Z12_Y11",
    "Z17_Y2",
    "Z17_Y0",
    "Z11_Y16",
    "Z8_Y9",
    "Z8_Y14",
    "Z14_Y10",
    "Z13_Y10",
    "Z13_Y16"
  ],
  "dt": 0.05,
  "lr": 0.05,
  "lam": 1.0,
  "mu": 0.9,
  "fix_step": 0,
  "constant_c": true,
  "parameters": [
    1.497437834739685,
    1.5547027587890625,
    1.5138659477233887,
    1.465257167816162,
    1.5621906518936157,
    1.3835541009902954,
    0.7207521796226501,
    1.4696179628372192,
    0.17028272151947021,
    0.7572458982467651,
    0.30282703042030334,
    0.7137065529823303,
    0.1852809637784958,
    0.7272027730941772,
    0.9746159911155701,
    1.3296549320220947,
    1.4696179628372192,
    0.7572468519210815,
    0.8564948439598083,
    0.13936872780323029,
    0.07782768458127975,
    0.8127524256706238,
    0.0789094865322113,
    1.3409295082092285,
    0.12471722811460495,
    0.7681796550750732,
    1.0080121755599976
  ],
  "opt_ratios": [
    7.629386345797684e-06,
    2.0899440642097034e-05,
    3.341764022479765e-05,
    5.226756911724806e-05,
    7.999139779713005e-05,
    0.00011983550939476117,
    0.0001758220896590501,
    0.0002527898468542844,
    0.0003563941572792828,
    0.0004930655122734606,
    0.0006699272198602557,
    0.000894673285074532,
    0.001175428507849574,
    0.0015205878298729658,
    0.0019386649364605546,
    0.002438145922496915,
    0.003027362283319235,
    0.0037144022062420845,
    0.004507039673626423,
    0.0054126884788274765,
    0.006438395008444786,
    0.007590843830257654,
    0.008876349776983261,
    0.010300911962985992,
    0.011870235204696655,
    0.013589750044047832,
    0.015464638359844685,
    0.01749982312321663,
    0.019700009375810623,
    0.02206963486969471,
    0.024612894281744957,
    0.027333658188581467,
    0.03023546189069748,
    0.03332149237394333,
    0.03659450262784958,
    0.040056727826595306,
    0.043709978461265564,
    0.04755536466836929,
    0.05159342288970947,
    0.055824026465415955,
    0.060246266424655914,
    0.06485853344202042,
    0.06965840607881546,
    0.07464256137609482,
    0.07980699092149734,
    0.08514665067195892,
    0.09065579622983932,
    0.09632758796215057,
    0.10215453058481216,
    0.10812822729349136,
    0.11423935741186142,
    0.12047772109508514,
    0.12683247029781342,
    0.13329224288463593,
    0.1398443579673767,
    0.1464761644601822,
    0.15317402780056,
    0.1599239856004715,
    0.16671191155910492,
    0.17352299392223358,
    0.18034254014492035,
    0.18715569376945496,
    0.19394764304161072,
    0.2007039338350296,
    0.20741039514541626,
    0.21405312418937683,
    0.22061894834041595,
    0.22709527611732483,
    0.2334703952074051,
    0.23973354697227478,
    0.24587465822696686,
    0.25188517570495605,
    0.2577568590641022,
    0.26348358392715454,
    0.2690591812133789,
    0.2744794487953186,
    0.2797408103942871,
    0.28484106063842773,
    0.2897787392139435,
    0.2945534884929657,
    0.299165278673172,
    0.30361586809158325,
    0.30790671706199646,
    0.3120405077934265,
    0.3160203695297241,
    0.31984952092170715,
    0.3235321342945099,
    0.32707253098487854,
    0.3304750621318817,
    0.3337441384792328,
    0.33688461780548096,
    0.33990180492401123,
    0.3428000807762146,
    0.3455844819545746,
    0.34826013445854187,
    0.350831001996994,
    0.3533024787902832,
    0.35567882657051086,
    0.3579641878604889,
    0.36016353964805603,
    0.36228013038635254
  ],
  "expectations": [
    -13.499984741210938,
    -14.171270370483398,
    -14.498934745788574,
    -14.819902420043945,
    -15.132772445678711,
    -15.436330795288086,
    -15.729528427124023,
    -16.01154327392578,
    -16.281696319580078,
    -16.539588928222656,
    -16.785017013549805,
    -17.017967224121094,
    -17.238609313964844,
    -17.44721031188965,
    -17.644210815429688,
    -17.830120086669922,
    -18.005489349365234,
    -18.170928955078125,
    -18.327083587646484,
    -18.474573135375977,
    -18.614023208618164,
    -18.746074676513672,
    -18.871265411376953,
    -18.990177154541016,
    -19.103317260742188,
    -19.21119499206543,
    -19.314250946044922,
    -19.41287612915039,
    -19.50748062133789,
    -19.598384857177734,
    -19.68592071533203,
    -19.77035903930664,
    -19.851945877075195,
    -19.93092918395996,
    -20.00749969482422,
    -20.081836700439453,
    -20.15412139892578,
    -20.224477767944336,
    -20.293041229248047,
    -20.35993194580078,
    -20.425243377685547,
    -20.489076614379883,
    -20.5515079498291,
    -20.61260414123535,
    -20.672447204589844,
    -20.731077194213867,
    -20.78856086730957,
    -20.844938278198242,
    -20.900243759155273,
    -20.95452880859375,
    -21.007816314697266,
    -21.060129165649414,
    -21.111473083496094,
    -21.16191291809082,
    -21.211402893066406,
    -21.25998306274414,
    -21.307636260986328,
    -21.354360580444336,
    -21.40017318725586,
    -21.445026397705078,
    -21.488933563232422,
    -21.5318603515625,
    -21.573772430419922,
    -21.614669799804688,
    -21.654521942138672,
    -21.69330596923828,
    -21.730985641479492,
    -21.767545700073242,
    -21.80295181274414,
    -21.837207794189453,
    -21.87027359008789,
    -21.902156829833984,
    -21.932823181152344,
    -21.96230697631836,
    -21.99056625366211,
    -22.01763153076172,
    -22.043498992919922,
    -22.068185806274414,
    -22.091718673706055,
    -22.114120483398438,
    -22.13538360595703,
    -22.15559196472168,
    -22.17473030090332,
    -22.19285011291504,
    -22.209989547729492,
    -22.226177215576172,
    -22.241455078125,
    -22.25587272644043,
    -22.26947021484375,
    -22.28225326538086,
    -22.294282913208008,
    -22.305622100830078,
    -22.316280364990234,
    -22.326284408569336,
    -22.335712432861328,
    -22.344541549682617,
    -22.35284996032715,
    -22.360660552978516,
    -22.36797523498535,
    -22.3748779296875,
    -22.38134002685547
  ],