{
  "size": 18,
  "opt_val": -23.0,
  "method": "VQE",
  "operations": [
    "Z4_Y9",
    "Z4_Y12",
    "Z4_Y1",
    "Z9_Y5",
    "Z9_Y15",
    "Z12_Y8",
    "Z12_Y14",
    "Z1_Y6",
    "Z1_Y7",
    "Z5_Y2",
    "Z8_Y16",
    "Z8_Y13",
    "Z14_Y11",
    "Z14_Y17",
    "Z3_Y10",
    "Z3_Y16",
    "Z2_Y0",
    "Z5_Y15",
    "Z15_Y7",
    "Z3_Y6",
    "Z10_Y2",
    "Z10_Y17",
    "Z16_Y17",
    "Z6_Y13",
    "Z0_Y11",
    "Z0_Y7",
    "Z11_Y13"
  ],
  "dt": 0.05,
  "lr": 0.05,
  "lam": 1.0,
  "mu": 0.9,
  "fix_step": 0,
  "constant_c": true,
  "parameters": [
    1.3935298919677734,
    1.508393406867981,
    1.4237140417099,
    0.9215469360351562,
    0.4427512288093567,
    1.4358069896697998,
    1.4107111692428589,
    1.050441861152649,
    0.7402924299240112,
    1.1033176183700562,
    0.10110923647880554,
    0.6697317361831665,
    0.44549107551574707,
    0.08924999088048935,
    1.534787893295288,
    1.465240478515625,
    1.1033165454864502,
    0.8614302277565002,
    0.8605148792266846,
    0.5140402913093567,
    0.21841686964035034,
    0.8329569697380066,
    0.6748757362365723,
    0.9205338358879089,
    1.1048576831817627,
    0.5725034475326538,
    0.23811303079128265
  ],
  "opt_ratios": [
    6.866447802167386e-05,
    0.00016899127513170242,
    0.0002549706259742379,
    0.00037534500006586313,
    0.0005395180778577924,
    0.000757847330532968,
    0.0010412700939923525,
    0.0014008500147610903,
    0.0018472918309271336,
    0.002390471752732992,
    0.0030390380416065454,
    0.003800119971856475,
    0.0046791452914476395,
    0.005679809022694826,
    0.00680412957444787,
    0.008052593097090721,
    0.009424416348338127,
    0.010917775332927704,
    0.012530071660876274,
    0.014258219860494137,
    0.0160988662391901,
    0.018048672005534172,
    0.020104341208934784,
    0.02226291596889496,
    0.024521825835108757,
    0.026878859847784042,
    0.02933230996131897,
    0.03188101202249527,
    0.034524135291576385,
    0.03726138919591904,
    0.04009280726313591,
    0.04301876574754715,
    0.0460398867726326,
    0.04915696382522583,
    0.052370987832546234,
    0.05568290874361992,
    0.059093642979860306,
    0.06260409951210022,
    0.06621493399143219,
    0.06992660462856293,
    0.07373934984207153,
    0.07765302807092667,
    0.08166719228029251,
    0.08578093349933624,
    0.08999297767877579,
    0.09430163353681564,
    0.09870465099811554,
    0.10319947451353073,
    0.10778305679559708,
    0.11245191842317581,
    0.11720215529203415,
    0.12202963978052139,
    0.1269296258687973,
    0.13189727067947388,
    0.13692739605903625,
    0.14201471209526062,
    0.14715349674224854,
    0.1523381620645523,
    0.15756280720233917,
    0.16282173991203308,
    0.16810914874076843,
    0.17341919243335724,
    0.17874617874622345,
    0.1840847283601761,
    0.1894291639328003,
    0.19477447867393494,
    0.20011550188064575,
    0.20544767379760742,
    0.2107660472393036,
    0.21606653928756714,
    0.22134509682655334,
    0.22659796476364136,
    0.23182158172130585,
    0.23701238632202148,
    0.24216780066490173,
    0.24728471040725708,
    0.2523607909679413,
    0.25739341974258423,
    0.26238077878952026,
    0.2673206329345703,
    0.27221155166625977,
    0.27705174684524536,
    0.28183993697166443,
    0.2865746021270752,
    0.2912549674510956,
    0.29587963223457336,
    0.30044758319854736,
    0.3049580156803131,
    0.3094107210636139,
    0.31380409002304077,
    0.318138062953949,
    0.32241183519363403,
    0.3266247510910034,
    0.3307766914367676,
    0.33486682176589966,
    0.3388948440551758,
    0.3428601324558258,
    0.3467625677585602,
    0.3506016731262207,
    0.3543768525123596,
    0.35808855295181274
  ],
  "expectations": [
    -13.499984741210938,
    -14.17132568359375,
    -14.499180793762207,
    -14.820478439331055,
    -15.133829116821289,
    -15.437999725341797,
    -15.731889724731445,
    -16.014610290527344,
    -16.285457611083984,
    -16.54395294189453,
    -16.789791107177734,
    -17.022903442382812,
    -17.24335479736328,
    -17.451385498046875,
    -17.647354125976562,
    -17.831682205200195,
    -18.004915237426758,
    -18.167625427246094,
    -18.32040786743164,
    -18.46388053894043,
    -18.59864044189453,
    -18.725341796875,
    -18.84450912475586,
    -18.956735610961914,
    -19.06256103515625,
    -19.162471771240234,
    -19.25691795349121,
    -19.346385955810547,
    -19.431236267089844,
    -19.511863708496094,
    -19.58859634399414,
    -19.661762237548828,
    -19.73163604736328,
    -19.798473358154297,
    -19.862537384033203,
    -19.924020767211914,
    -19.983112335205078,
    -20.040014266967773,
    -20.09486961364746,
    -20.147815704345703,
    -20.198989868164062,
    -20.24850845336914,
    -20.296470642089844,
    -20.342971801757812,
    -20.38809585571289,
    -20.431915283203125,
    -20.4744873046875,
    -20.51588249206543,
    -20.556156158447266,
    -20.5953369140625,
    -20.633480072021484,
    -20.670642852783203,
    -20.70682144165039,
    -20.742067337036133,
    -20.776405334472656,
    -20.80986976623535,
    -20.842464447021484,
    -20.87422752380371,
    -20.905166625976562,
    -20.935302734375,
    -20.96466636657715,
    -20.993267059326172,
    -21.021102905273438,
    -21.048234939575195,
    -21.074626922607422,
    -21.100337982177734,
    -21.125350952148438,
    -21.14971351623535,
    -21.173402786254883,
    -21.196449279785156,
    -21.2188777923584,
    -21.24070930480957,
    -21.261940002441406,
    -21.282567977905273,
    -21.302658081054688,
    -21.322181701660156,
    -21.341182708740234,
    -21.359647750854492,
    -21.37761116027832,
    -21.39507293701172,
    -21.412059783935547,
    -21.42858123779297,
    -21.444656372070312,
    -21.46027374267578,
    -21.475486755371094,
    -21.490276336669922,
    -21.50464630126953,
    -21.51862335205078,
    -21.53224754333496,
    -21.545475006103516,
    -21.558353424072266,
    -21.570884704589844,
    -21.583065032958984,
    -21.59493064880371,
    -21.606475830078125,
    -21.61771011352539,
    -21.628631591796875,
    -21.63926887512207,
    -21.64961814880371,
    -21.65966796875,
    -21.669471740722656
  ],