{
  "size": 18,
  "opt_val": -25.0,
  "method": "VQE",
  "operations": [
    "Z14_Y16",
    "Z14_Y6",
    "Z14_Y4",
    "Z16_Y10",
    "Z16_Y1",
    "Z6_Y13",
    "Z4_Y11",
    "Z4_Y17",
    "Z10_Y2",
    "Z1_Y5",
    "Z13_Y15",
    "Z17_Y8",
    "Z15_Y7",
    "Z0_Y8",
    "Z0_Y9",
    "Z7_Y12",
    "Z9_Y3",
    "Z6_Y10",
    "Z1_Y2",
    "Z5_Y13",
    "Z5_Y17",
    "Z15_Y8",
    "Z0_Y7",
    "Z9_Y12",
    "Z3_Y11",
    "Z3_Y2",
    "Z11_Y12"
  ],
  "dt": 0.05,
  "lr": 0.05,
  "lam": 1.0,
  "mu": 0.9,
  "fix_step": 0,
  "constant_c": true,
  "parameters": [
    1.5701918601989746,
    1.5667121410369873,
    1.535406470298767,
    1.177424669265747,
    1.5696914196014404,
    1.2775661945343018,
    0.10971000790596008,
    0.9783828854560852,
    0.3865761458873749,
    1.5647481679916382,
    0.960060715675354,
    0.24411149322986603,
    0.23321808874607086,
    1.1241669654846191,
    1.5300720930099487,
    0.010646719485521317,
    1.5516341924667358,
    0.39029639959335327,
    1.0945298671722412,
    0.2081899493932724,
    0.5716190934181213,
    0.4274739623069763,
    1.3344131708145142,
    0.8867704272270203,
    1.4601713418960571,
    0.10768032819032669,
    0.6818096041679382
  ],
  "opt_ratios": [
    1.5258772691595368e-05,
    4.545533374766819e-05,
    7.518072379752994e-05,
    0.00012106580834370106,
    0.000190036473213695,
    0.0002911203191615641,
    0.0004357700818218291,
    0.0006381525308825076,
    0.000915393466129899,
    0.0012877598637714982,
    0.0017787809483706951,
    0.0024153022095561028,
    0.0032274688128381968,
    0.004248650744557381,
    0.00551528250798583,
    0.00706664239987731,
    0.008944534696638584,
    0.011192847974598408,
    0.01385701633989811,
    0.016983330249786377,
    0.0206180140376091,
    0.024806153029203415,
    0.029590418562293053,
    0.03500954806804657,
    0.04109666869044304,
    0.047877490520477295,
    0.05536847561597824,
    0.06357502937316895,
    0.07248996198177338,
    0.08209222555160522,
    0.09234651923179626,
    0.10320314019918442,
    0.1145990639925003,
    0.12645898759365082,
    0.13869844377040863,
    0.15122602880001068,
    0.1639472246170044,
    0.17676714062690735,
    0.1895938664674759,
    0.20234160125255585,
    0.21493208408355713,
    0.22729706764221191,
    0.23937800526618958,
    0.25112733244895935,
    0.2625073790550232,
    0.27349042892456055,
    0.2840573787689209,
    0.2941962480545044,
    0.30390191078186035,
    0.31317436695098877,
    0.3220181167125702,
    0.3304405212402344,
    0.33845242857933044,
    0.3460656404495239,
    0.35329383611679077,
    0.3601512908935547,
    0.3666532635688782,
    0.3728148937225342,
    0.37865132093429565,
    0.3841779828071594,
    0.38940972089767456,
    0.39436110854148865,
    0.39904648065567017,
    0.40347957611083984,
    0.40767377614974976,
    0.4116418957710266,
    0.41539648175239563,
    0.4189493656158447,
    0.4223117530345917,
    0.42549505829811096,
    0.4285096228122711,
    0.4313652515411377,
    0.43407127261161804,
    0.43663740158081055,
    0.4390716552734375,
    0.4413822591304779,
    0.4435773491859436,
    0.44566428661346436,
    0.447649210691452,
    0.4495394825935364,
    0.45134133100509644,
    0.45305997133255005,
    0.4547012448310852,
    0.45627009868621826,
    0.45777153968811035,
    0.45921021699905396,
    0.4605897068977356,
    0.4619142413139343,
    0.46318739652633667,
    0.4644123315811157,
    0.46559223532676697,
    0.46673017740249634,
    0.4678284227848053,
    0.4688895046710968,
    0.4699159860610962,
    0.470909059047699,
    0.4718709886074066,
    0.4728033244609833,
    0.47370773553848267,
    0.47458526492118835,
    0.47543737292289734
  ],
  "expectations": [
    -13.499984741210938,
    -14.173969268798828,
    -14.507744789123535,
    -14.837684631347656,
    -15.162555694580078,
    -15.481300354003906,
    -15.793069839477539,
    -16.0971736907959,
    -16.393144607543945,
    -16.680721282958984,
    -16.95982551574707,
    -17.23052215576172,
    -17.4930419921875,
    -17.747713088989258,
    -17.994943618774414,
    -18.235212326049805,
    -18.46905517578125,
    -18.696971893310547,
    -18.91947364807129,
    -19.137054443359375,
    -19.35015106201172,
    -19.559123992919922,
    -19.7642822265625,
    -19.965818405151367,
    -20.163846969604492,
    -20.358383178710938,
    -20.549333572387695,
    -20.73651123046875,
    -20.919635772705078,
    -21.098329544067383,
    -21.272172927856445,
    -21.44070816040039,
    -21.603485107421875,
    -21.76000213623047,
    -21.909862518310547,
    -22.05268096923828,
    -22.188209533691406,
    -22.316246032714844,
    -22.436710357666016,
    -22.54962921142578,
    -22.655120849609375,
    -22.753414154052734,
    -22.844757080078125,
    -22.929521560668945,
    -23.008054733276367,
    -23.08078384399414,
    -23.148143768310547,
    -23.21051788330078,
    -23.268329620361328,
    -23.321962356567383,
    -23.371803283691406,
    -23.41816520690918,
    -23.461406707763672,
    -23.50179100036621,
    -23.539583206176758,
    -23.57501983642578,
    -23.608327865600586,
    -23.639690399169922,
    -23.66927719116211,
    -23.697250366210938,
    -23.7237491607666,
    -23.748882293701172,
    -23.772781372070312,
    -23.795530319213867,
    -23.817222595214844,
    -23.837936401367188,
    -23.85774803161621,
    -23.8767147064209,
    -23.8948917388916,
    -23.91236114501953,
    -23.929162979125977,
    -23.94532585144043,
    -23.960891723632812,
    -23.97592544555664,
    -23.990440368652344,
    -24.00446128845215,
    -24.01804542541504,
    -24.031219482421875,
    -24.043968200683594,
    -24.056352615356445,
    -24.06839942932129,
    -24.08009910583496,
    -24.09149169921875,
    -24.10258674621582,
    -24.1134090423584,
    -24.12398338317871,
    -24.13429832458496,
    -24.144372940063477,
    -24.154220581054688,
    -24.163848876953125,
    -24.17326545715332,
    -24.182497024536133,
    -24.191524505615234,
    -24.20037269592285,
    -24.209060668945312,
    -24.21755027770996,
    -24.22587013244629,
    -24.234018325805664,
    -24.24201774597168,
    -24.249847412109375,
    -24.25752067565918
  ],