{
  "size": 18,
  "opt_val": -23.0,
  "method": "VQE",
  "operations": [
    "Z6_Y12",
    "Z6_Y4",
    "Z6_Y8",
    "Z12_Y14",
    "Z12_Y11",
    "Z4_Y1",
    "Z8_Y0",
    "Z14_Y3",
    "Z14_Y10",
    "Z11_Y7",
    "Z11_Y5",
    "Z3_Y15",
    "Z7_Y13",
    "Z15_Y2",
    "Z15_Y16",
    "Z9_Y17",
    "Z9_Y16",
    "Z4_Y8",
    "Z3_Y7",
    "Z13_Y10",
    "Z13_Y2",
    "Z1_Y5",
    "Z1_Y0",
    "Z5_Y10",
    "Z9_Y0",
    "Z17_Y2",
    "Z17_Y16"
  ],
  "dt": 0.05,
  "lr": 0.05,
  "lam": 1.0,
  "mu": 0.9,
  "fix_step": 0,
  "constant_c": true,
  "parameters": [
    1.4546760320663452,
    0.7123035788536072,
    0.152309387922287,
    1.3922438621520996,
    1.4949474334716797,
    1.51753568649292,
    0.2125883251428604,
    1.305366039276123,
    0.763877809047699,
    1.3586087226867676,
    0.41615498065948486,
    1.493094563484192,
    1.4954571723937988,
    0.7047539353370667,
    1.2446844577789307,
    1.206727385520935,
    0.47303423285484314,
    1.2488590478897095,
    0.11725306510925293,
    0.850139856338501,
    0.7047562003135681,
    1.1333566904067993,
    1.188696026802063,
    0.16937416791915894,
    0.3587137460708618,
    0.23308853805065155,
    0.473033607006073
  ],
  "opt_ratios": [
    3.0517545383190736e-05,
    7.485106470994651e-05,
    0.00011239946616115049,
    0.00016444291395600885,
    0.00023462725221179426,
    0.0003268290020059794,
    0.0004449806292541325,
    0.0005928845494054258,
    0.0007740316796116531,
    0.0009914501570165157,
    0.0012476048432290554,
    0.0015443393494933844,
    0.0018828799948096275,
    0.0022638787049800158,
    0.0026874826289713383,
    0.0031534419395029545,
    0.0036612076219171286,
    0.004210027866065502,
    0.004799050744622946,
    0.005427391268312931,
    0.00609419122338295,
    0.006798665039241314,
    0.007540121674537659,
    0.00831800140440464,
    0.009131848812103271,
    0.009981334209442139,
    0.010866228491067886,
    0.011786375194787979,
    0.01274173241108656,
    0.013732257299125195,
    0.014757977798581123,
    0.015818879008293152,
    0.016914941370487213,
    0.01804610714316368,
    0.019212257117033005,
    0.020413143560290337,
    0.021648412570357323,
    0.022917620837688446,
    0.024220097810029984,
    0.025555044412612915,
    0.026921454817056656,
    0.028318097814917564,
    0.029743559658527374,
    0.03119618631899357,
    0.03267402946949005,
    0.03417494520545006,
    0.03569655120372772,
    0.037236206233501434,
    0.0387909859418869,
    0.0403577946126461,
    0.0419333353638649,
    0.04351397976279259,
    0.045095983892679214,
    0.046675533056259155,
    0.04824858158826828,
    0.04981091991066933,
    0.05135839059948921,
    0.05288677662611008,
    0.054391756653785706,
    0.05586918070912361,
    0.05731489881873131,
    0.058724869042634964,
    0.060095325112342834,
    0.06142251193523407,
    0.06270299106836319,
    0.06393364071846008,
    0.06511152535676956,
    0.06623406708240509,
    0.067299023270607,
    0.06830453872680664,
    0.06924907863140106,
    0.07013148814439774,
    0.07095092535018921,
    0.07170698046684265,
    0.0723995715379715,
    0.07302887737751007,
    0.07359561324119568,
    0.07410064339637756,
    0.07454507797956467,
    0.07493042200803757,
    0.07525831460952759,
    0.07553058117628098,
    0.07574926316738129,
    0.075916588306427,
    0.07603487372398376,
    0.07610651105642319,
    0.07613401114940643,
    0.07611985504627228,
    0.07606660574674606,
    0.07597677409648895,
    0.07585297524929047,
    0.0756976455450058,
    0.07551327347755432,
    0.07530227303504944,
    0.07506690174341202,
    0.07480950653553009,
    0.07453218102455139,
    0.07423701882362366,
    0.0739259421825409,
    0.0736008733510971,
    0.07326353341341019
  ],
  "expectations": [
    -13.499984741210938,
    -14.16865348815918,
    -14.490572929382324,
    -14.80339527130127,
    -15.10586166381836,
    -15.396949768066406,
    -15.675759315490723,
    -15.941685676574707,
    -16.19430923461914,
    -16.433435440063477,
    -16.65911293029785,
    -16.871543884277344,
    -17.07111167907715,
    -17.25832176208496,
    -17.43375015258789,
    -17.598066329956055,
    -17.75199317932129,
    -17.896223068237305,
    -18.03148651123047,
    -18.15849494934082,
    -18.27791976928711,
    -18.3903865814209,
    -18.496496200561523,
    -18.59682846069336,
    -18.691884994506836,
    -18.78214454650879,
    -18.86803436279297,
    -18.949939727783203,
    -19.028244018554688,
    -19.103239059448242,
    -19.17525863647461,
    -19.244529724121094,
    -19.311315536499023,
    -19.375816345214844,
    -19.43825912475586,
    -19.498790740966797,
    -19.557575225830078,
    -19.61477279663086,
    -19.67049789428711,
    -19.724885940551758,
    -19.778038024902344,
    -19.830036163330078,
    -19.880983352661133,
    -19.930973052978516,
    -19.98005485534668,
    -20.028282165527344,
    -20.07573699951172,
    -20.122461318969727,
    -20.168485641479492,
    -20.21385955810547,
    -20.258636474609375,
    -20.302806854248047,
    -20.346393585205078,
    -20.389446258544922,
    -20.431964874267578,
    -20.473939895629883,
    -20.515398025512695,
    -20.556346893310547,
    -20.596759796142578,
    -20.636655807495117,
    -20.676015853881836,
    -20.71483612060547,
    -20.753116607666016,
    -20.79083251953125,
    -20.827966690063477,
    -20.86450958251953,
    -20.900449752807617,
    -20.935768127441406,
    -20.97044563293457,
    -21.004470825195312,
    -21.037839889526367,
    -21.070537567138672,
    -21.102540969848633,
    -21.133846282958984,
    -21.16444969177246,
    -21.194313049316406,
    -21.22344970703125,
    -21.251867294311523,
    -21.279541015625,
    -21.306482315063477,
    -21.332691192626953,
    -21.358154296875,
    -21.382875442504883,
    -21.406869888305664,
    -21.43014144897461,
    -21.45269203186035,
    -21.47454261779785,
    -21.495677947998047,
    -21.516122817993164,
    -21.53588104248047,
    -21.554973602294922,
    -21.573402404785156,
    -21.5911865234375,
    -21.608339309692383,
    -21.62487030029297,
    -21.64080238342285,
    -21.656139373779297,
    -21.670896530151367,
    -21.685087203979492,
    -21.6987247467041,
    -21.711837768554688
  ],