{
  "size": 18,
  "opt_val": -23.0,
  "method": "VQE",
  "operations": [
    "Z7_Y17",
    "Z7_Y10",
    "Z7_Y15",
    "Z17_Y1",
    "Z17_Y12",
    "Z10_Y0",
    "Z10_Y14",
    "Z15_Y9",
    "Z1_Y3",
    "Z1_Y16",
    "Z12_Y5",
    "Z12_Y8",
    "Z4_Y9",
    "Z9_Y2",
    "Z2_Y11",
    "Z16_Y13",
    "Z11_Y6",
    "Z15_Y0",
    "Z4_Y5",
    "Z4_Y8",
    "Z5_Y0",
    "Z8_Y3",
    "Z2_Y16",
    "Z3_Y11",
    "Z6_Y13",
    "Z6_Y14",
    "Z13_Y14"
  ],
  "dt": 0.05,
  "lr": 0.05,
  "lam": 1.0,
  "mu": 0.9,
  "fix_step": 0,
  "constant_c": true,
  "parameters": [
    1.5125993490219116,
    1.5525535345077515,
    1.5570006370544434,
    1.219419002532959,
    1.5218088626861572,
    0.647010087966919,
    0.8235531449317932,
    0.6505293846130371,
    0.653853714466095,
    1.1183098554611206,
    1.3856786489486694,
    0.09485087543725967,
    0.9168362021446228,
    1.4879052639007568,
    1.4238189458847046,
    0.9654836654663086,
    1.3467142581939697,
    0.647999107837677,
    0.18317876756191254,
    1.438362956047058,
    0.27727583050727844,
    0.9114328622817993,
    0.11875878274440765,
    0.08912057429552078,
    0.4206666946411133,
    0.8742580413818359,
    0.42775586247444153
  ],
  "opt_ratios": [
    0.00010681141429813579,
    0.00026392561267130077,
    0.00040050235111266375,
    0.0005943133146502078,
    0.0008629465010017157,
    0.0012269133003428578,
    0.0017093748319894075,
    0.002335658762603998,
    0.0031325891613960266,
    0.004127654246985912,
    0.005348097532987595,
    0.0068199895322322845,
    0.00856730155646801,
    0.010611103847622871,
    0.012968873605132103,
    0.015654005110263824,
    0.018675455823540688,
    0.022037655115127563,
    0.025740548968315125,
    0.029779750853776932,
    0.034147076308727264,
    0.03883090615272522,
    0.04381682723760605,
    0.049088336527347565,
    0.054627321660518646,
    0.06041484326124191,
    0.06643176078796387,
    0.07265918701887131,
    0.07907891273498535,
    0.08567377924919128,
    0.09242803603410721,
    0.09932729601860046,
    0.10635913908481598,
    0.11351248621940613,
    0.12077797949314117,
    0.12814775109291077,
    0.13561561703681946,
    0.14317648112773895,
    0.15082667768001556,
    0.15856337547302246,
    0.16638463735580444,
    0.17428934574127197,
    0.18227706849575043,
    0.1903476119041443,
    0.1985008716583252,
    0.20673725008964539,
    0.215056911110878,
    0.22345976531505585,
    0.23194520175457,
    0.24051299691200256,
    0.24916136264801025,
    0.2578885555267334,
    0.26669222116470337,
    0.2755688428878784,
    0.28451409935951233,
    0.2935236096382141,
    0.30259132385253906,
    0.3117109537124634,
    0.32087570428848267,
    0.33007651567459106,
    0.33930596709251404,
    0.3485543727874756,
    0.3578118681907654,
    0.3670685291290283,
    0.37631362676620483,
    0.3855365514755249,
    0.39472639560699463,
    0.40387162566185,
    0.41296154260635376,
    0.4219846725463867,
    0.4309302568435669,
    0.43978816270828247,
    0.4485471248626709,
    0.4571976065635681,
    0.46573013067245483,
    0.4741358160972595,
    0.48240578174591064,
    0.4905321002006531,
    0.49850794672966003,
    0.5063263177871704,
    0.5139815211296082,
    0.5214686393737793,
    0.528782844543457,
    0.5359207391738892,
    0.542879045009613,
    0.549656093120575,
    0.5562492609024048,
    0.5626590251922607,
    0.5688844919204712,
    0.5749266147613525,
    0.58078533411026,
    0.5864636301994324,
    0.5919632911682129,
    0.5972865223884583,
    0.602436900138855,
    0.6074179410934448,
    0.6122333407402039,
    0.6168874502182007,
    0.621384859085083,
    0.6257306337356567,
    0.629929780960083
  ],
  "expectations": [
    -13.499984741210938,
    -14.171348571777344,
    -14.4993896484375,
    -14.821210861206055,
    -15.135696411132812,
    -15.441883087158203,
    -15.738967895507812,
    -16.026294708251953,
    -16.303401947021484,
    -16.5699462890625,
    -16.825716018676758,
    -17.0706729888916,
    -17.304861068725586,
    -17.528423309326172,
    -17.74156951904297,
    -17.944583892822266,
    -18.137775421142578,
    -18.321514129638672,
    -18.496185302734375,
    -18.662151336669922,
    -18.819835662841797,
    -18.96963882446289,
    -19.111949920654297,
    -19.2471923828125,
    -19.375743865966797,
    -19.49797821044922,
    -19.614288330078125,
    -19.72503662109375,
    -19.830581665039062,
    -19.931255340576172,
    -20.027379989624023,
    -20.119247436523438,
    -20.207183837890625,
    -20.291444778442383,
    -20.37228012084961,
    -20.449914932250977,
    -20.52459144592285,
    -20.59648895263672,
    -20.665809631347656,
    -20.732709884643555,
    -20.79732894897461,
    -20.859806060791016,
    -20.9202823638916,
    -20.978857040405273,
    -21.035619735717773,
    -21.090675354003906,
    -21.14411163330078,
    -21.19599151611328,
    -21.246356964111328,
    -21.295318603515625,
    -21.34288787841797,
    -21.389122009277344,
    -21.434080123901367,
    -21.477794647216797,
    -21.52027702331543,
    -21.561603546142578,
    -21.601768493652344,
    -21.640819549560547,
    -21.67880630493164,
    -21.715682983398438,
    -21.751544952392578,
    -21.786380767822266,
    -21.820209503173828,
    -21.85306167602539,
    -21.88494300842285,
    -21.9158935546875,
    -21.9459228515625,
    -21.975038528442383,
    -22.003267288208008,
    -22.03061294555664,
    -22.057096481323242,
    -22.082765579223633,
    -22.107582092285156,
    -22.131591796875,
    -22.154813766479492,
    -22.177263259887695,
    -22.19894027709961,
    -22.219860076904297,
    -22.24005889892578,
    -22.259525299072266,
    -22.278295516967773,
    -22.2963809967041,
    -22.313791275024414,
    -22.33054542541504,
    -22.34665298461914,
    -22.362159729003906,
    -22.377023696899414,
    -22.39132308959961,
    -22.405046463012695,
    -22.418230056762695,
    -22.43084144592285,
    -22.44295883178711,
    -22.454578399658203,
    -22.465702056884766,
    -22.476367950439453,
    -22.486581802368164,
    -22.496360778808594,
    -22.505722045898438,
    -22.514686584472656,
    -22.523283004760742,
    -22.53152084350586
  ],