{
  "size": 18,
  "opt_val": -24.0,
  "method": "VQE",
  "operations": [
    "Z3_Y4",
    "Z3_Y14",
    "Z3_Y0",
    "Z4_Y6",
    "Z4_Y2",
    "Z14_Y9",
    "Z0_Y13",
    "Z6_Y8",
    "Z2_Y11",
    "Z8_Y12",
    "Z8_Y16",
    "Z5_Y13",
    "Z5_Y10",
    "Z10_Y1",
    "Z12_Y7",
    "Z1_Y17",
    "Z1_Y15",
    "Z14_Y2",
    "Z0_Y6",
    "Z5_Y12",
    "Z13_Y10",
    "Z9_Y16",
    "Z9_Y7",
    "Z11_Y17",
    "Z11_Y15",
    "Z16_Y7",
    "Z17_Y15"
  ],
  "dt": 0.05,
  "lr": 0.05,
  "lam": 1.0,
  "mu": 0.9,
  "fix_step": 0,
  "constant_c": true,
  "parameters": [
    1.5673285722732544,
    1.5487421751022339,
    1.5475348234176636,
    1.4231500625610352,
    1.4194526672363281,
    1.4222989082336426,
    1.3784047365188599,
    1.2190337181091309,
    1.2044343948364258,
    1.4788658618927002,
    1.4962176084518433,
    0.11343859136104584,
    1.2273744344711304,
    1.2816072702407837,
    0.6197224855422974,
    0.7293333411216736,
    0.9318520426750183,
    0.09868133068084717,
    0.099160335958004,
    0.10094423592090607,
    0.13725900650024414,
    -0.041795097291469574,
    0.29173538088798523,
    0.7293329238891602,
    0.9318549633026123,
    0.6623520851135254,
    0.6587147116661072
  ],
  "opt_ratios": [
    7.629386345797684e-06,
    2.0759733160957694e-05,
    3.284004196757451e-05,
    5.070855331723578e-05,
    7.65485456213355e-05,
    0.00011313951836200431,
    0.00016395238344557583,
    0.00023324330686591566,
    0.00032614340307191014,
    0.0004487384285312146,
    0.0006081361789256334,
    0.0008125104941427708,
    0.0010711199138313532,
    0.0013942939694970846,
    0.0017933715134859085,
    0.0022806066554039717,
    0.002869006944820285,
    0.0035721389576792717,
    0.004403869155794382,
    0.0053780702874064445,
    0.006508308928459883,
    0.007807493209838867,
    0.00928753986954689,
    0.010959086939692497,
    0.012831160798668861,
    0.014911067672073841,
    0.01720416359603405,
    0.019713863730430603,
    0.022441595792770386,
    0.025386951863765717,
    0.02854783460497856,
    0.03192064166069031,
    0.03550048917531967,
    0.03928149491548538,
    0.04325691983103752,
    0.04741952568292618,
    0.05176167190074921,
    0.05627555400133133,
    0.06095334142446518,
    0.0657871663570404,
    0.07076939195394516,
    0.07589249312877655,
    0.08114933967590332,
    0.08653281629085541,
    0.09203631430864334,
    0.09765315055847168,
    0.10337722301483154,
    0.10920242965221405,
    0.11512293666601181,
    0.12113294005393982,
    0.1272270232439041,
    0.13339971005916595,
    0.13964565098285675,
    0.14595964550971985,
    0.1523364931344986,
    0.15877112746238708,
    0.16525809466838837,
    0.17179247736930847,
    0.17836914956569672,
    0.18498274683952332,
    0.19162794947624207,
    0.19829922914505005,
    0.2049911469221115,
    0.21169781684875488,
    0.21841378509998322,
    0.22513282299041748,
    0.23184911906719208,
    0.23855634033679962,
    0.24524816870689392,
    0.25191834568977356,
    0.2585602402687073,
    0.2651672065258026,
    0.27173274755477905,
    0.27825018763542175,
    0.28471267223358154,
    0.29111385345458984,
    0.2974470257759094,
    0.3037058711051941,
    0.30988433957099915,
    0.3159758746623993,
    0.3219750225543976,
    0.3278759717941284,
    0.3336738348007202,
    0.339363157749176,
    0.34493982791900635,
    0.3503991663455963,
    0.3557378649711609,
    0.36095207929611206,
    0.36603909730911255,
    0.37099626660346985,
    0.3758217990398407,
    0.3805137872695923,
    0.3850709795951843,
    0.38949286937713623,
    0.39377903938293457,
    0.39792948961257935,
    0.4019443392753601,
    0.405825138092041,
    0.40957212448120117,
    0.41318756341934204,
    0.416672945022583
  ],
  "expectations": [
    -13.499984741210938,
    -14.164022445678711,
    -14.477020263671875,
    -14.779119491577148,
    -15.070466995239258,
    -15.351346969604492,
    -15.622102737426758,
    -15.88320541381836,
    -16.13510513305664,
    -16.37827491760254,
    -16.613210678100586,
    -16.840394973754883,
    -17.060260772705078,
    -17.273229598999023,
    -17.479652404785156,
    -17.67986297607422,
    -17.87411880493164,
    -18.06263542175293,
    -18.245574951171875,
    -18.42302703857422,
    -18.595054626464844,
    -18.761680603027344,
    -18.92287826538086,
    -19.078641891479492,
    -19.228885650634766,
    -19.373600006103516,
    -19.512718200683594,
    -19.646268844604492,
    -19.774192810058594,
    -19.896560668945312,
    -20.013458251953125,
    -20.124950408935547,
    -20.231201171875,
    -20.332366943359375,
    -20.428619384765625,
    -20.520172119140625,
    -20.60724639892578,
    -20.690067291259766,
    -20.768888473510742,
    -20.843931198120117,
    -20.915443420410156,
    -20.983627319335938,
    -21.048742294311523,
    -21.110977172851562,
    -21.170547485351562,
    -21.227603912353516,
    -21.282360076904297,
    -21.33496856689453,
    -21.38558578491211,
    -21.43431854248047,
    -21.481327056884766,
    -21.526710510253906,
    -21.570575714111328,
    -21.613025665283203,
    -21.654136657714844,
    -21.694013595581055,
    -21.732685089111328,
    -21.77025604248047,
    -21.806781768798828,
    -21.842309951782227,
    -21.876890182495117,
    -21.910568237304688,
    -21.94338035583496,
    -21.9753475189209,
    -22.006532669067383,
    -22.036941528320312,
    -22.06661605834961,
    -22.095565795898438,
    -22.12381362915039,
    -22.15138816833496,
    -22.178295135498047,
    -22.204544067382812,
    -22.230154037475586,
    -22.255138397216797,
    -22.279483795166016,
    -22.303232192993164,
    -22.32636070251465,
    -22.34889030456543,
    -22.370826721191406,
    -22.392162322998047,
    -22.412914276123047,
    -22.43307876586914,
    -22.452672958374023,
    -22.471683502197266,
    -22.490135192871094,
    -22.508014678955078,
    -22.525341033935547,
    -22.542110443115234,
    -22.55832862854004,
    -22.57400894165039,
    -22.58917236328125,
    -22.603805541992188,
    -22.617919921875,
    -22.631534576416016,
    -22.644649505615234,
    -22.65728759765625,
    -22.669435501098633,
    -22.68114471435547,
    -22.692378997802734,
    -22.70318603515625,
    -22.713573455810547
  ],