{
  "size": 18,
  "opt_val": -24.0,
  "method": "VQE",
  "operations": [
    "Z4_Y12",
    "Z4_Y8",
    "Z4_Y14",
    "Z12_Y17",
    "Z12_Y11",
    "Z8_Y0",
    "Z8_Y1",
    "Z14_Y5",
    "Z11_Y13",
    "Z5_Y10",
    "Z10_Y15",
    "Z10_Y6",
    "Z0_Y3",
    "Z15_Y16",
    "Z15_Y7",
    "Z3_Y9",
    "Z9_Y2",
    "Z14_Y17",
    "Z17_Y11",
    "Z5_Y0",
    "Z6_Y13",
    "Z6_Y16",
    "Z3_Y1",
    "Z1_Y13",
    "Z9_Y7",
    "Z16_Y2",
    "Z7_Y2"
  ],
  "dt": 0.05,
  "lr": 0.05,
  "lam": 1.0,
  "mu": 0.9,
  "fix_step": 0,
  "constant_c": true,
  "parameters": [
    1.555159568786621,
    1.4617111682891846,
    1.5118920803070068,
    0.5673962831497192,
    1.357771396636963,
    1.5199941396713257,
    0.84073805809021,
    1.4434810876846313,
    0.4940274655818939,
    1.5408570766448975,
    1.5631213188171387,
    1.5676538944244385,
    1.556962251663208,
    0.8688969016075134,
    1.3118339776992798,
    1.4330445528030396,
    0.07854823768138885,
    0.9904171824455261,
    -0.13573598861694336,
    0.07028862833976746,
    0.5037153363227844,
    0.7018674612045288,
    0.7300490736961365,
    0.5786632895469666,
    0.25867244601249695,
    0.9171562790870667,
    0.7126407027244568
  ],
  "opt_ratios": [
    7.629386345797684e-06,
    2.099208541039843e-05,
    3.3712749427650124e-05,
    5.3091454901732504e-05,
    8.205192716559395e-05,
    0.00012454515672288835,
    0.00018581254698801786,
    0.00027268537087365985,
    0.0003939179587177932,
    0.0005605460028164089,
    0.0007862655911594629,
    0.001087813638150692,
    0.001485344604589045,
    0.002002766588702798,
    0.0026680389419198036,
    0.003513383213430643,
    0.00457540899515152,
    0.005895101465284824,
    0.007517699617892504,
    0.00949237123131752,
    0.011871805414557457,
    0.014711560681462288,
    0.018069393932819366,
    0.022004345431923866,
    0.026575902476906776,
    0.03184295445680618,
    0.03786289691925049,
    0.044690679758787155,
    0.05237793177366257,
    0.06097228080034256,
    0.070516437292099,
    0.08104752749204636,
    0.09259660542011261,
    0.10518807917833328,
    0.11883876472711563,
    0.1335577666759491,
    0.14934541285037994,
    0.16619302332401276,
    0.1840822845697403,
    0.20298396050930023,
    0.2228592336177826,
    0.24365758895874023,
    0.2653179466724396,
    0.28776803612709045,
    0.3109258711338043,
    0.33469948172569275,
    0.35898852348327637,
    0.3836851119995117,
    0.40867647528648376,
    0.43384575843811035,
    0.45907431840896606,
    0.4842432737350464,
    0.5092368721961975,
    0.533943772315979,
    0.5582584142684937,
    0.5820837020874023,
    0.6053307056427002,
    0.6279210448265076,
    0.6497875452041626,
    0.6708741784095764,
    0.6911360025405884,
    0.7105388641357422,
    0.7290601134300232,
    0.7466858625411987,
    0.763412356376648,
    0.7792438268661499,
    0.7941903471946716,
    0.8082701563835144,
    0.8215055465698242,
    0.8339233994483948,
    0.8455542325973511,
    0.8564293384552002,
    0.8665845394134521,
    0.8760544657707214,
    0.8848752975463867,
    0.8930838108062744,
    0.9007139801979065,
    0.9078022241592407,
    0.9143826961517334,
    0.9204866290092468,
    0.9261473417282104,
    0.9313948154449463,
    0.9362568259239197,
    0.9407598972320557,
    0.9449306130409241,
    0.9487932920455933,
    0.9523696303367615,
    0.9556810259819031,
    0.9587467312812805,
    0.9615862369537354,
    0.9642156958580017,
    0.9666500091552734,
    0.9689056277275085,
    0.9709950089454651,
    0.9729313254356384,
    0.9747265577316284,
    0.9763898849487305,
    0.977933406829834,
    0.9793641567230225,
    0.980692446231842,
    0.9819247126579285
  ],
  "expectations": [
    -13.499984741210938,
    -14.169292449951172,
    -14.493734359741211,
    -14.811800003051758,
    -15.123188018798828,
    -15.427715301513672,
    -15.725242614746094,
    -16.01571273803711,
    -16.29914665222168,
    -16.575565338134766,
    -16.845060348510742,
    -17.10774040222168,
    -17.363752365112305,
    -17.61322021484375,
    -17.8563175201416,
    -18.093151092529297,
    -18.323902130126953,
    -18.548648834228516,
    -18.767528533935547,
    -18.9805908203125,
    -19.187929153442383,
    -19.389545440673828,
    -19.585493087768555,
    -19.775760650634766,
    -19.960357666015625,
    -20.139280319213867,
    -20.31253433227539,
    -20.48013687133789,
    -20.642105102539062,
    -20.79851531982422,
    -20.949411392211914,
    -21.094886779785156,
    -21.235034942626953,
    -21.370006561279297,
    -21.499900817871094,
    -21.624893188476562,
    -21.745134353637695,
    -21.860774993896484,
    -21.971982955932617,
    -22.07886505126953,
    -22.181617736816406,
    -22.28034019470215,
    -22.37516975402832,
    -22.466190338134766,
    -22.553546905517578,
    -22.637304306030273,
    -22.71755599975586,
    -22.79435920715332,
    -22.867799758911133,
    -22.93792724609375,
    -23.00482749938965,
    -23.06850814819336,
    -23.129051208496094,
    -23.18653106689453,
    -23.240985870361328,
    -23.292518615722656,
    -23.341175079345703,
    -23.387039184570312,
    -23.43018341064453,
    -23.470718383789062,
    -23.50873565673828,
    -23.544307708740234,
    -23.577571868896484,
    -23.60860824584961,
    -23.637535095214844,
    -23.664470672607422,
    -23.689485549926758,
    -23.712718963623047,
    -23.73426628112793,
    -23.754228591918945,
    -23.772724151611328,
    -23.789810180664062,
    -23.80562400817871,
    -23.820226669311523,
    -23.83370018005371,
    -23.846160888671875,
    -23.85763168334961,
    -23.86821746826172,
    -23.877992630004883,
    -23.886981964111328,
    -23.895288467407227,
    -23.90296173095703,
    -23.910030364990234,
    -23.91652488708496,
    -23.92251968383789,
    -23.928062438964844,
    -23.93316650390625,
    -23.93788719177246,
    -23.942222595214844,
    -23.946250915527344,
    -23.949970245361328,
    -23.95337677001953,
    -23.95654296875,
    -23.959461212158203,
    -23.962162017822266,
    -23.964677810668945,
    -23.966976165771484,
    -23.969127655029297,
    -23.97110366821289,
    -23.972951889038086,
    -23.974647521972656
  ],