{
  "size": 18,
  "opt_val": -22.0,
  "method": "VQE",
  "operations": [
    "Z12_Y16",
    "Z12_Y15",
    "Z12_Y14",
    "Z16_Y4",
    "Z15_Y10",
    "Z14_Y5",
    "Z14_Y0",
    "Z4_Y1",
    "Z5_Y7",
    "Z5_Y2",
    "Z7_Y6",
    "Z7_Y8",
    "Z2_Y9",
    "Z2_Y11",
    "Z6_Y3",
    "Z3_Y13",
    "Z13_Y17",
    "Z16_Y15",
    "Z4_Y0",
    "Z6_Y8",
    "Z8_Y3",
    "Z13_Y10",
    "Z17_Y0",
    "Z17_Y10",
    "Z9_Y11",
    "Z9_Y1",
    "Z11_Y1"
  ],
  "dt": 0.05,
  "lr": 0.05,
  "lam": 1.0,
  "mu": 0.9,
  "fix_step": 0,
  "constant_c": true,
  "parameters": [
    0.7032797336578369,
    0.9700352549552917,
    1.417921543121338,
    1.420176386833191,
    1.0823780298233032,
    1.5190455913543701,
    0.6667353510856628,
    0.265362024307251,
    1.4684150218963623,
    1.492005705833435,
    1.4440239667892456,
    1.2429728507995605,
    1.3655720949172974,
    1.2989100217819214,
    1.4788113832473755,
    1.3570815324783325,
    1.3828506469726562,
    0.20051544904708862,
    0.19805851578712463,
    -0.27279770374298096,
    0.06491495668888092,
    0.4273245334625244,
    0.9020206928253174,
    0.6805822253227234,
    -0.2099563479423523,
    0.6486304402351379,
    0.6737673878669739
  ],
  "opt_ratios": [
    6.103509076638147e-05,
    0.00013683337601833045,
    0.00019729546329472214,
    0.000278499792329967,
    0.00038547173608094454,
    0.0005239076563157141,
    0.0007001743651926517,
    0.0009212999721057713,
    0.0011949583422392607,
    0.0015294565819203854,
    0.0019337150733917952,
    0.002417250769212842,
    0.002990159671753645,
    0.0036630851682275534,
    0.004447192884981632,
    0.0053541455417871475,
    0.00639605987817049,
    0.007585452403873205,
    0.008935177698731422,
    0.010458391159772873,
    0.012168440036475658,
    0.014078808017075062,
    0.016203049570322037,
    0.018554624170064926,
    0.021146925166249275,
    0.02399304136633873,
    0.027105797082185745,
    0.030497578904032707,
    0.034180354326963425,
    0.03816547989845276,
    0.04246365278959274,
    0.047085005789995193,
    0.052038904279470444,
    0.05733402818441391,
    0.06297817826271057,
    0.06897853314876556,
    0.07534141838550568,
    0.08207254111766815,
    0.08917678892612457,
    0.09665831923484802,
    0.10452079772949219,
    0.11276695132255554,
    0.1213991641998291,
    0.1304190456867218,
    0.13982757925987244,
    0.14962530136108398,
    0.15981194376945496,
    0.17038680613040924,
    0.18134810030460358,
    0.19269387423992157,
    0.2044207900762558,
    0.21652498841285706,
    0.22900137305259705,
    0.24184401333332062,
    0.25504571199417114,
    0.26859819889068604,
    0.28249111771583557,
    0.296713262796402,
    0.3112519383430481,
    0.32609185576438904,
    0.3412170708179474,
    0.3566088080406189,
    0.3722466826438904,
    0.3881090581417084,
    0.40417128801345825,
    0.42040783166885376,
    0.4367906451225281,
    0.45329028367996216,
    0.4698760211467743,
    0.48651522397994995,
    0.5031747817993164,
    0.5198197364807129,
    0.5364158153533936,
    0.5529273748397827,
    0.5693187713623047,
    0.5855557918548584,
    0.6016045212745667,
    0.6174314022064209,
    0.6330052614212036,
    0.6482957601547241,
    0.6632753014564514,
    0.6779177188873291,
    0.6921998262405396,
    0.706101655960083,
    0.7196048498153687,
    0.7326937317848206,
    0.7453572750091553,
    0.7575851082801819,
    0.769370436668396,
    0.780709981918335,
    0.7916018962860107,
    0.8020462393760681,
    0.8120468258857727,
    0.821608304977417,
    0.8307373523712158,
    0.8394432067871094,
    0.8477346897125244,
    0.8556227087974548,
    0.8631197214126587,
    0.8702389001846313,
    0.8769914507865906
  ],
  "expectations": [
    -13.499984741210938,
    -14.159014701843262,
    -14.461492538452148,
    -14.749102592468262,
    -15.022266387939453,
    -15.281414031982422,
    -15.527082443237305,
    -15.759851455688477,
    -15.980308532714844,
    -16.1890926361084,
    -16.3868465423584,
    -16.574214935302734,
    -16.751859664916992,
    -16.920412063598633,
    -17.080472946166992,
    -17.2326602935791,
    -17.377544403076172,
    -17.51565933227539,
    -17.647489547729492,
    -17.773534774780273,
    -17.89421844482422,
    -18.00993537902832,
    -18.1210994720459,
    -18.22800064086914,
    -18.330997467041016,
    -18.430339813232422,
    -18.526294708251953,
    -18.61909294128418,
    -18.70897102355957,
    -18.796125411987305,
    -18.880691528320312,
    -18.96286392211914,
    -19.04278564453125,
    -19.120603561401367,
    -19.1964111328125,
    -19.270328521728516,
    -19.34247589111328,
    -19.412939071655273,
    -19.481809616088867,
    -19.549156188964844,
    -19.615087509155273,
    -19.67963409423828,
    -19.74288558959961,
    -19.804901123046875,
    -19.86572265625,
    -19.925424575805664,
    -19.984039306640625,
    -20.04163360595703,
    -20.09821319580078,
    -20.15385627746582,
    -20.208566665649414,
    -20.262392044067383,
    -20.315340042114258,
    -20.36745262145996,
    -20.418737411499023,
    -20.469242095947266,
    -20.518932342529297,
    -20.567838668823242,
    -20.615997314453125,
    -20.663360595703125,
    -20.7099666595459,
    -20.75579071044922,
    -20.800830841064453,
    -20.84510040283203,
    -20.888553619384766,
    -20.931209564208984,
    -20.973031997680664,
    -21.014005661010742,
    -21.05413055419922,
    -21.093372344970703,
    -21.131723403930664,
    -21.169137954711914,
    -21.20563507080078,
    -21.241168975830078,
    -21.275711059570312,
    -21.309261322021484,
    -21.341812133789062,
    -21.373327255249023,
    -21.403818130493164,
    -21.433256149291992,
    -21.461650848388672,
    -21.488971710205078,
    -21.515243530273438,
    -21.540470123291016,
    -21.56464958190918,
    -21.5877742767334,
    -21.609891891479492,
    -21.63099479675293,
    -21.651107788085938,
    -21.670255661010742,
    -21.688465118408203,
    -21.705738067626953,
    -21.722122192382812,
    -21.73764419555664,
    -21.752323150634766,
    -21.766216278076172,
    -21.77933120727539,
    -21.791706085205078,
    -21.803377151489258,
    -21.81439781188965,
    -21.824745178222656
  ],