{
  "size": 18,
  "opt_val": -24.0,
  "method": "VQE",
  "operations": [
    "Z7_Y17",
    "Z7_Y3",
    "Z7_Y4",
    "Z17_Y10",
    "Z3_Y8",
    "Z4_Y14",
    "Z4_Y2",
    "Z10_Y15",
    "Z10_Y6",
    "Z8_Y12",
    "Z9_Y14",
    "Z9_Y11",
    "Z11_Y16",
    "Z11_Y1",
    "Z12_Y5",
    "Z1_Y0",
    "Z16_Y13",
    "Z17_Y3",
    "Z8_Y14",
    "Z9_Y2",
    "Z2_Y6",
    "Z12_Y1",
    "Z5_Y15",
    "Z5_Y6",
    "Z16_Y0",
    "Z15_Y13",
    "Z13_Y0"
  ],
  "dt": 0.05,
  "lr": 0.05,
  "lam": 1.0,
  "mu": 0.9,
  "fix_step": 0,
  "constant_c": true,
  "parameters": [
    1.4971884489059448,
    1.4438114166259766,
    1.49936842918396,
    1.5572160482406616,
    1.5391643047332764,
    0.547677218914032,
    1.342395544052124,
    0.7625232934951782,
    0.5956319570541382,
    1.5548133850097656,
    1.2067267894744873,
    1.4146836996078491,
    1.5287792682647705,
    1.3969786167144775,
    1.5552581548690796,
    0.6806909441947937,
    0.06053365394473076,
    0.10794065147638321,
    0.547677218914032,
    0.22596707940101624,
    0.48102322220802307,
    0.1617787629365921,
    0.8070235252380371,
    0.4987702965736389,
    0.7872909307479858,
    1.4116159677505493,
    0.1399412602186203
  ],
  "opt_ratios": [
    7.629386345797684e-06,
    2.060032420558855e-05,
    3.229598223697394e-05,
    4.917824117001146e-05,
    7.280660793185234e-05,
    0.00010490814020158723,
    0.00014729576651006937,
    0.00020176479301881045,
    0.00026997641543857753,
    0.00035333915730006993,
    0.0004529037978500128,
    0.0005692805862054229,
    0.0007025839877314866,
    0.0008524105651304126,
    0.001017848146148026,
    0.0011975120287388563,
    0.00138960056938231,
    0.0015919713769108057,
    0.0018022139556705952,
    0.002017740625888109,
    0.0022358554415404797,
    0.002453841269016266,
    0.0026690075173974037,
    0.0028787637129426003,
    0.0030806567519903183,
    0.0032723993062973022,
    0.0034519152250140905,
    0.0036173483822494745,
    0.003767074551433325,
    0.0038997165393084288,
    0.004014134407043457,
    0.004109439440071583,
    0.0041849673725664616,
    0.004240294452756643,
    0.004275216255337,
    0.004289731383323669,
    0.004284040071070194,
    0.004258532542735338,
    0.0042137764394283295,
    0.0041505033150315285,
    0.0040696049109101295,
    0.003972100559622049,
    0.0038591644261032343,
    0.003732080105692148,
    0.003592240158468485,
    0.003441142849624157,
    0.0032803660724312067,
    0.0031115517485886812,
    0.002936407458037138,
    0.0027566624339669943,
    0.0025740666314959526,
    0.0023903544060885906,
    0.0022072354331612587,
    0.002026353031396866,
    0.0018492640228942037,
    0.0016774151008576155,
    0.0015121090691536665,
    0.0013544922694563866,
    0.0012055262923240662,
    0.00106597482226789,
    0.000936398864723742,
    0.0008171515655703843,
    0.0007083811797201633,
    0.0006100431201048195,
    0.0005219181766733527,
    0.0004436332965269685,
    0.0003746870206668973,
    0.0003144774818792939,
    0.0002623324398882687,
    0.0002175352128688246,
    0.00017935177311301231,
    0.00014705117791891098,
    0.00011992582585662603,
    9.730549936648458e-05,
    7.856760203139856e-05,
    6.31442671874538e-05,
    5.052559936302714e-05,
    4.026052192784846e-05,
    3.195489989593625e-05,
    2.526870412111748e-05,
    1.9911800336558372e-05,
    1.5639172488590702e-05,
    1.2245569450897165e-05,
    9.560779290040955e-06,
    7.444385573762702e-06,
    5.781796971859876e-06,
    4.479895778786158e-06,
    3.4634085750440136e-06,
    2.672039954632055e-06,
    2.0574632344505517e-06,
    1.5813660638741567e-06,
    1.2133647260270664e-06,
    9.295204108639155e-07,
    7.110028263923596e-07,
    5.430973715192522e-07,
    4.142958687225473e-07,
    3.156545744786854e-07,
    2.4021392164286226e-07,
    1.826051345688029e-07,
    1.3866824133401678e-07,
    1.0520372484279505e-07
  ],
  "expectations": [
    -13.499984741210938,
    -14.168790817260742,
    -14.491293907165527,
    -14.805391311645508,
    -15.110121726989746,
    -15.4047269821167,
    -15.688579559326172,
    -15.961244583129883,
    -16.222484588623047,
    -16.472164154052734,
    -16.7103328704834,
    -16.937175750732422,
    -17.152936935424805,
    -17.358001708984375,
    -17.552780151367188,
    -17.73775863647461,
    -17.913433074951172,
    -18.08032989501953,
    -18.23895263671875,
    -18.389850616455078,
    -18.53348731994629,
    -18.670398712158203,
    -18.80099868774414,
    -18.925758361816406,
    -19.045101165771484,
    -19.159391403198242,
    -19.269006729125977,
    -19.374290466308594,
    -19.475566864013672,
    -19.57311248779297,
    -19.667224884033203,
    -19.758163452148438,
    -19.846160888671875,
    -19.93145179748535,
    -20.01427459716797,
    -20.09479522705078,
    -20.173221588134766,
    -20.249732971191406,
    -20.324499130249023,
    -20.397686004638672,
    -20.46944808959961,
    -20.539897918701172,
    -20.60919189453125,
    -20.677471160888672,
    -20.74480628967285,
    -20.811351776123047,
    -20.877174377441406,
    -20.94234848022461,
    -21.00697135925293,
    -21.07109832763672,
    -21.134761810302734,
    -21.197978973388672,
    -21.26080322265625,
    -21.323204040527344,
    -21.385190963745117,
    -21.446697235107422,
    -21.507692337036133,
    -21.568113327026367,
    -21.62787628173828,
    -21.686887741088867,
    -21.745033264160156,
    -21.802236557006836,
    -21.85834503173828,
    -21.913251876831055,
    -21.966854095458984,
    -22.019027709960938,
    -22.069692611694336,
    -22.118730545043945,
    -22.166067123413086,
    -22.211639404296875,
    -22.255414962768555,
    -22.297332763671875,
    -22.337392807006836,
    -22.375581741333008,
    -22.411914825439453,
    -22.446414947509766,
    -22.47911834716797,
    -22.510066986083984,
    -22.5393123626709,
    -22.56690216064453,
    -22.592918395996094,
    -22.61741065979004,
    -22.640460968017578,
    -22.662147521972656,
    -22.682510375976562,
    -22.701641082763672,
    -22.719602584838867,
    -22.736461639404297,
    -22.75226593017578,
    -22.767112731933594,
    -22.781034469604492,
    -22.794090270996094,
    -22.806333541870117,
    -22.817825317382812,
    -22.828594207763672,
    -22.838699340820312,
    -22.848186492919922,
    -22.857091903686523,
    -22.86545181274414,
    -22.873266220092773,
    -22.880645751953125
  ],