{
  "size": 18,
  "opt_val": -23.0,
  "method": "VQE",
  "operations": [
    "Z6_Y15",
    "Z6_Y4",
    "Z6_Y1",
    "Z15_Y11",
    "Z15_Y13",
    "Z4_Y0",
    "Z1_Y5",
    "Z11_Y16",
    "Z11_Y14",
    "Z13_Y12",
    "Z13_Y9",
    "Z0_Y3",
    "Z0_Y7",
    "Z14_Y17",
    "Z9_Y10",
    "Z3_Y2",
    "Z17_Y8",
    "Z4_Y1",
    "Z12_Y5",
    "Z12_Y14",
    "Z5_Y9",
    "Z3_Y16",
    "Z16_Y2",
    "Z2_Y17",
    "Z8_Y7",
    "Z8_Y10",
    "Z7_Y10"
  ],
  "dt": 0.05,
  "lr": 0.05,
  "lam": 1.0,
  "mu": 0.9,
  "fix_step": 0,
  "constant_c": true,
  "parameters": [
    1.5490710735321045,
    0.6465263366699219,
    1.5003248453140259,
    1.050860047340393,
    1.5326582193374634,
    1.439895749092102,
    0.5216712355613708,
    1.3632735013961792,
    0.45424485206604004,
    1.5487242937088013,
    1.1548250913619995,
    1.3893141746520996,
    1.441793441772461,
    1.023595929145813,
    0.4414990246295929,
    0.9775620698928833,
    1.2073936462402344,
    0.06156220659613609,
    1.0483551025390625,
    0.3427736759185791,
    0.40276360511779785,
    -0.0036633971612900496,
    0.5757114291191101,
    0.27137595415115356,
    0.06786482781171799,
    0.5278338193893433,
    0.6797171831130981
  ],
  "opt_ratios": [
    2.2888159946887754e-05,
    5.668897210853174e-05,
    8.595389226684347e-05,
    0.0001274288515560329,
    0.00018488324712961912,
    0.0002627612557262182,
    0.0003661643713712692,
    0.0005008006701245904,
    0.0006729030283167958,
    0.0008891257457435131,
    0.0011564153246581554,
    0.0014818835770711303,
    0.0018726680427789688,
    0.00233580288477242,
    0.0028781089931726456,
    0.00350608816370368,
    0.004225843586027622,
    0.00504302466288209,
    0.005962783005088568,
    0.006989730522036552,
    0.008127975277602673,
    0.00938106793910265,
    0.010752063244581223,
    0.012243524193763733,
    0.013857506215572357,
    0.01559564471244812,
    0.017459090799093246,
    0.01944858953356743,
    0.021564416587352753,
    0.023806439712643623,
    0.026173990219831467,
    0.028666019439697266,
    0.031280867755413055,
    0.03401630371809006,
    0.03686957061290741,
    0.03983718901872635,
    0.04291500896215439,
    0.046098217368125916,
    0.04938120394945145,
    0.052757684141397476,
    0.056220680475234985,
    0.059762388467788696,
    0.06337454915046692,
    0.06704823672771454,
    0.07077401876449585,
    0.07454214990139008,
    0.07834262400865555,
    0.08216526359319687,
    0.0859999805688858,
    0.08983677625656128,
    0.09366579353809357,
    0.09747783839702606,
    0.10126391053199768,
    0.10501580685377121,
    0.10872596502304077,
    0.11238746345043182,
    0.11599421501159668,
    0.11954088509082794,
    0.12302315980195999,
    0.12643706798553467,
    0.12977993488311768,
    0.1330493986606598,
    0.1362440288066864,
    0.13936305046081543,
    0.1424061506986618,
    0.14537370204925537,
    0.14826640486717224,
    0.1510857194662094,
    0.15383295714855194,
    0.15651023387908936,
    0.15911996364593506,
    0.16166412830352783,
    0.164145827293396,
    0.1665678173303604,
    0.1689329743385315,
    0.17124441266059875,
    0.17350545525550842,
    0.1757192611694336,
    0.17788898944854736,
    0.18001806735992432,
    0.18210995197296143,
    0.184167742729187,
    0.18619510531425476,
    0.18819522857666016,
    0.19017155468463898,
    0.19212749600410461,
    0.19406671822071075,
    0.195992112159729,
    0.19790767133235931,
    0.19981642067432404,
    0.2017221301794052,
    0.2036280632019043,
    0.20553790032863617,
    0.20745515823364258,
    0.20938345789909363,
    0.21132659912109375,
    0.21328793466091156,
    0.21527168154716492,
    0.2172812968492508,
    0.21932107210159302,
    0.2213950902223587
  ],
  "expectations": [
    -13.499984741210938,
    -14.166360855102539,
    -14.483854293823242,
    -14.791337966918945,
    -15.088250160217285,
    -15.37419319152832,
    -15.648883819580078,
    -15.91223430633545,
    -16.16421127319336,
    -16.404972076416016,
    -16.63471031188965,
    -16.853729248046875,
    -17.062387466430664,
    -17.261085510253906,
    -17.450294494628906,
    -17.630470275878906,
    -17.80208969116211,
    -17.965654373168945,
    -18.12162971496582,
    -18.270462036132812,
    -18.412639617919922,
    -18.54855728149414,
    -18.678634643554688,
    -18.80327606201172,
    -18.922819137573242,
    -19.037628173828125,
    -19.147998809814453,
    -19.254249572753906,
    -19.35663604736328,
    -19.455432891845703,
    -19.550827026367188,
    -19.643077850341797,
    -19.73236083984375,
    -19.818824768066406,
    -19.902647018432617,
    -19.983945846557617,
    -20.062828063964844,
    -20.1394100189209,
    -20.213756561279297,
    -20.285945892333984,
    -20.35604476928711,
    -20.424057006835938,
    -20.49005699157715,
    -20.554058074951172,
    -20.61606216430664,
    -20.676101684570312,
    -20.734167098999023,
    -20.790283203125,
    -20.844463348388672,
    -20.89671516418457,
    -20.947032928466797,
    -20.99545669555664,
    -21.0419921875,
    -21.086666107177734,
    -21.1295166015625,
    -21.170574188232422,
    -21.20986557006836,
    -21.24744415283203,
    -21.283374786376953,
    -21.317678451538086,
    -21.350433349609375,
    -21.381683349609375,
    -21.411495208740234,
    -21.439929962158203,
    -21.467041015625,
    -21.492900848388672,
    -21.51755142211914,
    -21.54107666015625,
    -21.563507080078125,
    -21.584911346435547,
    -21.605377197265625,
    -21.62489891052246,
    -21.64357566833496,
    -21.66144561767578,
    -21.678543090820312,
    -21.694915771484375,
    -21.71062469482422,
    -21.7257080078125,
    -21.740184783935547,
    -21.75409698486328,
    -21.767499923706055,
    -21.7803897857666,
    -21.792829513549805,
    -21.80483627319336,
    -21.816429138183594,
    -21.827638626098633,
    -21.83851432800293,
    -21.849021911621094,
    -21.859243392944336,
    -21.869155883789062,
    -21.878812789916992,
    -21.88819694519043,
    -21.89734649658203,
    -21.906274795532227,
    -21.91499137878418,
    -21.92352867126465,
    -21.93186378479004,
    -21.940052032470703,
    -21.94806671142578,
    -21.95594596862793,
    -21.963716506958008
  ],