{
  "size": 16,
  "opt_val": -36.0,
  "method": "VQE",
  "operations": [
    "Z0_Y2",
    "Z0_Y1",
    "Z0_Y13",
    "Z0_Y9",
    "Z0_Y12",
    "Z0_Y3",
    "Z2_Y11",
    "Z2_Y7",
    "Z2_Y10",
    "Z1_Y6",
    "Z1_Y8",
    "Z1_Y4",
    "Z13_Y15",
    "Z12_Y5",
    "Z3_Y14",
    "Z2_Y9",
    "Z2_Y12",
    "Z1_Y11",
    "Z1_Y10",
    "Z13_Y3",
    "Z13_Y9",
    "Z13_Y11",
    "Z9_Y6",
    "Z9_Y15",
    "Z12_Y4",
    "Z6_Y5",
    "Z6_Y8",
    "Z6_Y7",
    "Z8_Y14",
    "Z13_Y12",
    "Z9_Y12",
    "Z3_Y4",
    "Z3_Y6",
    "Z3_Y11",
    "Z11_Y8",
    "Z8_Y7",
    "Z8_Y10",
    "Z4_Y5",
    "Z10_Y15",
    "Z10_Y14",
    "Z11_Y4",
    "Z4_Y10",
    "Z7_Y5",
    "Z7_Y15",
    "Z7_Y14",
    "Z14_Y5",
    "Z14_Y15",
    "Z5_Y15"
  ],
  "dt": 0.05,
  "lr": 0.05,
  "lam": 1.0,
  "mu": 0.9,
  "fix_step": 0,
  "constant_c": true,
  "parameters": [
    -1.494970440864563,
    1.5699849128723145,
    -1.4016307592391968,
    1.120714783668518,
    0.5605770945549011,
    1.5699580907821655,
    1.443881869316101,
    0.9888575673103333,
    1.0577385425567627,
    0.837426483631134,
    0.11562632024288177,
    0.5419476628303528,
    0.08882115036249161,
    0.0012835146626457572,
    1.335860252380371,
    0.41876745223999023,
    0.7890816330909729,
    0.011091246269643307,
    0.0821441113948822,
    0.000645213935058564,
    0.03150036558508873,
    0.1688181757926941,
    0.6179654598236084,
    0.4546982944011688,
    0.203534334897995,
    0.4919016659259796,
    0.04452856257557869,
    0.14294075965881348,
    -3.3346157579217106e-05,
    0.6501803994178772,
    0.41755443811416626,
    0.7729562520980835,
    0.12249904870986938,
    0.030594613403081894,
    1.4997919797897339,
    0.4391535818576813,
    0.4817335605621338,
    0.517368733882904,
    0.46274933218955994,
    0.06758107244968414,
    0.05872084200382233,
    0.12051165848970413,
    0.03735508397221565,
    0.7132000923156738,
    0.16648441553115845,
    0.5992826223373413,
    0.2836841642856598,
    0.31085139513015747
  ],
  "opt_ratios": [
    3.0517549021169543e-05,
    9.281330130761489e-05,
    0.00014855815970804542,
    0.00022887602972332388,
    0.00034143959055654705,
    0.0004954589530825615,
    0.0007018019678071141,
    0.0009730423334985971,
    0.0013233823701739311,
    0.0017685183556750417,
    0.0023253413382917643,
    0.0030114122200757265,
    0.0038446004036813974,
    0.004842336289584637,
    0.0060209124349057674,
    0.007394855376332998,
    0.008976615965366364,
    0.010776214301586151,
    0.012801039963960648,
    0.015056073665618896,
    0.017545554786920547,
    0.020272016525268555,
    0.02323809452354908,
    0.026447758078575134,
    0.02990579791367054,
    0.033620625734329224,
    0.03760310634970665,
    0.04186837375164032,
    0.04643549025058746,
    0.05132836475968361,
    0.056574854999780655,
    0.062207289040088654,
    0.06826402992010117,
    0.07478663325309753,
    0.08182235062122345,
    0.08942189812660217,
    0.0976395532488823,
    0.10653304308652878,
    0.11616253107786179,
    0.12658950686454773,
    0.13787288963794708,
    0.15007440745830536,
    0.16324900090694427,
    0.17744837701320648,
    0.19271662831306458,
    0.20908953249454498,
    0.22658805549144745,
    0.24522000551223755,
    0.2649843692779541,
    0.2858540713787079,
    0.30778899788856506,
    0.3307294547557831,
    0.3545968234539032,
    0.37929749488830566,
    0.4047156572341919,
    0.43072906136512756,
    0.45719724893569946,
    0.4839726686477661,
    0.5109027624130249,
    0.5378285050392151,
    0.5645899176597595,
    0.5910326838493347,
    0.6170110702514648,
    0.6423872709274292,
    0.6670328974723816,
    0.6908381581306458,
    0.7137056589126587,
    0.7355620265007019,
    0.7563400268554688,
    0.775999903678894,
    0.7945163249969482,
    0.811880886554718,
    0.828095555305481,
    0.8431797027587891,
    0.8571600317955017,
    0.8700752854347229,
    0.8819707036018372,
    0.8928930163383484,
    0.902898371219635,
    0.9120396375656128,
    0.9203765392303467,
    0.9279633164405823,
    0.9348561763763428,
    0.9411096572875977,
    0.9467738270759583,
    0.9518991112709045,
    0.9565309882164001,
    0.960716724395752,
    0.964490532875061,
    0.967896580696106,
    0.970966100692749,
    0.9737303256988525,
    0.9762212634086609,
    0.9784644246101379,
    0.9804850220680237,
    0.9823005795478821,
    0.9839367270469666,
    0.9854092597961426,
    0.9867357015609741,
    0.9879298210144043,
    0.9890069961547852
  ],
  "expectations": [
    -23.99997329711914,
    -25.1368408203125,
    -25.611709594726562,
    -26.0479736328125,
    -26.451791763305664,
    -26.827978134155273,
    -27.180397033691406,
    -27.512008666992188,
    -27.825204849243164,
    -28.12187957763672,
    -28.403526306152344,
    -28.671279907226562,
    -28.926122665405273,
    -29.16876792907715,
    -29.39987564086914,
    -29.619945526123047,
    -29.82952117919922,
    -30.029081344604492,
    -30.219161987304688,
    -30.40028953552246,
    -30.573097229003906,
    -30.738222122192383,
    -30.896377563476562,
    -31.048206329345703,
    -31.194425582885742,
    -31.335662841796875,
    -31.472606658935547,
    -31.60570526123047,
    -31.735485076904297,
    -31.86241912841797,
    -31.986711502075195,
    -32.108726501464844,
    -32.22856140136719,
    -32.34641647338867,
    -32.46234893798828,
    -32.576438903808594,
    -32.68873977661133,
    -32.79930877685547,
    -32.90814208984375,
    -33.015281677246094,
    -33.120765686035156,
    -33.22471618652344,
    -33.32714080810547,
    -33.428077697753906,
    -33.52758026123047,
    -33.62572479248047,
    -33.722572326660156,
    -33.818092346191406,
    -33.912330627441406,
    -34.005271911621094,
    -34.09691619873047,
    -34.18719482421875,
    -34.276031494140625,
    -34.36341857910156,
    -34.4492301940918,
    -34.53330993652344,
    -34.615638732910156,
    -34.69606018066406,
    -34.77444839477539,
    -34.8507080078125,
    -34.92463302612305,
    -34.99607849121094,
    -35.06494903564453,
    -35.13113784790039,
    -35.19444274902344,
    -35.25482940673828,
    -35.31217956542969,
    -35.36650848388672,
    -35.417659759521484,
    -35.465675354003906,
    -35.51063537597656,
    -35.552581787109375,
    -35.59147644042969,
    -35.627532958984375,
    -35.66078186035156,
    -35.69138717651367,
    -35.71950149536133,
    -35.7452392578125,
    -35.768760681152344,
    -35.79017639160156,
    -35.809715270996094,
    -35.827423095703125,
    -35.84349822998047,
    -35.85807800292969,
    -35.87126922607422,
    -35.883174896240234,
    -35.893943786621094,
    -35.9036865234375,
    -35.912445068359375,
    -35.92039489746094,
    -35.92749786376953,
    -35.9339599609375,
    -35.93976593017578,
    -35.94499206542969,
    -35.94972229003906,
    -35.95397186279297,
    -35.957801818847656,
    -35.961265563964844,
    -35.96441650390625,
    -35.96723175048828,
    -35.96979522705078
  ],