{
  "size": 16,
  "opt_val": -38.0,
  "method": "VQE",
  "operations": [
    "Z0_Y8",
    "Z0_Y1",
    "Z0_Y7",
    "Z0_Y4",
    "Z0_Y6",
    "Z0_Y15",
    "Z8_Y5",
    "Z8_Y14",
    "Z8_Y10",
    "Z1_Y9",
    "Z7_Y13",
    "Z4_Y3",
    "Z6_Y2",
    "Z6_Y11",
    "Z15_Y12",
    "Z8_Y1",
    "Z8_Y15",
    "Z1_Y14",
    "Z1_Y7",
    "Z1_Y10",
    "Z7_Y5",
    "Z4_Y9",
    "Z4_Y5",
    "Z6_Y15",
    "Z15_Y3",
    "Z9_Y2",
    "Z9_Y13",
    "Z9_Y12",
    "Z14_Y11",
    "Z7_Y10",
    "Z7_Y15",
    "Z4_Y14",
    "Z4_Y10",
    "Z6_Y10",
    "Z6_Y9",
    "Z14_Y2",
    "Z14_Y12",
    "Z2_Y5",
    "Z2_Y11",
    "Z5_Y3",
    "Z5_Y13",
    "Z10_Y2",
    "Z11_Y3",
    "Z11_Y13",
    "Z11_Y12",
    "Z3_Y13",
    "Z3_Y12",
    "Z13_Y12"
  ],
  "dt": 0.05,
  "lr": 0.05,
  "lam": 1.0,
  "mu": 0.9,
  "fix_step": 0,
  "constant_c": true,
  "parameters": [
    1.5691922903060913,
    1.5418492555618286,
    1.2501355409622192,
    1.570796251296997,
    1.5707505941390991,
    -0.05829617381095886,
    0.4800914227962494,
    0.46600592136383057,
    0.3354300260543823,
    0.6011374592781067,
    0.10161194205284119,
    0.49455106258392334,
    -0.2105589210987091,
    0.9004873037338257,
    0.00015278007776942104,
    -0.03579964116215706,
    0.5502349138259888,
    0.4694701135158539,
    -0.31732574105262756,
    0.3045486509799957,
    0.2820502519607544,
    0.9686074256896973,
    0.45549026131629944,
    0.5479993224143982,
    0.14104114472866058,
    0.6609100699424744,
    0.40086328983306885,
    0.5052624344825745,
    -0.005769857205450535,
    0.20720015466213226,
    0.39642512798309326,
    0.6355809569358826,
    0.47665688395500183,
    0.247032031416893,
    0.001462413463741541,
    0.6865442395210266,
    0.6461013555526733,
    0.35320383310317993,
    0.6630470156669617,
    0.20252522826194763,
    0.43354982137680054,
    0.016744695603847504,
    0.2320510745048523,
    0.44371190667152405,
    0.448901504278183,
    0.40173324942588806,
    0.01362590678036213,
    0.03783278167247772
  ],
  "opt_ratios": [
    9.155264706350863e-05,
    0.0003295518981758505,
    0.0005671380204148591,
    0.0009332330664619803,
    0.001480136183090508,
    0.002277360064908862,
    0.0034171664156019688,
    0.005023015663027763,
    0.00726063409820199,
    0.0103535708039999,
    0.014603561721742153,
    0.020416634157299995,
    0.02833506092429161,
    0.03906705975532532,
    0.05351122468709946,
    0.07275962084531784,
    0.09805428981781006,
    0.13068418204784393,
    0.17178688943386078,
    0.2220524102449417,
    0.28138184547424316,
    0.3485666811466217,
    0.42120105028152466,
    0.49595165252685547,
    0.5691655278205872,
    0.637599766254425,
    0.6989610195159912,
    0.7520903944969177,
    0.7968237400054932,
    0.8337031006813049,
    0.863660991191864,
    0.8877618312835693,
    0.907049298286438,
    0.9224545955657959,
    0.9347713589668274,
    0.9446451663970947,
    0.9525985717773438,
    0.9590405225753784,
    0.9642949104309082,
    0.9686092138290405,
    0.9721816182136536,
    0.9751622676849365,
    0.9776718616485596,
    0.9798008799552917,
    0.9816226959228516,
    0.983193576335907,
    0.9845597743988037,
    0.9857548475265503,
    0.9868093132972717,
    0.9877452850341797,
    0.9885809421539307,
    0.9893301725387573,
    0.9900078177452087,
    0.9906212687492371,
    0.9911798238754272,
    0.9916899800300598,
    0.9921579360961914,
    0.9925879240036011,
    0.9929857850074768,
    0.9933527708053589,
    0.9936923980712891,
    0.9940078854560852,
    0.9943022727966309,
    0.9945769906044006,
    0.9948320984840393,
    0.9950714707374573,
    0.9952951669692993,
    0.9955055713653564,
    0.9957021474838257,
    0.9958876967430115,
    0.9960625767707825,
    0.9962259531021118,
    0.9963811635971069,
    0.9965276718139648,
    0.9966654181480408,
    0.9967960715293884,
    0.9969194531440735,
    0.9970363974571228,
    0.9971473217010498,
    0.9972521066665649,
    0.9973522424697876,
    0.99744713306427,
    0.9975372552871704,
    0.9976232647895813,
    0.997704267501831,
    0.9977831840515137,
    0.9978564977645874,
    0.9979273676872253,
    0.9979948997497559,
    0.9980589747428894,
    0.9981210231781006,
    0.998180091381073,
    0.9982365965843201,
    0.9982908368110657,
    0.9983430504798889,
    0.9983923435211182,
    0.9984397888183594,
    0.9984853267669678,
    0.9985292553901672,
    0.9985719323158264,
    0.9986119866371155
  ],
  "expectations": [
    -23.99997329711914,
    -25.148521423339844,
    -25.64645767211914,
    -26.113605499267578,
    -26.556102752685547,
    -26.97941780090332,
    -27.38849639892578,
    -27.788225173950195,
    -28.183513641357422,
    -28.57948875427246,
    -28.981569290161133,
    -29.395305633544922,
    -29.826440811157227,
    -30.280179977416992,
    -30.760601043701172,
    -31.269824981689453,
    -31.806903839111328,
    -32.367523193359375,
    -32.94383239746094,
    -33.52519226074219,
    -34.09913635253906,
    -34.6522216796875,
    -35.1711311340332,
    -35.6441650390625,
    -36.062660217285156,
    -36.422401428222656,
    -36.72372817993164,
    -36.970672607421875,
    -37.169677734375,
    -37.32810974121094,
    -37.45329284667969,
    -37.55188751220703,
    -37.62952423095703,
    -37.69078063964844,
    -37.739356994628906,
    -37.778099060058594,
    -37.80924606323242,
    -37.83445739746094,
    -37.85511016845703,
    -37.872093200683594,
    -37.886226654052734,
    -37.89808654785156,
    -37.908180236816406,
    -37.916770935058594,
    -37.92418670654297,
    -37.93062210083008,
    -37.936279296875,
    -37.941226959228516,
    -37.945648193359375,
    -37.94959259033203,
    -37.953125,
    -37.95627975463867,
    -37.959190368652344,
    -37.96181106567383,
    -37.96419143676758,
    -37.96638107299805,
    -37.96839141845703,
    -37.970218658447266,
    -37.971961975097656,
    -37.973533630371094,
    -37.97496032714844,
    -37.97630310058594,
    -37.97758865356445,
    -37.97877502441406,
    -37.979835510253906,
    -37.980865478515625,
    -37.98179626464844,
    -37.98269271850586,
    -37.983497619628906,
    -37.984283447265625,
    -37.98503112792969,
    -37.985687255859375,
    -37.98634719848633,
    -37.98696517944336,
    -37.987518310546875,
    -37.98806381225586,
    -37.988555908203125,
    -37.98903274536133,
    -37.98948669433594,
    -37.989891052246094,
    -37.99031066894531,
    -37.99068069458008,
    -37.99104309082031,
    -37.99138641357422,
    -37.99168014526367,
    -37.992034912109375,
    -37.99228286743164,
    -37.99256134033203,
    -37.992828369140625,
    -37.99305725097656,
    -37.99330139160156,
    -37.9935302734375,
    -37.993751525878906,
    -37.99395751953125,
    -37.99416732788086,
    -37.99433135986328,
    -37.99449920654297,
    -37.994667053222656,
    -37.99482345581055,
    -37.99500274658203,
    -37.9951286315918
  ],