{
  "size": 16,
  "opt_val": -36.0,
  "method": "VQE",
  "operations": [
    "Z0_Y5",
    "Z0_Y8",
    "Z0_Y14",
    "Z0_Y7",
    "Z0_Y13",
    "Z0_Y9",
    "Z5_Y1",
    "Z5_Y6",
    "Z5_Y12",
    "Z5_Y11",
    "Z8_Y3",
    "Z8_Y4",
    "Z7_Y2",
    "Z7_Y10",
    "Z7_Y15",
    "Z5_Y8",
    "Z8_Y6",
    "Z8_Y13",
    "Z14_Y1",
    "Z14_Y4",
    "Z14_Y7",
    "Z14_Y12",
    "Z14_Y13",
    "Z13_Y2",
    "Z13_Y10",
    "Z9_Y3",
    "Z9_Y11",
    "Z9_Y10",
    "Z9_Y15",
    "Z7_Y1",
    "Z13_Y12",
    "Z9_Y12",
    "Z1_Y3",
    "Z1_Y15",
    "Z1_Y2",
    "Z3_Y4",
    "Z3_Y10",
    "Z3_Y12",
    "Z2_Y11",
    "Z2_Y6",
    "Z15_Y2",
    "Z15_Y4",
    "Z15_Y12",
    "Z11_Y4",
    "Z11_Y6",
    "Z11_Y10",
    "Z6_Y4",
    "Z6_Y10"
  ],
  "dt": 0.05,
  "lr": 0.05,
  "lam": 1.0,
  "mu": 0.9,
  "fix_step": 0,
  "constant_c": true,
  "parameters": [
    1.5707932710647583,
    -0.8727807402610779,
    1.5445994138717651,
    1.536702036857605,
    0.6819711327552795,
    1.3671759366989136,
    0.7313201427459717,
    0.026654206216335297,
    0.46190816164016724,
    0.6008917689323425,
    0.044538430869579315,
    0.007202267646789551,
    0.6385111212730408,
    0.32048869132995605,
    -0.26562026143074036,
    0.6977109313011169,
    0.7913108468055725,
    0.9164954423904419,
    0.6727369427680969,
    0.4643630087375641,
    -0.04100900888442993,
    0.20566001534461975,
    0.02766811102628708,
    1.0259836912155151,
    0.5108367800712585,
    -0.13660399615764618,
    0.9517325162887573,
    0.16690842807292938,
    0.004221463110297918,
    0.1667570173740387,
    0.30566802620887756,
    0.1143748089671135,
    1.393345594406128,
    1.3089356422424316,
    0.12330008298158646,
    0.4054965674877167,
    0.25822752714157104,
    0.33017146587371826,
    0.23732388019561768,
    0.6896510720252991,
    0.05101413652300835,
    0.514984667301178,
    0.15417946875095367,
    0.13037142157554626,
    0.11841438710689545,
    0.09032813459634781,
    0.314759761095047,
    0.4025607109069824
  ],
  "opt_ratios": [
    9.155264706350863e-05,
    0.00027380845858715475,
    0.0004335245175752789,
    0.0006574845756404102,
    0.0009608134860172868,
    0.0013595210621133447,
    0.0018700328655540943,
    0.002508718054741621,
    0.0032917179632931948,
    0.0042344494722783566,
    0.005351688712835312,
    0.006657490506768227,
    0.008165892213582993,
    0.00989137589931488,
    0.011850149370729923,
    0.014062091708183289,
    0.016551783308386803,
    0.019351279363036156,
    0.022502148523926735,
    0.02605859749019146,
    0.030089501291513443,
    0.034682031720876694,
    0.03994546830654144,
    0.04601546749472618,
    0.053057923913002014,
    0.06127331405878067,
    0.07090160250663757,
    0.08222346752882004,
    0.09556365013122559,
    0.1112823635339737,
    0.12976506352424622,
    0.1514015644788742,
    0.1765521913766861,
    0.2055022269487381,
    0.23841314017772675,
    0.27526476979255676,
    0.3158099949359894,
    0.3595576286315918,
    0.4057767689228058,
    0.45353445410728455,
    0.5017841458320618,
    0.5494471192359924,
    0.5955197215080261,
    0.6391500234603882,
    0.6796979904174805,
    0.7167552709579468,
    0.7501380443572998,
    0.7798503041267395,
    0.8060426712036133,
    0.8289628624916077,
    0.8489189743995667,
    0.8662367463111877,
    0.8812441825866699,
    0.8942462801933289,
    0.9055246114730835,
    0.9153251647949219,
    0.9238623380661011,
    0.9313213229179382,
    0.9378609657287598,
    0.9436129331588745,
    0.9486910700798035,
    0.9531898498535156,
    0.9571869969367981,
    0.9607495665550232,
    0.9639368057250977,
    0.9667941927909851,
    0.9693629741668701,
    0.9716773629188538,
    0.9737685322761536,
    0.9756636619567871,
    0.9773821830749512,
    0.9789456129074097,
    0.9803698658943176,
    0.9816707968711853,
    0.9828599095344543,
    0.9839490652084351,
    0.9849481582641602,
    0.985867440700531,
    0.9867128729820251,
    0.9874927401542664,
    0.988213062286377,
    0.9888795018196106,
    0.9894968867301941,
    0.9900693297386169,
    0.9906013011932373,
    0.991096019744873,
    0.991557240486145,
    0.9919875264167786,
    0.9923892021179199,
    0.9927645325660706,
    0.9931157231330872,
    0.993445873260498,
    0.9937544465065002,
    0.9940454959869385,
    0.9943189024925232,
    0.9945761561393738,
    0.9948185682296753,
    0.9950472712516785,
    0.9952644109725952,
    0.9954681396484375,
    0.9956617951393127
  ],
  "expectations": [
    -23.99997329711914,
    -25.14892578125,
    -25.646203994750977,
    -26.109830856323242,
    -26.543941497802734,
    -26.951648712158203,
    -27.335277557373047,
    -27.696395874023438,
    -28.036407470703125,
    -28.35614776611328,
    -28.656417846679688,
    -28.937870025634766,
    -29.20111846923828,
    -29.446941375732422,
    -29.676170349121094,
    -29.889846801757812,
    -30.0892333984375,
    -30.275741577148438,
    -30.450883865356445,
    -30.616531372070312,
    -30.77452850341797,
    -30.92673110961914,
    -31.075210571289062,
    -31.221939086914062,
    -31.368932723999023,
    -31.518115997314453,
    -31.671314239501953,
    -31.830215454101562,
    -31.99632453918457,
    -32.17066955566406,
    -32.35394287109375,
    -32.54623031616211,
    -32.74700164794922,
    -32.95500564575195,
    -33.168365478515625,
    -33.38459777832031,
    -33.60095977783203,
    -33.81443405151367,
    -34.022159576416016,
    -34.22139358520508,
    -34.40989303588867,
    -34.58576965332031,
    -34.74772262573242,
    -34.89503479003906,
    -35.027503967285156,
    -35.145408630371094,
    -35.24942398071289,
    -35.34052658081055,
    -35.419883728027344,
    -35.48870086669922,
    -35.548240661621094,
    -35.5997200012207,
    -35.64422607421875,
    -35.68271255493164,
    -35.716129302978516,
    -35.745155334472656,
    -35.770484924316406,
    -35.79262924194336,
    -35.81208038330078,
    -35.829254150390625,
    -35.84440612792969,
    -35.85784912109375,
    -35.86982727050781,
    -35.880516052246094,
    -35.890113830566406,
    -35.89872741699219,
    -35.90648651123047,
    -35.913475036621094,
    -35.91979217529297,
    -35.925559997558594,
    -35.93076705932617,
    -35.93552017211914,
    -35.93985366821289,
    -35.94383239746094,
    -35.94745635986328,
    -35.950775146484375,
    -35.953826904296875,
    -35.9566650390625,
    -35.9592399597168,
    -35.96162796020508,
    -35.963844299316406,
    -35.96589279174805,
    -35.967803955078125,
    -35.96955490112305,
    -35.97119140625,
    -35.97270965576172,
    -35.974124908447266,
    -35.9754638671875,
    -35.976707458496094,
    -35.977867126464844,
    -35.97893524169922,
    -35.9799690246582,
    -35.98090362548828,
    -35.9818115234375,
    -35.98265075683594,
    -35.983436584472656,
    -35.98417663574219,
    -35.9848747253418,
    -35.98556900024414,
    -35.986167907714844,
    -35.98677444458008
  ],