{
  "size": 16,
  "opt_val": -36.0,
  "method": "VQE",
  "operations": [
    "Z0_Y2",
    "Z0_Y5",
    "Z0_Y14",
    "Z0_Y1",
    "Z0_Y9",
    "Z0_Y15",
    "Z2_Y8",
    "Z2_Y4",
    "Z2_Y7",
    "Z2_Y10",
    "Z5_Y3",
    "Z14_Y6",
    "Z1_Y12",
    "Z1_Y13",
    "Z9_Y11",
    "Z2_Y14",
    "Z5_Y10",
    "Z5_Y15",
    "Z5_Y8",
    "Z5_Y14",
    "Z14_Y1",
    "Z1_Y7",
    "Z9_Y3",
    "Z9_Y4",
    "Z9_Y7",
    "Z9_Y12",
    "Z15_Y11",
    "Z15_Y13",
    "Z12_Y6",
    "Z14_Y8",
    "Z1_Y8",
    "Z15_Y4",
    "Z15_Y7",
    "Z12_Y3",
    "Z12_Y4",
    "Z12_Y13",
    "Z8_Y10",
    "Z8_Y13",
    "Z7_Y11",
    "Z4_Y6",
    "Z7_Y10",
    "Z13_Y3",
    "Z13_Y11",
    "Z4_Y11",
    "Z10_Y3",
    "Z10_Y6",
    "Z3_Y6",
    "Z6_Y11"
  ],
  "dt": 0.05,
  "lr": 0.05,
  "lam": 1.0,
  "mu": 0.9,
  "fix_step": 0,
  "constant_c": true,
  "parameters": [
    1.569080114364624,
    1.56695556640625,
    -0.281332403421402,
    1.4944214820861816,
    1.5707929134368896,
    1.4357593059539795,
    0.5597579479217529,
    0.673124372959137,
    0.36274731159210205,
    0.3430235981941223,
    0.49630841612815857,
    0.000155100817210041,
    0.5785245299339294,
    -0.04188845679163933,
    0.4480062425136566,
    0.6826871037483215,
    0.3633617162704468,
    -0.13467994332313538,
    0.5220139622688293,
    0.6067683100700378,
    0.08032314479351044,
    0.4762457311153412,
    0.6109869480133057,
    0.4975614845752716,
    0.3471667766571045,
    0.9895057678222656,
    0.32890450954437256,
    0.0967288464307785,
    0.5599849820137024,
    0.16551098227500916,
    0.6544801592826843,
    0.49611011147499084,
    0.3847295045852661,
    0.04887247085571289,
    0.0960790291428566,
    0.7888584733009338,
    0.504359245300293,
    0.8367681503295898,
    0.20124506950378418,
    0.42707324028015137,
    0.43658003211021423,
    0.5119123458862305,
    0.5962287783622742,
    0.20231038331985474,
    0.0009197039762511849,
    0.00025529725826345384,
    0.5837578177452087,
    0.6011806726455688
  ],
  "opt_ratios": [
    6.1035098042339087e-05,
    0.00018744947738014162,
    0.00030067647458054125,
    0.0004640415427275002,
    0.0006934019038453698,
    0.0010081736836582422,
    0.0014320631744340062,
    0.0019940172787755728,
    0.0027294489555060863,
    0.0036816196516156197,
    0.004903973080217838,
    0.006461946293711662,
    0.008436553180217743,
    0.010928062722086906,
    0.014060605317354202,
    0.017988083884119987,
    0.022900493815541267,
    0.029032684862613678,
    0.03667270392179489,
    0.04617117717862129,
    0.05795050039887428,
    0.07250877469778061,
    0.09041609615087509,
    0.11230424791574478,
    0.13882306218147278,
    0.17058520019054413,
    0.20807069540023804,
    0.2515004277229309,
    0.30069780349731445,
    0.3549870252609253,
    0.4131399393081665,
    0.47345152497291565,
    0.5339400768280029,
    0.5926231741905212,
    0.6477944850921631,
    0.698223352432251,
    0.7432264089584351,
    0.7826023697853088,
    0.816534698009491,
    0.8454470634460449,
    0.8698863983154297,
    0.8904315233230591,
    0.907639741897583,
    0.9220276474952698,
    0.9340511560440063,
    0.9440880417823792,
    0.9524802565574646,
    0.9594926238059998,
    0.9653693437576294,
    0.9702965021133423,
    0.974431037902832,
    0.9779089093208313,
    0.9808434844017029,
    0.9833233952522278,
    0.985427975654602,
    0.9872137904167175,
    0.9887357950210571,
    0.9900370836257935,
    0.99114990234375,
    0.9921064376831055,
    0.9929313659667969,
    0.9936443567276001,
    0.9942636489868164,
    0.9948042631149292,
    0.9952757358551025,
    0.9956891536712646,
    0.9960541129112244,
    0.9963772892951965,
    0.9966639280319214,
    0.9969189763069153,
    0.9971469044685364,
    0.9973516464233398,
    0.9975361227989197,
    0.9977028369903564,
    0.9978540539741516,
    0.997991681098938,
    0.9981171488761902,
    0.9982315301895142,
    0.9983376860618591,
    0.9984345436096191,
    0.9985250234603882,
    0.998607873916626,
    0.9986857175827026,
    0.9987568855285645,
    0.9988237023353577,
    0.9988869428634644,
    0.9989449977874756,
    0.998999834060669,
    0.9990507364273071,
    0.99909907579422,
    0.9991448521614075,
    0.9991871118545532,
    0.9992278814315796,
    0.9992651343345642,
    0.9993008971214294,
    0.9993350505828857,
    0.9993671774864197,
    0.9993972778320312,
    0.9994257092475891,
    0.9994533658027649,
    0.9994794130325317
  ],
  "expectations": [
    -23.99997329711914,
    -25.140235900878906,
    -25.62102508544922,
    -26.064380645751953,
    -26.47615623474121,
    -26.86109161376953,
    -27.22315216064453,
    -27.565692901611328,
    -27.89162254333496,
    -28.203527450561523,
    -28.503786087036133,
    -28.79437255859375,
    -29.07713508605957,
    -29.353649139404297,
    -29.625276565551758,
    -29.893238067626953,
    -30.15856170654297,
    -30.422256469726562,
    -30.685077667236328,
    -30.947872161865234,
    -31.211362838745117,
    -31.476268768310547,
    -31.7431640625,
    -32.012672424316406,
    -32.28493118286133,
    -32.559913635253906,
    -32.83707809448242,
    -33.11518096923828,
    -33.39216613769531,
    -33.66526412963867,
    -33.93071746826172,
    -34.18452453613281,
    -34.422630310058594,
    -34.641441345214844,
    -34.83858871459961,
    -35.01292419433594,
    -35.16455841064453,
    -35.294612884521484,
    -35.405059814453125,
    -35.49810028076172,
    -35.576072692871094,
    -35.641212463378906,
    -35.695526123046875,
    -35.7408447265625,
    -35.77864074707031,
    -35.81023406982422,
    -35.836692810058594,
    -35.85887145996094,
    -35.877525329589844,
    -35.89326477050781,
    -35.90656280517578,
    -35.917816162109375,
    -35.92742156982422,
    -35.93560791015625,
    -35.942665100097656,
    -35.94867706298828,
    -35.95388412475586,
    -35.95842361450195,
    -35.96234130859375,
    -35.96575927734375,
    -35.9687614440918,
    -35.97139358520508,
    -35.973716735839844,
    -35.975807189941406,
    -35.977630615234375,
    -35.97926330566406,
    -35.98072814941406,
    -35.982078552246094,
    -35.9832763671875,
    -35.98436737060547,
    -35.98535919189453,
    -35.98626708984375,
    -35.98710250854492,
    -35.987857818603516,
    -35.988563537597656,
    -35.98921203613281,
    -35.98980712890625,
    -35.990333557128906,
    -35.990875244140625,
    -35.991336822509766,
    -35.99180603027344,
    -35.992218017578125,
    -35.99263000488281,
    -35.99298858642578,
    -35.99332809448242,
    -35.99367904663086,
    -35.99397659301758,
    -35.99427032470703,
    -35.994529724121094,
    -35.99479675292969,
    -35.99505615234375,
    -35.995269775390625,
    -35.99550247192383,
    -35.99568557739258,
    -35.995872497558594,
    -35.996070861816406,
    -35.996246337890625,
    -35.99639892578125,
    -35.996559143066406,
    -35.99671936035156,
    -35.99687194824219
  ],