{
  "size": 16,
  "opt_val": -36.0,
  "method": "VQE",
  "operations": [
    "Z0_Y2",
    "Z0_Y5",
    "Z0_Y14",
    "Z0_Y10",
    "Z0_Y6",
    "Z0_Y15",
    "Z2_Y1",
    "Z2_Y8",
    "Z2_Y3",
    "Z2_Y12",
    "Z5_Y9",
    "Z14_Y4",
    "Z14_Y11",
    "Z10_Y7",
    "Z6_Y13",
    "Z2_Y5",
    "Z5_Y1",
    "Z5_Y3",
    "Z5_Y14",
    "Z14_Y10",
    "Z14_Y12",
    "Z10_Y6",
    "Z6_Y4",
    "Z6_Y15",
    "Z6_Y7",
    "Z15_Y8",
    "Z15_Y9",
    "Z1_Y11",
    "Z3_Y13",
    "Z10_Y1",
    "Z10_Y12",
    "Z15_Y1",
    "Z15_Y7",
    "Z1_Y3",
    "Z3_Y11",
    "Z11_Y8",
    "Z11_Y9",
    "Z11_Y13",
    "Z8_Y4",
    "Z3_Y12",
    "Z8_Y7",
    "Z8_Y13",
    "Z12_Y9",
    "Z12_Y13",
    "Z13_Y4",
    "Z4_Y9",
    "Z4_Y7",
    "Z9_Y7"
  ],
  "dt": 0.05,
  "lr": 0.05,
  "lam": 1.0,
  "mu": 0.9,
  "fix_step": 0,
  "constant_c": true,
  "parameters": [
    1.569108009338379,
    1.2242698669433594,
    -0.8535233736038208,
    1.2655482292175293,
    -0.5238072872161865,
    1.0057399272918701,
    0.639546811580658,
    0.5853750109672546,
    0.5627676248550415,
    0.2227599024772644,
    0.1503981649875641,
    0.07629163563251495,
    0.06427308917045593,
    0.2020733803510666,
    0.007966898381710052,
    -0.34315264225006104,
    0.6398457288742065,
    0.972279965877533,
    0.7194535136222839,
    0.2963491976261139,
    1.0092675685882568,
    1.045528531074524,
    0.6823356747627258,
    0.5650798678398132,
    0.30350929498672485,
    0.5265070796012878,
    0.35076797008514404,
    0.20873799920082092,
    0.40134119987487793,
    0.16789326071739197,
    0.15298864245414734,
    0.1304883360862732,
    0.34264251589775085,
    -0.03687101975083351,
    1.3055814504623413,
    0.4592229127883911,
    0.5896908044815063,
    0.355787456035614,
    0.8068234324455261,
    0.5407112240791321,
    0.36074256896972656,
    0.36816468834877014,
    0.14769336581230164,
    0.8656107783317566,
    0.0223813708871603,
    0.3401642143726349,
    0.41398030519485474,
    0.45513325929641724
  ],
  "opt_ratios": [
    0.0002136228431481868,
    0.0006446073530241847,
    0.0010195004288107157,
    0.00154540641233325,
    0.002259898232296109,
    0.0032037466298788786,
    0.004420606419444084,
    0.00595657667145133,
    0.007859780453145504,
    0.010180825367569923,
    0.012973932549357414,
    0.016298310831189156,
    0.020221488550305367,
    0.024822847917675972,
    0.03019729070365429,
    0.03646170347929001,
    0.043759893625974655,
    0.05227111652493477,
    0.06221511960029602,
    0.07386194169521332,
    0.08753903210163116,
    0.10363534092903137,
    0.12260187417268753,
    0.14494910836219788,
    0.17122229933738708,
    0.20196327567100525,
    0.23763564229011536,
    0.278522253036499,
    0.32459861040115356,
    0.3753832280635834,
    0.4298569858074188,
    0.4864579439163208,
    0.5432400107383728,
    0.598168671131134,
    0.6494439840316772,
    0.6957869529724121,
    0.7365443110466003,
    0.7716343402862549,
    0.8013978004455566,
    0.8264173269271851,
    0.847368061542511,
    0.8649133443832397,
    0.8796527981758118,
    0.8920989632606506,
    0.9026747941970825,
    0.9117308259010315,
    0.9195390939712524,
    0.9263226389884949,
    0.9322572946548462,
    0.9374849796295166,
    0.9421214461326599,
    0.9462563991546631,
    0.9499651789665222,
    0.9533063769340515,
    0.9563316106796265,
    0.9590815305709839,
    0.9615899324417114,
    0.9638869166374207,
    0.9659954905509949,
    0.9679376482963562,
    0.9697291254997253,
    0.9713875651359558,
    0.9729235172271729,
    0.9743509888648987,
    0.9756786823272705,
    0.9769154191017151,
    0.9780706167221069,
    0.9791492223739624,
    0.9801607728004456,
    0.9811068177223206,
    0.9819952845573425,
    0.9828301072120667,
    0.9836136102676392,
    0.9843517541885376,
    0.9850462079048157,
    0.9857021570205688,
    0.9863202571868896,
    0.9869029521942139,
    0.9874540567398071,
    0.9879757761955261,
    0.9884698390960693,
    0.9889366030693054,
    0.9893803596496582,
    0.9898000955581665,
    0.9901987910270691,
    0.9905766248703003,
    0.9909364581108093,
    0.9912784695625305,
    0.9916043281555176,
    0.9919136762619019,
    0.9922093749046326,
    0.9924895763397217,
    0.9927576184272766,
    0.9930124878883362,
    0.9932568073272705,
    0.9934898614883423,
    0.9937121868133545,
    0.9939248561859131,
    0.9941280484199524,
    0.9943220615386963,
    0.9945077896118164
  ],
  "expectations": [
    -23.99997329711914,
    -25.14361572265625,
    -25.63246726989746,
    -26.087337493896484,
    -26.51333999633789,
    -26.914024353027344,
    -27.291946411132812,
    -27.648967742919922,
    -27.986400604248047,
    -28.30539321899414,
    -28.60698127746582,
    -28.89209747314453,
    -29.161930084228516,
    -29.41757583618164,
    -29.66046142578125,
    -29.89214324951172,
    -30.11427879333496,
    -30.328882217407227,
    -30.537921905517578,
    -30.74364471435547,
    -30.948463439941406,
    -31.154800415039062,
    -31.365222930908203,
    -31.582313537597656,
    -31.808610916137695,
    -32.046302795410156,
    -32.297027587890625,
    -32.561439514160156,
    -32.83878707885742,
    -33.12622833251953,
    -33.41889190673828,
    -33.70990753173828,
    -33.99115753173828,
    -34.25483703613281,
    -34.49447250366211,
    -34.7061767578125,
    -34.88880157470703,
    -35.043373107910156,
    -35.17261505126953,
    -35.279911041259766,
    -35.36883544921875,
    -35.442626953125,
    -35.50416946411133,
    -35.555843353271484,
    -35.599510192871094,
    -35.63677978515625,
    -35.66877365112305,
    -35.69651412963867,
    -35.720706939697266,
    -35.741981506347656,
    -35.760826110839844,
    -35.77761459350586,
    -35.79265213012695,
    -35.80615997314453,
    -35.81840515136719,
    -35.82951354980469,
    -35.83964538574219,
    -35.848960876464844,
    -35.857460021972656,
    -35.865333557128906,
    -35.87255096435547,
    -35.8792724609375,
    -35.88549041748047,
    -35.89130401611328,
    -35.89669418334961,
    -35.901702880859375,
    -35.906436920166016,
    -35.91082763671875,
    -35.91498565673828,
    -35.91883087158203,
    -35.92247772216797,
    -35.925926208496094,
    -35.92913055419922,
    -35.93218994140625,
    -35.9350471496582,
    -35.93778610229492,
    -35.94035339355469,
    -35.94275665283203,
    -35.945045471191406,
    -35.947242736816406,
    -35.949317932128906,
    -35.951263427734375,
    -35.953163146972656,
    -35.95491027832031,
    -35.95660400390625,
    -35.95817565917969,
    -35.95970153808594,
    -35.96114730834961,
    -35.962554931640625,
    -35.9638671875,
    -35.965152740478516,
    -35.96632766723633,
    -35.96747589111328,
    -35.96855163574219,
    -35.96961975097656,
    -35.97062683105469,
    -35.971588134765625,
    -35.97251510620117,
    -35.97339630126953,
    -35.9742317199707,
    -35.97502899169922
  ],