{
  "size": 16,
  "opt_val": -36.0,
  "method": "VQE",
  "operations": [
    "Z0_Y5",
    "Z0_Y11",
    "Z0_Y1",
    "Z0_Y7",
    "Z0_Y3",
    "Z0_Y6",
    "Z5_Y2",
    "Z5_Y10",
    "Z5_Y15",
    "Z5_Y8",
    "Z11_Y9",
    "Z1_Y14",
    "Z1_Y4",
    "Z7_Y12",
    "Z6_Y13",
    "Z5_Y3",
    "Z11_Y1",
    "Z11_Y3",
    "Z11_Y7",
    "Z11_Y15",
    "Z1_Y8",
    "Z7_Y9",
    "Z7_Y14",
    "Z3_Y4",
    "Z3_Y10",
    "Z3_Y12",
    "Z6_Y4",
    "Z14_Y2",
    "Z4_Y13",
    "Z1_Y7",
    "Z6_Y12",
    "Z6_Y8",
    "Z6_Y10",
    "Z8_Y9",
    "Z8_Y15",
    "Z14_Y9",
    "Z4_Y2",
    "Z4_Y12",
    "Z2_Y13",
    "Z8_Y12",
    "Z14_Y10",
    "Z14_Y15",
    "Z2_Y9",
    "Z2_Y15",
    "Z13_Y9",
    "Z13_Y12",
    "Z13_Y10",
    "Z15_Y10"
  ],
  "dt": 0.05,
  "lr": 0.05,
  "lam": 1.0,
  "mu": 0.9,
  "fix_step": 0,
  "constant_c": true,
  "parameters": [
    1.5533744096755981,
    -1.5707411766052246,
    1.5216126441955566,
    0.9394752979278564,
    0.8633078932762146,
    1.5707509517669678,
    1.1783554553985596,
    0.329725444316864,
    0.13585402071475983,
    0.3364005386829376,
    0.5203166007995605,
    0.6646293997764587,
    0.419599324464798,
    0.15049396455287933,
    -0.11310983449220657,
    0.0021604562643915415,
    0.047947824001312256,
    0.7096524238586426,
    0.6419437527656555,
    0.5875883102416992,
    0.7579662799835205,
    0.18286925554275513,
    0.9046885967254639,
    0.6191798448562622,
    0.3836473226547241,
    0.6357551217079163,
    0.5316817164421082,
    -0.14757050573825836,
    0.6304893493652344,
    0.01813642308115959,
    0.4874856770038605,
    0.4764443635940552,
    0.39813852310180664,
    0.6799105405807495,
    0.5771393179893494,
    0.4703257381916046,
    -0.24511554837226868,
    0.10141352564096451,
    0.8272138237953186,
    0.17651410400867462,
    0.15626636147499084,
    0.3247893452644348,
    0.3571775555610657,
    0.21742120385169983,
    0.2743392586708069,
    0.5942066311836243,
    0.25065940618515015,
    0.3645264506340027
  ],
  "opt_ratios": [
    3.0517549021169543e-05,
    9.325629798695445e-05,
    0.00015043866005726159,
    0.00023391476133838296,
    0.0003524118510540575,
    0.0005165297188796103,
    0.0007390162209048867,
    0.0010349038057029247,
    0.001421844819560647,
    0.0019206280121579766,
    0.002555654151365161,
    0.0033558146096765995,
    0.004355811979621649,
    0.005597430281341076,
    0.00713153462857008,
    0.009020698256790638,
    0.011342013254761696,
    0.014190678484737873,
    0.0176840890198946,
    0.02196633070707321,
    0.02721431478857994,
    0.03364184498786926,
    0.0415063314139843,
    0.05111200362443924,
    0.06281346827745438,
    0.07701469212770462,
    0.09416747838258743,
    0.11475460231304169,
    0.1392711102962494,
    0.16819249093532562,
    0.20191387832164764,
    0.24069392681121826,
    0.2845563590526581,
    0.33320021629333496,
    0.3859215974807739,
    0.44158247113227844,
    0.49867719411849976,
    0.5554614067077637,
    0.610188901424408,
    0.6613386273384094,
    0.7078055143356323,
    0.7489768862724304,
    0.7847061157226562,
    0.81522136926651,
    0.8409926295280457,
    0.8626084327697754,
    0.8806878328323364,
    0.8958126902580261,
    0.9084993600845337,
    0.9191898703575134,
    0.9282501339912415,
    0.9359811544418335,
    0.942619264125824,
    0.9483591318130493,
    0.9533523917198181,
    0.9577229022979736,
    0.9615695476531982,
    0.9649693965911865,
    0.9679884910583496,
    0.9706817269325256,
    0.9730880260467529,
    0.9752480983734131,
    0.9771923422813416,
    0.9789463877677917,
    0.9805327653884888,
    0.9819695353507996,
    0.9832746386528015,
    0.9844619035720825,
    0.985542893409729,
    0.9865309596061707,
    0.9874335527420044,
    0.9882608652114868,
    0.9890198111534119,
    0.9897156357765198,
    0.9903566837310791,
    0.9909468293190002,
    0.9914908409118652,
    0.9919939041137695,
    0.9924589395523071,
    0.9928903579711914,
    0.9932906627655029,
    0.9936612844467163,
    0.9940066933631897,
    0.9943283200263977,
    0.9946280121803284,
    0.994907557964325,
    0.9951698780059814,
    0.9954153299331665,
    0.9956452250480652,
    0.9958604574203491,
    0.9960612058639526,
    0.9962517619132996,
    0.9964306354522705,
    0.9965996742248535,
    0.9967578649520874,
    0.9969083666801453,
    0.9970503449440002,
    0.9971830248832703,
    0.9973089098930359,
    0.9974290728569031,
    0.9975413680076599
  ],
  "expectations": [
    -23.99997329711914,
    -25.139873504638672,
    -25.618968963623047,
    -26.05858612060547,
    -26.464008331298828,
    -26.839303970336914,
    -27.187908172607422,
    -27.51259994506836,
    -27.81581687927246,
    -28.099729537963867,
    -28.366397857666016,
    -28.6178035736084,
    -28.855899810791016,
    -29.082698822021484,
    -29.3001766204834,
    -29.510372161865234,
    -29.715286254882812,
    -29.917057037353516,
    -30.117656707763672,
    -30.31903839111328,
    -30.52312660217285,
    -30.731609344482422,
    -30.945903778076172,
    -31.167098999023438,
    -31.395893096923828,
    -31.632516860961914,
    -31.876644134521484,
    -32.12742233276367,
    -32.38359832763672,
    -32.643585205078125,
    -32.9053840637207,
    -33.16706085205078,
    -33.42650604248047,
    -33.68136215209961,
    -33.92913055419922,
    -34.16699981689453,
    -34.392066955566406,
    -34.60137939453125,
    -34.79241943359375,
    -34.963401794433594,
    -35.11362838745117,
    -35.243431091308594,
    -35.35395050048828,
    -35.44707107543945,
    -35.52490997314453,
    -35.58977127075195,
    -35.643768310546875,
    -35.688819885253906,
    -35.726531982421875,
    -35.758243560791016,
    -35.785125732421875,
    -35.80805206298828,
    -35.8277587890625,
    -35.84480285644531,
    -35.859642028808594,
    -35.872642517089844,
    -35.884098052978516,
    -35.894248962402344,
    -35.903236389160156,
    -35.911338806152344,
    -35.91853332519531,
    -35.925025939941406,
    -35.930877685546875,
    -35.9361686706543,
    -35.940956115722656,
    -35.94530487060547,
    -35.94927978515625,
    -35.9528923034668,
    -35.9561653137207,
    -35.95920181274414,
    -35.961952209472656,
    -35.964500427246094,
    -35.96684265136719,
    -35.96895980834961,
    -35.97095489501953,
    -35.97276306152344,
    -35.97443389892578,
    -35.97598648071289,
    -35.9774169921875,
    -35.97877502441406,
    -35.980018615722656,
    -35.98115539550781,
    -35.98223114013672,
    -35.98322677612305,
    -35.98413848876953,
    -35.984981536865234,
    -35.985809326171875,
    -35.98656463623047,
    -35.987274169921875,
    -35.98793029785156,
    -35.98851776123047,
    -35.98912048339844,
    -35.98966598510742,
    -35.99020004272461,
    -35.990657806396484,
    -35.99111557006836,
    -35.99156951904297,
    -35.99192810058594,
    -35.99230194091797,
    -35.99267578125,
    -35.99296951293945
  ],