{
  "size": 16,
  "opt_val": -36.0,
  "method": "VQE",
  "operations": [
    "Z0_Y5",
    "Z0_Y8",
    "Z0_Y11",
    "Z0_Y7",
    "Z0_Y3",
    "Z0_Y15",
    "Z5_Y13",
    "Z5_Y10",
    "Z5_Y12",
    "Z8_Y1",
    "Z8_Y2",
    "Z8_Y6",
    "Z11_Y4",
    "Z11_Y9",
    "Z7_Y14",
    "Z5_Y7",
    "Z5_Y11",
    "Z8_Y7",
    "Z8_Y15",
    "Z11_Y3",
    "Z11_Y13",
    "Z7_Y1",
    "Z7_Y2",
    "Z3_Y10",
    "Z3_Y6",
    "Z3_Y14",
    "Z15_Y12",
    "Z1_Y9",
    "Z6_Y4",
    "Z3_Y2",
    "Z15_Y1",
    "Z15_Y13",
    "Z15_Y14",
    "Z1_Y6",
    "Z6_Y2",
    "Z9_Y4",
    "Z9_Y14",
    "Z9_Y10",
    "Z9_Y12",
    "Z1_Y13",
    "Z6_Y13",
    "Z13_Y12",
    "Z2_Y4",
    "Z2_Y12",
    "Z4_Y14",
    "Z4_Y10",
    "Z12_Y10",
    "Z10_Y14"
  ],
  "dt": 0.05,
  "lr": 0.05,
  "lam": 1.0,
  "mu": 0.9,
  "fix_step": 0,
  "constant_c": true,
  "parameters": [
    1.5392554998397827,
    1.5673972368240356,
    -1.5377041101455688,
    1.4559266567230225,
    0.8054072260856628,
    1.3870036602020264,
    0.13531313836574554,
    0.44116392731666565,
    0.3981345295906067,
    0.5117800831794739,
    0.4010080099105835,
    0.6116273999214172,
    0.3228079378604889,
    0.6607029438018799,
    0.3461170792579651,
    0.029512016102671623,
    0.03532126545906067,
    -0.14297959208488464,
    -0.18328610062599182,
    0.7653828859329224,
    0.6430470943450928,
    1.0533626079559326,
    0.4953637421131134,
    0.5358622670173645,
    0.9806424975395203,
    0.3896626830101013,
    0.5852223634719849,
    0.909771740436554,
    0.6073826551437378,
    0.7149962186813354,
    0.009017434902489185,
    0.127115860581398,
    0.31752705574035645,
    0.03006126545369625,
    0.04053870961070061,
    0.063819520175457,
    0.33443960547447205,
    0.33892983198165894,
    0.5144452452659607,
    0.580112874507904,
    0.6099101305007935,
    0.48871785402297974,
    0.7045345306396484,
    0.41578686237335205,
    0.34595346450805664,
    0.5056203007698059,
    0.25074636936187744,
    0.1616755723953247
  ],
  "opt_ratios": [
    3.0517549021169543e-05,
    9.382336429553106e-05,
    0.00015191550482995808,
    0.00023709025117568672,
    0.00035840386408381164,
    0.0005268280510790646,
    0.0007554095354862511,
    0.0010593849001452327,
    0.001456278725527227,
    0.001966145122423768,
    0.002611795673146844,
    0.0034191254526376724,
    0.004417626187205315,
    0.005641097202897072,
    0.007128777448087931,
    0.008926437236368656,
    0.011087789200246334,
    0.013677751645445824,
    0.016774149611592293,
    0.02047177217900753,
    0.024887092411518097,
    0.030163511633872986,
    0.03647713363170624,
    0.04404448717832565,
    0.05313023179769516,
    0.06405280530452728,
    0.07719310373067856,
    0.0929909199476242,
    0.11193909496068954,
    0.134564608335495,
    0.16138368844985962,
    0.19283634424209595,
    0.22919784486293793,
    0.27047157287597656,
    0.31628793478012085,
    0.3658500611782074,
    0.41795477271080017,
    0.4711146354675293,
    0.5237628817558289,
    0.5744619369506836,
    0.6220963001251221,
    0.6659334301948547,
    0.7056311964988708,
    0.741146981716156,
    0.772652268409729,
    0.8004373908042908,
    0.8248451948165894,
    0.8462347388267517,
    0.8649452924728394,
    0.881295382976532,
    0.8955764174461365,
    0.9080485105514526,
    0.918938934803009,
    0.9284539222717285,
    0.9367713928222656,
    0.9440481662750244,
    0.9504207372665405,
    0.9560070633888245,
    0.960909366607666,
    0.9652175903320312,
    0.9690088629722595,
    0.9723487496376038,
    0.9752967357635498,
    0.9779006838798523,
    0.9802045226097107,
    0.982245147228241,
    0.9840554594993591,
    0.9856632351875305,
    0.9870930910110474,
    0.9883668422698975,
    0.9895012974739075,
    0.99051433801651,
    0.9914193749427795,
    0.9922285676002502,
    0.992953360080719,
    0.9936023950576782,
    0.9941850900650024,
    0.9947071671485901,
    0.9951779842376709,
    0.9956000447273254,
    0.9959810376167297,
    0.996323823928833,
    0.9966332316398621,
    0.9969126582145691,
    0.9971654415130615,
    0.9973937273025513,
    0.9976010322570801,
    0.9977869391441345,
    0.9979574084281921,
    0.9981111884117126,
    0.9982514977455139,
    0.9983773231506348,
    0.9984928369522095,
    0.9985982179641724,
    0.9986940026283264,
    0.9987814426422119,
    0.9988608360290527,
    0.998934268951416,
    0.9990019202232361,
    0.9990646839141846,
    0.9991196393966675
  ],
  "expectations": [
    -23.99997329711914,
    -25.13949203491211,
    -25.61850357055664,
    -26.0587158203125,
    -26.465438842773438,
    -26.842788696289062,
    -27.194040298461914,
    -27.521940231323242,
    -27.828689575195312,
    -28.116329193115234,
    -28.386676788330078,
    -28.64130401611328,
    -28.881793975830078,
    -29.10955810546875,
    -29.325889587402344,
    -29.532089233398438,
    -29.729415893554688,
    -29.919010162353516,
    -30.102067947387695,
    -30.27988052368164,
    -30.45372772216797,
    -30.625030517578125,
    -30.795257568359375,
    -30.96615982055664,
    -31.13947296142578,
    -31.317073822021484,
    -31.500930786132812,
    -31.692989349365234,
    -31.894878387451172,
    -32.10810852050781,
    -32.33348083496094,
    -32.570899963378906,
    -32.81932830810547,
    -33.07621765136719,
    -33.337806701660156,
    -33.599098205566406,
    -33.85451126098633,
    -34.09849548339844,
    -34.32627868652344,
    -34.53440856933594,
    -34.72119140625,
    -34.8863639831543,
    -35.030879974365234,
    -35.156463623046875,
    -35.265174865722656,
    -35.35911178588867,
    -35.440250396728516,
    -35.510414123535156,
    -35.571083068847656,
    -35.62360382080078,
    -35.669166564941406,
    -35.70874786376953,
    -35.74311828613281,
    -35.7730598449707,
    -35.799163818359375,
    -35.82194519042969,
    -35.84185791015625,
    -35.85930633544922,
    -35.874576568603516,
    -35.888004302978516,
    -35.89982604980469,
    -35.910240173339844,
    -35.919437408447266,
    -35.92756652832031,
    -35.93478012084961,
    -35.94116973876953,
    -35.94683837890625,
    -35.95188903808594,
    -35.95640563964844,
    -35.96043395996094,
    -35.964012145996094,
    -35.96722412109375,
    -35.970115661621094,
    -35.97270202636719,
    -35.97502899169922,
    -35.97711944580078,
    -35.9790153503418,
    -35.9807014465332,
    -35.982261657714844,
    -35.9836311340332,
    -35.984901428222656,
    -35.98602294921875,
    -35.987064361572266,
    -35.988014221191406,
    -35.988861083984375,
    -35.98963928222656,
    -35.9903564453125,
    -35.9909782409668,
    -35.9915771484375,
    -35.99210739135742,
    -35.99262237548828,
    -35.9930419921875,
    -35.99346160888672,
    -35.993858337402344,
    -35.994224548339844,
    -35.994544982910156,
    -35.994834899902344,
    -35.9951057434082,
    -35.99535369873047,
    -35.995628356933594,
    -35.99583053588867
  ],