{
  "size": 16,
  "opt_val": -36.0,
  "method": "VQE",
  "operations": [
    "Z0_Y5",
    "Z0_Y1",
    "Z0_Y4",
    "Z0_Y13",
    "Z0_Y6",
    "Z0_Y15",
    "Z5_Y7",
    "Z5_Y10",
    "Z5_Y8",
    "Z5_Y14",
    "Z1_Y9",
    "Z1_Y3",
    "Z4_Y2",
    "Z13_Y11",
    "Z15_Y12",
    "Z5_Y4",
    "Z1_Y6",
    "Z1_Y14",
    "Z1_Y7",
    "Z4_Y3",
    "Z4_Y8",
    "Z4_Y13",
    "Z13_Y2",
    "Z13_Y15",
    "Z6_Y8",
    "Z6_Y10",
    "Z6_Y9",
    "Z3_Y12",
    "Z7_Y11",
    "Z13_Y3",
    "Z6_Y14",
    "Z15_Y9",
    "Z15_Y10",
    "Z15_Y14",
    "Z9_Y2",
    "Z9_Y3",
    "Z3_Y7",
    "Z14_Y12",
    "Z7_Y8",
    "Z2_Y11",
    "Z9_Y14",
    "Z7_Y10",
    "Z2_Y8",
    "Z2_Y12",
    "Z8_Y11",
    "Z11_Y10",
    "Z11_Y12",
    "Z12_Y10"
  ],
  "dt": 0.05,
  "lr": 0.05,
  "lam": 1.0,
  "mu": 0.9,
  "fix_step": 0,
  "constant_c": true,
  "parameters": [
    1.5690703392028809,
    1.562342643737793,
    0.914937436580658,
    -1.4971204996109009,
    1.3663315773010254,
    1.1093196868896484,
    0.4529999792575836,
    0.49097052216529846,
    0.5165565609931946,
    0.5698953866958618,
    0.2745717167854309,
    -0.09309133887290955,
    0.019764157012104988,
    0.534414529800415,
    0.05340190231800079,
    -0.22161562740802765,
    -0.20447298884391785,
    0.44098347425460815,
    0.623460054397583,
    0.06256812810897827,
    0.09963355958461761,
    0.07728984951972961,
    0.7412629723548889,
    0.4600854516029358,
    0.6576690077781677,
    0.5476590991020203,
    0.46443691849708557,
    0.008887546136975288,
    0.12384592741727829,
    0.8170806765556335,
    0.45980799198150635,
    0.8317750692367554,
    0.43536025285720825,
    0.2488480508327484,
    0.8472752571105957,
    0.7165864109992981,
    0.501671314239502,
    0.09314614534378052,
    0.023418745025992393,
    -0.09515078365802765,
    0.1511092633008957,
    0.11558559536933899,
    0.3238969147205353,
    0.9505741596221924,
    0.8259317278862,
    0.3505684435367584,
    0.6558501124382019,
    0.13812032341957092
  ],
  "opt_ratios": [
    6.1035098042339087e-05,
    0.00018531872774474323,
    0.0002963527222163975,
    0.0004560124361887574,
    0.0006793595966883004,
    0.0009846541797742248,
    0.0013939959462732077,
    0.0019339575665071607,
    0.0026364908553659916,
    0.0035400185734033585,
    0.004690772853791714,
    0.006144261918962002,
    0.007967010140419006,
    0.010238672606647015,
    0.0130536500364542,
    0.01652340777218342,
    0.020777978003025055,
    0.025967299938201904,
    0.032261718064546585,
    0.039850860834121704,
    0.04894159734249115,
    0.05975478142499924,
    0.0725228562951088,
    0.08748264610767365,
    0.10487252473831177,
    0.12493344396352768,
    0.1479068398475647,
    0.17402802407741547,
    0.2035277932882309,
    0.23661266267299652,
    0.2734323740005493,
    0.31403547525405884,
    0.35830292105674744,
    0.40588241815567017,
    0.45613202452659607,
    0.5081026554107666,
    0.5605795383453369,
    0.6121841669082642,
    0.6615361571311951,
    0.707433819770813,
    0.7489922642707825,
    0.7857100963592529,
    0.8174717426300049,
    0.8444884419441223,
    0.867174506187439,
    0.8860695958137512,
    0.9017322063446045,
    0.914710521697998,
    0.925475001335144,
    0.9344476461410522,
    0.9419695734977722,
    0.9483159780502319,
    0.9537116289138794,
    0.9583302736282349,
    0.9623170495033264,
    0.9657809734344482,
    0.9688153266906738,
    0.9714846611022949,
    0.9738457202911377,
    0.9759464263916016,
    0.977822482585907,
    0.9795042276382446,
    0.9810164570808411,
    0.9823827743530273,
    0.983620285987854,
    0.9847432971000671,
    0.985765814781189,
    0.9866993427276611,
    0.9875508546829224,
    0.9883336424827576,
    0.989052414894104,
    0.989713728427887,
    0.9903221130371094,
    0.9908851385116577,
    0.9914042353630066,
    0.9918868541717529,
    0.9923334121704102,
    0.9927484393119812,
    0.9931348562240601,
    0.9934952259063721,
    0.9938311576843262,
    0.994144856929779,
    0.9944385290145874,
    0.9947142601013184,
    0.9949720501899719,
    0.995214581489563,
    0.9954425096511841,
    0.9956560730934143,
    0.995857834815979,
    0.9960470795631409,
    0.9962273240089417,
    0.996396541595459,
    0.9965571165084839,
    0.996708869934082,
    0.9968514442443848,
    0.9969866275787354,
    0.9971157312393188,
    0.9972379207611084,
    0.9973536729812622,
    0.9974638223648071,
    0.9975685477256775
  ],
  "expectations": [
    -23.99997329711914,
    -25.13911247253418,
    -25.6170654296875,
    -26.05571746826172,
    -26.460622787475586,
    -26.836259841918945,
    -27.186344146728516,
    -27.514083862304688,
    -27.822284698486328,
    -28.113521575927734,
    -28.39013671875,
    -28.6544189453125,
    -28.908519744873047,
    -29.15450668334961,
    -29.39445686340332,
    -29.630287170410156,
    -29.86392593383789,
    -30.097082138061523,
    -30.331260681152344,
    -30.567777633666992,
    -30.807525634765625,
    -31.051050186157227,
    -31.298343658447266,
    -31.54883575439453,
    -31.801570892333984,
    -32.055137634277344,
    -32.308006286621094,
    -32.558563232421875,
    -32.805442810058594,
    -33.04764175415039,
    -33.284461975097656,
    -33.51544189453125,
    -33.740325927734375,
    -33.958595275878906,
    -34.169403076171875,
    -34.371551513671875,
    -34.563201904296875,
    -34.74240493774414,
    -34.90719223022461,
    -35.05601501464844,
    -35.18799591064453,
    -35.30304718017578,
    -35.40174102783203,
    -35.485477447509766,
    -35.555870056152344,
    -35.61467361450195,
    -35.66375732421875,
    -35.70476531982422,
    -35.739044189453125,
    -35.76796340942383,
    -35.79243469238281,
    -35.81328582763672,
    -35.8311882019043,
    -35.846675872802734,
    -35.860172271728516,
    -35.87200927734375,
    -35.882484436035156,
    -35.89176559448242,
    -35.90000915527344,
    -35.907432556152344,
    -35.914093017578125,
    -35.920127868652344,
    -35.925575256347656,
    -35.9305534362793,
    -35.93510437011719,
    -35.939239501953125,
    -35.943016052246094,
    -35.94651794433594,
    -35.94968795776367,
    -35.95265579223633,
    -35.95539855957031,
    -35.95793914794922,
    -35.96025848388672,
    -35.96246337890625,
    -35.96446228027344,
    -35.96637725830078,
    -35.96812438964844,
    -35.969764709472656,
    -35.97130584716797,
    -35.972740173339844,
    -35.974082946777344,
    -35.97534942626953,
    -35.97655487060547,
    -35.97768783569336,
    -35.978729248046875,
    -35.9797248840332,
    -35.980674743652344,
    -35.98153305053711,
    -35.982383728027344,
    -35.98314666748047,
    -35.983917236328125,
    -35.98462677001953,
    -35.98530960083008,
    -35.98595428466797,
    -35.98653793334961,
    -35.987098693847656,
    -35.98765563964844,
    -35.98817825317383,
    -35.988670349121094,
    -35.98914337158203,
    -35.989593505859375
  ],