{
  "size": 16,
  "opt_val": -34.0,
  "method": "VQE",
  "operations": [
    "Z0_Y5",
    "Z0_Y14",
    "Z0_Y1",
    "Z0_Y13",
    "Z0_Y9",
    "Z0_Y6",
    "Z5_Y2",
    "Z5_Y4",
    "Z5_Y10",
    "Z5_Y15",
    "Z14_Y3",
    "Z14_Y11",
    "Z14_Y12",
    "Z1_Y7",
    "Z6_Y8",
    "Z5_Y14",
    "Z14_Y15",
    "Z1_Y6",
    "Z1_Y3",
    "Z1_Y13",
    "Z1_Y10",
    "Z13_Y2",
    "Z13_Y9",
    "Z9_Y12",
    "Z9_Y15",
    "Z6_Y4",
    "Z6_Y7",
    "Z7_Y8",
    "Z2_Y11",
    "Z13_Y3",
    "Z13_Y10",
    "Z9_Y6",
    "Z9_Y10",
    "Z3_Y2",
    "Z3_Y4",
    "Z3_Y15",
    "Z7_Y4",
    "Z7_Y12",
    "Z2_Y8",
    "Z11_Y4",
    "Z7_Y10",
    "Z10_Y2",
    "Z11_Y8",
    "Z11_Y12",
    "Z11_Y15",
    "Z8_Y4",
    "Z8_Y12",
    "Z15_Y12"
  ],
  "dt": 0.05,
  "lr": 0.05,
  "lam": 1.0,
  "mu": 0.9,
  "fix_step": 0,
  "constant_c": true,
  "parameters": [
    -0.6932454109191895,
    1.5588738918304443,
    1.567822813987732,
    0.9851760864257812,
    1.557721495628357,
    -0.38331878185272217,
    1.3568832874298096,
    0.31632882356643677,
    0.011081792414188385,
    0.9417619109153748,
    0.7205087542533875,
    0.5325024127960205,
    0.5379831194877625,
    -0.6148607134819031,
    0.03958224132657051,
    0.01223976444453001,
    0.13526010513305664,
    0.9991804957389832,
    0.8016643524169922,
    -0.03619233891367912,
    0.6720499992370605,
    -0.02179715782403946,
    -0.010991961695253849,
    0.5518388748168945,
    0.33488377928733826,
    0.10842631757259369,
    0.9143381714820862,
    0.14736300706863403,
    0.9958811402320862,
    0.050620317459106445,
    0.08333126455545425,
    0.2342221885919571,
    0.6410308480262756,
    0.2753569781780243,
    0.35454061627388,
    0.46881529688835144,
    0.32303497195243835,
    0.4700675308704376,
    1.2506202459335327,
    0.6621607542037964,
    0.18689540028572083,
    0.00023882550885900855,
    -0.017760204151272774,
    0.18177981674671173,
    0.6227994561195374,
    0.4594065546989441,
    0.1902059018611908,
    0.36245813965797424
  ],
  "opt_ratios": [
    0.0008239738526754081,
    0.0020632329396903515,
    0.002996135735884309,
    0.004180156625807285,
    0.005633164197206497,
    0.007363941054791212,
    0.009371057152748108,
    0.011642958968877792,
    0.014158250764012337,
    0.016887597739696503,
    0.01979508437216282,
    0.02284071035683155,
    0.025983339175581932,
    0.02918238751590252,
    0.032399918884038925,
    0.03560222312808037,
    0.03876068815588951,
    0.041852254420518875,
    0.04485972598195076,
    0.04777161031961441,
    0.05058084800839424,
    0.05328524485230446,
    0.055887043476104736,
    0.05839083716273308,
    0.06080496311187744,
    0.06313909590244293,
    0.06540559977293015,
    0.06761828809976578,
    0.0697920098900795,
    0.07194327563047409,
    0.07408924400806427,
    0.07624787837266922,
    0.07843843102455139,
    0.08068159222602844,
    0.08299756795167923,
    0.08540904521942139,
    0.08793826401233673,
    0.09060996770858765,
    0.09344837069511414,
    0.09647905081510544,
    0.09972833842039108,
    0.10322671383619308,
    0.10700114071369171,
    0.11108192056417465,
    0.11549927294254303,
    0.12028415501117706,
    0.12546761333942413,
    0.13108213245868683,
    0.13715916872024536,
    0.14372992515563965,
    0.15082760155200958,
    0.15848113596439362,
    0.1667216569185257,
    0.1755775362253189,
    0.18507792055606842,
    0.1952476054430008,
    0.2061123102903366,
    0.2176942229270935,
    0.23001348972320557,
    0.24308696389198303,
    0.25692805647850037,
    0.27154648303985596,
    0.2869461178779602,
    0.3031247556209564,
    0.3200724720954895,
    0.3377726674079895,
    0.35619989037513733,
    0.37531667947769165,
    0.39507582783699036,
    0.4154209494590759,
    0.4362820088863373,
    0.45757773518562317,
    0.4792211055755615,
    0.5011109113693237,
    0.5231437683105469,
    0.545208215713501,
    0.5671919584274292,
    0.5889834761619568,
    0.6104757189750671,
    0.6315606832504272,
    0.652141273021698,
    0.6721310019493103,
    0.6914535760879517,
    0.7100456357002258,
    0.7278540730476379,
    0.7448410391807556,
    0.7609847784042358,
    0.7762705683708191,
    0.79069584608078,
    0.8042700290679932,
    0.817009449005127,
    0.8289404511451721,
    0.8400887846946716,
    0.8504907488822937,
    0.8601820468902588,
    0.8692021369934082,
    0.8775877356529236,
    0.8853812217712402,
    0.8926196098327637,
    0.8993415832519531,
    0.9055824279785156
  ],
  "expectations": [
    -23.99997329711914,
    -25.130529403686523,
    -25.590721130371094,
    -26.00534439086914,
    -26.3807315826416,
    -26.721837997436523,
    -27.032699584960938,
    -27.316585540771484,
    -27.57611846923828,
    -27.813556671142578,
    -28.030811309814453,
    -28.229572296142578,
    -28.41134262084961,
    -28.577621459960938,
    -28.72963523864746,
    -28.86871337890625,
    -28.995990753173828,
    -29.112651824951172,
    -29.219696044921875,
    -29.318195343017578,
    -29.409008026123047,
    -29.493022918701172,
    -29.57105255126953,
    -29.64382553100586,
    -29.71202850341797,
    -29.77625274658203,
    -29.83707046508789,
    -29.89505386352539,
    -29.95056915283203,
    -30.004098892211914,
    -30.056055068969727,
    -30.106735229492188,
    -30.15648651123047,
    -30.205602645874023,
    -30.25432014465332,
    -30.302902221679688,
    -30.351566314697266,
    -30.4005126953125,
    -30.449932098388672,
    -30.4998722076416,
    -30.550586700439453,
    -30.60209083557129,
    -30.654544830322266,
    -30.707988739013672,
    -30.762447357177734,
    -30.81800079345703,
    -30.87459945678711,
    -30.9322509765625,
    -30.990930557250977,
    -31.050561904907227,
    -31.111122131347656,
    -31.17251205444336,
    -31.234622955322266,
    -31.29740333557129,
    -31.36072540283203,
    -31.424516677856445,
    -31.488685607910156,
    -31.553184509277344,
    -31.617923736572266,
    -31.682851791381836,
    -31.74795150756836,
    -31.81324005126953,
    -31.878671646118164,
    -31.944320678710938,
    -32.010101318359375,
    -32.07609558105469,
    -32.14241027832031,
    -32.208892822265625,
    -32.275596618652344,
    -32.34247589111328,
    -32.409488677978516,
    -32.47652053833008,
    -32.54344940185547,
    -32.610137939453125,
    -32.67637634277344,
    -32.74207305908203,
    -32.806907653808594,
    -32.870704650878906,
    -32.93330001831055,
    -32.994346618652344,
    -33.053733825683594,
    -33.111236572265625,
    -33.16667938232422,
    -33.21988296508789,
    -33.270748138427734,
    -33.31916046142578,
    -33.365135192871094,
    -33.40851974487305,
    -33.449371337890625,
    -33.48773956298828,
    -33.523597717285156,
    -33.55710983276367,
    -33.588253021240234,
    -33.61720275878906,
    -33.64404296875,
    -33.668922424316406,
    -33.69186782836914,
    -33.71308135986328,
    -33.73267364501953,
    -33.75077819824219,
    -33.76744842529297
  ],