{
  "size": 16,
  "opt_val": -36.0,
  "method": "VQE",
  "operations": [
    "Z0_Y5",
    "Z0_Y14",
    "Z0_Y7",
    "Z0_Y10",
    "Z0_Y9",
    "Z0_Y15",
    "Z5_Y3",
    "Z5_Y4",
    "Z5_Y13",
    "Z14_Y2",
    "Z14_Y11",
    "Z7_Y1",
    "Z7_Y12",
    "Z1_Y6",
    "Z6_Y8",
    "Z5_Y10",
    "Z5_Y9",
    "Z14_Y3",
    "Z14_Y9",
    "Z14_Y13",
    "Z7_Y3",
    "Z7_Y15",
    "Z10_Y1",
    "Z10_Y2",
    "Z10_Y12",
    "Z9_Y11",
    "Z15_Y4",
    "Z6_Y3",
    "Z2_Y8",
    "Z7_Y9",
    "Z10_Y3",
    "Z9_Y13",
    "Z15_Y1",
    "Z15_Y2",
    "Z15_Y11",
    "Z6_Y4",
    "Z6_Y12",
    "Z6_Y13",
    "Z2_Y12",
    "Z11_Y8",
    "Z8_Y3",
    "Z1_Y2",
    "Z1_Y11",
    "Z11_Y13",
    "Z8_Y4",
    "Z8_Y12",
    "Z4_Y13",
    "Z12_Y4"
  ],
  "dt": 0.05,
  "lr": 0.05,
  "lam": 1.0,
  "mu": 0.9,
  "fix_step": 0,
  "constant_c": true,
  "parameters": [
    1.5603711605072021,
    1.570771336555481,
    1.5578900575637817,
    1.4312145709991455,
    0.19545890390872955,
    1.4862667322158813,
    0.20986038446426392,
    0.30969318747520447,
    0.42280420660972595,
    0.8546357750892639,
    0.6010326743125916,
    1.5586719512939453,
    0.7393868565559387,
    1.5559396743774414,
    -0.04700971394777298,
    -0.13956928253173828,
    0.5770489573478699,
    0.4598256051540375,
    0.3135192394256592,
    0.36512550711631775,
    0.21825262904167175,
    -0.08444812893867493,
    0.1259135603904724,
    0.6029934287071228,
    0.3708626329898834,
    0.009895497933030128,
    0.6882014274597168,
    0.07207551598548889,
    0.4798835813999176,
    0.7080543637275696,
    0.3724677860736847,
    0.39919519424438477,
    -0.12493896484375,
    0.2963246703147888,
    0.98092120885849,
    0.1559910774230957,
    0.5701571106910706,
    0.659046471118927,
    0.2367638498544693,
    1.0452076196670532,
    0.2384929358959198,
    0.18624025583267212,
    0.25348973274230957,
    0.48466357588768005,
    0.563451886177063,
    0.12754392623901367,
    0.27519920468330383,
    0.1374998688697815
  ],
  "opt_ratios": [
    0.00015258774510584772,
    0.0004607368027791381,
    0.0007289326749742031,
    0.0011054706992581487,
    0.0016180542297661304,
    0.0022982691880315542,
    0.0031817168928682804,
    0.0043082451447844505,
    0.005722202360630035,
    0.007472263649106026,
    0.009611557237803936,
    0.012197643518447876,
    0.015292666852474213,
    0.01896386593580246,
    0.023283343762159348,
    0.028329815715551376,
    0.034190427511930466,
    0.040961701422929764,
    0.04875294491648674,
    0.0576871819794178,
    0.06790495663881302,
    0.07956303656101227,
    0.09283500164747238,
    0.10791076719760895,
    0.1249890998005867,
    0.1442708671092987,
    0.16594916582107544,
    0.19019271433353424,
    0.21712654829025269,
    0.24680714309215546,
    0.27920135855674744,
    0.314159095287323,
    0.3513972759246826,
    0.3904973566532135,
    0.43091511726379395,
    0.4720085859298706,
    0.5130943059921265,
    0.5534951090812683,
    0.5926021933555603,
    0.6299166083335876,
    0.6650639176368713,
    0.6978083252906799,
    0.7280346751213074,
    0.7557302713394165,
    0.780954897403717,
    0.8038150072097778,
    0.8244569897651672,
    0.843039333820343,
    0.8597253561019897,
    0.8746775984764099,
    0.8880560398101807,
    0.9000089168548584,
    0.9106754064559937,
    0.9201855063438416,
    0.9286566972732544,
    0.9361973404884338,
    0.9429061412811279,
    0.9488715529441833,
    0.9541744589805603,
    0.9588862657546997,
    0.9630731344223022,
    0.9667930006980896,
    0.9700974822044373,
    0.9730329513549805,
    0.9756418466567993,
    0.9779610633850098,
    0.9800219535827637,
    0.9818567633628845,
    0.9834880232810974,
    0.9849401712417603,
    0.9862350821495056,
    0.987389087677002,
    0.988419234752655,
    0.9893389344215393,
    0.9901617169380188,
    0.990898072719574,
    0.9915573596954346,
    0.9921503067016602,
    0.9926818609237671,
    0.993161141872406,
    0.9935921430587769,
    0.9939813613891602,
    0.9943326711654663,
    0.994651734828949,
    0.9949426054954529,
    0.9952059388160706,
    0.9954472780227661,
    0.9956662654876709,
    0.9958670735359192,
    0.9960500001907349,
    0.9962204098701477,
    0.9963766932487488,
    0.9965210556983948,
    0.996655285358429,
    0.9967793226242065,
    0.9968944787979126,
    0.9970020055770874,
    0.9971031546592712,
    0.997197151184082,
    0.9972845911979675,
    0.9973682165145874
  ],
  "expectations": [
    -23.99997329711914,
    -25.14073944091797,
    -25.622150421142578,
    -26.066265106201172,
    -26.479238510131836,
    -26.866302490234375,
    -27.231674194335938,
    -27.57882308959961,
    -27.910493850708008,
    -28.228923797607422,
    -28.53571319580078,
    -28.832181930541992,
    -29.11919403076172,
    -29.397310256958008,
    -29.666898727416992,
    -29.928239822387695,
    -30.181507110595703,
    -30.42694091796875,
    -30.664833068847656,
    -30.895706176757812,
    -31.120132446289062,
    -31.33888053894043,
    -31.55286407470703,
    -31.763118743896484,
    -31.97064971923828,
    -32.17644500732422,
    -32.38143539428711,
    -32.586326599121094,
    -32.79159927368164,
    -32.997406005859375,
    -33.203433990478516,
    -33.40897750854492,
    -33.61286163330078,
    -33.81350326538086,
    -34.00904846191406,
    -34.197357177734375,
    -34.37647247314453,
    -34.54462432861328,
    -34.70053482055664,
    -34.843421936035156,
    -34.97297668457031,
    -35.089439392089844,
    -35.193458557128906,
    -35.285850524902344,
    -35.36766815185547,
    -35.439876556396484,
    -35.50355529785156,
    -35.55964279174805,
    -35.609092712402344,
    -35.65263748168945,
    -35.69103240966797,
    -35.724891662597656,
    -35.75477600097656,
    -35.78112030029297,
    -35.804405212402344,
    -35.825016021728516,
    -35.84321212768555,
    -35.859291076660156,
    -35.873558044433594,
    -35.88616180419922,
    -35.89734649658203,
    -35.90727996826172,
    -35.916080474853516,
    -35.923885345458984,
    -35.930816650390625,
    -35.93700408935547,
    -35.942474365234375,
    -35.947383880615234,
    -35.95173645019531,
    -35.955589294433594,
    -35.959068298339844,
    -35.962158203125,
    -35.964935302734375,
    -35.96741485595703,
    -35.96965408325195,
    -35.97166442871094,
    -35.97346878051758,
    -35.97509765625,
    -35.97655487060547,
    -35.9779052734375,
    -35.97908401489258,
    -35.980186462402344,
    -35.98115539550781,
    -35.98207473754883,
    -35.982933044433594,
    -35.983665466308594,
    -35.984397888183594,
    -35.98501968383789,
    -35.98561096191406,
    -35.986122131347656,
    -35.986656188964844,
    -35.98712921142578,
    -35.98756408691406,
    -35.98799133300781,
    -35.988372802734375,
    -35.98871612548828,
    -35.989051818847656,
    -35.9893684387207,
    -35.98967742919922,
    -35.989933013916016,
    -35.990203857421875
  ],