{
  "size": 16,
  "opt_val": -34.0,
  "method": "VQE",
  "operations": [
    "Z0_Y8",
    "Z0_Y10",
    "Z0_Y13",
    "Z0_Y9",
    "Z0_Y6",
    "Z0_Y12",
    "Z8_Y1",
    "Z8_Y5",
    "Z8_Y11",
    "Z8_Y14",
    "Z10_Y4",
    "Z10_Y7",
    "Z13_Y15",
    "Z9_Y2",
    "Z9_Y3",
    "Z8_Y9",
    "Z10_Y1",
    "Z10_Y12",
    "Z10_Y13",
    "Z13_Y6",
    "Z13_Y7",
    "Z13_Y14",
    "Z9_Y4",
    "Z9_Y14",
    "Z6_Y5",
    "Z6_Y15",
    "Z12_Y3",
    "Z1_Y11",
    "Z5_Y2",
    "Z6_Y1",
    "Z6_Y14",
    "Z12_Y1",
    "Z12_Y4",
    "Z12_Y15",
    "Z1_Y5",
    "Z5_Y3",
    "Z11_Y2",
    "Z11_Y3",
    "Z11_Y7",
    "Z5_Y4",
    "Z11_Y14",
    "Z2_Y4",
    "Z2_Y3",
    "Z2_Y15",
    "Z3_Y7",
    "Z7_Y14",
    "Z4_Y15",
    "Z15_Y7"
  ],
  "dt": 0.05,
  "lr": 0.05,
  "lam": 1.0,
  "mu": 0.9,
  "fix_step": 0,
  "constant_c": true,
  "parameters": [
    1.3707859516143799,
    0.2654906213283539,
    1.0450904369354248,
    1.5458333492279053,
    1.5553271770477295,
    1.56979501247406,
    -0.016784697771072388,
    0.9558929204940796,
    1.308031678199768,
    0.2870124280452728,
    0.49186837673187256,
    0.04439091309905052,
    0.07164007425308228,
    -0.3520597815513611,
    0.6506214737892151,
    -0.02711213380098343,
    0.520379364490509,
    -0.0009544483618810773,
    0.5040905475616455,
    -0.015465562231838703,
    0.06545472890138626,
    0.096896231174469,
    0.5480215549468994,
    0.5550022125244141,
    0.5266233086585999,
    0.5803443789482117,
    0.7679861187934875,
    0.036864206194877625,
    0.6144063472747803,
    0.43115103244781494,
    0.6814676523208618,
    0.6396358013153076,
    0.35995689034461975,
    0.5809246301651001,
    0.48830723762512207,
    0.032168127596378326,
    0.60227370262146,
    0.10067781060934067,
    0.327451229095459,
    0.15801726281642914,
    0.07638867199420929,
    0.30005183815956116,
    0.27629488706588745,
    0.34876540303230286,
    0.6716329455375671,
    0.04190461337566376,
    0.008503323420882225,
    0.6197122931480408
  ],
  "opt_ratios": [
    0.0015258779749274254,
    0.0038049749564379454,
    0.0055417451076209545,
    0.00778140127658844,
    0.010595772415399551,
    0.01405579037964344,
    0.01823035068809986,
    0.02318485826253891,
    0.028980176895856857,
    0.035671211779117584,
    0.043307505548000336,
    0.051932163536548615,
    0.06158401444554329,
    0.0722968727350235,
    0.08410416543483734,
    0.09703698754310608,
    0.11112838983535767,
    0.12641310691833496,
    0.14292842149734497,
    0.1607132852077484,
    0.17980530858039856,
    0.2002364993095398,
    0.22203059494495392,
    0.24519190192222595,
    0.2697010934352875,
    0.2955043315887451,
    0.3225076198577881,
    0.35056912899017334,
    0.37949633598327637,
    0.40904998779296875,
    0.4389533996582031,
    0.46889832615852356,
    0.49857303500175476,
    0.5276668667793274,
    0.5559055805206299,
    0.5830504894256592,
    0.6089205741882324,
    0.6333839893341064,
    0.6563693284988403,
    0.6778505444526672,
    0.6978457570075989,
    0.7164006233215332,
    0.7335878014564514,
    0.7494896650314331,
    0.764197826385498,
    0.7778041362762451,
    0.7904003858566284,
    0.8020751476287842,
    0.8129072785377502,
    0.8229739665985107,
    0.8323405981063843,
    0.8410707116127014,
    0.84922194480896,
    0.8568435907363892,
    0.8639780282974243,
    0.8706696033477783,
    0.8769515752792358,
    0.8828576803207397,
    0.8884152770042419,
    0.8936508893966675,
    0.8985880613327026,
    0.9032503366470337,
    0.9076542854309082,
    0.9118186235427856,
    0.9157595038414001,
    0.9194902777671814,
    0.923025369644165,
    0.9263777136802673,
    0.9295563697814941,
    0.9325731992721558,
    0.9354385137557983,
    0.9381605386734009,
    0.940747857093811,
    0.9432069063186646,
    0.9455465078353882,
    0.9477732181549072,
    0.9498926997184753,
    0.9519102573394775,
    0.9538336992263794,
    0.9556663036346436,
    0.9574130773544312,
    0.9590790271759033,
    0.96066814661026,
    0.9621833562850952,
    0.9636304378509521,
    0.9650128483772278,
    0.9663314819335938,
    0.9675922393798828,
    0.9687968492507935,
    0.969948410987854,
    0.9710493683815002,
    0.9721022844314575,
    0.973109245300293,
    0.9740734100341797,
    0.9749974608421326,
    0.9758809804916382,
    0.9767268896102905,
    0.9775381088256836,
    0.9783148765563965,
    0.9790598154067993,
    0.9797741174697876
  ],
  "expectations": [
    -23.99997329711914,
    -25.13861083984375,
    -25.615041732788086,
    -26.051475524902344,
    -26.453798294067383,
    -26.826736450195312,
    -27.17410659790039,
    -27.499116897583008,
    -27.804279327392578,
    -28.091690063476562,
    -28.36311149597168,
    -28.620014190673828,
    -28.863719940185547,
    -29.095359802246094,
    -29.31602668762207,
    -29.52670669555664,
    -29.728389739990234,
    -29.921993255615234,
    -30.10839080810547,
    -30.288503646850586,
    -30.46312713623047,
    -30.633018493652344,
    -30.798892974853516,
    -30.961315155029297,
    -31.12075424194336,
    -31.27742576599121,
    -31.431488037109375,
    -31.58277130126953,
    -31.730981826782227,
    -31.875633239746094,
    -32.01605224609375,
    -32.151519775390625,
    -32.28135299682617,
    -32.40479278564453,
    -32.521331787109375,
    -32.630523681640625,
    -32.73218536376953,
    -32.82621765136719,
    -32.912811279296875,
    -32.99217224121094,
    -33.064788818359375,
    -33.13100051879883,
    -33.19142532348633,
    -33.24648666381836,
    -33.29670715332031,
    -33.342533111572266,
    -33.38443374633789,
    -33.42283630371094,
    -33.45804977416992,
    -33.4904670715332,
    -33.520286560058594,
    -33.547828674316406,
    -33.573333740234375,
    -33.59697723388672,
    -33.61888885498047,
    -33.63932800292969,
    -33.65835189819336,
    -33.676143646240234,
    -33.69275665283203,
    -33.70832824707031,
    -33.722877502441406,
    -33.736576080322266,
    -33.749420166015625,
    -33.761497497558594,
    -33.77290344238281,
    -33.78361129760742,
    -33.79372024536133,
    -33.80329895019531,
    -33.81230163574219,
    -33.82081604003906,
    -33.82887649536133,
    -33.836517333984375,
    -33.8437614440918,
    -33.850582122802734,
    -33.85706329345703,
    -33.86321258544922,
    -33.86904525756836,
    -33.87456512451172,
    -33.879844665527344,
    -33.884849548339844,
    -33.88960266113281,
    -33.89411926269531,
    -33.8984375,
    -33.902496337890625,
    -33.90638732910156,
    -33.910133361816406,
    -33.91365051269531,
    -33.91701889038086,
    -33.92023468017578,
    -33.923309326171875,
    -33.926239013671875,
    -33.92902374267578,
    -33.93166732788086,
    -33.93421173095703,
    -33.936668395996094,
    -33.938987731933594,
    -33.94117736816406,
    -33.94331741333008,
    -33.945343017578125,
    -33.94729232788086,
    -33.94915008544922
  ],