{
  "size": 16,
  "opt_val": -34.0,
  "method": "VQE",
  "operations": [
    "Z0_Y2",
    "Z0_Y8",
    "Z0_Y14",
    "Z0_Y4",
    "Z0_Y12",
    "Z0_Y15",
    "Z2_Y7",
    "Z2_Y13",
    "Z2_Y3",
    "Z8_Y6",
    "Z8_Y9",
    "Z8_Y11",
    "Z14_Y1",
    "Z14_Y5",
    "Z12_Y10",
    "Z2_Y14",
    "Z2_Y15",
    "Z8_Y4",
    "Z8_Y13",
    "Z14_Y12",
    "Z14_Y13",
    "Z4_Y1",
    "Z4_Y6",
    "Z4_Y7",
    "Z12_Y5",
    "Z15_Y3",
    "Z15_Y9",
    "Z1_Y11",
    "Z3_Y10",
    "Z4_Y13",
    "Z12_Y6",
    "Z12_Y7",
    "Z15_Y6",
    "Z15_Y13",
    "Z1_Y3",
    "Z1_Y9",
    "Z1_Y5",
    "Z3_Y11",
    "Z9_Y6",
    "Z9_Y10",
    "Z3_Y5",
    "Z9_Y7",
    "Z5_Y10",
    "Z5_Y11",
    "Z11_Y7",
    "Z7_Y13",
    "Z10_Y6",
    "Z11_Y10"
  ],
  "dt": 0.05,
  "lr": 0.05,
  "lam": 1.0,
  "mu": 0.9,
  "fix_step": 0,
  "constant_c": true,
  "parameters": [
    1.3505361080169678,
    0.3260658383369446,
    1.3271805047988892,
    1.2354493141174316,
    1.4210143089294434,
    1.3895282745361328,
    0.08100996911525726,
    0.35541456937789917,
    0.954380452632904,
    0.05333372578024864,
    0.4354945123195648,
    0.039716728031635284,
    0.07849077135324478,
    0.8959240913391113,
    0.16415616869926453,
    -0.11893685162067413,
    -0.18123078346252441,
    0.33491164445877075,
    0.08108968287706375,
    -0.14716893434524536,
    0.37623071670532227,
    1.4750248193740845,
    0.1891225129365921,
    0.5493682026863098,
    0.7662577033042908,
    0.6215115189552307,
    -0.06437450647354126,
    1.2687363624572754,
    0.46356189250946045,
    0.21800760924816132,
    0.6184662580490112,
    0.1011517196893692,
    0.7074434757232666,
    0.7139730453491211,
    0.07700830698013306,
    1.1189260482788086,
    0.14137454330921173,
    0.18352219462394714,
    0.0249070692807436,
    0.7914542555809021,
    0.1299002468585968,
    0.21456070244312286,
    0.4221787452697754,
    0.11436713486909866,
    0.6437216401100159,
    0.13767409324645996,
    0.028605127707123756,
    0.24748729169368744
  ],
  "opt_ratios": [
    0.0020141592249274254,
    0.005064814351499081,
    0.007429324556142092,
    0.010515089146792889,
    0.014431877061724663,
    0.019280459731817245,
    0.025146564468741417,
    0.03209275007247925,
    0.040152281522750854,
    0.04932539910078049,
    0.05957698076963425,
    0.07083679735660553,
    0.08300327509641647,
    0.09594988822937012,
    0.10953135043382645,
    0.12359350919723511,
    0.13798125088214874,
    0.15254926681518555,
    0.16716653108596802,
    0.18172380328178406,
    0.19613736867904663,
    0.21034952998161316,
    0.22433046996593475,
    0.23807139694690704,
    0.2515866756439209,
    0.26490509510040283,
    0.2780684530735016,
    0.29112672805786133,
    0.30413615703582764,
    0.3171542286872864,
    0.3302391469478607,
    0.3434476852416992,
    0.3568306565284729,
    0.370436429977417,
    0.38430625200271606,
    0.39847153425216675,
    0.4129573106765747,
    0.42777836322784424,
    0.44293829798698425,
    0.4584314823150635,
    0.474240779876709,
    0.4903382360935211,
    0.5066863298416138,
    0.5232405662536621,
    0.5399482250213623,
    0.5567502975463867,
    0.5735869407653809,
    0.5903913378715515,
    0.6070995330810547,
    0.6236492395401001,
    0.6399813890457153,
    0.6560388803482056,
    0.6717697381973267,
    0.6871308088302612,
    0.702079176902771,
    0.7165814638137817,
    0.7306122779846191,
    0.7441490888595581,
    0.7571742534637451,
    0.7696793079376221,
    0.7816576361656189,
    0.7931078672409058,
    0.8040319681167603,
    0.8144372701644897,
    0.8243305087089539,
    0.8337249159812927,
    0.8426324129104614,
    0.8510680794715881,
    0.8590478897094727,
    0.8665909171104431,
    0.8737131357192993,
    0.8804340958595276,
    0.8867723345756531,
    0.8927456736564636,
    0.8983727693557739,
    0.9036709666252136,
    0.9086583852767944,
    0.913352370262146,
    0.9177698493003845,
    0.9219259023666382,
    0.9258383512496948,
    0.929518461227417,
    0.9329813718795776,
    0.936241865158081,
    0.939311146736145,
    0.9422018527984619,
    0.944923996925354,
    0.9474893808364868,
    0.9499073028564453,
    0.9521881341934204,
    0.954339861869812,
    0.9563697576522827,
    0.9582867622375488,
    0.9600977301597595,
    0.9618093967437744,
    0.9634278416633606,
    0.964958667755127,
    0.9664076566696167,
    0.9677801728248596,
    0.9690808057785034,
    0.9703129529953003
  ],
  "expectations": [
    -23.99997329711914,
    -25.140018463134766,
    -25.62166976928711,
    -26.067516326904297,
    -26.48366928100586,
    -26.874610900878906,
    -27.24359130859375,
    -27.592891693115234,
    -27.92406463623047,
    -28.23808479309082,
    -28.535621643066406,
    -28.817060470581055,
    -29.08267593383789,
    -29.332670211791992,
    -29.567298889160156,
    -29.786775588989258,
    -29.991466522216797,
    -30.181861877441406,
    -30.35850715637207,
    -30.522071838378906,
    -30.673397064208984,
    -30.813392639160156,
    -30.943012237548828,
    -31.063264846801758,
    -31.175159454345703,
    -31.27967071533203,
    -31.377750396728516,
    -31.47024917602539,
    -31.557891845703125,
    -31.641376495361328,
    -31.721355438232422,
    -31.798320770263672,
    -31.872711181640625,
    -31.944927215576172,
    -32.015350341796875,
    -32.08420944213867,
    -32.15169143676758,
    -32.218048095703125,
    -32.28335952758789,
    -32.347747802734375,
    -32.411293029785156,
    -32.47396469116211,
    -32.53571319580078,
    -32.59660339355469,
    -32.65654754638672,
    -32.71539306640625,
    -32.773136138916016,
    -32.829620361328125,
    -32.884796142578125,
    -32.938514709472656,
    -32.99076843261719,
    -33.041412353515625,
    -33.090354919433594,
    -33.13764190673828,
    -33.183135986328125,
    -33.22678756713867,
    -33.2686653137207,
    -33.3087158203125,
    -33.346923828125,
    -33.383331298828125,
    -33.417964935302734,
    -33.450843811035156,
    -33.48199462890625,
    -33.51150894165039,
    -33.539398193359375,
    -33.56573486328125,
    -33.590572357177734,
    -33.613975524902344,
    -33.63597869873047,
    -33.65668487548828,
    -33.6761360168457,
    -33.694419860839844,
    -33.71159362792969,
    -33.727699279785156,
    -33.742820739746094,
    -33.756980895996094,
    -33.770263671875,
    -33.782691955566406,
    -33.79436492919922,
    -33.805259704589844,
    -33.81553649902344,
    -33.82514190673828,
    -33.834136962890625,
    -33.842594146728516,
    -33.850528717041016,
    -33.85797119140625,
    -33.86492919921875,
    -33.871490478515625,
    -33.87763595581055,
    -33.883453369140625,
    -33.888919830322266,
    -33.89402770996094,
    -33.89884567260742,
    -33.90338897705078,
    -33.907684326171875,
    -33.91173553466797,
    -33.91553497314453,
    -33.91913604736328,
    -33.92254638671875,
    -33.92576599121094,
    -33.928794860839844
  ],