{
  "size": 16,
  "opt_val": -34.0,
  "method": "VQE",
  "operations": [
    "Z0_Y5",
    "Z0_Y11",
    "Z0_Y7",
    "Z0_Y3",
    "Z0_Y6",
    "Z0_Y15",
    "Z5_Y10",
    "Z5_Y12",
    "Z5_Y14",
    "Z11_Y2",
    "Z11_Y8",
    "Z11_Y9",
    "Z7_Y1",
    "Z7_Y4",
    "Z7_Y13",
    "Z5_Y6",
    "Z5_Y11",
    "Z11_Y12",
    "Z7_Y9",
    "Z7_Y15",
    "Z3_Y1",
    "Z3_Y13",
    "Z3_Y9",
    "Z3_Y14",
    "Z6_Y2",
    "Z6_Y4",
    "Z6_Y14",
    "Z1_Y10",
    "Z14_Y8",
    "Z3_Y15",
    "Z6_Y9",
    "Z15_Y2",
    "Z15_Y12",
    "Z15_Y13",
    "Z1_Y2",
    "Z1_Y14",
    "Z1_Y4",
    "Z2_Y10",
    "Z2_Y9",
    "Z10_Y8",
    "Z14_Y12",
    "Z10_Y4",
    "Z10_Y13",
    "Z4_Y12",
    "Z4_Y8",
    "Z9_Y13",
    "Z13_Y8",
    "Z12_Y8"
  ],
  "dt": 0.05,
  "lr": 0.05,
  "lam": 1.0,
  "mu": 0.9,
  "fix_step": 0,
  "constant_c": true,
  "parameters": [
    -1.5395822525024414,
    1.2796944379806519,
    1.5694186687469482,
    1.567221999168396,
    1.0949525833129883,
    0.6995614171028137,
    0.7965971231460571,
    0.5915910005569458,
    0.16819916665554047,
    0.3375512957572937,
    0.25262507796287537,
    0.23037108778953552,
    0.8201111555099487,
    0.5057497620582581,
    0.45249563455581665,
    0.4758579432964325,
    0.2590102553367615,
    0.24061818420886993,
    0.4730774462223053,
    0.12286964058876038,
    0.7070544958114624,
    0.4729624092578888,
    0.46427789330482483,
    0.7316675782203674,
    0.7654048204421997,
    0.8055309653282166,
    0.7859746813774109,
    0.5794100165367126,
    0.5581450462341309,
    0.12458992749452591,
    0.42649275064468384,
    0.5905337929725647,
    0.5666677355766296,
    0.46288439631462097,
    0.11103604733943939,
    0.02301102504134178,
    0.1656515896320343,
    0.20164263248443604,
    0.02450757659971714,
    0.46254828572273254,
    0.23866210877895355,
    0.42572036385536194,
    0.41270262002944946,
    0.4213939905166626,
    0.30491799116134644,
    0.22468581795692444,
    0.6439682841300964,
    0.7016986608505249
  ],
  "opt_ratios": [
    0.0010375967249274254,
    0.0026250246446579695,
    0.0038700890727341175,
    0.005507652647793293,
    0.007601785473525524,
    0.010214172303676605,
    0.013402578420937061,
    0.017220087349414825,
    0.021715030074119568,
    0.026930730789899826,
    0.032908014953136444,
    0.03968583047389984,
    0.04730181023478508,
    0.05579550936818123,
    0.06520900875329971,
    0.07558644562959671,
    0.08697459101676941,
    0.09942293167114258,
    0.11298348009586334,
    0.1277066171169281,
    0.14364176988601685,
    0.16083300113677979,
    0.17931613326072693,
    0.19911399483680725,
    0.22023367881774902,
    0.2426578253507614,
    0.26634764671325684,
    0.291232168674469,
    0.3172089457511902,
    0.34414777159690857,
    0.37188661098480225,
    0.400239497423172,
    0.42900508642196655,
    0.4579710066318512,
    0.4869200885295868,
    0.5156437754631042,
    0.543944776058197,
    0.571643590927124,
    0.5985782742500305,
    0.6246162056922913,
    0.6496433019638062,
    0.6735715866088867,
    0.6963355541229248,
    0.7178927659988403,
    0.7382162809371948,
    0.7573015689849854,
    0.7751572132110596,
    0.7918089628219604,
    0.8072892427444458,
    0.8216422200202942,
    0.834922194480896,
    0.8471852540969849,
    0.858489990234375,
    0.8688982725143433,
    0.8784698247909546,
    0.8872662782669067,
    0.8953460454940796,
    0.9027639627456665,
    0.9095727205276489,
    0.9158238172531128,
    0.9215645790100098,
    0.9268364906311035,
    0.9316799640655518,
    0.9361331462860107,
    0.9402285218238831,
    0.9439964294433594,
    0.9474683403968811,
    0.9506675004959106,
    0.9536175727844238,
    0.9563407897949219,
    0.9588565826416016,
    0.9611830115318298,
    0.963336706161499,
    0.9653306007385254,
    0.9671787023544312,
    0.9688934683799744,
    0.9704879522323608,
    0.9719706773757935,
    0.9733498096466064,
    0.9746348857879639,
    0.9758337736129761,
    0.9769519567489624,
    0.9779983758926392,
    0.9789754152297974,
    0.9798905253410339,
    0.980746865272522,
    0.9815516471862793,
    0.9823079109191895,
    0.9830194711685181,
    0.9836896657943726,
    0.9843214750289917,
    0.9849168062210083,
    0.9854769706726074,
    0.9860072135925293,
    0.9865087866783142,
    0.9869825839996338,
    0.987433671951294,
    0.9878623485565186,
    0.9882683753967285,
    0.988654375076294,
    0.9890229105949402
  ],
  "expectations": [
    -23.99997329711914,
    -25.146886825561523,
    -25.638607025146484,
    -26.09325408935547,
    -26.514728546142578,
    -26.906044006347656,
    -27.269779205322266,
    -27.608089447021484,
    -27.923038482666016,
    -28.216449737548828,
    -28.490114212036133,
    -28.74578285217285,
    -28.985137939453125,
    -29.209781646728516,
    -29.42125701904297,
    -29.62105369567871,
    -29.810535430908203,
    -29.990985870361328,
    -30.163631439208984,
    -30.329553604125977,
    -30.489730834960938,
    -30.645008087158203,
    -30.796215057373047,
    -30.943910598754883,
    -31.088573455810547,
    -31.230571746826172,
    -31.370119094848633,
    -31.50725555419922,
    -31.641929626464844,
    -31.773937225341797,
    -31.903003692626953,
    -32.02880096435547,
    -32.1509895324707,
    -32.269222259521484,
    -32.383087158203125,
    -32.49236297607422,
    -32.59676742553711,
    -32.69612121582031,
    -32.790321350097656,
    -32.879364013671875,
    -32.963172912597656,
    -33.04182434082031,
    -33.11539840698242,
    -33.18406677246094,
    -33.2479362487793,
    -33.30717468261719,
    -33.361976623535156,
    -33.41263198852539,
    -33.459259033203125,
    -33.502098083496094,
    -33.54146957397461,
    -33.57756805419922,
    -33.61062240600586,
    -33.64086151123047,
    -33.66852569580078,
    -33.69380187988281,
    -33.716896057128906,
    -33.73798751831055,
    -33.75725555419922,
    -33.77484893798828,
    -33.790977478027344,
    -33.805702209472656,
    -33.81916427612305,
    -33.831520080566406,
    -33.842803955078125,
    -33.85313415527344,
    -33.86265563964844,
    -33.871376037597656,
    -33.879371643066406,
    -33.886749267578125,
    -33.893516540527344,
    -33.8997688293457,
    -33.9055290222168,
    -33.910850524902344,
    -33.91576385498047,
    -33.92027282714844,
    -33.92449951171875,
    -33.92839813232422,
    -33.93199920654297,
    -33.93535614013672,
    -33.938499450683594,
    -33.941383361816406,
    -33.94411849975586,
    -33.94661331176758,
    -33.94896697998047,
    -33.951141357421875,
    -33.953224182128906,
    -33.95515060424805,
    -33.95696258544922,
    -33.95866012573242,
    -33.96027374267578,
    -33.96178436279297,
    -33.96318054199219,
    -33.96453094482422,
    -33.965797424316406,
    -33.96696472167969,
    -33.96810531616211,
    -33.96918487548828,
    -33.97019577026367,
    -33.97113800048828,
    -33.972076416015625
  ],