{
  "size": 16,
  "opt_val": -36.0,
  "method": "VQE",
  "operations": [
    "Z0_Y5",
    "Z0_Y10",
    "Z0_Y13",
    "Z0_Y3",
    "Z0_Y9",
    "Z0_Y6",
    "Z5_Y1",
    "Z5_Y7",
    "Z5_Y11",
    "Z5_Y8",
    "Z10_Y4",
    "Z10_Y12",
    "Z10_Y15",
    "Z13_Y2",
    "Z13_Y14",
    "Z5_Y9",
    "Z10_Y6",
    "Z10_Y11",
    "Z13_Y1",
    "Z13_Y6",
    "Z13_Y8",
    "Z3_Y4",
    "Z3_Y6",
    "Z3_Y14",
    "Z9_Y1",
    "Z9_Y15",
    "Z1_Y12",
    "Z1_Y2",
    "Z1_Y7",
    "Z3_Y11",
    "Z3_Y8",
    "Z9_Y8",
    "Z6_Y4",
    "Z6_Y15",
    "Z12_Y4",
    "Z12_Y7",
    "Z12_Y11",
    "Z12_Y14",
    "Z2_Y11",
    "Z9_Y11",
    "Z2_Y14",
    "Z2_Y7",
    "Z2_Y15",
    "Z7_Y8",
    "Z14_Y4",
    "Z7_Y15",
    "Z14_Y15",
    "Z4_Y8"
  ],
  "dt": 0.05,
  "lr": 0.05,
  "lam": 1.0,
  "mu": 0.9,
  "fix_step": 0,
  "constant_c": true,
  "parameters": [
    1.5690521001815796,
    1.3856428861618042,
    1.5706039667129517,
    1.570773720741272,
    1.1287591457366943,
    0.011549525894224644,
    0.5415575504302979,
    0.20415179431438446,
    0.3750154376029968,
    0.3424869775772095,
    0.32975098490715027,
    -0.12925586104393005,
    0.636928915977478,
    -0.3460526168346405,
    0.6040177345275879,
    -0.4420405924320221,
    0.18807698786258698,
    0.09771943092346191,
    0.36252543330192566,
    0.8149318695068359,
    0.4174520969390869,
    0.010424059815704823,
    0.5776715278625488,
    0.4354231357574463,
    0.6667115688323975,
    0.47177842259407043,
    1.3286006450653076,
    1.224701166152954,
    0.4180293679237366,
    0.34411802887916565,
    0.39123308658599854,
    0.41316449642181396,
    0.6863961815834045,
    0.3335812985897064,
    0.3383431136608124,
    0.7901892066001892,
    0.08758662641048431,
    0.22061197459697723,
    0.2458086907863617,
    0.42156916856765747,
    0.3114921450614929,
    0.3142586350440979,
    0.41728106141090393,
    0.0006216299952939153,
    0.5837489366531372,
    0.5893070101737976,
    0.26666852831840515,
    0.008475248701870441
  ],
  "opt_ratios": [
    0.00030517549021169543,
    0.0009118387824855745,
    0.0014371073339134455,
    0.0021733129397034645,
    0.00317746982909739,
    0.004518144764006138,
    0.006278487853705883,
    0.008559782058000565,
    0.011485878378152847,
    0.015207486227154732,
    0.01990773156285286,
    0.025807224214076996,
    0.03316711634397507,
    0.042292043566703796,
    0.05353085696697235,
    0.06726966798305511,
    0.08392484486103058,
    0.10392311215400696,
    0.12767452001571655,
    0.15553489327430725,
    0.1877509206533432,
    0.22439581155776978,
    0.2653125524520874,
    0.3100631833076477,
    0.3579273521900177,
    0.40793687105178833,
    0.4589585065841675,
    0.5097973942756653,
    0.5593205690383911,
    0.6065371036529541,
    0.6506768465042114,
    0.6912184953689575,
    0.7278753519058228,
    0.760580837726593,
    0.7894439697265625,
    0.8146890997886658,
    0.8366191983222961,
    0.8555818200111389,
    0.8719292879104614,
    0.8860044479370117,
    0.8981209993362427,
    0.9085654020309448,
    0.917587161064148,
    0.9254078269004822,
    0.9322077035903931,
    0.938144326210022,
    0.9433579444885254,
    0.9479480981826782,
    0.9520180225372314,
    0.9556329250335693,
    0.958869993686676,
    0.9617776870727539,
    0.9643906950950623,
    0.966756284236908,
    0.9689115285873413,
    0.9708797931671143,
    0.9726770520210266,
    0.9743244647979736,
    0.9758405685424805,
    0.9772396087646484,
    0.9785298109054565,
    0.9797325730323792,
    0.9808521270751953,
    0.9818936586380005,
    0.9828646183013916,
    0.9837701916694641,
    0.984613299369812,
    0.9854024648666382,
    0.9861420392990112,
    0.9868385791778564,
    0.9874926805496216,
    0.9881067872047424,
    0.9886831045150757,
    0.9892279505729675,
    0.989742636680603,
    0.9902251958847046,
    0.9906812906265259,
    0.991112232208252,
    0.9915205836296082,
    0.9919071793556213,
    0.9922727346420288,
    0.992619514465332,
    0.9929491281509399,
    0.9932610988616943,
    0.993556797504425,
    0.9938387274742126,
    0.9941056966781616,
    0.9943587779998779,
    0.9946008324623108,
    0.9948301315307617,
    0.9950487613677979,
    0.9952571392059326,
    0.9954556822776794,
    0.9956452250480652,
    0.9958240985870361,
    0.9959962368011475,
    0.9961602687835693,
    0.9963167309761047,
    0.9964656829833984,
    0.9966080188751221,
    0.9967436194419861
  ],
  "expectations": [
    -23.99997329711914,
    -25.14471435546875,
    -25.63473129272461,
    -26.09060287475586,
    -26.51810646057129,
    -26.921829223632812,
    -27.30569839477539,
    -27.673139572143555,
    -28.027206420898438,
    -28.370763778686523,
    -28.706483840942383,
    -29.036941528320312,
    -29.36438751220703,
    -29.690872192382812,
    -30.018091201782227,
    -30.347156524658203,
    -30.67874526977539,
    -31.013032913208008,
    -31.349580764770508,
    -31.6875057220459,
    -32.025489807128906,
    -32.36151123046875,
    -32.69310760498047,
    -33.017120361328125,
    -33.33013916015625,
    -33.628501892089844,
    -33.90888977050781,
    -34.16853332519531,
    -34.405517578125,
    -34.618797302246094,
    -34.80821990966797,
    -34.97456359863281,
    -35.11907196044922,
    -35.243499755859375,
    -35.3498649597168,
    -35.44025421142578,
    -35.51670837402344,
    -35.58125305175781,
    -35.63563537597656,
    -35.681427001953125,
    -35.72002410888672,
    -35.75267028808594,
    -35.780311584472656,
    -35.803810119628906,
    -35.8238525390625,
    -35.841064453125,
    -35.85591125488281,
    -35.8687744140625,
    -35.8800048828125,
    -35.88981628417969,
    -35.89850997924805,
    -35.906211853027344,
    -35.91300964355469,
    -35.919132232666016,
    -35.924644470214844,
    -35.929622650146484,
    -35.93416213989258,
    -35.938270568847656,
    -35.9420166015625,
    -35.94549560546875,
    -35.948638916015625,
    -35.951568603515625,
    -35.95429611206055,
    -35.956809997558594,
    -35.95916748046875,
    -35.96135711669922,
    -35.96337127685547,
    -35.96526336669922,
    -35.967018127441406,
    -35.96870803833008,
    -35.97025680541992,
    -35.971710205078125,
    -35.97307586669922,
    -35.97438049316406,
    -35.9755973815918,
    -35.97675323486328,
    -35.97782897949219,
    -35.97883605957031,
    -35.97980880737305,
    -35.9807243347168,
    -35.98157501220703,
    -35.98239517211914,
    -35.98318862915039,
    -35.983924865722656,
    -35.98461151123047,
    -35.98529052734375,
    -35.98590087890625,
    -35.98646926879883,
    -35.987060546875,
    -35.987586975097656,
    -35.988094329833984,
    -35.98859405517578,
    -35.98906707763672,
    -35.989540100097656,
    -35.98992156982422,
    -35.99033737182617,
    -35.99073028564453,
    -35.991111755371094,
    -35.99144744873047,
    -35.991783142089844,
    -35.992088317871094
  ],