{
  "size": 16,
  "opt_val": -34.0,
  "method": "VQE",
  "operations": [
    "Z0_Y2",
    "Z0_Y8",
    "Z0_Y11",
    "Z0_Y10",
    "Z0_Y12",
    "Z0_Y15",
    "Z2_Y5",
    "Z2_Y14",
    "Z2_Y13",
    "Z8_Y1",
    "Z8_Y4",
    "Z11_Y6",
    "Z11_Y9",
    "Z12_Y3",
    "Z15_Y7",
    "Z2_Y8",
    "Z2_Y15",
    "Z8_Y11",
    "Z8_Y10",
    "Z11_Y12",
    "Z10_Y1",
    "Z10_Y14",
    "Z12_Y6",
    "Z15_Y13",
    "Z1_Y3",
    "Z1_Y4",
    "Z3_Y5",
    "Z14_Y9",
    "Z4_Y7",
    "Z11_Y10",
    "Z10_Y12",
    "Z12_Y14",
    "Z15_Y1",
    "Z15_Y14",
    "Z3_Y4",
    "Z3_Y13",
    "Z3_Y6",
    "Z4_Y9",
    "Z5_Y7",
    "Z5_Y13",
    "Z1_Y14",
    "Z4_Y6",
    "Z5_Y6",
    "Z5_Y9",
    "Z13_Y7",
    "Z13_Y9",
    "Z6_Y7",
    "Z9_Y7"
  ],
  "dt": 0.05,
  "lr": 0.05,
  "lam": 1.0,
  "mu": 0.9,
  "fix_step": 0,
  "constant_c": true,
  "parameters": [
    1.563315749168396,
    1.5282279253005981,
    -0.922965407371521,
    1.4343352317810059,
    0.9002310633659363,
    1.4057643413543701,
    0.8024499416351318,
    0.7033373117446899,
    0.636343777179718,
    0.6931584477424622,
    1.0069319009780884,
    0.24076752364635468,
    0.07448340207338333,
    -0.0760977566242218,
    0.29805290699005127,
    -0.02803254872560501,
    -0.15906301140785217,
    0.6024373173713684,
    -0.10444148629903793,
    0.42919492721557617,
    0.8749876022338867,
    0.4050935208797455,
    0.4065958261489868,
    0.5477691888809204,
    1.4843714237213135,
    0.08852306008338928,
    0.767870306968689,
    0.10025209188461304,
    0.14719882607460022,
    0.07143691927194595,
    -0.0641971081495285,
    0.20354707539081573,
    0.03870640695095062,
    0.3889433741569519,
    0.6481455564498901,
    0.5126538872718811,
    0.4666604995727539,
    0.3702727258205414,
    0.6523633003234863,
    0.1257956475019455,
    0.12799398601055145,
    0.4914620518684387,
    0.3560912609100342,
    0.4468405246734619,
    0.5775416493415833,
    0.5928933024406433,
    0.7206318974494934,
    0.22966605424880981
  ],
  "opt_ratios": [
    0.00018310529412701726,
    0.00046227610437199473,
    0.0006727236323058605,
    0.0009423624724149704,
    0.0012781252153217793,
    0.0016862922348082066,
    0.0021723154932260513,
    0.002740865806117654,
    0.0033957071136683226,
    0.004139916505664587,
    0.004975879564881325,
    0.005905602127313614,
    0.0069305626675486565,
    0.008052285760641098,
    0.009272143244743347,
    0.010591858997941017,
    0.01201384887099266,
    0.01354057528078556,
    0.015176110900938511,
    0.016925403848290443,
    0.018795110285282135,
    0.02079298347234726,
    0.022929072380065918,
    0.025215664878487587,
    0.027667861431837082,
    0.030303489416837692,
    0.03314383700489998,
    0.036214061081409454,
    0.039543770253658295,
    0.043167032301425934,
    0.04712442681193352,
    0.05146189033985138,
    0.05623297393321991,
    0.06149839982390404,
    0.06732915341854095,
    0.0738033652305603,
    0.0810144692659378,
    0.08906297385692596,
    0.09806554019451141,
    0.1081514060497284,
    0.11946210265159607,
    0.13215374946594238,
    0.14639395475387573,
    0.1623569130897522,
    0.18022271990776062,
    0.20016346871852875,
    0.22233889997005463,
    0.2468772828578949,
    0.2738580107688904,
    0.30330032110214233,
    0.33513882756233215,
    0.369198739528656,
    0.4051970839500427,
    0.44274020195007324,
    0.48132702708244324,
    0.520377516746521,
    0.5592775940895081,
    0.5974118709564209,
    0.6342110633850098,
    0.6691970825195312,
    0.7019942998886108,
    0.732352614402771,
    0.7601393461227417,
    0.7853296399116516,
    0.807982861995697,
    0.8282232284545898,
    0.8462141752243042,
    0.8621503114700317,
    0.876226544380188,
    0.8886404633522034,
    0.8995807766914368,
    0.9092230796813965,
    0.9177258014678955,
    0.9252353310585022,
    0.9318768978118896,
    0.9377601146697998,
    0.9429863095283508,
    0.9476414918899536,
    0.9517967700958252,
    0.9555147290229797,
    0.9588495492935181,
    0.9618530869483948,
    0.9645630121231079,
    0.9670175313949585,
    0.9692467451095581,
    0.9712753295898438,
    0.9731261134147644,
    0.9748194813728333,
    0.9763734340667725,
    0.977800726890564,
    0.9791169166564941,
    0.9803316593170166,
    0.9814556837081909,
    0.9824977517127991,
    0.9834668040275574,
    0.9843677282333374,
    0.9852086305618286,
    0.9859919548034668,
    0.9867244958877563,
    0.9874107241630554,
    0.9880541563034058
  ],
  "expectations": [
    -23.99997329711914,
    -25.12357521057129,
    -25.570964813232422,
    -25.969858169555664,
    -26.32740592956543,
    -26.649417877197266,
    -26.94061279296875,
    -27.204959869384766,
    -27.44571876525879,
    -27.665739059448242,
    -27.867374420166016,
    -28.052753448486328,
    -28.223670959472656,
    -28.38176727294922,
    -28.52838897705078,
    -28.66480255126953,
    -28.792102813720703,
    -28.911270141601562,
    -29.02313232421875,
    -29.128517150878906,
    -29.22809600830078,
    -29.32251739501953,
    -29.412342071533203,
    -29.49810791015625,
    -29.580305099487305,
    -29.659374237060547,
    -29.735769271850586,
    -29.809894561767578,
    -29.88214874267578,
    -29.95294952392578,
    -30.022655487060547,
    -30.091663360595703,
    -30.160358428955078,
    -30.229129791259766,
    -30.29836654663086,
    -30.368511199951172,
    -30.439945220947266,
    -30.51308822631836,
    -30.588428497314453,
    -30.666370391845703,
    -30.74740219116211,
    -30.831993103027344,
    -30.92062759399414,
    -31.013723373413086,
    -31.11173439025879,
    -31.21493911743164,
    -31.323711395263672,
    -31.43811798095703,
    -31.558120727539062,
    -31.68343734741211,
    -31.81363296508789,
    -31.94782257080078,
    -32.08489990234375,
    -32.22349548339844,
    -32.362022399902344,
    -32.49877166748047,
    -32.631858825683594,
    -32.759742736816406,
    -32.88093948364258,
    -32.99436950683594,
    -33.09916687011719,
    -33.19496154785156,
    -33.28169250488281,
    -33.35954284667969,
    -33.428955078125,
    -33.4904899597168,
    -33.54481506347656,
    -33.59269714355469,
    -33.634735107421875,
    -33.6716423034668,
    -33.70408248901367,
    -33.73257827758789,
    -33.75763702392578,
    -33.77972412109375,
    -33.7992057800293,
    -33.816471099853516,
    -33.83180236816406,
    -33.84541702270508,
    -33.85759735107422,
    -33.868499755859375,
    -33.87826156616211,
    -33.887062072753906,
    -33.89501190185547,
    -33.902191162109375,
    -33.908721923828125,
    -33.91468811035156,
    -33.920127868652344,
    -33.92509841918945,
    -33.92966079711914,
    -33.933860778808594,
    -33.937744140625,
    -33.94132614135742,
    -33.944618225097656,
    -33.94770050048828,
    -33.9505615234375,
    -33.953224182128906,
    -33.95570755004883,
    -33.95800018310547,
    -33.96015167236328,
    -33.962188720703125,
    -33.96406555175781
  ],