{
  "size": 16,
  "opt_val": -34.0,
  "method": "VQE",
  "operations": [
    "Z0_Y2",
    "Z0_Y1",
    "Z0_Y10",
    "Z0_Y13",
    "Z0_Y12",
    "Z0_Y15",
    "Z2_Y11",
    "Z2_Y4",
    "Z2_Y6",
    "Z1_Y3",
    "Z1_Y9",
    "Z1_Y5",
    "Z1_Y8",
    "Z1_Y7",
    "Z15_Y14",
    "Z2_Y13",
    "Z2_Y12",
    "Z10_Y5",
    "Z10_Y9",
    "Z10_Y15",
    "Z10_Y11",
    "Z10_Y13",
    "Z13_Y3",
    "Z13_Y6",
    "Z12_Y4",
    "Z12_Y8",
    "Z15_Y7",
    "Z3_Y14",
    "Z13_Y9",
    "Z12_Y6",
    "Z12_Y11",
    "Z15_Y5",
    "Z15_Y11",
    "Z3_Y4",
    "Z3_Y7",
    "Z3_Y8",
    "Z9_Y5",
    "Z9_Y7",
    "Z8_Y14",
    "Z9_Y6",
    "Z5_Y6",
    "Z5_Y8",
    "Z8_Y4",
    "Z7_Y6",
    "Z7_Y14",
    "Z11_Y4",
    "Z11_Y14",
    "Z4_Y14"
  ],
  "dt": 0.05,
  "lr": 0.05,
  "lam": 1.0,
  "mu": 0.9,
  "fix_step": 0,
  "constant_c": true,
  "parameters": [
    1.3593565225601196,
    1.5688927173614502,
    1.5684435367584229,
    0.14441871643066406,
    1.3233776092529297,
    1.163881540298462,
    0.10192236304283142,
    0.7841930985450745,
    0.307733952999115,
    -0.19215871393680573,
    0.3220927119255066,
    0.3570038676261902,
    0.6982321739196777,
    0.6652963757514954,
    0.05029590055346489,
    1.1235761642456055,
    -0.24719835817813873,
    0.5645140409469604,
    0.372060626745224,
    -0.4050593674182892,
    0.47429025173187256,
    0.5880971550941467,
    1.3779478073120117,
    0.42540687322616577,
    0.45322108268737793,
    0.7589130997657776,
    0.6583166122436523,
    0.254803866147995,
    0.6800232529640198,
    0.23312875628471375,
    0.5494566559791565,
    0.6483617424964905,
    0.4461667835712433,
    0.6234858632087708,
    0.2480219155550003,
    0.17922520637512207,
    0.007630727719515562,
    -0.0028116945177316666,
    0.5511676073074341,
    0.44966986775398254,
    0.6067368984222412,
    0.06897684931755066,
    0.1741507202386856,
    0.6293788552284241,
    0.44451236724853516,
    0.11682339757680893,
    0.5324055552482605,
    0.34879156947135925
  ],
  "opt_ratios": [
    0.0002136228431481868,
    0.0005441313842311502,
    0.0008030295721255243,
    0.0011470767203718424,
    0.0015948176151141524,
    0.002167395083233714,
    0.002889007795602083,
    0.003787103807553649,
    0.0048928349278867245,
    0.006241242401301861,
    0.007871711626648903,
    0.009828195907175541,
    0.012159403413534164,
    0.014918871223926544,
    0.018164873123168945,
    0.021960731595754623,
    0.026373546570539474,
    0.03147539496421814,
    0.037342291325330734,
    0.04405542090535164,
    0.05170085281133652,
    0.060372188687324524,
    0.07017116993665695,
    0.08121007680892944,
    0.09361540526151657,
    0.1075284481048584,
    0.12310711294412613,
    0.14052453637123108,
    0.15996739268302917,
    0.1816307008266449,
    0.20570284128189087,
    0.2323559671640396,
    0.2617240250110626,
    0.2938730716705322,
    0.3287781774997711,
    0.36629176139831543,
    0.4061208963394165,
    0.4478169083595276,
    0.4907783269882202,
    0.534283459186554,
    0.5775295495986938,
    0.61970454454422,
    0.6600522398948669,
    0.6979385018348694,
    0.7328945398330688,
    0.7646359801292419,
    0.7930545806884766,
    0.8181978464126587,
    0.8402280807495117,
    0.8593870401382446,
    0.875957190990448,
    0.8902402520179749,
    0.9025312662124634,
    0.9131039977073669,
    0.9222093224525452,
    0.9300645589828491,
    0.9368622899055481,
    0.9427631497383118,
    0.9479051232337952,
    0.9524059891700745,
    0.956363320350647,
    0.9598581194877625,
    0.9629568457603455,
    0.9657183885574341,
    0.9681909680366516,
    0.9704132676124573,
    0.9724187254905701,
    0.9742358326911926,
    0.9758866429328918,
    0.9773941040039062,
    0.9787737727165222,
    0.9800414443016052,
    0.9812069535255432,
    0.9822840690612793,
    0.9832802414894104,
    0.9842054843902588,
    0.9850645661354065,
    0.9858652353286743,
    0.9866111874580383,
    0.9873086810112,
    0.9879613518714905,
    0.9885725975036621,
    0.9891471862792969,
    0.9896864295005798,
    0.9901933073997498,
    0.9906713962554932,
    0.9911214709281921,
    0.9915463924407959,
    0.9919476509094238,
    0.9923272728919983,
    0.9926849007606506,
    0.9930240511894226,
    0.9933459162712097,
    0.9936510920524597,
    0.993939995765686,
    0.9942135214805603,
    0.994473397731781,
    0.9947199821472168,
    0.9949544668197632,
    0.9951785802841187,
    0.9953905344009399
  ],
  "expectations": [
    -23.99997329711914,
    -25.124588012695312,
    -25.57569122314453,
    -25.981609344482422,
    -26.350196838378906,
    -26.687583923339844,
    -26.99874496459961,
    -27.287620544433594,
    -27.557567596435547,
    -27.811193466186523,
    -28.050796508789062,
    -28.278244018554688,
    -28.495119094848633,
    -28.70275115966797,
    -28.902225494384766,
    -29.094451904296875,
    -29.280136108398438,
    -29.45990753173828,
    -29.63416862487793,
    -29.803298950195312,
    -29.967628479003906,
    -30.127437591552734,
    -30.28301429748535,
    -30.43471908569336,
    -30.582908630371094,
    -30.728120803833008,
    -30.870819091796875,
    -31.011598587036133,
    -31.15109634399414,
    -31.290002822875977,
    -31.42885971069336,
    -31.568145751953125,
    -31.70841407775879,
    -31.84976577758789,
    -31.992233276367188,
    -32.135467529296875,
    -32.278907775878906,
    -32.42152404785156,
    -32.56211853027344,
    -32.69922637939453,
    -32.83124542236328,
    -32.95660400390625,
    -33.073951721191406,
    -33.18217849731445,
    -33.28065490722656,
    -33.36907196044922,
    -33.44755554199219,
    -33.51650619506836,
    -33.57660675048828,
    -33.62866973876953,
    -33.67355728149414,
    -33.712135314941406,
    -33.74527359008789,
    -33.773704528808594,
    -33.79816436767578,
    -33.819190979003906,
    -33.83737564086914,
    -33.85310363769531,
    -33.86676025390625,
    -33.878684997558594,
    -33.889122009277344,
    -33.898338317871094,
    -33.90644073486328,
    -33.91365051269531,
    -33.92009735107422,
    -33.92585754394531,
    -33.93103790283203,
    -33.93572235107422,
    -33.93992233276367,
    -33.94377899169922,
    -33.94727325439453,
    -33.95050811767578,
    -33.953433990478516,
    -33.95615768432617,
    -33.958648681640625,
    -33.96099090576172,
    -33.96312713623047,
    -33.965145111083984,
    -33.96699142456055,
    -33.968727111816406,
    -33.97034454345703,
    -33.97184753417969,
    -33.97328567504883,
    -33.97461700439453,
    -33.975860595703125,
    -33.97704315185547,
    -33.97814178466797,
    -33.97919464111328,
    -33.98017501831055,
    -33.98112487792969,
    -33.981971740722656,
    -33.9827995300293,
    -33.98359680175781,
    -33.98435974121094,
    -33.985076904296875,
    -33.98573303222656,
    -33.986366271972656,
    -33.98694610595703,
    -33.987525939941406,
    -33.98809814453125,
    -33.988609313964844
  ],