{
  "size": 12,
  "opt_val": -15.0,
  "method": "AWQV",
  "operations": [
    "Y0",
    "Y1",
    "Y2",
    "Y3",
    "Y4",
    "Y5",
    "Y6",
    "Y7",
    "Y8",
    "Y9",
    "Y10",
    "Y11",
    "Z0_Y9",
    "Z1_Y8",
    "Z2_Y7",
    "Z3_Y6",
    "Z4_Y5",
    "Z10_Y11",
    "Y0_Z9",
    "Y1_Z8",
    "Y2_Z7",
    "Y3_Z6",
    "Y4_Z5",
    "Y10_Z11",
    "Z10_Y8",
    "Z0_Y7",
    "Z1_Y6",
    "Z2_Y5",
    "Z3_Y4",
    "Z9_Y11",
    "Y10_Z8",
    "Y0_Z7",
    "Y1_Z6",
    "Y2_Z5",
    "Y3_Z4",
    "Y9_Z11",
    "Z9_Y7",
    "Z10_Y6",
    "Z0_Y5",
    "Z1_Y4",
    "Z2_Y3",
    "Z8_Y11",
    "Y9_Z7",
    "Y10_Z6",
    "Y0_Z5",
    "Y1_Z4",
    "Y2_Z3",
    "Y8_Z11",
    "Z8_Y6",
    "Z9_Y5",
    "Z10_Y4",
    "Z0_Y3",
    "Z1_Y2",
    "Z7_Y11",
    "Y8_Z6",
    "Y9_Z5",
    "Y10_Z4",
    "Y0_Z3",
    "Y1_Z2",
    "Y7_Z11",
    "Z7_Y5",
    "Z8_Y4",
    "Z9_Y3",
    "Z10_Y2",
    "Z0_Y1",
    "Z6_Y11",
    "Y7_Z5",
    "Y8_Z4",
    "Y9_Z3",
    "Y10_Z2",
    "Y0_Z1",
    "Y6_Z11",
    "Z6_Y4",
    "Z7_Y3",
    "Z8_Y2",
    "Z9_Y1",
    "Z10_Y0",
    "Z5_Y11",
    "Y6_Z4",
    "Y7_Z3",
    "Y8_Z2",
    "Y9_Z1",
    "Y10_Z0",
    "Y5_Z11",
    "Z5_Y3",
    "Z6_Y2",
    "Z7_Y1",
    "Z8_Y0",
    "Z9_Y10",
    "Z4_Y11",
    "Y5_Z3",
    "Y6_Z2",
    "Y7_Z1",
    "Y8_Z0",
    "Y9_Z10",
    "Y4_Z11",
    "Z4_Y2",
    "Z5_Y1",
    "Z6_Y0",
    "Z7_Y10",
    "Z8_Y9",
    "Z3_Y11",
    "Y4_Z2",
    "Y5_Z1",
    "Y6_Z0",
    "Y7_Z10",
    "Y8_Z9",
    "Y3_Z11",
    "Z3_Y1",
    "Z4_Y0",
    "Z5_Y10",
    "Z6_Y9",
    "Z7_Y8",
    "Z2_Y11",
    "Y3_Z1",
    "Y4_Z0",
    "Y5_Z10",
    "Y6_Z9",
    "Y7_Z8",
    "Y2_Z11",
    "Z2_Y0",
    "Z3_Y10",
    "Z4_Y9",
    "Z5_Y8",
    "Z6_Y7",
    "Z1_Y11",
    "Y2_Z0",
    "Y3_Z10",
    "Y4_Z9",
    "Y5_Z8",
    "Y6_Z7",
    "Y1_Z11",
    "Z1_Y10",
    "Z2_Y9",
    "Z3_Y8",
    "Z4_Y7",
    "Z5_Y6",
    "Z0_Y11",
    "Y1_Z10",
    "Y2_Z9",
    "Y3_Z8",
    "Y4_Z7",
    "Y5_Z6",
    "Y0_Z11"
  ],
  "dt": 0.05,
  "lr": 0.05,
  "lam": 1.0,
  "mu": 0.9,
  "fix_step": 0,
  "constant_c": true,
  "parameters": [
    -1.6197594959521666e-05,
    1.629639882594347e-05,
    -1.0624105925671756e-05,
    1.3684172017747187e-06,
    1.3207159099692944e-06,
    1.554913410473091e-06,
    1.6911443481149036e-06,
    2.1686244508600794e-05,
    -2.313737923032022e-06,
    -2.1296207250998123e-06,
    -1.6254409729299368e-07,
    1.7837008954302291e-06,
    0.47696444392204285,
    0.5004792809486389,
    0.09685729444026947,
    0.1017175242304802,
    0.2526070177555084,
    0.2562541663646698,
    -0.19635441899299622,
    0.1987934112548828,
    -0.036909423768520355,
    -0.09924013912677765,
    -0.25068801641464233,
    0.00937128160148859,
    -0.024527499452233315,
    0.6534740328788757,
    0.11352629214525223,
    -0.189186692237854,
    0.16177551448345184,
    0.09191462397575378,
    -0.4302937090396881,
    0.9052503108978271,
    0.04147462546825409,
    0.20465299487113953,
    -0.1546110361814499,
    0.018064603209495544,
    -0.20027440786361694,
    -0.03478433936834335,
    -0.010904992930591106,
    0.18200556933879852,
    0.024978915229439735,
    1.0062518119812012,
    -0.5847823023796082,
    0.016136690974235535,
    -0.0036525283940136433,
    -0.15280766785144806,
    0.049089666455984116,
    0.6414806842803955,
    0.050900302827358246,
    0.00027615565340965986,
    -0.14096544682979584,
    -0.29391732811927795,
    1.0477296113967896,
    0.012280816212296486,
    0.02231338806450367,
    0.011743099428713322,
    0.12504257261753082,
    6.843540177214891e-05,
    0.38709086179733276,
    -0.011731553822755814,
    1.5701189041137695,
    0.04678061231970787,
    -0.09186255186796188,
    0.008398533798754215,
    0.11797726154327393,
    -0.007961157709360123,
    -0.059466972947120667,
    0.05193125829100609,
    0.06536654382944107,
    -0.14853689074516296,
    0.0168925654143095,
    -0.5307944416999817,
    -0.08664940297603607,
    -0.10784649848937988,
    -0.25673240423202515,
    -0.015539893880486488,
    0.0017459129448980093,
    0.07452580332756042,
    0.08576589077711105,
    -0.0003989424731116742,
    0.16490457952022552,
    -0.14933614432811737,
    -0.1928185373544693,
    -0.02312745526432991,
    -0.1852964162826538,
    -0.05121762678027153,
    -0.06483078002929688,
    0.006968386005610228,
    -0.08975771069526672,
    0.005677979905158281,
    -0.003433502046391368,
    -0.38105255365371704,
    0.009989194571971893,
    -0.0686039850115776,
    0.019606925547122955,
    -0.030943674966692924,
    -0.017143525183200836,
    -0.14549477398395538,
    0.00033873552456498146,
    0.3197307288646698,
    -0.3528705835342407,
    0.02311520464718342,
    0.04666644707322121,
    0.0002907898451667279,
    0.004733086097985506,
    -0.0216755922883749,
    -0.12945450842380524,
    -0.1924561709165573,
    -0.03065015748143196,
    0.00023051328025758266,
    0.1149352639913559,
    0.08354330062866211,
    0.10191190987825394,
    -0.06592650711536407,
    -0.5331624150276184,
    1.2555372714996338,
    -0.0045900242403149605,
    -0.15123304724693298,
    0.0034437929280102253,
    0.020937487483024597,
    -0.0017178485868498683,
    0.02552117221057415,
    -0.2302502989768982,
    0.09148602932691574,
    0.013468258082866669,
    -0.14901290833950043,
    0.06989839673042297,
    -0.016355589032173157,
    0.08379542082548141,
    -0.03068658336997032,
    -0.32772591710090637,
    -0.018069734796881676,
    0.688690185546875,
    0.30589836835861206,
    -0.020067112520337105,
    -0.03288654983043671,
    0.5680683255195618,
    -0.08240465074777603,
    0.011936763301491737,
    0.08639296889305115,
    0.6555126905441284,
    -0.3576837480068207,
    0.007437184918671846,
    -0.0023818747140467167
  ],
  "opt_ratios": [
    0.001953123603016138,
    0.003414228092879057,
    0.0056724450550973415,
    0.008657079190015793,
    0.012686735019087791,
    0.017882246524095535,
    0.02429637871682644,
    0.031906772404909134,
    0.040619708597660065,
    0.0502801239490509,
    0.06068287417292595,
    0.07159043848514557,
    0.08276423811912537,
    0.0940045639872551,
    0.10518638789653778,
    0.11627549678087234,
    0.12732034921646118,
    0.13843180239200592,
    0.14976340532302856,
    0.161501944065094,
    0.17386582493782043,
    0.18711060285568237,
    0.20152318477630615,
    0.21740517020225525,
    0.2350231409072876,
    0.25453323125839233,
    0.2758779525756836,
    0.2986887991428375,
    0.3222850263118744,
    0.34581896662712097,
    0.36840859055519104,
    0.389267235994339,
    0.4078630208969116,
    0.4239814579486847,
    0.4377073645591736,
    0.449318528175354,
    0.4591405987739563,
    0.4674551486968994,
    0.4744805693626404,
    0.48040324449539185,
    0.4854254722595215,
    0.4897710680961609,
    0.4936767816543579,
    0.4974474310874939,
    0.5016340017318726,
    0.5075349807739258,
    0.5187709331512451,
    0.5342875719070435,
    0.5559564828872681,
    0.5913312435150146,
    0.6305173635482788
  ],