{
  "size": 12,
  "opt_val": -16.0,
  "method": "AWQV",
  "operations": [
    "Y0",
    "Y1",
    "Y2",
    "Y3",
    "Y4",
    "Y5",
    "Y6",
    "Y7",
    "Y8",
    "Y9",
    "Y10",
    "Y11",
    "Z0_Y9",
    "Z1_Y8",
    "Z2_Y7",
    "Z3_Y6",
    "Z4_Y5",
    "Z10_Y11",
    "Y0_Z9",
    "Y1_Z8",
    "Y2_Z7",
    "Y3_Z6",
    "Y4_Z5",
    "Y10_Z11",
    "Z10_Y8",
    "Z0_Y7",
    "Z1_Y6",
    "Z2_Y5",
    "Z3_Y4",
    "Z9_Y11",
    "Y10_Z8",
    "Y0_Z7",
    "Y1_Z6",
    "Y2_Z5",
    "Y3_Z4",
    "Y9_Z11",
    "Z9_Y7",
    "Z10_Y6",
    "Z0_Y5",
    "Z1_Y4",
    "Z2_Y3",
    "Z8_Y11",
    "Y9_Z7",
    "Y10_Z6",
    "Y0_Z5",
    "Y1_Z4",
    "Y2_Z3",
    "Y8_Z11",
    "Z8_Y6",
    "Z9_Y5",
    "Z10_Y4",
    "Z0_Y3",
    "Z1_Y2",
    "Z7_Y11",
    "Y8_Z6",
    "Y9_Z5",
    "Y10_Z4",
    "Y0_Z3",
    "Y1_Z2",
    "Y7_Z11",
    "Z7_Y5",
    "Z8_Y4",
    "Z9_Y3",
    "Z10_Y2",
    "Z0_Y1",
    "Z6_Y11",
    "Y7_Z5",
    "Y8_Z4",
    "Y9_Z3",
    "Y10_Z2",
    "Y0_Z1",
    "Y6_Z11",
    "Z6_Y4",
    "Z7_Y3",
    "Z8_Y2",
    "Z9_Y1",
    "Z10_Y0",
    "Z5_Y11",
    "Y6_Z4",
    "Y7_Z3",
    "Y8_Z2",
    "Y9_Z1",
    "Y10_Z0",
    "Y5_Z11",
    "Z5_Y3",
    "Z6_Y2",
    "Z7_Y1",
    "Z8_Y0",
    "Z9_Y10",
    "Z4_Y11",
    "Y5_Z3",
    "Y6_Z2",
    "Y7_Z1",
    "Y8_Z0",
    "Y9_Z10",
    "Y4_Z11",
    "Z4_Y2",
    "Z5_Y1",
    "Z6_Y0",
    "Z7_Y10",
    "Z8_Y9",
    "Z3_Y11",
    "Y4_Z2",
    "Y5_Z1",
    "Y6_Z0",
    "Y7_Z10",
    "Y8_Z9",
    "Y3_Z11",
    "Z3_Y1",
    "Z4_Y0",
    "Z5_Y10",
    "Z6_Y9",
    "Z7_Y8",
    "Z2_Y11",
    "Y3_Z1",
    "Y4_Z0",
    "Y5_Z10",
    "Y6_Z9",
    "Y7_Z8",
    "Y2_Z11",
    "Z2_Y0",
    "Z3_Y10",
    "Z4_Y9",
    "Z5_Y8",
    "Z6_Y7",
    "Z1_Y11",
    "Y2_Z0",
    "Y3_Z10",
    "Y4_Z9",
    "Y5_Z8",
    "Y6_Z7",
    "Y1_Z11",
    "Z1_Y10",
    "Z2_Y9",
    "Z3_Y8",
    "Z4_Y7",
    "Z5_Y6",
    "Z0_Y11",
    "Y1_Z10",
    "Y2_Z9",
    "Y3_Z8",
    "Y4_Z7",
    "Y5_Z6",
    "Y0_Z11"
  ],
  "dt": 0.05,
  "lr": 0.05,
  "lam": 1.0,
  "mu": 0.9,
  "fix_step": 0,
  "constant_c": true,
  "parameters": [
    2.08011601898761e-06,
    3.5620621474663494e-07,
    -3.632162133726524e-06,
    -2.537637101340806e-06,
    7.517522135458421e-06,
    -2.1126581486896612e-05,
    6.727145205331908e-07,
    -9.158244438367547e-07,
    -3.960076810471946e-06,
    -5.580673132499214e-06,
    3.5584173474489944e-06,
    3.872131128446199e-05,
    -0.03291656821966171,
    0.34238752722740173,
    -0.146843820810318,
    0.7045992612838745,
    0.4770914316177368,
    -0.05324526131153107,
    0.02577679231762886,
    -0.35995006561279297,
    0.220396026968956,
    -0.6803605556488037,
    -1.1090890169143677,
    -0.23337246477603912,
    -0.007135307881981134,
    0.42848625779151917,
    0.03754563629627228,
    -0.10873881727457047,
    0.038824595510959625,
    0.22257106006145477,
    0.0837777629494667,
    -0.436250239610672,
    -0.027169719338417053,
    0.11068928241729736,
    -0.043277155607938766,
    -0.174833744764328,
    -0.0654391348361969,
    -0.0327785350382328,
    0.0969008058309555,
    -0.06634058803319931,
    0.07457279413938522,
    0.01293305866420269,
    0.02232380397617817,
    0.01882055215537548,
    -0.10582156479358673,
    0.2367827147245407,
    -0.06957252323627472,
    1.5881038904190063,
    0.33910471200942993,
    0.042173512279987335,
    0.1811717301607132,
    -0.1204667016863823,
    -1.145520567893982,
    0.12774048745632172,
    0.08084141463041306,
    -1.6575913429260254,
    -0.22495058178901672,
    0.122335284948349,
    1.1494277715682983,
    -0.5851160287857056,
    -0.028422800824046135,
    -0.002128607826307416,
    -0.34357571601867676,
    0.08028937876224518,
    -0.13689588010311127,
    -0.06198589876294136,
    -0.027138235047459602,
    0.015837740153074265,
    0.11020372062921524,
    -0.10689736902713776,
    0.16671539843082428,
    0.23342017829418182,
    0.2750599980354309,
    0.016846634447574615,
    0.41977909207344055,
    0.14074507355690002,
    0.20608095824718475,
    0.05177721381187439,
    -0.31400683522224426,
    -0.01886608451604843,
    0.14067614078521729,
    -0.0012512936955317855,
    -0.18928958475589752,
    0.05827224627137184,
    1.9313690662384033,
    -0.15899339318275452,
    0.2407480925321579,
    -0.24266137182712555,
    0.16746701300144196,
    0.04350836202502251,
    0.11094789206981659,
    0.08753686398267746,
    -0.14531143009662628,
    -0.02190343663096428,
    0.06705302000045776,
    -0.1299687623977661,
    -0.14841346442699432,
    -0.047131411731243134,
    0.24713996052742004,
    0.6378052234649658,
    0.028600038960576057,
    0.06623273342847824,
    -0.012049240060150623,
    -0.005552863702178001,
    -0.23280557990074158,
    -0.5243710279464722,
    -0.0014018251094967127,
    -0.024808652698993683,
    -0.03918755054473877,
    -0.06940697878599167,
    0.8170938491821289,
    0.018751461058855057,
    -0.16367438435554504,
    -0.12801088392734528,
    0.0012474789982661605,
    0.11078105866909027,
    0.019577916711568832,
    0.6429838538169861,
    0.9552654027938843,
    -1.1637014150619507,
    0.1235971450805664,
    -0.7162436842918396,
    0.03618629649281502,
    -0.0012799605028703809,
    0.013979902490973473,
    -0.00840767938643694,
    -0.015676964074373245,
    -0.0376867949962616,
    -0.9777697324752808,
    -0.001224470790475607,
    -0.008207987062633038,
    1.4262558221817017,
    0.09757211804389954,
    -0.014760639518499374,
    -0.011494719423353672,
    -0.012790249660611153,
    1.121484637260437,
    -0.0012751453323289752,
    0.16616782546043396,
    -0.03269534185528755,
    -0.012340325862169266,
    0.08655742555856705,
    0.018426481634378433,
    1.1454293727874756
  ],
  "opt_ratios": [
    0.000976561801508069,
    0.001792920520529151,
    0.0030919243581593037,
    0.005079921334981918,
    0.007432266604155302,
    0.01056147925555706,
    0.014529881998896599,
    0.019344400614500046,
    0.02495083399116993,
    0.03125397861003876,
    0.038150206208229065,
    0.04555418714880943,
    0.053424935787916183,
    0.0618172213435173,
    0.07095982134342194,
    0.08131877332925797,
    0.0935678482055664,
    0.10842982679605484,
    0.1264931857585907,
    0.14814838767051697,
    0.1735866814851761,
    0.20271146297454834,
    0.2349407821893692,
    0.26910099387168884,
    0.3035774230957031,
    0.3368431329727173,
    0.3681725263595581,
    0.39771172404289246,
    0.4260181784629822,
    0.4537803828716278,
    0.48176249861717224,
    0.510860800743103,
    0.5422913432121277,
    0.5776586532592773,
    0.6175553202629089,
    0.659773588180542,
    0.7018762826919556,
    0.7429043650627136,
    0.7827271819114685,
    0.8212674856185913,
    0.8582506775856018,
    0.8929063081741333,
    0.9242762327194214,
    0.951781153678894,
    0.9742898344993591,
    0.9898654222488403,
    0.9955360889434814,
    0.9908897876739502,
    0.9932790994644165,
    0.9893499612808228,
    0.9823026657104492
  ],