{
  "size": 12,
  "opt_val": -16.0,
  "method": "AWQV",
  "operations": [
    "Y0",
    "Y1",
    "Y2",
    "Y3",
    "Y4",
    "Y5",
    "Y6",
    "Y7",
    "Y8",
    "Y9",
    "Y10",
    "Y11",
    "Z0_Y9",
    "Z1_Y8",
    "Z2_Y7",
    "Z3_Y6",
    "Z4_Y5",
    "Z10_Y11",
    "Y0_Z9",
    "Y1_Z8",
    "Y2_Z7",
    "Y3_Z6",
    "Y4_Z5",
    "Y10_Z11",
    "Z10_Y8",
    "Z0_Y7",
    "Z1_Y6",
    "Z2_Y5",
    "Z3_Y4",
    "Z9_Y11",
    "Y10_Z8",
    "Y0_Z7",
    "Y1_Z6",
    "Y2_Z5",
    "Y3_Z4",
    "Y9_Z11",
    "Z9_Y7",
    "Z10_Y6",
    "Z0_Y5",
    "Z1_Y4",
    "Z2_Y3",
    "Z8_Y11",
    "Y9_Z7",
    "Y10_Z6",
    "Y0_Z5",
    "Y1_Z4",
    "Y2_Z3",
    "Y8_Z11",
    "Z8_Y6",
    "Z9_Y5",
    "Z10_Y4",
    "Z0_Y3",
    "Z1_Y2",
    "Z7_Y11",
    "Y8_Z6",
    "Y9_Z5",
    "Y10_Z4",
    "Y0_Z3",
    "Y1_Z2",
    "Y7_Z11",
    "Z7_Y5",
    "Z8_Y4",
    "Z9_Y3",
    "Z10_Y2",
    "Z0_Y1",
    "Z6_Y11",
    "Y7_Z5",
    "Y8_Z4",
    "Y9_Z3",
    "Y10_Z2",
    "Y0_Z1",
    "Y6_Z11",
    "Z6_Y4",
    "Z7_Y3",
    "Z8_Y2",
    "Z9_Y1",
    "Z10_Y0",
    "Z5_Y11",
    "Y6_Z4",
    "Y7_Z3",
    "Y8_Z2",
    "Y9_Z1",
    "Y10_Z0",
    "Y5_Z11",
    "Z5_Y3",
    "Z6_Y2",
    "Z7_Y1",
    "Z8_Y0",
    "Z9_Y10",
    "Z4_Y11",
    "Y5_Z3",
    "Y6_Z2",
    "Y7_Z1",
    "Y8_Z0",
    "Y9_Z10",
    "Y4_Z11",
    "Z4_Y2",
    "Z5_Y1",
    "Z6_Y0",
    "Z7_Y10",
    "Z8_Y9",
    "Z3_Y11",
    "Y4_Z2",
    "Y5_Z1",
    "Y6_Z0",
    "Y7_Z10",
    "Y8_Z9",
    "Y3_Z11",
    "Z3_Y1",
    "Z4_Y0",
    "Z5_Y10",
    "Z6_Y9",
    "Z7_Y8",
    "Z2_Y11",
    "Y3_Z1",
    "Y4_Z0",
    "Y5_Z10",
    "Y6_Z9",
    "Y7_Z8",
    "Y2_Z11",
    "Z2_Y0",
    "Z3_Y10",
    "Z4_Y9",
    "Z5_Y8",
    "Z6_Y7",
    "Z1_Y11",
    "Y2_Z0",
    "Y3_Z10",
    "Y4_Z9",
    "Y5_Z8",
    "Y6_Z7",
    "Y1_Z11",
    "Z1_Y10",
    "Z2_Y9",
    "Z3_Y8",
    "Z4_Y7",
    "Z5_Y6",
    "Z0_Y11",
    "Y1_Z10",
    "Y2_Z9",
    "Y3_Z8",
    "Y4_Z7",
    "Y5_Z6",
    "Y0_Z11"
  ],
  "dt": 0.05,
  "lr": 0.05,
  "lam": 1.0,
  "mu": 0.9,
  "fix_step": 0,
  "constant_c": true,
  "parameters": [
    -9.64660011959495e-06,
    1.923180570884142e-05,
    1.0860628663067473e-06,
    -6.588345513591776e-06,
    8.238107511715498e-06,
    -4.017085757368477e-06,
    -1.3206941957832896e-06,
    6.84804399497807e-06,
    -1.8669365090318024e-05,
    2.048872829618631e-06,
    -0.0002426887658657506,
    -2.270492768730037e-05,
    -0.006478887517005205,
    -0.1500210464000702,
    1.015148639678955,
    -0.05961945652961731,
    -0.04103740677237511,
    -0.7830347418785095,
    0.017910301685333252,
    0.16987109184265137,
    -1.0093233585357666,
    0.05569767951965332,
    0.023675035685300827,
    -0.06787087768316269,
    -0.2981418967247009,
    -0.8808341026306152,
    -0.19900140166282654,
    -0.08801387995481491,
    -0.21933718025684357,
    -0.6770360469818115,
    -0.08363167196512222,
    0.8791300058364868,
    0.19549015164375305,
    0.08643040060997009,
    0.2212163358926773,
    0.8912647366523743,
    -0.17137570679187775,
    1.5530927181243896,
    -0.01569044403731823,
    -0.11359049379825592,
    0.07081454992294312,
    0.15273265540599823,
    0.13310004770755768,
    0.04240835830569267,
    0.007156429812312126,
    -0.018233291804790497,
    -0.06990179419517517,
    -0.21794365346431732,
    0.008934578858315945,
    0.5258407592773438,
    0.3587300479412079,
    0.5934319496154785,
    0.16606400907039642,
    0.11112284660339355,
    1.0650804042816162,
    -0.42340943217277527,
    0.008061083033680916,
    -0.58982253074646,
    -0.1793573498725891,
    -0.14621026813983917,
    -0.2176646888256073,
    0.5416882634162903,
    -0.4388023018836975,
    0.8750659823417664,
    0.41436415910720825,
    0.9619276523590088,
    0.2834000289440155,
    -0.026473812758922577,
    0.3913637399673462,
    0.030498841777443886,
    -0.41166144609451294,
    0.013015164993703365,
    -0.1434027999639511,
    0.0695427805185318,
    0.21649889647960663,
    -0.2428123652935028,
    -0.3171730637550354,
    0.09488213807344437,
    0.0037106869276612997,
    -0.0850638821721077,
    -0.0025692014023661613,
    0.20997726917266846,
    -0.012296557426452637,
    -0.8661133050918579,
    0.07005096226930618,
    -0.3364448845386505,
    -1.4540287256240845,
    -0.7542452216148376,
    0.016305558383464813,
    -0.012133236043155193,
    -0.05380786582827568,
    0.026623601093888283,
    1.471182107925415,
    0.07513461261987686,
    0.39400407671928406,
    0.11926665157079697,
    0.1520923525094986,
    0.16930459439754486,
    0.013809196650981903,
    -0.03645320609211922,
    0.11674562841653824,
    -0.007036745548248291,
    -0.35289084911346436,
    -0.13284197449684143,
    0.0072967056185007095,
    -0.5799590349197388,
    0.07273846864700317,
    0.0683700367808342,
    0.1941232532262802,
    0.19557125866413116,
    0.06455705314874649,
    -0.546596884727478,
    0.0862327516078949,
    0.11069787293672562,
    -0.17338545620441437,
    0.2010566145181656,
    0.010154763236641884,
    -0.05193628370761871,
    -0.4777556359767914,
    0.3190630078315735,
    0.16297419369220734,
    -0.0031337374821305275,
    0.0036893016658723354,
    -0.05057148262858391,
    0.021876903250813484,
    0.007224035914987326,
    0.08021470159292221,
    0.16727806627750397,
    -0.1547117829322815,
    -0.020317744463682175,
    -0.03292712941765785,
    0.22179575264453888,
    -0.005445456597954035,
    -0.02593446709215641,
    0.07401912659406662,
    0.40455514192581177,
    -0.01574995182454586,
    -0.009188462048768997,
    1.1361457109451294,
    0.10030947625637054,
    1.0313713550567627,
    -0.3002051115036011,
    0.4583061933517456,
    -0.13895416259765625
  ],
  "opt_ratios": [
    0.0004882809007540345,
    0.0009922151220962405,
    0.00180965312756598,
    0.002807710785418749,
    0.0045484378933906555,
    0.007166295312345028,
    0.011006428860127926,
    0.016506705433130264,
    0.024188872426748276,
    0.034592367708683014,
    0.0480927973985672,
    0.06458236277103424,
    0.0832354873418808,
    0.10284136235713959,
    0.12255997210741043,
    0.14242403209209442,
    0.16339021921157837,
    0.1869429349899292,
    0.21456874907016754,
    0.24755023419857025,
    0.28688132762908936,
    0.3328562080860138,
    0.3842622637748718,
    0.43794161081314087,
    0.49019140005111694,
    0.538100004196167,
    0.5811659693717957,
    0.6201568841934204,
    0.656091570854187,
    0.6898438930511475,
    0.7221505641937256,
    0.7536312341690063,
    0.784602165222168,
    0.8149030208587646,
    0.8439834117889404,
    0.8711786270141602,
    0.8959460258483887,
    0.9179397821426392,
    0.9369961023330688,
    0.9531185626983643,
    0.9664591550827026,
    0.9771872758865356,
    0.9854131937026978,
    0.9916579723358154,
    0.9964441061019897,
    0.9926100969314575,
    0.909375786781311,
    0.8100796937942505,
    0.7884111404418945,
    0.9334570169448853,
    0.9820990562438965
  ],