{
  "size": 12,
  "opt_val": -16.0,
  "method": "AWQV",
  "operations": [
    "Y0",
    "Y1",
    "Y2",
    "Y3",
    "Y4",
    "Y5",
    "Y6",
    "Y7",
    "Y8",
    "Y9",
    "Y10",
    "Y11",
    "Z0_Y9",
    "Z1_Y8",
    "Z2_Y7",
    "Z3_Y6",
    "Z4_Y5",
    "Z10_Y11",
    "Y0_Z9",
    "Y1_Z8",
    "Y2_Z7",
    "Y3_Z6",
    "Y4_Z5",
    "Y10_Z11",
    "Z10_Y8",
    "Z0_Y7",
    "Z1_Y6",
    "Z2_Y5",
    "Z3_Y4",
    "Z9_Y11",
    "Y10_Z8",
    "Y0_Z7",
    "Y1_Z6",
    "Y2_Z5",
    "Y3_Z4",
    "Y9_Z11",
    "Z9_Y7",
    "Z10_Y6",
    "Z0_Y5",
    "Z1_Y4",
    "Z2_Y3",
    "Z8_Y11",
    "Y9_Z7",
    "Y10_Z6",
    "Y0_Z5",
    "Y1_Z4",
    "Y2_Z3",
    "Y8_Z11",
    "Z8_Y6",
    "Z9_Y5",
    "Z10_Y4",
    "Z0_Y3",
    "Z1_Y2",
    "Z7_Y11",
    "Y8_Z6",
    "Y9_Z5",
    "Y10_Z4",
    "Y0_Z3",
    "Y1_Z2",
    "Y7_Z11",
    "Z7_Y5",
    "Z8_Y4",
    "Z9_Y3",
    "Z10_Y2",
    "Z0_Y1",
    "Z6_Y11",
    "Y7_Z5",
    "Y8_Z4",
    "Y9_Z3",
    "Y10_Z2",
    "Y0_Z1",
    "Y6_Z11",
    "Z6_Y4",
    "Z7_Y3",
    "Z8_Y2",
    "Z9_Y1",
    "Z10_Y0",
    "Z5_Y11",
    "Y6_Z4",
    "Y7_Z3",
    "Y8_Z2",
    "Y9_Z1",
    "Y10_Z0",
    "Y5_Z11",
    "Z5_Y3",
    "Z6_Y2",
    "Z7_Y1",
    "Z8_Y0",
    "Z9_Y10",
    "Z4_Y11",
    "Y5_Z3",
    "Y6_Z2",
    "Y7_Z1",
    "Y8_Z0",
    "Y9_Z10",
    "Y4_Z11",
    "Z4_Y2",
    "Z5_Y1",
    "Z6_Y0",
    "Z7_Y10",
    "Z8_Y9",
    "Z3_Y11",
    "Y4_Z2",
    "Y5_Z1",
    "Y6_Z0",
    "Y7_Z10",
    "Y8_Z9",
    "Y3_Z11",
    "Z3_Y1",
    "Z4_Y0",
    "Z5_Y10",
    "Z6_Y9",
    "Z7_Y8",
    "Z2_Y11",
    "Y3_Z1",
    "Y4_Z0",
    "Y5_Z10",
    "Y6_Z9",
    "Y7_Z8",
    "Y2_Z11",
    "Z2_Y0",
    "Z3_Y10",
    "Z4_Y9",
    "Z5_Y8",
    "Z6_Y7",
    "Z1_Y11",
    "Y2_Z0",
    "Y3_Z10",
    "Y4_Z9",
    "Y5_Z8",
    "Y6_Z7",
    "Y1_Z11",
    "Z1_Y10",
    "Z2_Y9",
    "Z3_Y8",
    "Z4_Y7",
    "Z5_Y6",
    "Z0_Y11",
    "Y1_Z10",
    "Y2_Z9",
    "Y3_Z8",
    "Y4_Z7",
    "Y5_Z6",
    "Y0_Z11"
  ],
  "dt": 0.05,
  "lr": 0.05,
  "lam": 1.0,
  "mu": 0.9,
  "fix_step": 0,
  "constant_c": true,
  "parameters": [
    -0.00040879411972127855,
    1.535507180960849e-05,
    3.239132979615533e-07,
    -1.360339592793025e-05,
    -2.2961165086599067e-05,
    1.323759806837188e-05,
    4.833545972360298e-06,
    4.160192474955693e-06,
    2.4716575808270136e-06,
    0.0004653178039006889,
    3.790326672969968e-06,
    -5.269780558592174e-06,
    0.7063872218132019,
    -0.0829208642244339,
    0.09696575999259949,
    -1.1846988201141357,
    -0.23057956993579865,
    0.021961599588394165,
    0.8462921977043152,
    0.08459506928920746,
    -0.09449759125709534,
    1.1971403360366821,
    0.23707571625709534,
    -0.021741926670074463,
    -0.056335363537073135,
    -0.10777459293603897,
    -0.10509710758924484,
    0.20881953835487366,
    -0.08811911940574646,
    -1.0226490497589111,
    0.05773799493908882,
    0.0006758504314348102,
    0.10567522794008255,
    -0.2066139280796051,
    0.09482142329216003,
    8.071430784184486e-05,
    1.4526197910308838,
    0.42374834418296814,
    0.016923582181334496,
    0.15005894005298615,
    0.2565356492996216,
    0.3052574098110199,
    -0.09383034706115723,
    -0.417987197637558,
    -0.0032058635260909796,
    -0.142769917845726,
    -0.2563645541667938,
    -0.5521169304847717,
    0.07108566910028458,
    0.8113998174667358,
    -0.10647595673799515,
    -0.11523638665676117,
    -0.24357198178768158,
    0.6302423477172852,
    -0.059002745896577835,
    -0.1059289202094078,
    0.1078004390001297,
    0.0019972219597548246,
    0.24225977063179016,
    -0.01677200198173523,
    0.019026806578040123,
    0.1282195895910263,
    -0.3726106286048889,
    -0.17868226766586304,
    1.1200058460235596,
    0.008907273411750793,
    0.0029546681325882673,
    -0.10191842913627625,
    0.05276059731841087,
    0.17684327065944672,
    -0.01713566668331623,
    0.7589973211288452,
    -0.15101848542690277,
    0.6268062591552734,
    -0.3100540339946747,
    -0.242083340883255,
    -0.028199978172779083,
    -0.00360236968845129,
    0.10866156965494156,
    -0.011901234276592731,
    0.27828410267829895,
    -0.17772021889686584,
    0.8283651471138,
    0.08706208318471909,
    0.04372518137097359,
    -0.29250040650367737,
    0.20753051340579987,
    -0.03319692984223366,
    -0.4219490885734558,
    0.0444805808365345,
    -0.008813564665615559,
    0.20156292617321014,
    -0.0206612441688776,
    0.586871325969696,
    0.003078806446865201,
    1.253235101699829,
    0.014811793342232704,
    -0.019458886235952377,
    0.008259925059974194,
    0.301369309425354,
    0.011447101831436157,
    -0.059288233518600464,
    -0.01637125201523304,
    -0.07118211686611176,
    -0.11491776257753372,
    0.006213393993675709,
    -0.1354958713054657,
    -0.35942021012306213,
    0.01991409622132778,
    -0.014153625816106796,
    0.06865498423576355,
    0.0030774211045354605,
    0.24351081252098083,
    0.1277257651090622,
    0.1355263590812683,
    -0.12507688999176025,
    0.8165953755378723,
    0.3241059482097626,
    -0.01750030741095543,
    0.849186897277832,
    0.028034575283527374,
    -0.054112646728754044,
    -0.016938818618655205,
    0.13128550350666046,
    -0.03594787418842316,
    0.17708013951778412,
    -0.2736817002296448,
    -0.3071184456348419,
    -0.07480653375387192,
    -0.014698971062898636,
    -0.35901308059692383,
    -0.0169945377856493,
    0.09957370162010193,
    -0.0050554522313177586,
    -0.037294380366802216,
    0.033032819628715515,
    0.0047127194702625275,
    0.010940376669168472,
    -0.02660946175456047,
    0.3986971378326416,
    -0.0983528271317482,
    -0.1019686907529831,
    0.022954586893320084,
    0.0759059339761734
  ],
  "opt_ratios": [
    0.0004882809007540345,
    0.0009112112456932664,
    0.001735042780637741,
    0.002947527915239334,
    0.00484026875346899,
    0.0076722390949726105,
    0.0117645263671875,
    0.017471488565206528,
    0.025141820311546326,
    0.03504816070199013,
    0.04729551449418068,
    0.06177607178688049,
    0.07829552888870239,
    0.0968523919582367,
    0.117606021463871,
    0.14045202732086182,
    0.164893239736557,
    0.19029058516025543,
    0.21613529324531555,
    0.24214747548103333,
    0.2682611346244812,
    0.29446810483932495,
    0.3206697106361389,
    0.3467913568019867,
    0.3730549216270447,
    0.4001200199127197,
    0.42902690172195435,
    0.46107757091522217,
    0.4980398416519165,
    0.5423529148101807,
    0.5966321229934692,
    0.6618567705154419,
    0.7329987287521362,
    0.7988100051879883,
    0.8549157381057739,
    0.9050565958023071,
    0.9486491084098816,
    0.9760871529579163,
    0.9905197024345398,
    0.9886031150817871,
    0.9825659990310669,
    0.9703725576400757,
    0.9711915254592896,
    0.9278371334075928,
    0.9769022464752197,
    0.9435254335403442,
    0.9563527703285217,
    0.9299910068511963,
    0.9663134813308716,
    0.9921743869781494,
    0.9969406723976135
  ],