{
  "size": 12,
  "opt_val": -16.0,
  "method": "AWQV",
  "operations": [
    "Y0",
    "Y1",
    "Y2",
    "Y3",
    "Y4",
    "Y5",
    "Y6",
    "Y7",
    "Y8",
    "Y9",
    "Y10",
    "Y11",
    "Z0_Y9",
    "Z1_Y8",
    "Z2_Y7",
    "Z3_Y6",
    "Z4_Y5",
    "Z10_Y11",
    "Y0_Z9",
    "Y1_Z8",
    "Y2_Z7",
    "Y3_Z6",
    "Y4_Z5",
    "Y10_Z11",
    "Z10_Y8",
    "Z0_Y7",
    "Z1_Y6",
    "Z2_Y5",
    "Z3_Y4",
    "Z9_Y11",
    "Y10_Z8",
    "Y0_Z7",
    "Y1_Z6",
    "Y2_Z5",
    "Y3_Z4",
    "Y9_Z11",
    "Z9_Y7",
    "Z10_Y6",
    "Z0_Y5",
    "Z1_Y4",
    "Z2_Y3",
    "Z8_Y11",
    "Y9_Z7",
    "Y10_Z6",
    "Y0_Z5",
    "Y1_Z4",
    "Y2_Z3",
    "Y8_Z11",
    "Z8_Y6",
    "Z9_Y5",
    "Z10_Y4",
    "Z0_Y3",
    "Z1_Y2",
    "Z7_Y11",
    "Y8_Z6",
    "Y9_Z5",
    "Y10_Z4",
    "Y0_Z3",
    "Y1_Z2",
    "Y7_Z11",
    "Z7_Y5",
    "Z8_Y4",
    "Z9_Y3",
    "Z10_Y2",
    "Z0_Y1",
    "Z6_Y11",
    "Y7_Z5",
    "Y8_Z4",
    "Y9_Z3",
    "Y10_Z2",
    "Y0_Z1",
    "Y6_Z11",
    "Z6_Y4",
    "Z7_Y3",
    "Z8_Y2",
    "Z9_Y1",
    "Z10_Y0",
    "Z5_Y11",
    "Y6_Z4",
    "Y7_Z3",
    "Y8_Z2",
    "Y9_Z1",
    "Y10_Z0",
    "Y5_Z11",
    "Z5_Y3",
    "Z6_Y2",
    "Z7_Y1",
    "Z8_Y0",
    "Z9_Y10",
    "Z4_Y11",
    "Y5_Z3",
    "Y6_Z2",
    "Y7_Z1",
    "Y8_Z0",
    "Y9_Z10",
    "Y4_Z11",
    "Z4_Y2",
    "Z5_Y1",
    "Z6_Y0",
    "Z7_Y10",
    "Z8_Y9",
    "Z3_Y11",
    "Y4_Z2",
    "Y5_Z1",
    "Y6_Z0",
    "Y7_Z10",
    "Y8_Z9",
    "Y3_Z11",
    "Z3_Y1",
    "Z4_Y0",
    "Z5_Y10",
    "Z6_Y9",
    "Z7_Y8",
    "Z2_Y11",
    "Y3_Z1",
    "Y4_Z0",
    "Y5_Z10",
    "Y6_Z9",
    "Y7_Z8",
    "Y2_Z11",
    "Z2_Y0",
    "Z3_Y10",
    "Z4_Y9",
    "Z5_Y8",
    "Z6_Y7",
    "Z1_Y11",
    "Y2_Z0",
    "Y3_Z10",
    "Y4_Z9",
    "Y5_Z8",
    "Y6_Z7",
    "Y1_Z11",
    "Z1_Y10",
    "Z2_Y9",
    "Z3_Y8",
    "Z4_Y7",
    "Z5_Y6",
    "Z0_Y11",
    "Y1_Z10",
    "Y2_Z9",
    "Y3_Z8",
    "Y4_Z7",
    "Y5_Z6",
    "Y0_Z11"
  ],
  "dt": 0.05,
  "lr": 0.05,
  "lam": 1.0,
  "mu": 0.9,
  "fix_step": 0,
  "constant_c": true,
  "parameters": [
    -4.5492593926610425e-05,
    -7.459377229679376e-05,
    -0.0006887436029501259,
    1.640766095079016e-05,
    -2.4743723770370707e-05,
    1.6597856301814318e-05,
    1.7276130165555514e-05,
    0.0003285587299615145,
    -3.7656736822100356e-05,
    -2.916893208748661e-06,
    -7.799721970513929e-06,
    -2.0027870050398633e-05,
    0.13506941497325897,
    0.4165201783180237,
    0.5328468680381775,
    -0.009329048916697502,
    0.2514074742794037,
    0.762220561504364,
    -0.13491100072860718,
    -0.4054378569126129,
    0.43879300355911255,
    0.00722772441804409,
    -0.25088316202163696,
    -0.7421053647994995,
    -0.29984572529792786,
    -0.002174840774387121,
    0.24553751945495605,
    1.4511666297912598,
    0.30350327491760254,
    0.18311229348182678,
    0.2993406355381012,
    0.12123000621795654,
    -0.23577117919921875,
    0.02951044589281082,
    -0.3038601577281952,
    -0.18812976777553558,
    0.0417022779583931,
    0.35956838726997375,
    -0.1685846894979477,
    0.13996413350105286,
    0.10358511656522751,
    0.1512918621301651,
    -0.08464235812425613,
    -0.35534608364105225,
    0.9681992530822754,
    -0.14759325981140137,
    0.0026505787391215563,
    -0.1851818561553955,
    0.1193094328045845,
    0.019490035250782967,
    0.11242515593767166,
    -0.29401087760925293,
    -0.008180714212357998,
    -0.11688109487295151,
    0.003662870731204748,
    -0.09535156190395355,
    -0.11356344074010849,
    0.14755065739154816,
    -1.180260181427002,
    0.06653641164302826,
    -0.10750127583742142,
    -1.7550157308578491,
    -0.07389690726995468,
    -0.0049467855133116245,
    -0.33104461431503296,
    -0.12574885785579681,
    0.055658597499132156,
    1.781083106994629,
    0.07229254394769669,
    -1.454947829246521,
    -0.2936590611934662,
    0.12889887392520905,
    -0.020804040133953094,
    0.18718422949314117,
    -0.0007567233988083899,
    -0.03775405138731003,
    -0.059700753539800644,
    -0.028280459344387054,
    -0.10786890983581543,
    -0.11466819792985916,
    -0.16198375821113586,
    0.5422998666763306,
    -0.06632630527019501,
    0.002992029767483473,
    1.0637381076812744,
    0.02314567379653454,
    -0.11039221286773682,
    -0.36052024364471436,
    -0.04212159290909767,
    0.1531301587820053,
    -0.4711819291114807,
    1.4441735744476318,
    0.5243510603904724,
    1.3878114223480225,
    0.3707176744937897,
    -0.06230083853006363,
    -0.021876567974686623,
    0.051270123571157455,
    0.36878684163093567,
    0.039425693452358246,
    0.2786227762699127,
    -0.0049947588704526424,
    -0.7685052156448364,
    0.028342053294181824,
    -0.10064443945884705,
    0.11034129559993744,
    -0.1375889629125595,
    -0.005714904982596636,
    -0.11471593379974365,
    0.02460528165102005,
    0.14463941752910614,
    0.11233296990394592,
    -0.1752999722957611,
    0.40581390261650085,
    -0.03847745805978775,
    -0.7883889675140381,
    0.5049652457237244,
    -0.03961434215307236,
    0.6347662806510925,
    0.014732006005942822,
    0.15662984549999237,
    0.1200338825583458,
    0.32307353615760803,
    -0.14535848796367645,
    0.22683407366275787,
    0.766696572303772,
    0.028305403888225555,
    -0.3025403320789337,
    0.02554940991103649,
    0.01934058964252472,
    -0.05562916770577431,
    0.12660369277000427,
    -0.02064480632543564,
    0.5370285511016846,
    -0.011758478358387947,
    0.8898137211799622,
    -0.18430377542972565,
    0.29022565484046936,
    0.06322420388460159,
    -0.009132768027484417,
    -0.08058885484933853,
    0.01193135604262352,
    0.0045719207264482975,
    0.19348496198654175
  ],
  "opt_ratios": [
    0.0004882809007540345,
    0.0009065953781828284,
    0.0017416086047887802,
    0.0029821977950632572,
    0.005020481534302235,
    0.008120380342006683,
    0.012638169340789318,
    0.018969792872667313,
    0.027504408732056618,
    0.03853987157344818,
    0.05217178910970688,
    0.06822553277015686,
    0.08627931773662567,
    0.10570970922708511,
    0.12576931715011597,
    0.14577101171016693,
    0.16520288586616516,
    0.1837160587310791,
    0.20118528604507446,
    0.21781381964683533,
    0.23411257565021515,
    0.2508072555065155,
    0.2687418460845947,
    0.2887214720249176,
    0.31131911277770996,
    0.33680856227874756,
    0.36523234844207764,
    0.3966140151023865,
    0.43106698989868164,
    0.46856606006622314,
    0.5087544918060303,
    0.550849437713623,
    0.5937848091125488,
    0.6364331245422363,
    0.6776732206344604,
    0.7164698839187622,
    0.7522384524345398,
    0.7851306796073914,
    0.8153864145278931,
    0.8429962396621704,
    0.8677240610122681,
    0.8893755674362183,
    0.9080761075019836,
    0.92430579662323,
    0.9388338327407837,
    0.9523459672927856,
    0.9651061296463013,
    0.9764714241027832,
    0.9842743873596191,
    0.9773651361465454,
    0.9790433645248413
  ],