{
  "size": 12,
  "opt_val": -16.0,
  "method": "AWQV",
  "operations": [
    "Y0",
    "Y1",
    "Y2",
    "Y3",
    "Y4",
    "Y5",
    "Y6",
    "Y7",
    "Y8",
    "Y9",
    "Y10",
    "Y11",
    "Z0_Y9",
    "Z1_Y8",
    "Z2_Y7",
    "Z3_Y6",
    "Z4_Y5",
    "Z10_Y11",
    "Y0_Z9",
    "Y1_Z8",
    "Y2_Z7",
    "Y3_Z6",
    "Y4_Z5",
    "Y10_Z11",
    "Z10_Y8",
    "Z0_Y7",
    "Z1_Y6",
    "Z2_Y5",
    "Z3_Y4",
    "Z9_Y11",
    "Y10_Z8",
    "Y0_Z7",
    "Y1_Z6",
    "Y2_Z5",
    "Y3_Z4",
    "Y9_Z11",
    "Z9_Y7",
    "Z10_Y6",
    "Z0_Y5",
    "Z1_Y4",
    "Z2_Y3",
    "Z8_Y11",
    "Y9_Z7",
    "Y10_Z6",
    "Y0_Z5",
    "Y1_Z4",
    "Y2_Z3",
    "Y8_Z11",
    "Z8_Y6",
    "Z9_Y5",
    "Z10_Y4",
    "Z0_Y3",
    "Z1_Y2",
    "Z7_Y11",
    "Y8_Z6",
    "Y9_Z5",
    "Y10_Z4",
    "Y0_Z3",
    "Y1_Z2",
    "Y7_Z11",
    "Z7_Y5",
    "Z8_Y4",
    "Z9_Y3",
    "Z10_Y2",
    "Z0_Y1",
    "Z6_Y11",
    "Y7_Z5",
    "Y8_Z4",
    "Y9_Z3",
    "Y10_Z2",
    "Y0_Z1",
    "Y6_Z11",
    "Z6_Y4",
    "Z7_Y3",
    "Z8_Y2",
    "Z9_Y1",
    "Z10_Y0",
    "Z5_Y11",
    "Y6_Z4",
    "Y7_Z3",
    "Y8_Z2",
    "Y9_Z1",
    "Y10_Z0",
    "Y5_Z11",
    "Z5_Y3",
    "Z6_Y2",
    "Z7_Y1",
    "Z8_Y0",
    "Z9_Y10",
    "Z4_Y11",
    "Y5_Z3",
    "Y6_Z2",
    "Y7_Z1",
    "Y8_Z0",
    "Y9_Z10",
    "Y4_Z11",
    "Z4_Y2",
    "Z5_Y1",
    "Z6_Y0",
    "Z7_Y10",
    "Z8_Y9",
    "Z3_Y11",
    "Y4_Z2",
    "Y5_Z1",
    "Y6_Z0",
    "Y7_Z10",
    "Y8_Z9",
    "Y3_Z11",
    "Z3_Y1",
    "Z4_Y0",
    "Z5_Y10",
    "Z6_Y9",
    "Z7_Y8",
    "Z2_Y11",
    "Y3_Z1",
    "Y4_Z0",
    "Y5_Z10",
    "Y6_Z9",
    "Y7_Z8",
    "Y2_Z11",
    "Z2_Y0",
    "Z3_Y10",
    "Z4_Y9",
    "Z5_Y8",
    "Z6_Y7",
    "Z1_Y11",
    "Y2_Z0",
    "Y3_Z10",
    "Y4_Z9",
    "Y5_Z8",
    "Y6_Z7",
    "Y1_Z11",
    "Z1_Y10",
    "Z2_Y9",
    "Z3_Y8",
    "Z4_Y7",
    "Z5_Y6",
    "Z0_Y11",
    "Y1_Z10",
    "Y2_Z9",
    "Y3_Z8",
    "Y4_Z7",
    "Y5_Z6",
    "Y0_Z11"
  ],
  "dt": 0.05,
  "lr": 0.05,
  "lam": 1.0,
  "mu": 0.9,
  "fix_step": 0,
  "constant_c": true,
  "parameters": [
    -1.5357953770944732e-06,
    2.3115094904824218e-07,
    9.952483992492489e-08,
    -1.370736697481334e-07,
    -4.634087247268326e-07,
    2.8056192036274297e-07,
    -7.876321888033999e-07,
    -3.6735755770678225e-07,
    -3.4362557244094205e-10,
    1.2114552028208436e-08,
    2.3663744741497794e-06,
    6.405518888641382e-07,
    -0.12107797712087631,
    -0.037143852561712265,
    0.6483098864555359,
    -0.18169523775577545,
    0.9516658186912537,
    -1.2310028076171875,
    0.11435133218765259,
    0.030852628871798515,
    -0.6604641675949097,
    0.18434469401836395,
    -0.951974093914032,
    -0.34041357040405273,
    0.10604485124349594,
    0.15568526089191437,
    0.07868856936693192,
    0.2186417579650879,
    0.362005352973938,
    0.0016577305505052209,
    -0.012842233292758465,
    -0.1514541357755661,
    -0.08130288869142532,
    -0.2265411615371704,
    -0.3758235573768616,
    0.5280114412307739,
    0.5269885659217834,
    0.16946221888065338,
    -0.22464455664157867,
    0.5761871337890625,
    -0.9706522822380066,
    -0.013064419850707054,
    -0.46444517374038696,
    -0.0002452608314342797,
    0.3340524733066559,
    -0.5786592960357666,
    0.9685878753662109,
    1.390761137008667,
    0.37795180082321167,
    0.13241757452487946,
    0.9557954668998718,
    0.03402052819728851,
    -0.017232490703463554,
    -0.0021960395388305187,
    -0.028955740854144096,
    -0.11941851675510406,
    -0.0029995001386851072,
    -0.05972801148891449,
    0.0009859957499429584,
    -0.9918889403343201,
    -0.09981437772512436,
    0.06827329844236374,
    0.0932050347328186,
    -0.04850652813911438,
    -0.06598073989152908,
    -0.0006853697123005986,
    0.0324382409453392,
    -0.018607480451464653,
    -0.090421661734581,
    -0.0004455338348634541,
    0.06933173537254333,
    0.15897336602210999,
    -0.05638371780514717,
    0.7427945137023926,
    0.7132879495620728,
    -0.21077917516231537,
    -0.18872453272342682,
    0.001174562843516469,
    0.1074729859828949,
    -0.25066009163856506,
    -0.04959939047694206,
    0.19069787859916687,
    1.5689407746322104e-06,
    -0.6396010518074036,
    -0.28665000200271606,
    0.08061737567186356,
    0.8781626224517822,
    -0.12308693677186966,
    0.003422167617827654,
    0.0022615029010921717,
    0.2298426330089569,
    -0.08943822234869003,
    -0.48334211111068726,
    0.007869306951761246,
    1.0833860635757446,
    0.6011457443237305,
    0.266099750995636,
    0.012751194648444653,
    0.10241243243217468,
    0.0011876325588673353,
    -0.00688971159979701,
    -0.002483547432348132,
    -0.07583306729793549,
    -0.02264736220240593,
    1.4724704027175903,
    -0.41903531551361084,
    -0.05259506031870842,
    0.6630246639251709,
    -0.17913739383220673,
    -0.13552290201187134,
    0.001001985277980566,
    0.005469172261655331,
    0.028158122673630714,
    -0.002802144503220916,
    0.19011841714382172,
    -0.00013607967412099242,
    -0.21620111167430878,
    -0.07838590443134308,
    0.14469531178474426,
    -0.4682687222957611,
    -0.12403092533349991,
    -0.003868252970278263,
    -0.032663747668266296,
    -0.014034876599907875,
    -0.0017926389118656516,
    -3.1480551115237176e-05,
    0.001530307810753584,
    0.2103499472141266,
    -0.02053016424179077,
    0.45126330852508545,
    0.10466177761554718,
    -0.03927118331193924,
    0.005587799474596977,
    -0.009727373719215393,
    -0.012493268586695194,
    0.084440678358078,
    -0.034109849482774734,
    0.0001265204045921564,
    0.5740815997123718,
    0.0916614904999733,
    -0.4512404203414917,
    0.06996920704841614,
    0.11441446840763092,
    0.04036815091967583
  ],
  "opt_ratios": [
    0.000976561801508069,
    0.0018577610608190298,
    0.0033787868451327085,
    0.005683591589331627,
    0.009385081939399242,
    0.014812389388680458,
    0.022408876568078995,
    0.032571036368608475,
    0.04557183012366295,
    0.061480291187763214,
    0.0800638347864151,
    0.10066120326519012,
    0.12206622958183289,
    0.14279820024967194,
    0.16189853847026825,
    0.1794080138206482,
    0.19634267687797546,
    0.21421489119529724,
    0.23434074223041534,
    0.2577730417251587,
    0.28556033968925476,
    0.31871873140335083,
    0.35792243480682373,
    0.4034786820411682,
    0.4550049901008606,
    0.5106523036956787,
    0.5675187110900879,
    0.6229608058929443,
    0.675312340259552,
    0.7234176993370056,
    0.7671352624893188,
    0.8068962097167969,
    0.8431367874145508,
    0.8761979341506958,
    0.9062213897705078,
    0.9330057501792908,
    0.9562852382659912,
    0.9757803678512573,
    0.98883455991745,
    0.9946921467781067,
    0.996468722820282,
    0.958250105381012,
    0.9795290231704712,
    0.936389684677124,
    0.9122248291969299,
    0.9185249209403992,
    0.9324139356613159,
    0.9012258052825928,
    0.9889217615127563,
    0.996052622795105,
    0.998450517654419
  ],