{
  "size": 12,
  "opt_val": -16.0,
  "method": "AWQV",
  "operations": [
    "Y0",
    "Y1",
    "Y2",
    "Y3",
    "Y4",
    "Y5",
    "Y6",
    "Y7",
    "Y8",
    "Y9",
    "Y10",
    "Y11",
    "Z0_Y9",
    "Z1_Y8",
    "Z2_Y7",
    "Z3_Y6",
    "Z4_Y5",
    "Z10_Y11",
    "Y0_Z9",
    "Y1_Z8",
    "Y2_Z7",
    "Y3_Z6",
    "Y4_Z5",
    "Y10_Z11",
    "Z10_Y8",
    "Z0_Y7",
    "Z1_Y6",
    "Z2_Y5",
    "Z3_Y4",
    "Z9_Y11",
    "Y10_Z8",
    "Y0_Z7",
    "Y1_Z6",
    "Y2_Z5",
    "Y3_Z4",
    "Y9_Z11",
    "Z9_Y7",
    "Z10_Y6",
    "Z0_Y5",
    "Z1_Y4",
    "Z2_Y3",
    "Z8_Y11",
    "Y9_Z7",
    "Y10_Z6",
    "Y0_Z5",
    "Y1_Z4",
    "Y2_Z3",
    "Y8_Z11",
    "Z8_Y6",
    "Z9_Y5",
    "Z10_Y4",
    "Z0_Y3",
    "Z1_Y2",
    "Z7_Y11",
    "Y8_Z6",
    "Y9_Z5",
    "Y10_Z4",
    "Y0_Z3",
    "Y1_Z2",
    "Y7_Z11",
    "Z7_Y5",
    "Z8_Y4",
    "Z9_Y3",
    "Z10_Y2",
    "Z0_Y1",
    "Z6_Y11",
    "Y7_Z5",
    "Y8_Z4",
    "Y9_Z3",
    "Y10_Z2",
    "Y0_Z1",
    "Y6_Z11",
    "Z6_Y4",
    "Z7_Y3",
    "Z8_Y2",
    "Z9_Y1",
    "Z10_Y0",
    "Z5_Y11",
    "Y6_Z4",
    "Y7_Z3",
    "Y8_Z2",
    "Y9_Z1",
    "Y10_Z0",
    "Y5_Z11",
    "Z5_Y3",
    "Z6_Y2",
    "Z7_Y1",
    "Z8_Y0",
    "Z9_Y10",
    "Z4_Y11",
    "Y5_Z3",
    "Y6_Z2",
    "Y7_Z1",
    "Y8_Z0",
    "Y9_Z10",
    "Y4_Z11",
    "Z4_Y2",
    "Z5_Y1",
    "Z6_Y0",
    "Z7_Y10",
    "Z8_Y9",
    "Z3_Y11",
    "Y4_Z2",
    "Y5_Z1",
    "Y6_Z0",
    "Y7_Z10",
    "Y8_Z9",
    "Y3_Z11",
    "Z3_Y1",
    "Z4_Y0",
    "Z5_Y10",
    "Z6_Y9",
    "Z7_Y8",
    "Z2_Y11",
    "Y3_Z1",
    "Y4_Z0",
    "Y5_Z10",
    "Y6_Z9",
    "Y7_Z8",
    "Y2_Z11",
    "Z2_Y0",
    "Z3_Y10",
    "Z4_Y9",
    "Z5_Y8",
    "Z6_Y7",
    "Z1_Y11",
    "Y2_Z0",
    "Y3_Z10",
    "Y4_Z9",
    "Y5_Z8",
    "Y6_Z7",
    "Y1_Z11",
    "Z1_Y10",
    "Z2_Y9",
    "Z3_Y8",
    "Z4_Y7",
    "Z5_Y6",
    "Z0_Y11",
    "Y1_Z10",
    "Y2_Z9",
    "Y3_Z8",
    "Y4_Z7",
    "Y5_Z6",
    "Y0_Z11"
  ],
  "dt": 0.05,
  "lr": 0.05,
  "lam": 1.0,
  "mu": 0.9,
  "fix_step": 0,
  "constant_c": true,
  "parameters": [
    2.8408985599526204e-06,
    4.603485194820678e-06,
    3.629326783993747e-06,
    1.399356051479117e-06,
    -8.815793262328953e-05,
    4.5091019273968413e-05,
    5.116914394420746e-07,
    -1.663248440308962e-05,
    -1.5168372158314014e-07,
    6.07196170676616e-06,
    -3.207781773539864e-08,
    6.983869297982892e-06,
    -0.5967005491256714,
    0.004118590150028467,
    0.18202327191829681,
    -0.23307807743549347,
    1.106711745262146,
    0.07877834141254425,
    0.590516209602356,
    0.15434211492538452,
    -0.21146491169929504,
    0.23021845519542694,
    0.4544476866722107,
    -0.017130404710769653,
    -1.595170259475708,
    -0.06973643600940704,
    0.15237729251384735,
    0.003454135963693261,
    0.006117880344390869,
    -0.40672653913497925,
    1.5961408615112305,
    0.07090239971876144,
    -0.1348530501127243,
    -0.2857390344142914,
    1.0634372234344482,
    0.4086412191390991,
    0.26408421993255615,
    -0.21808111667633057,
    0.015791283920407295,
    0.0004400881880428642,
    -0.02454855665564537,
    -0.07033920288085938,
    -0.27072739601135254,
    0.19508333504199982,
    -0.848704993724823,
    -0.13134564459323883,
    0.053309302777051926,
    -0.007205726578831673,
    -0.01831717975437641,
    -0.024568062275648117,
    7.66006633057259e-05,
    -0.3626266121864319,
    0.30100375413894653,
    -0.47314488887786865,
    0.017560865730047226,
    0.9359189867973328,
    0.7424896955490112,
    0.8330639004707336,
    -0.3168374300003052,
    0.5109533667564392,
    -0.020174916833639145,
    -0.00015202428039629012,
    0.08029038459062576,
    0.06504169851541519,
    0.2611536383628845,
    -0.13846907019615173,
    0.4493562579154968,
    -1.112821102142334,
    -0.046599194407463074,
    -0.09633517265319824,
    -0.26666179299354553,
    0.14221231639385223,
    -0.0003107658412773162,
    0.02456500753760338,
    0.03247390314936638,
    -0.4542636573314667,
    0.11605441570281982,
    -0.1966850906610489,
    -0.4222124218940735,
    -0.10401047021150589,
    -0.015517930500209332,
    0.2984461486339569,
    -0.048981040716171265,
    0.0067367833107709885,
    -0.23204457759857178,
    0.1607033610343933,
    1.3472824096679688,
    0.15311913192272186,
    -0.05867387726902962,
    -0.1871030479669571,
    -0.034996747970581055,
    -0.16101405024528503,
    0.2670186758041382,
    -0.06435456871986389,
    0.0030365220736712217,
    -0.00024389114696532488,
    0.37815162539482117,
    -0.18176676332950592,
    -0.05361008644104004,
    0.1449393481016159,
    -0.028539206832647324,
    1.3080084323883057,
    -0.00023104483261704445,
    -0.00532558374106884,
    0.05854775011539459,
    0.1894024759531021,
    0.05141159147024155,
    -0.019113948568701744,
    -0.10570386052131653,
    1.4659476280212402,
    -0.3304317891597748,
    0.40046995878219604,
    -0.019182851538062096,
    0.06731946766376495,
    -0.022635189816355705,
    0.00028182874666526914,
    0.0044080279767513275,
    -0.4674742817878723,
    -0.01833847351372242,
    -0.16492848098278046,
    -0.014811517670750618,
    -0.5281323790550232,
    -0.9418123364448547,
    0.4629974663257599,
    0.021527662873268127,
    0.04690217226743698,
    0.1905084252357483,
    0.11865143477916718,
    0.0003090671089012176,
    0.009110922925174236,
    0.011283671483397484,
    0.068214051425457,
    0.18605804443359375,
    0.008393620140850544,
    0.040107131004333496,
    0.1848103255033493,
    0.8750869631767273,
    0.22351644933223724,
    -0.08049468696117401,
    1.2146706581115723,
    0.14656035602092743,
    -0.00019872619304805994,
    -0.0028984176460653543,
    0.030642984434962273
  ],
  "opt_ratios": [
    0.000976561801508069,
    0.0018418238032609224,
    0.0033211573027074337,
    0.005757610313594341,
    0.009279772639274597,
    0.014549730345606804,
    0.022150546312332153,
    0.03266080468893051,
    0.04653096944093704,
    0.06392931193113327,
    0.08449270576238632,
    0.10702714323997498,
    0.12967517971992493,
    0.15054696798324585,
    0.168586865067482,
    0.18397432565689087,
    0.19778789579868317,
    0.21141324937343597,
    0.22606036067008972,
    0.24256162345409393,
    0.2614004611968994,
    0.282825231552124,
    0.30695056915283203,
    0.3338524103164673,
    0.363651305437088,
    0.3965231776237488,
    0.4326073229312897,
    0.471781849861145,
    0.5134032964706421,
    0.5558377504348755,
    0.5970786809921265,
    0.6362364292144775,
    0.6734646558761597,
    0.7085362672805786,
    0.7412206530570984,
    0.7724860906600952,
    0.8037357330322266,
    0.8343619108200073,
    0.8616296052932739,
    0.8860560655593872,
    0.9092859029769897,
    0.9311727285385132,
    0.9507224559783936,
    0.9670824408531189,
    0.9799897074699402,
    0.9895856380462646,
    0.9958741664886475,
    0.998464047908783,
    0.9750350117683411,
    0.923256516456604,
    0.9399795532226562
  ],