{
  "size": 12,
  "opt_val": -16.0,
  "method": "AWQV",
  "operations": [
    "Y0",
    "Y1",
    "Y2",
    "Y3",
    "Y4",
    "Y5",
    "Y6",
    "Y7",
    "Y8",
    "Y9",
    "Y10",
    "Y11",
    "Z0_Y9",
    "Z1_Y8",
    "Z2_Y7",
    "Z3_Y6",
    "Z4_Y5",
    "Z10_Y11",
    "Y0_Z9",
    "Y1_Z8",
    "Y2_Z7",
    "Y3_Z6",
    "Y4_Z5",
    "Y10_Z11",
    "Z10_Y8",
    "Z0_Y7",
    "Z1_Y6",
    "Z2_Y5",
    "Z3_Y4",
    "Z9_Y11",
    "Y10_Z8",
    "Y0_Z7",
    "Y1_Z6",
    "Y2_Z5",
    "Y3_Z4",
    "Y9_Z11",
    "Z9_Y7",
    "Z10_Y6",
    "Z0_Y5",
    "Z1_Y4",
    "Z2_Y3",
    "Z8_Y11",
    "Y9_Z7",
    "Y10_Z6",
    "Y0_Z5",
    "Y1_Z4",
    "Y2_Z3",
    "Y8_Z11",
    "Z8_Y6",
    "Z9_Y5",
    "Z10_Y4",
    "Z0_Y3",
    "Z1_Y2",
    "Z7_Y11",
    "Y8_Z6",
    "Y9_Z5",
    "Y10_Z4",
    "Y0_Z3",
    "Y1_Z2",
    "Y7_Z11",
    "Z7_Y5",
    "Z8_Y4",
    "Z9_Y3",
    "Z10_Y2",
    "Z0_Y1",
    "Z6_Y11",
    "Y7_Z5",
    "Y8_Z4",
    "Y9_Z3",
    "Y10_Z2",
    "Y0_Z1",
    "Y6_Z11",
    "Z6_Y4",
    "Z7_Y3",
    "Z8_Y2",
    "Z9_Y1",
    "Z10_Y0",
    "Z5_Y11",
    "Y6_Z4",
    "Y7_Z3",
    "Y8_Z2",
    "Y9_Z1",
    "Y10_Z0",
    "Y5_Z11",
    "Z5_Y3",
    "Z6_Y2",
    "Z7_Y1",
    "Z8_Y0",
    "Z9_Y10",
    "Z4_Y11",
    "Y5_Z3",
    "Y6_Z2",
    "Y7_Z1",
    "Y8_Z0",
    "Y9_Z10",
    "Y4_Z11",
    "Z4_Y2",
    "Z5_Y1",
    "Z6_Y0",
    "Z7_Y10",
    "Z8_Y9",
    "Z3_Y11",
    "Y4_Z2",
    "Y5_Z1",
    "Y6_Z0",
    "Y7_Z10",
    "Y8_Z9",
    "Y3_Z11",
    "Z3_Y1",
    "Z4_Y0",
    "Z5_Y10",
    "Z6_Y9",
    "Z7_Y8",
    "Z2_Y11",
    "Y3_Z1",
    "Y4_Z0",
    "Y5_Z10",
    "Y6_Z9",
    "Y7_Z8",
    "Y2_Z11",
    "Z2_Y0",
    "Z3_Y10",
    "Z4_Y9",
    "Z5_Y8",
    "Z6_Y7",
    "Z1_Y11",
    "Y2_Z0",
    "Y3_Z10",
    "Y4_Z9",
    "Y5_Z8",
    "Y6_Z7",
    "Y1_Z11",
    "Z1_Y10",
    "Z2_Y9",
    "Z3_Y8",
    "Z4_Y7",
    "Z5_Y6",
    "Z0_Y11",
    "Y1_Z10",
    "Y2_Z9",
    "Y3_Z8",
    "Y4_Z7",
    "Y5_Z6",
    "Y0_Z11"
  ],
  "dt": 0.05,
  "lr": 0.05,
  "lam": 1.0,
  "mu": 0.9,
  "fix_step": 0,
  "constant_c": true,
  "parameters": [
    -3.79355697077699e-07,
    -4.690544756158488e-06,
    2.3749038291498437e-08,
    -1.8409078620607033e-05,
    -2.0196448531351052e-06,
    -1.0334844091630657e-07,
    -9.53228009166196e-05,
    -1.5438354239449836e-06,
    -1.1250300957499348e-07,
    6.209648972799187e-07,
    3.582991894290899e-07,
    -1.039271069203096e-06,
    1.6881276369094849,
    0.18093682825565338,
    0.039893969893455505,
    -0.18552319705486298,
    1.525630235671997,
    0.6807956099510193,
    -1.6807035207748413,
    -0.18146398663520813,
    -0.04091392457485199,
    -0.44699639081954956,
    -1.506377100944519,
    -0.6838693022727966,
    -0.05592181533575058,
    -0.3006889224052429,
    -0.03357228264212608,
    0.08147460967302322,
    0.04107947647571564,
    -0.13783326745033264,
    0.05603449046611786,
    0.30651935935020447,
    -1.5341674089431763,
    -0.0773138552904129,
    -0.03747830167412758,
    0.14210712909698486,
    0.45633524656295776,
    0.0011837286874651909,
    -0.2830999493598938,
    -0.9855118989944458,
    -0.2318859100341797,
    0.02574549801647663,
    -0.4606083631515503,
    0.6377171277999878,
    0.28153958916664124,
    0.002881751861423254,
    0.2832302451133728,
    -0.025033961981534958,
    -0.17555417120456696,
    -0.32530418038368225,
    0.11463485658168793,
    0.16459666192531586,
    1.326653003692627,
    -0.14307697117328644,
    1.5661590099334717,
    0.3228442370891571,
    -0.17477957904338837,
    -0.2028820812702179,
    0.004845495335757732,
    0.14756475389003754,
    -0.1096484363079071,
    0.49266526103019714,
    -0.20339339971542358,
    0.4080891013145447,
    5.750746367993997e-06,
    -0.13981863856315613,
    0.1139950081706047,
    0.022537801414728165,
    0.24896441400051117,
    -0.9385002851486206,
    -0.0752013549208641,
    0.024387357756495476,
    0.0028034064453095198,
    -0.6764881610870361,
    -0.10465068370103836,
    0.00017617642879486084,
    0.3688770830631256,
    -0.11870287358760834,
    -0.12169978767633438,
    0.7818570137023926,
    -0.010865614749491215,
    0.05239015072584152,
    -0.06302705407142639,
    0.11736736446619034,
    -0.05511590093374252,
    0.4929439127445221,
    0.0012193061411380768,
    0.0817122608423233,
    0.040287215262651443,
    -0.08422000706195831,
    0.054832324385643005,
    0.05917100980877876,
    0.6558592319488525,
    0.0036165136843919754,
    -0.21309812366962433,
    0.004593376070261002,
    -0.14167049527168274,
    -0.0025225665885955095,
    -0.8682623505592346,
    0.026521559804677963,
    -0.16121795773506165,
    0.14499910175800323,
    0.10164833068847656,
    1.1303280591964722,
    0.01062780898064375,
    -0.08283315598964691,
    -0.002655407413840294,
    -0.13550543785095215,
    0.0009202767978422344,
    0.12249603867530823,
    0.06439515948295593,
    0.8580484986305237,
    0.049814313650131226,
    1.2687551975250244,
    -0.4356726408004761,
    0.11661059409379959,
    -0.1339215636253357,
    0.009502208791673183,
    0.006449943874031305,
    0.03946133330464363,
    0.09636446833610535,
    -0.013084759004414082,
    0.011113211512565613,
    0.17618711292743683,
    0.42206400632858276,
    -0.05875963717699051,
    -0.014474845491349697,
    0.04986600950360298,
    0.07446654140949249,
    -0.24331466853618622,
    -0.011121646501123905,
    -0.003036820562556386,
    0.2850913405418396,
    -0.13808715343475342,
    0.1975921094417572,
    0.01742597669363022,
    0.004927596542984247,
    -0.08841922879219055,
    -0.0004625436558853835,
    0.027010558173060417,
    0.6385154128074646,
    -0.0020607251208275557,
    0.026940781623125076,
    -0.09075380116701126
  ],
  "opt_ratios": [
    0.0004882809007540345,
    0.0009101162431761622,
    0.0015910826623439789,
    0.0027588880620896816,
    0.004524129908531904,
    0.007169061340391636,
    0.010996229946613312,
    0.01634661853313446,
    0.0235687755048275,
    0.03297059237957001,
    0.04475962370634079,
    0.05898347869515419,
    0.07546966522932053,
    0.0937730222940445,
    0.11323805898427963,
    0.13368669152259827,
    0.15657109022140503,
    0.1843431144952774,
    0.2187594175338745,
    0.2606562674045563,
    0.3103961944580078,
    0.3676663637161255,
    0.4309830963611603,
    0.49744516611099243,
    0.5637648701667786,
    0.6260058879852295,
    0.6811819076538086,
    0.7287760972976685,
    0.7705415487289429,
    0.8078149557113647,
    0.8412436246871948,
    0.8710570335388184,
    0.8974441289901733,
    0.9206807613372803,
    0.94077467918396,
    0.9573702812194824,
    0.9701039791107178,
    0.9791358113288879,
    0.9862169027328491,
    0.9876648187637329,
    0.9084712266921997,
    0.975513219833374,
    0.9273547530174255,
    0.9663206934928894,
    0.8850988149642944,
    0.9699447154998779,
    0.9900635480880737,
    0.9942458868026733,
    0.9951626062393188,
    0.9954641461372375,
    0.9956455230712891
  ],