{
  "size": 12,
  "opt_val": -16.0,
  "method": "AWQV",
  "operations": [
    "Y0",
    "Y1",
    "Y2",
    "Y3",
    "Y4",
    "Y5",
    "Y6",
    "Y7",
    "Y8",
    "Y9",
    "Y10",
    "Y11",
    "Z0_Y9",
    "Z1_Y8",
    "Z2_Y7",
    "Z3_Y6",
    "Z4_Y5",
    "Z10_Y11",
    "Y0_Z9",
    "Y1_Z8",
    "Y2_Z7",
    "Y3_Z6",
    "Y4_Z5",
    "Y10_Z11",
    "Z10_Y8",
    "Z0_Y7",
    "Z1_Y6",
    "Z2_Y5",
    "Z3_Y4",
    "Z9_Y11",
    "Y10_Z8",
    "Y0_Z7",
    "Y1_Z6",
    "Y2_Z5",
    "Y3_Z4",
    "Y9_Z11",
    "Z9_Y7",
    "Z10_Y6",
    "Z0_Y5",
    "Z1_Y4",
    "Z2_Y3",
    "Z8_Y11",
    "Y9_Z7",
    "Y10_Z6",
    "Y0_Z5",
    "Y1_Z4",
    "Y2_Z3",
    "Y8_Z11",
    "Z8_Y6",
    "Z9_Y5",
    "Z10_Y4",
    "Z0_Y3",
    "Z1_Y2",
    "Z7_Y11",
    "Y8_Z6",
    "Y9_Z5",
    "Y10_Z4",
    "Y0_Z3",
    "Y1_Z2",
    "Y7_Z11",
    "Z7_Y5",
    "Z8_Y4",
    "Z9_Y3",
    "Z10_Y2",
    "Z0_Y1",
    "Z6_Y11",
    "Y7_Z5",
    "Y8_Z4",
    "Y9_Z3",
    "Y10_Z2",
    "Y0_Z1",
    "Y6_Z11",
    "Z6_Y4",
    "Z7_Y3",
    "Z8_Y2",
    "Z9_Y1",
    "Z10_Y0",
    "Z5_Y11",
    "Y6_Z4",
    "Y7_Z3",
    "Y8_Z2",
    "Y9_Z1",
    "Y10_Z0",
    "Y5_Z11",
    "Z5_Y3",
    "Z6_Y2",
    "Z7_Y1",
    "Z8_Y0",
    "Z9_Y10",
    "Z4_Y11",
    "Y5_Z3",
    "Y6_Z2",
    "Y7_Z1",
    "Y8_Z0",
    "Y9_Z10",
    "Y4_Z11",
    "Z4_Y2",
    "Z5_Y1",
    "Z6_Y0",
    "Z7_Y10",
    "Z8_Y9",
    "Z3_Y11",
    "Y4_Z2",
    "Y5_Z1",
    "Y6_Z0",
    "Y7_Z10",
    "Y8_Z9",
    "Y3_Z11",
    "Z3_Y1",
    "Z4_Y0",
    "Z5_Y10",
    "Z6_Y9",
    "Z7_Y8",
    "Z2_Y11",
    "Y3_Z1",
    "Y4_Z0",
    "Y5_Z10",
    "Y6_Z9",
    "Y7_Z8",
    "Y2_Z11",
    "Z2_Y0",
    "Z3_Y10",
    "Z4_Y9",
    "Z5_Y8",
    "Z6_Y7",
    "Z1_Y11",
    "Y2_Z0",
    "Y3_Z10",
    "Y4_Z9",
    "Y5_Z8",
    "Y6_Z7",
    "Y1_Z11",
    "Z1_Y10",
    "Z2_Y9",
    "Z3_Y8",
    "Z4_Y7",
    "Z5_Y6",
    "Z0_Y11",
    "Y1_Z10",
    "Y2_Z9",
    "Y3_Z8",
    "Y4_Z7",
    "Y5_Z6",
    "Y0_Z11"
  ],
  "dt": 0.05,
  "lr": 0.05,
  "lam": 1.0,
  "mu": 0.9,
  "fix_step": 0,
  "constant_c": true,
  "parameters": [
    -5.734499609388877e-06,
    1.1712254632811891e-07,
    3.799470277954242e-06,
    4.5966706352373876e-07,
    -5.820085107188788e-07,
    1.029872123581299e-06,
    5.013657187191711e-07,
    6.428162578231422e-06,
    -1.01649891348643e-06,
    3.7156355574552435e-06,
    -1.0542526069912128e-06,
    3.674231265904382e-06,
    -0.08309990912675858,
    -0.03176267445087433,
    -0.1143234372138977,
    0.31711918115615845,
    0.06635060161352158,
    0.26084408164024353,
    0.6714093685150146,
    0.02205994538962841,
    -0.09517224133014679,
    -0.14678004384040833,
    -0.07904139161109924,
    -0.14882293343544006,
    -0.6325662136077881,
    0.4588657319545746,
    -0.12097993493080139,
    0.2940003275871277,
    0.08158068358898163,
    -0.036924950778484344,
    0.24042107164859772,
    1.0160495042800903,
    0.1302412450313568,
    -0.3547183573246002,
    -0.025994349271059036,
    0.035050392150878906,
    -0.5341181755065918,
    -0.18123197555541992,
    -0.045178841799497604,
    -0.3041868507862091,
    1.181962251663208,
    0.04401468113064766,
    -1.2721161842346191,
    0.18384800851345062,
    -0.029311301186680794,
    0.31045469641685486,
    -1.0904202461242676,
    -0.061608511954545975,
    -0.11425042897462845,
    -0.589507520198822,
    1.6703044176101685,
    0.004028955474495888,
    -0.17487908899784088,
    0.09888854622840881,
    0.10674893110990524,
    0.021062199026346207,
    -1.6729274988174438,
    -0.07094056159257889,
    0.18157655000686646,
    0.0027344864793121815,
    -0.26079681515693665,
    -0.029403600841760635,
    0.28289684653282166,
    0.2728195786476135,
    0.024487780407071114,
    2.142836809158325,
    -0.06133706867694855,
    -0.34674185514450073,
    0.03438913822174072,
    -0.23452933132648468,
    -0.005695879925042391,
    -0.7787103056907654,
    0.05119697377085686,
    0.27903854846954346,
    0.5125545859336853,
    0.5062735080718994,
    0.006693737115710974,
    0.13274188339710236,
    0.09680099040269852,
    -0.11230237036943436,
    -0.49083465337753296,
    0.001941015012562275,
    0.025291800498962402,
    -0.1534567028284073,
    0.20727042853832245,
    0.1782323271036148,
    1.0763957500457764,
    0.013491966761648655,
    0.6319141387939453,
    0.03229605406522751,
    -0.2850635349750519,
    0.5065150856971741,
    -0.008457448333501816,
    -0.0025565458927303553,
    -0.0038253760430961847,
    0.024789541959762573,
    -0.02322891354560852,
    0.008071823976933956,
    -0.0029213849920779467,
    0.7839903235435486,
    -0.006864427123218775,
    0.05247926712036133,
    -0.010879282839596272,
    0.938816487789154,
    -0.02740882895886898,
    -0.0007852438720874488,
    1.176680564880371,
    0.10440728068351746,
    0.04955330118536949,
    -0.001988400937989354,
    0.05631515756249428,
    0.001354797394014895,
    0.23488079011440277,
    -0.4434274137020111,
    -0.30263325572013855,
    0.39985841512680054,
    0.041638199239969254,
    0.035256680101156235,
    0.014615092426538467,
    0.3097873330116272,
    0.018515251576900482,
    -0.0781034305691719,
    0.00019700427947100252,
    -0.01629607565701008,
    -0.002516011940315366,
    -0.005052648019045591,
    0.43747302889823914,
    -0.16661058366298676,
    -0.8583900928497314,
    0.005715374369174242,
    -0.05989354848861694,
    -0.005193765740841627,
    -0.0852612629532814,
    -0.0023685754276812077,
    -0.2148163914680481,
    0.0035738071892410517,
    -0.2664773762226105,
    -0.11189733445644379,
    -0.02451733499765396,
    -1.0256845951080322,
    -0.2281475067138672,
    -0.30949851870536804,
    -0.19570980966091156,
    0.007731801364570856
  ],
  "opt_ratios": [
    0.0014648427022621036,
    0.002784627489745617,
    0.005181076005101204,
    0.008903215639293194,
    0.014678910374641418,
    0.02328071929514408,
    0.03549791872501373,
    0.05190545320510864,
    0.07256238162517548,
    0.09688650071620941,
    0.12387648224830627,
    0.15236830711364746,
    0.18108361959457397,
    0.20859307050704956,
    0.2335893213748932,
    0.25561457872390747,
    0.27543753385543823,
    0.29435494542121887,
    0.31348612904548645,
    0.3337322473526001,
    0.35585305094718933,
    0.3802065849304199,
    0.40644198656082153,
    0.4336566925048828,
    0.4610098898410797,
    0.48809492588043213,
    0.5146312117576599,
    0.5401484966278076,
    0.5643654465675354,
    0.5875397324562073,
    0.6104240417480469,
    0.633998453617096,
    0.6590679883956909,
    0.6859728097915649,
    0.7150076627731323,
    0.7465051412582397,
    0.7807460427284241,
    0.818044126033783,
    0.8500828146934509,
    0.8801965117454529,
    0.9173166751861572,
    0.9305813312530518,
    0.9351310133934021,
    0.9481925964355469,
    0.9347813129425049,
    0.926964521408081,
    0.9396553039550781,
    0.8761114478111267,
    0.9560680985450745,
    0.9797674417495728,
    0.9867192506790161
  ],