{
  "size": 12,
  "opt_val": -15.0,
  "method": "AWQV",
  "operations": [
    "Y0",
    "Y1",
    "Y2",
    "Y3",
    "Y4",
    "Y5",
    "Y6",
    "Y7",
    "Y8",
    "Y9",
    "Y10",
    "Y11",
    "Z0_Y9",
    "Z1_Y8",
    "Z2_Y7",
    "Z3_Y6",
    "Z4_Y5",
    "Z10_Y11",
    "Y0_Z9",
    "Y1_Z8",
    "Y2_Z7",
    "Y3_Z6",
    "Y4_Z5",
    "Y10_Z11",
    "Z10_Y8",
    "Z0_Y7",
    "Z1_Y6",
    "Z2_Y5",
    "Z3_Y4",
    "Z9_Y11",
    "Y10_Z8",
    "Y0_Z7",
    "Y1_Z6",
    "Y2_Z5",
    "Y3_Z4",
    "Y9_Z11",
    "Z9_Y7",
    "Z10_Y6",
    "Z0_Y5",
    "Z1_Y4",
    "Z2_Y3",
    "Z8_Y11",
    "Y9_Z7",
    "Y10_Z6",
    "Y0_Z5",
    "Y1_Z4",
    "Y2_Z3",
    "Y8_Z11",
    "Z8_Y6",
    "Z9_Y5",
    "Z10_Y4",
    "Z0_Y3",
    "Z1_Y2",
    "Z7_Y11",
    "Y8_Z6",
    "Y9_Z5",
    "Y10_Z4",
    "Y0_Z3",
    "Y1_Z2",
    "Y7_Z11",
    "Z7_Y5",
    "Z8_Y4",
    "Z9_Y3",
    "Z10_Y2",
    "Z0_Y1",
    "Z6_Y11",
    "Y7_Z5",
    "Y8_Z4",
    "Y9_Z3",
    "Y10_Z2",
    "Y0_Z1",
    "Y6_Z11",
    "Z6_Y4",
    "Z7_Y3",
    "Z8_Y2",
    "Z9_Y1",
    "Z10_Y0",
    "Z5_Y11",
    "Y6_Z4",
    "Y7_Z3",
    "Y8_Z2",
    "Y9_Z1",
    "Y10_Z0",
    "Y5_Z11",
    "Z5_Y3",
    "Z6_Y2",
    "Z7_Y1",
    "Z8_Y0",
    "Z9_Y10",
    "Z4_Y11",
    "Y5_Z3",
    "Y6_Z2",
    "Y7_Z1",
    "Y8_Z0",
    "Y9_Z10",
    "Y4_Z11",
    "Z4_Y2",
    "Z5_Y1",
    "Z6_Y0",
    "Z7_Y10",
    "Z8_Y9",
    "Z3_Y11",
    "Y4_Z2",
    "Y5_Z1",
    "Y6_Z0",
    "Y7_Z10",
    "Y8_Z9",
    "Y3_Z11",
    "Z3_Y1",
    "Z4_Y0",
    "Z5_Y10",
    "Z6_Y9",
    "Z7_Y8",
    "Z2_Y11",
    "Y3_Z1",
    "Y4_Z0",
    "Y5_Z10",
    "Y6_Z9",
    "Y7_Z8",
    "Y2_Z11",
    "Z2_Y0",
    "Z3_Y10",
    "Z4_Y9",
    "Z5_Y8",
    "Z6_Y7",
    "Z1_Y11",
    "Y2_Z0",
    "Y3_Z10",
    "Y4_Z9",
    "Y5_Z8",
    "Y6_Z7",
    "Y1_Z11",
    "Z1_Y10",
    "Z2_Y9",
    "Z3_Y8",
    "Z4_Y7",
    "Z5_Y6",
    "Z0_Y11",
    "Y1_Z10",
    "Y2_Z9",
    "Y3_Z8",
    "Y4_Z7",
    "Y5_Z6",
    "Y0_Z11"
  ],
  "dt": 0.05,
  "lr": 0.05,
  "lam": 1.0,
  "mu": 0.9,
  "fix_step": 0,
  "constant_c": true,
  "parameters": [
    -2.0739724959639716e-07,
    -4.445146259968169e-07,
    -1.009586685540853e-05,
    4.2773413042596076e-06,
    -1.4069034477870446e-05,
    8.113486842376005e-07,
    3.5841233056999044e-06,
    -5.0610665311978664e-06,
    -7.834317443666805e-07,
    -1.4021494507687748e-06,
    -9.852030871115858e-07,
    8.513669627063791e-07,
    0.08099651336669922,
    0.390877366065979,
    -0.377096027135849,
    0.04137653112411499,
    0.21130529046058655,
    0.027375102043151855,
    -0.0730883851647377,
    -0.3139604330062866,
    -0.4988519251346588,
    -0.07274838536977768,
    -0.12636923789978027,
    -0.03949940204620361,
    0.12021899223327637,
    -0.15036679804325104,
    0.1442381888628006,
    1.0870540142059326,
    0.375203937292099,
    0.7603240609169006,
    -0.12826064229011536,
    0.17251791059970856,
    -0.14243651926517487,
    0.3378002345561981,
    -0.5989066362380981,
    -0.7204629778862,
    -0.8380991220474243,
    -0.18843355774879456,
    -0.15849511325359344,
    -0.031078694388270378,
    -0.3092930018901825,
    0.053515397012233734,
    1.0347155332565308,
    0.18705104291439056,
    0.5086579322814941,
    0.1262098252773285,
    -0.02898235246539116,
    -0.058684445917606354,
    0.21379821002483368,
    -0.2501985430717468,
    -0.12890352308750153,
    0.03337183967232704,
    0.02353678084909916,
    -0.26214534044265747,
    -0.20146426558494568,
    0.095211923122406,
    0.18919511139392853,
    -0.029267888516187668,
    0.6280162930488586,
    0.21848466992378235,
    0.1912311613559723,
    0.034792710095644,
    -0.585983157157898,
    0.05374617502093315,
    -0.8392137289047241,
    0.7989013195037842,
    0.6060077548027039,
    -0.03166539594531059,
    0.49786901473999023,
    1.4838194847106934,
    0.793447732925415,
    -0.6773251891136169,
    0.17983996868133545,
    -0.7266854643821716,
    -0.029976671561598778,
    0.10986372083425522,
    0.17237529158592224,
    0.17849022150039673,
    1.3056398630142212,
    0.3686211109161377,
    -0.45131823420524597,
    -0.08882959932088852,
    0.04662462696433067,
    0.00900724995881319,
    0.1782621592283249,
    0.03033645823597908,
    0.5553922057151794,
    -0.11128410696983337,
    0.09141413867473602,
    -1.3900917768478394,
    -0.027952387928962708,
    -0.030869318172335625,
    -0.34202685952186584,
    0.26630356907844543,
    -0.7006370425224304,
    -0.1221081018447876,
    0.02560701034963131,
    -0.9574902057647705,
    0.028979456052184105,
    0.014610178768634796,
    -0.020162340253591537,
    1.4612568616867065,
    0.03381163999438286,
    -0.014317607507109642,
    -0.01305917277932167,
    0.7039422988891602,
    0.06825384497642517,
    -0.6121497750282288,
    -0.0194336399435997,
    0.11333576589822769,
    -0.14916034042835236,
    -0.13513422012329102,
    -0.29566285014152527,
    -0.4613558053970337,
    -0.1367889791727066,
    0.016625763848423958,
    0.01611194759607315,
    -0.12178822606801987,
    -0.02696835808455944,
    -0.020531898364424706,
    -0.6661316752433777,
    -0.13641488552093506,
    -0.21536314487457275,
    0.9320791363716125,
    0.046729981899261475,
    0.4497946500778198,
    0.08736178278923035,
    0.1025102287530899,
    -0.05480826646089554,
    0.016849340870976448,
    0.054399147629737854,
    -0.044884130358695984,
    -0.03548877686262131,
    0.19504208862781525,
    -0.042844753712415695,
    -0.021241793408989906,
    -0.03302915021777153,
    -0.3797568380832672,
    -0.08151742070913315,
    0.033594679087400436,
    0.05043293535709381,
    -0.10579851269721985,
    0.021900026127696037,
    0.00399355124682188
  ],
  "opt_ratios": [
    0.0004882809007540345,
    0.0008364809327758849,
    0.0013431564439088106,
    0.0021637447644025087,
    0.003343936987221241,
    0.004982420243322849,
    0.007167711853981018,
    0.009989745914936066,
    0.013551793992519379,
    0.01798827573657036,
    0.023454274982213974,
    0.03002455085515976,
    0.037557490170001984,
    0.04571765661239624,
    0.054156333208084106,
    0.06265087425708771,
    0.07114193588495255,
    0.07971931993961334,
    0.08859489113092422,
    0.0980682224035263,
    0.10849437862634659,
    0.12026003748178482,
    0.13376407325267792,
    0.14936979115009308,
    0.16733984649181366,
    0.1877693235874176,
    0.21054156124591827,
    0.23531147837638855,
    0.2617148160934448,
    0.2891862094402313,
    0.31694814562797546,
    0.34408390522003174,
    0.36963769793510437,
    0.3926945626735687,
    0.41251009702682495,
    0.42874523997306824,
    0.4417869448661804,
    0.4521681070327759,
    0.46040865778923035,
    0.466940313577652,
    0.47211503982543945,
    0.47623854875564575,
    0.47958534955978394,
    0.4823990762233734,
    0.4848839342594147,
    0.4871840476989746,
    0.48936787247657776,
    0.49143487215042114,
    0.4933444857597351,
    0.4950580298900604,
    0.49656128883361816
  ],