{
  "size": 12,
  "opt_val": -14.0,
  "method": "AWQV",
  "operations": [
    "Y0",
    "Y1",
    "Y2",
    "Y3",
    "Y4",
    "Y5",
    "Y6",
    "Y7",
    "Y8",
    "Y9",
    "Y10",
    "Y11",
    "Z0_Y9",
    "Z1_Y8",
    "Z2_Y7",
    "Z3_Y6",
    "Z4_Y5",
    "Z10_Y11",
    "Y0_Z9",
    "Y1_Z8",
    "Y2_Z7",
    "Y3_Z6",
    "Y4_Z5",
    "Y10_Z11",
    "Z10_Y8",
    "Z0_Y7",
    "Z1_Y6",
    "Z2_Y5",
    "Z3_Y4",
    "Z9_Y11",
    "Y10_Z8",
    "Y0_Z7",
    "Y1_Z6",
    "Y2_Z5",
    "Y3_Z4",
    "Y9_Z11",
    "Z9_Y7",
    "Z10_Y6",
    "Z0_Y5",
    "Z1_Y4",
    "Z2_Y3",
    "Z8_Y11",
    "Y9_Z7",
    "Y10_Z6",
    "Y0_Z5",
    "Y1_Z4",
    "Y2_Z3",
    "Y8_Z11",
    "Z8_Y6",
    "Z9_Y5",
    "Z10_Y4",
    "Z0_Y3",
    "Z1_Y2",
    "Z7_Y11",
    "Y8_Z6",
    "Y9_Z5",
    "Y10_Z4",
    "Y0_Z3",
    "Y1_Z2",
    "Y7_Z11",
    "Z7_Y5",
    "Z8_Y4",
    "Z9_Y3",
    "Z10_Y2",
    "Z0_Y1",
    "Z6_Y11",
    "Y7_Z5",
    "Y8_Z4",
    "Y9_Z3",
    "Y10_Z2",
    "Y0_Z1",
    "Y6_Z11",
    "Z6_Y4",
    "Z7_Y3",
    "Z8_Y2",
    "Z9_Y1",
    "Z10_Y0",
    "Z5_Y11",
    "Y6_Z4",
    "Y7_Z3",
    "Y8_Z2",
    "Y9_Z1",
    "Y10_Z0",
    "Y5_Z11",
    "Z5_Y3",
    "Z6_Y2",
    "Z7_Y1",
    "Z8_Y0",
    "Z9_Y10",
    "Z4_Y11",
    "Y5_Z3",
    "Y6_Z2",
    "Y7_Z1",
    "Y8_Z0",
    "Y9_Z10",
    "Y4_Z11",
    "Z4_Y2",
    "Z5_Y1",
    "Z6_Y0",
    "Z7_Y10",
    "Z8_Y9",
    "Z3_Y11",
    "Y4_Z2",
    "Y5_Z1",
    "Y6_Z0",
    "Y7_Z10",
    "Y8_Z9",
    "Y3_Z11",
    "Z3_Y1",
    "Z4_Y0",
    "Z5_Y10",
    "Z6_Y9",
    "Z7_Y8",
    "Z2_Y11",
    "Y3_Z1",
    "Y4_Z0",
    "Y5_Z10",
    "Y6_Z9",
    "Y7_Z8",
    "Y2_Z11",
    "Z2_Y0",
    "Z3_Y10",
    "Z4_Y9",
    "Z5_Y8",
    "Z6_Y7",
    "Z1_Y11",
    "Y2_Z0",
    "Y3_Z10",
    "Y4_Z9",
    "Y5_Z8",
    "Y6_Z7",
    "Y1_Z11",
    "Z1_Y10",
    "Z2_Y9",
    "Z3_Y8",
    "Z4_Y7",
    "Z5_Y6",
    "Z0_Y11",
    "Y1_Z10",
    "Y2_Z9",
    "Y3_Z8",
    "Y4_Z7",
    "Y5_Z6",
    "Y0_Z11"
  ],
  "dt": 0.05,
  "lr": 0.05,
  "lam": 1.0,
  "mu": 0.9,
  "fix_step": 0,
  "constant_c": true,
  "parameters": [
    -1.7830586784839397e-06,
    6.15003373241052e-05,
    -1.303301473853935e-06,
    5.06217759266292e-07,
    -2.591457814560272e-06,
    5.8719532347595305e-08,
    1.0416418945169426e-06,
    1.6524314361276993e-08,
    -4.026329406769946e-05,
    1.03822151231725e-06,
    -1.119688704420696e-06,
    2.9643158541148296e-06,
    0.13963466882705688,
    0.6128065586090088,
    -0.2129065990447998,
    0.0031459317542612553,
    0.07915259152650833,
    0.033983275294303894,
    -0.13988444209098816,
    0.5776164531707764,
    -0.22892948985099792,
    0.004355363082140684,
    -0.0779123604297638,
    -0.029206829145550728,
    -0.0801130011677742,
    0.04728255793452263,
    -0.5241938233375549,
    1.2266758680343628,
    -0.22281190752983093,
    0.1914360076189041,
    0.21153979003429413,
    -0.05941839888691902,
    -0.027674613520503044,
    0.2971517741680145,
    0.21742910146713257,
    -0.19891692698001862,
    -0.4092327952384949,
    0.02591635473072529,
    0.004945278633385897,
    1.4898520708084106,
    -0.15105852484703064,
    0.8688859939575195,
    0.4859841763973236,
    -0.03722994402050972,
    0.014842258766293526,
    0.03682337701320648,
    0.003899673232808709,
    -0.4277488887310028,
    0.2604881525039673,
    -0.0289082620292902,
    0.016562538221478462,
    -0.10293499380350113,
    -0.029949797317385674,
    0.022159291431307793,
    -0.1402907818555832,
    -0.6626541614532471,
    -0.17788173258304596,
    0.10461322218179703,
    -0.008533121086657047,
    -0.037183236330747604,
    0.09130063652992249,
    -0.07072123140096664,
    0.5176907777786255,
    0.027876228094100952,
    0.06940649449825287,
    -0.5073585510253906,
    -0.06995323300361633,
    -0.6889467239379883,
    -0.3691815435886383,
    1.0989422798156738,
    1.441079020500183,
    0.6887547969818115,
    -0.044935863465070724,
    0.10425832867622375,
    -0.020227616652846336,
    0.019021445885300636,
    -0.08543644845485687,
    -0.185797780752182,
    1.199613332748413,
    -0.10374680906534195,
    0.13548161089420319,
    0.2284693419933319,
    0.4565368592739105,
    -0.011522057466208935,
    1.0702813863754272,
    -0.00865773856639862,
    -0.004178558010607958,
    -0.07138662040233612,
    0.0068916939198970795,
    0.3233449459075928,
    0.01580910198390484,
    -0.004226468037813902,
    -0.06473340839147568,
    0.020346680656075478,
    -0.0891389325261116,
    0.02310159057378769,
    -0.018004929646849632,
    -0.025468993932008743,
    0.024889059364795685,
    0.2125445157289505,
    0.06795281171798706,
    -0.07527583837509155,
    0.003377873683348298,
    0.015348727814853191,
    0.18693558871746063,
    1.184382438659668,
    -0.005205188412219286,
    -0.014043721370398998,
    -0.00801747664809227,
    -0.05859227105975151,
    0.04051775112748146,
    -0.08153630048036575,
    0.02396572194993496,
    -0.11894692480564117,
    -0.03727567195892334,
    -0.01961286924779415,
    0.009449412114918232,
    -0.0013073751470074058,
    -0.05614427849650383,
    -0.01979360729455948,
    -0.05217192694544792,
    0.008257565088570118,
    0.03524162247776985,
    0.3504369854927063,
    0.020044593140482903,
    -0.16571812331676483,
    -0.028400832787156105,
    0.013531511649489403,
    -0.001403391594067216,
    0.022273512557148933,
    -0.0298140998929739,
    0.07392077147960663,
    0.18917950987815857,
    0.7628235816955566,
    0.18809452652931213,
    -0.022437356412410736,
    -0.03578480705618858,
    0.06654848158359528,
    -0.0016182312974706292,
    -0.02350733056664467,
    -0.04551320523023605,
    8.121690189000219e-05,
    0.008841662667691708,
    -0.016282223165035248
  ],
  "opt_ratios": [
    0.00634765112772584,
    0.009937044233083725,
    0.014778210781514645,
    0.022053513675928116,
    0.03036753460764885,
    0.04096757248044014,
    0.054086025804281235,
    0.06985968351364136,
    0.08830057829618454,
    0.10929632186889648,
    0.13264134526252747,
    0.1580801010131836,
    0.1853402853012085,
    0.21416088938713074,
    0.2443147897720337,
    0.27560997009277344,
    0.30784928798675537,
    0.34077030420303345,
    0.374017596244812,
    0.40716955065727234,
    0.4398432970046997,
    0.471832275390625,
    0.5032094120979309,
    0.5343452095985413,
    0.5658247470855713,
    0.5982323884963989,
    0.6317325830459595,
    0.665489137172699,
    0.6975924372673035,
    0.726434051990509,
    0.7521783113479614,
    0.7762110233306885,
    0.8000491857528687,
    0.8247734904289246,
    0.8506854772567749,
    0.877170205116272,
    0.9028875827789307,
    0.9262385368347168,
    0.9459458589553833,
    0.9615675210952759,
    0.9736595153808594,
    0.9829080104827881,
    0.9891300797462463,
    0.993028998374939,
    0.9952722787857056,
    0.9859549403190613,
    0.9560680985450745,
    0.9738028049468994,
    0.9764614701271057,
    0.9678953886032104,
    0.967475414276123
  ],