{
  "size": 12,
  "opt_val": -16.0,
  "method": "AWQV",
  "operations": [
    "Y0",
    "Y1",
    "Y2",
    "Y3",
    "Y4",
    "Y5",
    "Y6",
    "Y7",
    "Y8",
    "Y9",
    "Y10",
    "Y11",
    "Z0_Y9",
    "Z1_Y8",
    "Z2_Y7",
    "Z3_Y6",
    "Z4_Y5",
    "Z10_Y11",
    "Y0_Z9",
    "Y1_Z8",
    "Y2_Z7",
    "Y3_Z6",
    "Y4_Z5",
    "Y10_Z11",
    "Z10_Y8",
    "Z0_Y7",
    "Z1_Y6",
    "Z2_Y5",
    "Z3_Y4",
    "Z9_Y11",
    "Y10_Z8",
    "Y0_Z7",
    "Y1_Z6",
    "Y2_Z5",
    "Y3_Z4",
    "Y9_Z11",
    "Z9_Y7",
    "Z10_Y6",
    "Z0_Y5",
    "Z1_Y4",
    "Z2_Y3",
    "Z8_Y11",
    "Y9_Z7",
    "Y10_Z6",
    "Y0_Z5",
    "Y1_Z4",
    "Y2_Z3",
    "Y8_Z11",
    "Z8_Y6",
    "Z9_Y5",
    "Z10_Y4",
    "Z0_Y3",
    "Z1_Y2",
    "Z7_Y11",
    "Y8_Z6",
    "Y9_Z5",
    "Y10_Z4",
    "Y0_Z3",
    "Y1_Z2",
    "Y7_Z11",
    "Z7_Y5",
    "Z8_Y4",
    "Z9_Y3",
    "Z10_Y2",
    "Z0_Y1",
    "Z6_Y11",
    "Y7_Z5",
    "Y8_Z4",
    "Y9_Z3",
    "Y10_Z2",
    "Y0_Z1",
    "Y6_Z11",
    "Z6_Y4",
    "Z7_Y3",
    "Z8_Y2",
    "Z9_Y1",
    "Z10_Y0",
    "Z5_Y11",
    "Y6_Z4",
    "Y7_Z3",
    "Y8_Z2",
    "Y9_Z1",
    "Y10_Z0",
    "Y5_Z11",
    "Z5_Y3",
    "Z6_Y2",
    "Z7_Y1",
    "Z8_Y0",
    "Z9_Y10",
    "Z4_Y11",
    "Y5_Z3",
    "Y6_Z2",
    "Y7_Z1",
    "Y8_Z0",
    "Y9_Z10",
    "Y4_Z11",
    "Z4_Y2",
    "Z5_Y1",
    "Z6_Y0",
    "Z7_Y10",
    "Z8_Y9",
    "Z3_Y11",
    "Y4_Z2",
    "Y5_Z1",
    "Y6_Z0",
    "Y7_Z10",
    "Y8_Z9",
    "Y3_Z11",
    "Z3_Y1",
    "Z4_Y0",
    "Z5_Y10",
    "Z6_Y9",
    "Z7_Y8",
    "Z2_Y11",
    "Y3_Z1",
    "Y4_Z0",
    "Y5_Z10",
    "Y6_Z9",
    "Y7_Z8",
    "Y2_Z11",
    "Z2_Y0",
    "Z3_Y10",
    "Z4_Y9",
    "Z5_Y8",
    "Z6_Y7",
    "Z1_Y11",
    "Y2_Z0",
    "Y3_Z10",
    "Y4_Z9",
    "Y5_Z8",
    "Y6_Z7",
    "Y1_Z11",
    "Z1_Y10",
    "Z2_Y9",
    "Z3_Y8",
    "Z4_Y7",
    "Z5_Y6",
    "Z0_Y11",
    "Y1_Z10",
    "Y2_Z9",
    "Y3_Z8",
    "Y4_Z7",
    "Y5_Z6",
    "Y0_Z11"
  ],
  "dt": 0.05,
  "lr": 0.05,
  "lam": 1.0,
  "mu": 0.9,
  "fix_step": 0,
  "constant_c": true,
  "parameters": [
    -2.0807170585612766e-05,
    4.5621331423717493e-07,
    -1.6652390968374675e-06,
    2.1720452991758066e-07,
    -5.419385161076207e-06,
    1.6932166545302607e-05,
    4.139497207233944e-07,
    -3.564851431292482e-05,
    -2.0410395507042267e-07,
    -6.283556558628334e-06,
    -1.9320096100727824e-07,
    3.767787006836443e-07,
    0.23687951266765594,
    -0.04261404275894165,
    -0.04143857955932617,
    -0.16774722933769226,
    0.35859888792037964,
    0.04867058992385864,
    -0.2793387770652771,
    0.044936396181583405,
    0.046328239142894745,
    0.16278646886348724,
    1.2242786884307861,
    -0.03507295250892639,
    0.3533836305141449,
    -0.3426045775413513,
    -0.15512928366661072,
    -0.01316394004970789,
    0.0004327900824137032,
    -0.561145544052124,
    -0.3526649475097656,
    -1.0397164821624756,
    0.15870773792266846,
    1.0447187423706055,
    0.8290214538574219,
    0.5552383065223694,
    -0.6605110168457031,
    0.20832307636737823,
    0.06655590236186981,
    -0.02070411667227745,
    -1.1239606142044067,
    -0.2165224403142929,
    1.3367462158203125,
    -0.2090267539024353,
    0.012380138039588928,
    -1.0483912229537964,
    0.4836024045944214,
    0.23627309501171112,
    -0.36435332894325256,
    0.015564993023872375,
    0.003317542839795351,
    0.10210277140140533,
    -0.15454939007759094,
    -1.0689889192581177,
    0.3648526072502136,
    0.0030362168326973915,
    0.13293658196926117,
    -0.014526749029755592,
    0.31712791323661804,
    0.8504248857498169,
    0.021169699728488922,
    0.0006669780123047531,
    0.16439712047576904,
    0.03347243368625641,
    0.11657695472240448,
    -0.11008702218532562,
    0.008826886303722858,
    0.18742841482162476,
    -0.06324201077222824,
    -0.14690110087394714,
    -0.02333010919392109,
    0.15290650725364685,
    0.004675112199038267,
    0.13454598188400269,
    -0.36434781551361084,
    0.02604837343096733,
    -0.01196798961609602,
    0.07318338006734848,
    0.1874568909406662,
    -0.10907814651727676,
    0.9273809194564819,
    -0.032552238553762436,
    1.6242860555648804,
    0.018468109890818596,
    -1.8743627071380615,
    0.07286194711923599,
    -0.08230982720851898,
    -0.003656471148133278,
    0.0651865005493164,
    0.04642000049352646,
    0.05744539201259613,
    -0.1674378216266632,
    0.1006455197930336,
    -0.07391343265771866,
    -0.29193103313446045,
    0.006610045675188303,
    -0.4540715217590332,
    0.36896491050720215,
    0.001231904374435544,
    0.018783923238515854,
    0.018094873055815697,
    0.03292122483253479,
    0.03306226432323456,
    0.014535964466631413,
    1.002486228942871,
    0.4983386993408203,
    -0.0913974791765213,
    0.0062184929847717285,
    0.4447181820869446,
    -0.008938143029808998,
    -0.00409061461687088,
    -0.024424472823739052,
    -0.027071475982666016,
    -0.17639294266700745,
    -0.07886829227209091,
    -0.023177022114396095,
    0.0077714077197015285,
    -0.34219276905059814,
    0.048220325261354446,
    -0.0015400559641420841,
    0.010618884116411209,
    0.014444515109062195,
    -0.026174625381827354,
    -0.228507399559021,
    0.5182449221611023,
    0.2386695295572281,
    0.019601305946707726,
    0.00019426051585469395,
    -0.023335400968790054,
    -0.03624223545193672,
    0.14772333204746246,
    -0.011172189377248287,
    0.02466486766934395,
    -0.034196313470602036,
    -0.2571685016155243,
    0.013640696182847023,
    0.0531650111079216,
    -0.7761996388435364,
    0.02680249698460102,
    0.009396761655807495,
    0.021329885348677635,
    -0.0027572044637054205,
    0.003355511464178562,
    -0.001180322957225144
  ],
  "opt_ratios": [
    0.0014648427022621036,
    0.002806711010634899,
    0.004931819625198841,
    0.008604629896581173,
    0.01407239492982626,
    0.022017091512680054,
    0.03297903388738632,
    0.04728548228740692,
    0.06486343592405319,
    0.0851631909608841,
    0.10745840519666672,
    0.13138046860694885,
    0.15682268142700195,
    0.18366053700447083,
    0.21196091175079346,
    0.24203206598758698,
    0.2742459774017334,
    0.3085813522338867,
    0.34399494528770447,
    0.3790624141693115,
    0.41369330883026123,
    0.4491077661514282,
    0.4869830012321472,
    0.5292056798934937,
    0.5774258375167847,
    0.6321897506713867,
    0.6919654607772827,
    0.753453254699707,
    0.8127908110618591,
    0.8669859170913696,
    0.909540593624115,
    0.9353810548782349,
    0.9524301886558533,
    0.9592207670211792,
    0.9633113145828247,
    0.9715752005577087,
    0.9551220536231995,
    0.983756422996521,
    0.9474670886993408,
    0.9818044900894165,
    0.9502749443054199,
    0.9607585668563843,
    0.9671803712844849,
    0.9531422853469849,
    0.9685645699501038,
    0.9510932564735413,
    0.9614260196685791,
    0.9554451107978821,
    0.9529919624328613,
    0.9799236059188843,
    0.9906308054924011
  ],