{
  "size": 12,
  "opt_val": -16.0,
  "method": "AWQV",
  "operations": [
    "Y0",
    "Y1",
    "Y2",
    "Y3",
    "Y4",
    "Y5",
    "Y6",
    "Y7",
    "Y8",
    "Y9",
    "Y10",
    "Y11",
    "Z0_Y9",
    "Z1_Y8",
    "Z2_Y7",
    "Z3_Y6",
    "Z4_Y5",
    "Z10_Y11",
    "Y0_Z9",
    "Y1_Z8",
    "Y2_Z7",
    "Y3_Z6",
    "Y4_Z5",
    "Y10_Z11",
    "Z10_Y8",
    "Z0_Y7",
    "Z1_Y6",
    "Z2_Y5",
    "Z3_Y4",
    "Z9_Y11",
    "Y10_Z8",
    "Y0_Z7",
    "Y1_Z6",
    "Y2_Z5",
    "Y3_Z4",
    "Y9_Z11",
    "Z9_Y7",
    "Z10_Y6",
    "Z0_Y5",
    "Z1_Y4",
    "Z2_Y3",
    "Z8_Y11",
    "Y9_Z7",
    "Y10_Z6",
    "Y0_Z5",
    "Y1_Z4",
    "Y2_Z3",
    "Y8_Z11",
    "Z8_Y6",
    "Z9_Y5",
    "Z10_Y4",
    "Z0_Y3",
    "Z1_Y2",
    "Z7_Y11",
    "Y8_Z6",
    "Y9_Z5",
    "Y10_Z4",
    "Y0_Z3",
    "Y1_Z2",
    "Y7_Z11",
    "Z7_Y5",
    "Z8_Y4",
    "Z9_Y3",
    "Z10_Y2",
    "Z0_Y1",
    "Z6_Y11",
    "Y7_Z5",
    "Y8_Z4",
    "Y9_Z3",
    "Y10_Z2",
    "Y0_Z1",
    "Y6_Z11",
    "Z6_Y4",
    "Z7_Y3",
    "Z8_Y2",
    "Z9_Y1",
    "Z10_Y0",
    "Z5_Y11",
    "Y6_Z4",
    "Y7_Z3",
    "Y8_Z2",
    "Y9_Z1",
    "Y10_Z0",
    "Y5_Z11",
    "Z5_Y3",
    "Z6_Y2",
    "Z7_Y1",
    "Z8_Y0",
    "Z9_Y10",
    "Z4_Y11",
    "Y5_Z3",
    "Y6_Z2",
    "Y7_Z1",
    "Y8_Z0",
    "Y9_Z10",
    "Y4_Z11",
    "Z4_Y2",
    "Z5_Y1",
    "Z6_Y0",
    "Z7_Y10",
    "Z8_Y9",
    "Z3_Y11",
    "Y4_Z2",
    "Y5_Z1",
    "Y6_Z0",
    "Y7_Z10",
    "Y8_Z9",
    "Y3_Z11",
    "Z3_Y1",
    "Z4_Y0",
    "Z5_Y10",
    "Z6_Y9",
    "Z7_Y8",
    "Z2_Y11",
    "Y3_Z1",
    "Y4_Z0",
    "Y5_Z10",
    "Y6_Z9",
    "Y7_Z8",
    "Y2_Z11",
    "Z2_Y0",
    "Z3_Y10",
    "Z4_Y9",
    "Z5_Y8",
    "Z6_Y7",
    "Z1_Y11",
    "Y2_Z0",
    "Y3_Z10",
    "Y4_Z9",
    "Y5_Z8",
    "Y6_Z7",
    "Y1_Z11",
    "Z1_Y10",
    "Z2_Y9",
    "Z3_Y8",
    "Z4_Y7",
    "Z5_Y6",
    "Z0_Y11",
    "Y1_Z10",
    "Y2_Z9",
    "Y3_Z8",
    "Y4_Z7",
    "Y5_Z6",
    "Y0_Z11"
  ],
  "dt": 0.05,
  "lr": 0.05,
  "lam": 1.0,
  "mu": 0.9,
  "fix_step": 0,
  "constant_c": true,
  "parameters": [
    1.5952973342336918e-07,
    8.212072657443059e-07,
    5.080151095171459e-05,
    1.0995179877681949e-07,
    2.324975412193453e-06,
    -3.229923322578543e-06,
    4.1026271446753526e-07,
    -1.7132440916611813e-05,
    -7.156084507187188e-07,
    2.945653534425219e-07,
    7.179796170930786e-07,
    5.3021029344790804e-08,
    0.2924322187900543,
    0.3250095546245575,
    0.3532399535179138,
    -0.20998187363147736,
    0.6981511116027832,
    -0.21082335710525513,
    -0.299028605222702,
    -0.3258446156978607,
    0.3339044749736786,
    0.21064108610153198,
    -0.7003634572029114,
    0.2115025371313095,
    -0.01432808768004179,
    -0.28067031502723694,
    0.18563158810138702,
    1.5065499544143677,
    -0.26279205083847046,
    -0.8299872875213623,
    0.00021633475262206048,
    0.35262858867645264,
    -0.1854867786169052,
    0.05405900627374649,
    0.26411882042884827,
    0.8296239376068115,
    0.1223975121974945,
    0.4448796212673187,
    0.012033405713737011,
    0.0744720995426178,
    -0.6540796756744385,
    -0.26964303851127625,
    -0.15823709964752197,
    -0.4424726366996765,
    0.09895861893892288,
    -0.07531142234802246,
    -0.0005876465584151447,
    0.2716183364391327,
    -0.003099587047472596,
    -0.009383901953697205,
    0.07520058751106262,
    0.18231283128261566,
    0.0004776548012159765,
    0.16344259679317474,
    0.011418298818171024,
    1.395470380783081,
    -0.07478353381156921,
    -0.20693664252758026,
    0.20984767377376556,
    -0.1318347305059433,
    -0.017207466065883636,
    0.04064040631055832,
    -0.10622671991586685,
    -6.73056929372251e-05,
    0.1164560616016388,
    -0.024215709418058395,
    -0.702446460723877,
    -0.03620336204767227,
    0.03657853603363037,
    0.10566016286611557,
    -0.10916787385940552,
    0.024748466908931732,
    0.7537331581115723,
    0.3296370506286621,
    0.015576095320284367,
    0.33563610911369324,
    0.1854885220527649,
    -0.5689079165458679,
    -0.7540287375450134,
    -0.1361090987920761,
    1.5780898332595825,
    -0.11276700347661972,
    -0.20080029964447021,
    -0.001996479695662856,
    0.5613104104995728,
    0.0003521341423038393,
    0.3718982934951782,
    0.7006240487098694,
    -0.10657810419797897,
    0.25679779052734375,
    0.038734544068574905,
    0.014779822900891304,
    -0.1280743032693863,
    0.00151517940685153,
    0.034105975180864334,
    -0.2885178327560425,
    0.0009307912550866604,
    0.27080467343330383,
    -0.002771578263491392,
    -0.10377185046672821,
    0.333564817905426,
    0.8710377812385559,
    0.09770738333463669,
    0.014547634869813919,
    0.0012310167076066136,
    0.028747310861945152,
    0.028670817613601685,
    -0.0012717328500002623,
    -0.34891533851623535,
    -0.021949050948023796,
    -0.43922004103660583,
    0.003133234800770879,
    -0.08674028515815735,
    0.24023783206939697,
    0.0007115574553608894,
    0.05259615555405617,
    -0.02196757309138775,
    -0.4670237600803375,
    -0.30764004588127136,
    0.00654988968744874,
    -0.5151217579841614,
    1.0932888984680176,
    -0.0643112063407898,
    0.09614294022321701,
    0.005513179115951061,
    -0.04809708520770073,
    0.10792862623929977,
    -0.044597309082746506,
    1.209886074066162,
    0.04762871563434601,
    0.005148650147020817,
    1.0804743766784668,
    0.015178186818957329,
    -0.06422161310911179,
    0.038208480924367905,
    0.004653419367969036,
    1.1215333938598633,
    0.04872326925396919,
    0.09331364184617996,
    -0.08437134325504303,
    0.04399968683719635,
    -0.09122788906097412,
    -0.0006219422211870551,
    -0.06541754305362701
  ],
  "opt_ratios": [
    0.0004882809007540345,
    0.0009806726593524218,
    0.001655614236369729,
    0.0032134673092514277,
    0.005394346546381712,
    0.00882340595126152,
    0.014149554073810577,
    0.02234666422009468,
    0.03482744097709656,
    0.05348953604698181,
    0.08051376789808273,
    0.11765610426664352,
    0.1650262475013733,
    0.21954138576984406,
    0.27512019872665405,
    0.32625120878219604,
    0.37189096212387085,
    0.41418540477752686,
    0.4552326202392578,
    0.49608898162841797,
    0.5370689034461975,
    0.5779532194137573,
    0.6181053519248962,
    0.656704843044281,
    0.6930671334266663,
    0.7268784046173096,
    0.7582073211669922,
    0.7873616218566895,
    0.8147096633911133,
    0.8405557870864868,
    0.8650765419006348,
    0.8882789611816406,
    0.9099827408790588,
    0.9298574328422546,
    0.9475063681602478,
    0.9625077247619629,
    0.974513053894043,
    0.9834364652633667,
    0.9897785186767578,
    0.9945329427719116,
    0.9977214336395264,
    0.9919129014015198,
    0.979657769203186,
    0.9884963035583496,
    0.938835859298706,
    0.9979318380355835,
    0.9632183313369751,
    0.9683244228363037,
    0.9882652759552002,
    0.9956048727035522,
    0.9982150197029114
  ],