{
  "size": 12,
  "opt_val": -16.0,
  "method": "AWQV",
  "operations": [
    "Y0",
    "Y1",
    "Y2",
    "Y3",
    "Y4",
    "Y5",
    "Y6",
    "Y7",
    "Y8",
    "Y9",
    "Y10",
    "Y11",
    "Z0_Y9",
    "Z1_Y8",
    "Z2_Y7",
    "Z3_Y6",
    "Z4_Y5",
    "Z10_Y11",
    "Y0_Z9",
    "Y1_Z8",
    "Y2_Z7",
    "Y3_Z6",
    "Y4_Z5",
    "Y10_Z11",
    "Z10_Y8",
    "Z0_Y7",
    "Z1_Y6",
    "Z2_Y5",
    "Z3_Y4",
    "Z9_Y11",
    "Y10_Z8",
    "Y0_Z7",
    "Y1_Z6",
    "Y2_Z5",
    "Y3_Z4",
    "Y9_Z11",
    "Z9_Y7",
    "Z10_Y6",
    "Z0_Y5",
    "Z1_Y4",
    "Z2_Y3",
    "Z8_Y11",
    "Y9_Z7",
    "Y10_Z6",
    "Y0_Z5",
    "Y1_Z4",
    "Y2_Z3",
    "Y8_Z11",
    "Z8_Y6",
    "Z9_Y5",
    "Z10_Y4",
    "Z0_Y3",
    "Z1_Y2",
    "Z7_Y11",
    "Y8_Z6",
    "Y9_Z5",
    "Y10_Z4",
    "Y0_Z3",
    "Y1_Z2",
    "Y7_Z11",
    "Z7_Y5",
    "Z8_Y4",
    "Z9_Y3",
    "Z10_Y2",
    "Z0_Y1",
    "Z6_Y11",
    "Y7_Z5",
    "Y8_Z4",
    "Y9_Z3",
    "Y10_Z2",
    "Y0_Z1",
    "Y6_Z11",
    "Z6_Y4",
    "Z7_Y3",
    "Z8_Y2",
    "Z9_Y1",
    "Z10_Y0",
    "Z5_Y11",
    "Y6_Z4",
    "Y7_Z3",
    "Y8_Z2",
    "Y9_Z1",
    "Y10_Z0",
    "Y5_Z11",
    "Z5_Y3",
    "Z6_Y2",
    "Z7_Y1",
    "Z8_Y0",
    "Z9_Y10",
    "Z4_Y11",
    "Y5_Z3",
    "Y6_Z2",
    "Y7_Z1",
    "Y8_Z0",
    "Y9_Z10",
    "Y4_Z11",
    "Z4_Y2",
    "Z5_Y1",
    "Z6_Y0",
    "Z7_Y10",
    "Z8_Y9",
    "Z3_Y11",
    "Y4_Z2",
    "Y5_Z1",
    "Y6_Z0",
    "Y7_Z10",
    "Y8_Z9",
    "Y3_Z11",
    "Z3_Y1",
    "Z4_Y0",
    "Z5_Y10",
    "Z6_Y9",
    "Z7_Y8",
    "Z2_Y11",
    "Y3_Z1",
    "Y4_Z0",
    "Y5_Z10",
    "Y6_Z9",
    "Y7_Z8",
    "Y2_Z11",
    "Z2_Y0",
    "Z3_Y10",
    "Z4_Y9",
    "Z5_Y8",
    "Z6_Y7",
    "Z1_Y11",
    "Y2_Z0",
    "Y3_Z10",
    "Y4_Z9",
    "Y5_Z8",
    "Y6_Z7",
    "Y1_Z11",
    "Z1_Y10",
    "Z2_Y9",
    "Z3_Y8",
    "Z4_Y7",
    "Z5_Y6",
    "Z0_Y11",
    "Y1_Z10",
    "Y2_Z9",
    "Y3_Z8",
    "Y4_Z7",
    "Y5_Z6",
    "Y0_Z11"
  ],
  "dt": 0.05,
  "lr": 0.05,
  "lam": 1.0,
  "mu": 0.9,
  "fix_step": 0,
  "constant_c": true,
  "parameters": [
    3.418974529267871e-06,
    6.06827306910418e-05,
    1.5836160400795052e-06,
    -2.8331878638709895e-05,
    5.161595254321583e-06,
    7.557653134426801e-07,
    0.00018980006279889494,
    5.925260779804375e-07,
    2.144177778973244e-05,
    2.4352957552764565e-06,
    -4.814986095880158e-05,
    3.093651685048826e-05,
    -0.08665670454502106,
    0.30460017919540405,
    -0.10041932761669159,
    0.1806759238243103,
    0.2694893181324005,
    -0.48074403405189514,
    0.08715443313121796,
    -0.2723715305328369,
    0.06575179845094681,
    -0.5390077233314514,
    -0.24783337116241455,
    0.5514164566993713,
    -0.3142852187156677,
    -0.05285027250647545,
    -0.3676843047142029,
    -0.818868100643158,
    0.02587401494383812,
    0.34730765223503113,
    0.3016555607318878,
    0.05029257759451866,
    0.48429661989212036,
    0.8209863305091858,
    -0.03503551706671715,
    -0.3437736928462982,
    -0.42708781361579895,
    0.24251781404018402,
    -0.029902756214141846,
    -0.010547039099037647,
    0.4256541132926941,
    0.03550950810313225,
    0.39486393332481384,
    1.2962605953216553,
    0.027708997949957848,
    0.011942703276872635,
    -0.4253804385662079,
    -0.0495062880218029,
    -0.0005694718565791845,
    -0.6983240246772766,
    0.026041872799396515,
    -0.042475055903196335,
    0.15791387856006622,
    -0.5820872783660889,
    -0.1289614588022232,
    0.6886645555496216,
    0.001691834768280387,
    0.04706946387887001,
    -0.21004657447338104,
    0.5950899720191956,
    0.4594572186470032,
    1.2132986783981323,
    0.0908849909901619,
    0.518855094909668,
    -0.016655003651976585,
    -1.5481139421463013,
    -0.4298940598964691,
    0.32459014654159546,
    -0.08731772005558014,
    0.016868043690919876,
    0.021616922691464424,
    -0.0907374694943428,
    0.10104123502969742,
    -0.21012476086616516,
    -0.45005401968955994,
    -0.06512722373008728,
    -0.1366531103849411,
    0.02952897548675537,
    -0.008122066967189312,
    0.2148386687040329,
    -0.03813895955681801,
    0.05326658859848976,
    0.00181954400613904,
    0.10649870336055756,
    -0.28338879346847534,
    -0.619715690612793,
    0.006582607980817556,
    0.015323051251471043,
    -0.15359234809875488,
    0.008877156302332878,
    0.30788305401802063,
    -0.004234821069985628,
    0.020080173388123512,
    -0.09781767427921295,
    1.3122262954711914,
    -0.0188133642077446,
    -0.4359663724899292,
    -0.056630831211805344,
    0.823816180229187,
    0.02051258087158203,
    -0.12074461579322815,
    -0.03398492559790611,
    0.19503016769886017,
    0.09106604754924774,
    0.048937395215034485,
    -0.13111606240272522,
    0.1145142912864685,
    -1.1445591449737549,
    0.9789845943450928,
    0.012711369432508945,
    0.11607998609542847,
    -0.23043590784072876,
    -0.009128191508352757,
    0.013657104223966599,
    -0.4279850423336029,
    0.16258037090301514,
    -0.6368388533592224,
    0.06739623099565506,
    -0.0022511680144816637,
    -0.5395352840423584,
    -0.013817676343023777,
    0.34788063168525696,
    -0.11401338875293732,
    -0.007709963247179985,
    1.3795205354690552,
    -0.05495789274573326,
    0.04841059818863869,
    0.3951072096824646,
    -0.07900140434503555,
    3.879471478285268e-05,
    -0.003881759475916624,
    0.30579429864883423,
    0.13970229029655457,
    0.003643548581749201,
    -0.1355770081281662,
    -0.0023406692780554295,
    0.002415567636489868,
    0.04923662915825844,
    -0.18831776082515717,
    0.31242161989212036,
    -0.00026813329895958304,
    -0.01916796714067459,
    0.7693748474121094,
    0.6284880638122559
  ],
  "opt_ratios": [
    0.000976561801508069,
    0.0019228804158046842,
    0.0035726656205952168,
    0.0064415293745696545,
    0.010867765173316002,
    0.017525486648082733,
    0.026893991976976395,
    0.03908051922917366,
    0.05363737791776657,
    0.06972341239452362,
    0.08651041984558105,
    0.10344593226909637,
    0.12024827301502228,
    0.13684174418449402,
    0.1534118950366974,
    0.17050707340240479,
    0.1889301836490631,
    0.2093924731016159,
    0.23234444856643677,
    0.2581607699394226,
    0.28736621141433716,
    0.32072892785072327,
    0.35921189188957214,
    0.40373364090919495,
    0.4546871483325958,
    0.5113881826400757,
    0.5723650455474854,
    0.6351994276046753,
    0.6967810392379761,
    0.7537000179290771,
    0.8029540181159973,
    0.8428677916526794,
    0.8736652731895447,
    0.8975511789321899,
    0.916610598564148,
    0.9324100017547607,
    0.9460540413856506,
    0.9582304954528809,
    0.9692435264587402,
    0.9792277216911316,
    0.9878662824630737,
    0.9901814460754395,
    0.9695123434066772,
    0.884231686592102,
    0.8976631760597229,
    0.9699882864952087,
    0.9890006184577942,
    0.9933261871337891,
    0.9943687915802002,
    0.9947068691253662,
    0.9948861598968506
  ],