{
  "size": 12,
  "opt_val": -16.0,
  "method": "AWQV",
  "operations": [
    "Y0",
    "Y1",
    "Y2",
    "Y3",
    "Y4",
    "Y5",
    "Y6",
    "Y7",
    "Y8",
    "Y9",
    "Y10",
    "Y11",
    "Z0_Y9",
    "Z1_Y8",
    "Z2_Y7",
    "Z3_Y6",
    "Z4_Y5",
    "Z10_Y11",
    "Y0_Z9",
    "Y1_Z8",
    "Y2_Z7",
    "Y3_Z6",
    "Y4_Z5",
    "Y10_Z11",
    "Z10_Y8",
    "Z0_Y7",
    "Z1_Y6",
    "Z2_Y5",
    "Z3_Y4",
    "Z9_Y11",
    "Y10_Z8",
    "Y0_Z7",
    "Y1_Z6",
    "Y2_Z5",
    "Y3_Z4",
    "Y9_Z11",
    "Z9_Y7",
    "Z10_Y6",
    "Z0_Y5",
    "Z1_Y4",
    "Z2_Y3",
    "Z8_Y11",
    "Y9_Z7",
    "Y10_Z6",
    "Y0_Z5",
    "Y1_Z4",
    "Y2_Z3",
    "Y8_Z11",
    "Z8_Y6",
    "Z9_Y5",
    "Z10_Y4",
    "Z0_Y3",
    "Z1_Y2",
    "Z7_Y11",
    "Y8_Z6",
    "Y9_Z5",
    "Y10_Z4",
    "Y0_Z3",
    "Y1_Z2",
    "Y7_Z11",
    "Z7_Y5",
    "Z8_Y4",
    "Z9_Y3",
    "Z10_Y2",
    "Z0_Y1",
    "Z6_Y11",
    "Y7_Z5",
    "Y8_Z4",
    "Y9_Z3",
    "Y10_Z2",
    "Y0_Z1",
    "Y6_Z11",
    "Z6_Y4",
    "Z7_Y3",
    "Z8_Y2",
    "Z9_Y1",
    "Z10_Y0",
    "Z5_Y11",
    "Y6_Z4",
    "Y7_Z3",
    "Y8_Z2",
    "Y9_Z1",
    "Y10_Z0",
    "Y5_Z11",
    "Z5_Y3",
    "Z6_Y2",
    "Z7_Y1",
    "Z8_Y0",
    "Z9_Y10",
    "Z4_Y11",
    "Y5_Z3",
    "Y6_Z2",
    "Y7_Z1",
    "Y8_Z0",
    "Y9_Z10",
    "Y4_Z11",
    "Z4_Y2",
    "Z5_Y1",
    "Z6_Y0",
    "Z7_Y10",
    "Z8_Y9",
    "Z3_Y11",
    "Y4_Z2",
    "Y5_Z1",
    "Y6_Z0",
    "Y7_Z10",
    "Y8_Z9",
    "Y3_Z11",
    "Z3_Y1",
    "Z4_Y0",
    "Z5_Y10",
    "Z6_Y9",
    "Z7_Y8",
    "Z2_Y11",
    "Y3_Z1",
    "Y4_Z0",
    "Y5_Z10",
    "Y6_Z9",
    "Y7_Z8",
    "Y2_Z11",
    "Z2_Y0",
    "Z3_Y10",
    "Z4_Y9",
    "Z5_Y8",
    "Z6_Y7",
    "Z1_Y11",
    "Y2_Z0",
    "Y3_Z10",
    "Y4_Z9",
    "Y5_Z8",
    "Y6_Z7",
    "Y1_Z11",
    "Z1_Y10",
    "Z2_Y9",
    "Z3_Y8",
    "Z4_Y7",
    "Z5_Y6",
    "Z0_Y11",
    "Y1_Z10",
    "Y2_Z9",
    "Y3_Z8",
    "Y4_Z7",
    "Y5_Z6",
    "Y0_Z11"
  ],
  "dt": 0.05,
  "lr": 0.05,
  "lam": 1.0,
  "mu": 0.9,
  "fix_step": 0,
  "constant_c": true,
  "parameters": [
    6.694020157738123e-06,
    -9.536431753076613e-05,
    -8.386623449041508e-06,
    0.0013020416954532266,
    -0.001360216992907226,
    -0.00023098300152923912,
    -0.0002611099916975945,
    -2.5483864192210604e-06,
    -0.0007071404834277928,
    -2.905522705987096e-06,
    -0.000265926995780319,
    -0.001054889289662242,
    -0.03829881548881531,
    -0.14360962808132172,
    0.15189272165298462,
    -0.24370193481445312,
    0.16736583411693573,
    -0.8878384232521057,
    0.03583076223731041,
    0.14395558834075928,
    -0.15279589593410492,
    0.1803390234708786,
    -0.16519807279109955,
    1.6848961114883423,
    0.5457318425178528,
    0.019132263958454132,
    0.17342789471149445,
    0.0497782938182354,
    0.748189389705658,
    -0.000832224206533283,
    0.6604759097099304,
    -0.01828797534108162,
    -0.17199745774269104,
    -0.048437874764204025,
    0.7988041639328003,
    0.0004859240725636482,
    0.08543232083320618,
    0.23996374011039734,
    -0.030278248712420464,
    0.005329745821654797,
    0.0008242395706474781,
    -0.9612302184104919,
    -0.08532381057739258,
    -0.03640517219901085,
    0.029467079788446426,
    0.15010948479175568,
    0.7916968464851379,
    -0.6597310900688171,
    0.18493705987930298,
    -0.33688104152679443,
    -0.029136471450328827,
    -0.008567208424210548,
    -0.041713591665029526,
    0.06794523447751999,
    -0.001530419453047216,
    0.33706438541412354,
    -0.03149610757827759,
    -1.0298669338226318,
    0.06677518784999847,
    1.5490697622299194,
    1.535375952720642,
    -0.030971501022577286,
    0.2355256825685501,
    -0.005919728893786669,
    -0.12829555571079254,
    0.004747866187244654,
    -0.5407731533050537,
    0.08842063695192337,
    1.5683432817459106,
    0.00010653361823642626,
    0.06896866112947464,
    0.06891018152236938,
    -0.011768793687224388,
    -0.021263590082526207,
    0.03112214431166649,
    1.1088663339614868,
    -0.06301059573888779,
    0.06781803071498871,
    1.201471209526062,
    -0.04597242549061775,
    0.0011429887963458896,
    -0.011214477010071278,
    0.02162620611488819,
    -0.054234009236097336,
    -0.02850211039185524,
    -0.08769989013671875,
    -0.01759227178990841,
    0.03651072084903717,
    0.06197260692715645,
    -0.03202983736991882,
    -0.03455306589603424,
    0.04423307999968529,
    0.044237684458494186,
    -0.003558929543942213,
    0.007747423369437456,
    0.004498037043958902,
    -0.6486544013023376,
    0.0026112098712474108,
    -0.0973128005862236,
    -0.04873485863208771,
    0.007830334827303886,
    0.0015345100546255708,
    0.2046644687652588,
    0.09265167266130447,
    0.052151091396808624,
    0.1919444352388382,
    -0.10053080320358276,
    -0.0015572994016110897,
    -0.15647736191749573,
    0.31885409355163574,
    0.11874236166477203,
    0.015225998125970364,
    0.19051013886928558,
    0.0018451621290296316,
    0.23844154179096222,
    -0.34496843814849854,
    -0.05927204340696335,
    0.3329554796218872,
    0.7304919958114624,
    -0.0353957824409008,
    0.15599733591079712,
    0.033656734973192215,
    0.010946463793516159,
    0.18154096603393555,
    -0.0011870366288349032,
    -0.016688384115695953,
    -0.024653486907482147,
    -0.0013245862210169435,
    -0.5849524736404419,
    -0.04711455479264259,
    0.020645957440137863,
    0.004660049453377724,
    -0.016612140461802483,
    -0.008758442476391792,
    -0.01109829731285572,
    -0.0011992804938927293,
    0.008488917723298073,
    -0.015459093265235424,
    0.030346745625138283,
    -0.25388988852500916,
    0.011021839454770088,
    0.002412565052509308,
    -0.059148360043764114,
    -0.11617117375135422
  ],
  "opt_ratios": [
    0.0004882809007540345,
    0.0009473729878664017,
    0.0017844225512817502,
    0.003134696511551738,
    0.005308775696903467,
    0.008671951480209827,
    0.013674089685082436,
    0.020815344527363777,
    0.03056877665221691,
    0.04323659464716911,
    0.058764342218637466,
    0.07661479711532593,
    0.09582211077213287,
    0.11522408574819565,
    0.13381798565387726,
    0.15115812420845032,
    0.16756531596183777,
    0.1839536726474762,
    0.20133404433727264,
    0.22020819783210754,
    0.24026015400886536,
    0.2605047821998596,
    0.2796439528465271,
    0.29683518409729004,
    0.31264108419418335,
    0.3286721408367157,
    0.34633684158325195,
    0.3662261366844177,
    0.38817650079727173,
    0.41136234998703003,
    0.434450626373291,
    0.4553088843822479,
    0.4724438786506653,
    0.4845963716506958,
    0.4899795353412628,
    0.4801439046859741,
    0.4944967031478882,
    0.48245298862457275,
    0.49194157123565674,
    0.4709567427635193,
    0.4974918067455292,
    0.4608471691608429,
    0.48010098934173584,
    0.45009320974349976,
    0.49359744787216187,
    0.4023948907852173,
    0.49829795956611633,
    0.49876368045806885,
    0.4989299178123474,
    0.49899011850357056,
    0.4990151524543762
  ],