{
  "size": 12,
  "opt_val": -16.0,
  "method": "AWQV",
  "operations": [
    "Y0",
    "Y1",
    "Y2",
    "Y3",
    "Y4",
    "Y5",
    "Y6",
    "Y7",
    "Y8",
    "Y9",
    "Y10",
    "Y11",
    "Z0_Y9",
    "Z1_Y8",
    "Z2_Y7",
    "Z3_Y6",
    "Z4_Y5",
    "Z10_Y11",
    "Y0_Z9",
    "Y1_Z8",
    "Y2_Z7",
    "Y3_Z6",
    "Y4_Z5",
    "Y10_Z11",
    "Z10_Y8",
    "Z0_Y7",
    "Z1_Y6",
    "Z2_Y5",
    "Z3_Y4",
    "Z9_Y11",
    "Y10_Z8",
    "Y0_Z7",
    "Y1_Z6",
    "Y2_Z5",
    "Y3_Z4",
    "Y9_Z11",
    "Z9_Y7",
    "Z10_Y6",
    "Z0_Y5",
    "Z1_Y4",
    "Z2_Y3",
    "Z8_Y11",
    "Y9_Z7",
    "Y10_Z6",
    "Y0_Z5",
    "Y1_Z4",
    "Y2_Z3",
    "Y8_Z11",
    "Z8_Y6",
    "Z9_Y5",
    "Z10_Y4",
    "Z0_Y3",
    "Z1_Y2",
    "Z7_Y11",
    "Y8_Z6",
    "Y9_Z5",
    "Y10_Z4",
    "Y0_Z3",
    "Y1_Z2",
    "Y7_Z11",
    "Z7_Y5",
    "Z8_Y4",
    "Z9_Y3",
    "Z10_Y2",
    "Z0_Y1",
    "Z6_Y11",
    "Y7_Z5",
    "Y8_Z4",
    "Y9_Z3",
    "Y10_Z2",
    "Y0_Z1",
    "Y6_Z11",
    "Z6_Y4",
    "Z7_Y3",
    "Z8_Y2",
    "Z9_Y1",
    "Z10_Y0",
    "Z5_Y11",
    "Y6_Z4",
    "Y7_Z3",
    "Y8_Z2",
    "Y9_Z1",
    "Y10_Z0",
    "Y5_Z11",
    "Z5_Y3",
    "Z6_Y2",
    "Z7_Y1",
    "Z8_Y0",
    "Z9_Y10",
    "Z4_Y11",
    "Y5_Z3",
    "Y6_Z2",
    "Y7_Z1",
    "Y8_Z0",
    "Y9_Z10",
    "Y4_Z11",
    "Z4_Y2",
    "Z5_Y1",
    "Z6_Y0",
    "Z7_Y10",
    "Z8_Y9",
    "Z3_Y11",
    "Y4_Z2",
    "Y5_Z1",
    "Y6_Z0",
    "Y7_Z10",
    "Y8_Z9",
    "Y3_Z11",
    "Z3_Y1",
    "Z4_Y0",
    "Z5_Y10",
    "Z6_Y9",
    "Z7_Y8",
    "Z2_Y11",
    "Y3_Z1",
    "Y4_Z0",
    "Y5_Z10",
    "Y6_Z9",
    "Y7_Z8",
    "Y2_Z11",
    "Z2_Y0",
    "Z3_Y10",
    "Z4_Y9",
    "Z5_Y8",
    "Z6_Y7",
    "Z1_Y11",
    "Y2_Z0",
    "Y3_Z10",
    "Y4_Z9",
    "Y5_Z8",
    "Y6_Z7",
    "Y1_Z11",
    "Z1_Y10",
    "Z2_Y9",
    "Z3_Y8",
    "Z4_Y7",
    "Z5_Y6",
    "Z0_Y11",
    "Y1_Z10",
    "Y2_Z9",
    "Y3_Z8",
    "Y4_Z7",
    "Y5_Z6",
    "Y0_Z11"
  ],
  "dt": 0.05,
  "lr": 0.05,
  "lam": 1.0,
  "mu": 0.9,
  "fix_step": 0,
  "constant_c": true,
  "parameters": [
    -3.0937613360038085e-07,
    -8.49312016271142e-08,
    4.298727560581028e-07,
    -3.4462831877135613e-07,
    -1.2717721347144106e-06,
    -7.432488757785904e-08,
    -3.373403245632289e-08,
    -3.099440846199286e-07,
    -1.5620530575688463e-06,
    3.160252219913673e-07,
    1.409892320225481e-06,
    -6.115257065175683e-07,
    -1.2120202779769897,
    0.17643877863883972,
    -0.5166964530944824,
    -0.2021682858467102,
    -0.7025437355041504,
    0.35556963086128235,
    1.230360746383667,
    -0.19541063904762268,
    0.5229361057281494,
    0.2097872644662857,
    -0.6673085689544678,
    -0.35960838198661804,
    0.020654194056987762,
    -0.266672283411026,
    0.27634623646736145,
    0.005681358277797699,
    0.04806981980800629,
    0.03614017739892006,
    -0.016632946208119392,
    0.2603228986263275,
    -0.2668936848640442,
    1.3796477317810059,
    -0.2702515125274658,
    -0.03976263478398323,
    -0.45721709728240967,
    -0.08595723658800125,
    -7.940908835735172e-05,
    0.20434580743312836,
    0.22455690801143646,
    0.38328638672828674,
    0.4519674777984619,
    0.08356573432683945,
    -0.585572361946106,
    -0.7920675873756409,
    -0.05559324473142624,
    -0.3928937613964081,
    -0.13735128939151764,
    0.023323869332671165,
    -0.045316148549318314,
    0.9547783732414246,
    0.08914471417665482,
    -0.050837114453315735,
    0.12934553623199463,
    1.5622954368591309,
    0.15798932313919067,
    -0.7533700466156006,
    -0.4128653407096863,
    0.056545060127973557,
    0.006630391348153353,
    -0.0935172513127327,
    0.6108431220054626,
    0.011217441409826279,
    0.373039573431015,
    -0.11609502136707306,
    0.27611324191093445,
    0.29989415407180786,
    0.009284544736146927,
    -0.08074578642845154,
    -0.2761160731315613,
    0.12682253122329712,
    0.11590795964002609,
    -0.29103320837020874,
    -0.009699448943138123,
    1.1023118495941162,
    0.06332676857709885,
    1.3632184267044067,
    -0.36115962266921997,
    0.3028533458709717,
    0.02383085899055004,
    -0.03140763193368912,
    -0.07619762420654297,
    0.09800766408443451,
    -0.2335028350353241,
    -0.9744328260421753,
    0.0356319285929203,
    0.030872028321027756,
    -0.4816553294658661,
    0.22716869413852692,
    -0.02920500375330448,
    1.1374542713165283,
    -0.06171059235930443,
    -0.02204563282430172,
    0.02231842465698719,
    0.37141045928001404,
    0.8412830233573914,
    0.06256487220525742,
    -0.24772709608078003,
    -0.024810759350657463,
    0.046025391668081284,
    -0.008277550339698792,
    0.15131564438343048,
    0.018354125320911407,
    0.06123390048742294,
    0.028689688071608543,
    -0.6044764518737793,
    0.9805631637573242,
    -0.27274805307388306,
    -0.17394088208675385,
    0.02412080578505993,
    0.03485986962914467,
    -0.03878988325595856,
    -0.02910265140235424,
    0.025127297267317772,
    -0.04831600561738014,
    0.0029177109245210886,
    -0.012946771457791328,
    0.0558614544570446,
    -0.14963188767433167,
    0.05051029473543167,
    0.8671712875366211,
    0.18730072677135468,
    0.13303883373737335,
    -0.014236880466341972,
    -0.03842571750283241,
    0.005110596306622028,
    -0.031462568789720535,
    -0.23017627000808716,
    0.021435560658574104,
    0.015863806009292603,
    0.06927896291017532,
    0.013356432318687439,
    0.14712148904800415,
    0.5801407098770142,
    1.2960999011993408,
    -0.23759262263774872,
    -0.0037363162264227867,
    0.0745750218629837,
    -0.04597149044275284,
    0.027483880519866943,
    -0.003747343784198165,
    0.12008361518383026,
    0.2903987467288971
  ],
  "opt_ratios": [
    0.0004882809007540345,
    0.0009242892265319824,
    0.0015510809607803822,
    0.0025553503073751926,
    0.0040910979732871056,
    0.006401203107088804,
    0.009825654327869415,
    0.014801064506173134,
    0.02185247465968132,
    0.03156369924545288,
    0.044552646577358246,
    0.061426371335983276,
    0.08257880806922913,
    0.10772061347961426,
    0.13565635681152344,
    0.16508549451828003,
    0.19570207595825195,
    0.22819989919662476,
    0.26364433765411377,
    0.3030572533607483,
    0.34712398052215576,
    0.39591464400291443,
    0.44878265261650085,
    0.5044124126434326,
    0.5608599185943604,
    0.6153863668441772,
    0.6646820306777954,
    0.7069269418716431,
    0.7434498071670532,
    0.7763166427612305,
    0.806468665599823,
    0.8339669704437256,
    0.8585860729217529,
    0.8802525997161865,
    0.8991620540618896,
    0.9156565070152283,
    0.9301364421844482,
    0.9429930448532104,
    0.9545510411262512,
    0.9650487899780273,
    0.9745292663574219,
    0.9827519655227661,
    0.9893537759780884,
    0.9939630031585693,
    0.9966287016868591,
    0.9980998039245605,
    0.9952319860458374,
    0.8714479207992554,
    0.9845430850982666,
    0.9939869046211243,
    0.9971562623977661
  ],