{
  "size": 20,
  "opt_val": -27.0,
  "method": "VQE",
  "operations": [
    "Z6_Y18",
    "Z6_Y8",
    "Z6_Y13",
    "Z18_Y17",
    "Z18_Y14",
    "Z8_Y15",
    "Z8_Y11",
    "Z13_Y1",
    "Z17_Y10",
    "Z17_Y9",
    "Z14_Y4",
    "Z12_Y16",
    "Z12_Y4",
    "Z12_Y19",
    "Z16_Y7",
    "Z16_Y2",
    "Z4_Y0",
    "Z19_Y3",
    "Z5_Y10",
    "Z13_Y14",
    "Z19_Y7",
    "Z7_Y2",
    "Z2_Y3",
    "Z0_Y10",
    "Z0_Y11",
    "Z3_Y1",
    "Z5_Y9",
    "Z5_Y1",
    "Z9_Y15",
    "Z15_Y11"
  ],
  "dt": 0.05,
  "lr": 0.05,
  "lam": 1.0,
  "mu": 0.9,
  "fix_step": 0,
  "constant_c": true,
  "parameters": [
    1.5592893362045288,
    1.4957221746444702,
    1.5472038984298706,
    1.5416972637176514,
    1.3301328420639038,
    0.5478716492652893,
    0.41758158802986145,
    0.6138302087783813,
    0.674056351184845,
    1.3446615934371948,
    0.8370789885520935,
    1.490054726600647,
    0.6718620657920837,
    1.4900542497634888,
    0.40540969371795654,
    -0.13125312328338623,
    1.4694194793701172,
    0.7851920127868652,
    0.3653998374938965,
    0.23088522255420685,
    1.1648668050765991,
    1.3834338188171387,
    0.7851927280426025,
    0.6740557551383972,
    1.2056761980056763,
    0.6138354539871216,
    0.22372600436210632,
    0.613822877407074,
    1.0212879180908203,
    0.6167026162147522
  ],
  "opt_ratios": [
    1.9073463590757456e-06,
    6.005682735121809e-06,
    1.0202909834333695e-05,
    1.6878941096365452e-05,
    2.7220694391871803e-05,
    4.284203896531835e-05,
    6.587899406440556e-05,
    9.908855281537399e-05,
    0.00014594593085348606,
    0.0002107361942762509,
    0.00029863585950806737,
    0.0004157808725722134,
    0.0005693162092939019,
    0.0007674231310375035,
    0.0010193258058279753,
    0.0013352667447179556,
    0.0017264526104554534,
    0.0022049660328775644,
    0.0027836496010422707,
    0.0034759349655359983,
    0.004295649938285351,
    0.0052567776292562485,
    0.006373193580657244,
    0.007658326532691717,
    0.00912487506866455,
    0.010784431360661983,
    0.012647142633795738,
    0.014721392653882504,
    0.017013441771268845,
    0.019527209922671318,
    0.02226397395133972,
    0.025222335010766983,
    0.028398016467690468,
    0.031783897429704666,
    0.03537009656429291,
    0.0391441211104393,
    0.043091025203466415,
    0.04719383642077446,
    0.05143372714519501,
    0.05579061433672905,
    0.06024329736828804,
    0.06477007269859314,
    0.06934897601604462,
    0.07395841181278229,
    0.07857726514339447,
    0.08318518102169037,
    0.08776327967643738,
    0.09229351580142975,
    0.09675979614257812,
    0.10114739835262299,
    0.10544347763061523,
    0.1096368208527565,
    0.11371801048517227,
    0.11767897754907608,
    0.12151356786489487,
    0.1252169907093048,
    0.12878578901290894,
    0.1322179138660431,
    0.1355123519897461,
    0.1386692225933075,
    0.14168940484523773,
    0.1445743292570114,
    0.1473264992237091,
    0.14994890987873077,
    0.15244488418102264,
    0.15481790900230408,
    0.15707232058048248,
    0.15921196341514587,
    0.16124163568019867,
    0.16316547989845276,
    0.1649879813194275,
    0.1667138636112213,
    0.16834746301174164,
    0.16989316046237946,
    0.17135536670684814,
    0.17273810505867004,
    0.1740453839302063,
    0.17528140544891357,
    0.1764499396085739,
    0.17755472660064697,
    0.17859934270381927,
    0.17958682775497437,
    0.18052083253860474,
    0.18140392005443573,
    0.18223939836025238,
    0.18303000926971436,
    0.1837780922651291,
    0.18448612093925476,
    0.1851566731929779,
    0.18579146265983582,
    0.18639324605464935,
    0.18696357309818268,
    0.18750439584255219,
    0.18801745772361755,
    0.18850433826446533,
    0.18896634876728058,
    0.1894049197435379,
    0.18982134759426117,
    0.19021731615066528,
    0.19059337675571442,
    0.19095101952552795
  ],
  "expectations": [
    -14.999982833862305,
    -15.74393081665039,
    -16.10454559326172,
    -16.457353591918945,
    -16.801620483398438,
    -17.13675308227539,
    -17.46225357055664,
    -17.777807235717773,
    -18.083219528198242,
    -18.37840461730957,
    -18.663393020629883,
    -18.938312530517578,
    -19.203353881835938,
    -19.45873260498047,
    -19.70478057861328,
    -19.94178581237793,
    -20.170066833496094,
    -20.389970779418945,
    -20.601818084716797,
    -20.805917739868164,
    -21.002548217773438,
    -21.19200897216797,
    -21.374553680419922,
    -21.55037498474121,
    -21.71971321105957,
    -21.882755279541016,
    -22.039642333984375,
    -22.190580368041992,
    -22.335681915283203,
    -22.475078582763672,
    -22.60890007019043,
    -22.737281799316406,
    -22.860319137573242,
    -22.9781494140625,
    -23.09088897705078,
    -23.19866180419922,
    -23.30159568786621,
    -23.399812698364258,
    -23.493431091308594,
    -23.582618713378906,
    -23.667495727539062,
    -23.748193740844727,
    -23.824878692626953,
    -23.897703170776367,
    -23.966793060302734,
    -24.032318115234375,
    -24.094463348388672,
    -24.153318405151367,
    -24.209070205688477,
    -24.261856079101562,
    -24.311824798583984,
    -24.359142303466797,
    -24.403945922851562,
    -24.44635009765625,
    -24.486495971679688,
    -24.52452850341797,
    -24.560558319091797,
    -24.59469985961914,
    -24.627086639404297,
    -24.657833099365234,
    -24.687026977539062,
    -24.714763641357422,
    -24.741151809692383,
    -24.766265869140625,
    -24.790206909179688,
    -24.813024520874023,
    -24.834835052490234,
    -24.855655670166016,
    -24.875595092773438,
    -24.894697189331055,
    -24.913009643554688,
    -24.930599212646484,
    -24.947521209716797,
    -24.96381187438965,
    -24.979496002197266,
    -24.994640350341797,
    -25.009275436401367,
    -25.023414611816406,
    -25.03713607788086,
    -25.050426483154297,
    -25.063323974609375,
    -25.075862884521484,
    -25.088075637817383,
    -25.09995460510254,
    -25.111541748046875,
    -25.122859954833984,
    -25.13389778137207,
    -25.144718170166016,
    -25.155315399169922,
    -25.165653228759766,
    -25.175823211669922,
    -25.185787200927734,
    -25.195571899414062,
    -25.20519256591797,
    -25.21465301513672,
    -25.22393798828125,
    -25.233074188232422,
    -25.24205207824707,
    -25.25092124938965,
    -25.259641647338867,
    -25.26822853088379
  ],