{
  "size": 20,
  "opt_val": -27.0,
  "method": "VQE",
  "operations": [
    "Z12_Y16",
    "Z12_Y19",
    "Z12_Y5",
    "Z16_Y11",
    "Z16_Y13",
    "Z19_Y6",
    "Z19_Y17",
    "Z5_Y10",
    "Z5_Y15",
    "Z11_Y2",
    "Z11_Y1",
    "Z13_Y7",
    "Z13_Y0",
    "Z6_Y8",
    "Z17_Y14",
    "Z10_Y4",
    "Z4_Y18",
    "Z18_Y3",
    "Z18_Y9",
    "Z6_Y0",
    "Z17_Y8",
    "Z10_Y2",
    "Z15_Y2",
    "Z15_Y0",
    "Z4_Y1",
    "Z1_Y14",
    "Z3_Y8",
    "Z3_Y9",
    "Z9_Y7",
    "Z7_Y14"
  ],
  "dt": 0.05,
  "lr": 0.05,
  "lam": 1.0,
  "mu": 0.9,
  "fix_step": 0,
  "constant_c": true,
  "parameters": [
    1.5416576862335205,
    1.5574793815612793,
    1.563347578048706,
    1.4826726913452148,
    1.5305078029632568,
    1.5672898292541504,
    1.5504542589187622,
    1.5310325622558594,
    1.569179654121399,
    0.38286057114601135,
    0.10886385291814804,
    0.18531708419322968,
    0.49624165892601013,
    0.75465989112854,
    0.5148356556892395,
    1.0190216302871704,
    1.4071881771087646,
    -0.5051291584968567,
    0.6919658780097961,
    0.5237540006637573,
    0.7585424780845642,
    0.5772724747657776,
    0.6109743714332581,
    0.550908088684082,
    1.3529695272445679,
    0.7207960486412048,
    0.06742620468139648,
    0.8574100732803345,
    1.3365492820739746,
    0.3879534900188446
  ],
  "opt_ratios": [
    3.814692718151491e-06,
    1.1925028957193717e-05,
    2.0144685549894348e-05,
    3.30673428834416e-05,
    5.280059122014791e-05,
    8.210656233131886e-05,
    0.00012449253699742258,
    0.00018428290786687285,
    0.00026666480698622763,
    0.00037770261405967176,
    0.0005243227351456881,
    0.0007142637041397393,
    0.0009559994796290994,
    0.0012586278608068824,
    0.0016317490953952074,
    0.0020853010937571526,
    0.002629393944516778,
    0.0032741099130362272,
    0.0040293289348483086,
    0.004904486238956451,
    0.005908401682972908,
    0.007049070671200752,
    0.008333475328981876,
    0.009767448529601097,
    0.011355552822351456,
    0.013101017102599144,
    0.015005693770945072,
    0.017070095986127853,
    0.019293464720249176,
    0.02167387492954731,
    0.02420837990939617,
    0.02689313143491745,
    0.029723642393946648,
    0.032694898545742035,
    0.035801585763692856,
    0.03903822600841522,
    0.04239944368600845,
    0.04588007181882858,
    0.04947524517774582,
    0.053180769085884094,
    0.056993141770362854,
    0.06090955063700676,
    0.06492814421653748,
    0.06904815137386322,
    0.073269784450531,
    0.07759418338537216,
    0.08202379941940308,
    0.08656187355518341,
    0.09121271222829819,
    0.09598179161548615,
    0.10087509453296661,
    0.10589970648288727,
    0.11106318235397339,
    0.11637406051158905,
    0.12184134125709534,
    0.1274748295545578,
    0.13328447937965393,
    0.13928097486495972,
    0.14547523856163025,
    0.1518787145614624,
    0.1585029512643814,
    0.16535960137844086,
    0.17246107757091522,
    0.1798185110092163,
    0.18744418025016785,
    0.19534999132156372,
    0.2035469114780426,
    0.21204549074172974,
    0.22085623443126678,
    0.22998815774917603,
    0.23944927752017975,
    0.24924741685390472,
    0.2593877613544464,
    0.2698749899864197,
    0.2807108163833618,
    0.2918948829174042,
    0.3034261167049408,
    0.3153000771999359,
    0.32750964164733887,
    0.3400460183620453,
    0.35289719700813293,
    0.3660479784011841,
    0.3794821500778198,
    0.3931785821914673,
    0.4071156978607178,
    0.4212688207626343,
    0.43561118841171265,
    0.4501146376132965,
    0.46474888920783997,
    0.4794835150241852,
    0.494285523891449,
    0.5091233849525452,
    0.5239642858505249,
    0.5387755036354065,
    0.5535260438919067,
    0.5681843757629395,
    0.5827210545539856,
    0.5971074104309082,
    0.6113166809082031,
    0.625324547290802,
    0.6391075253486633
  ],
  "expectations": [
    -14.999982833862305,
    -15.746427536010742,
    -16.1123046875,
    -16.4722957611084,
    -16.825403213500977,
    -17.170804977416992,
    -17.507823944091797,
    -17.836042404174805,
    -18.155155181884766,
    -18.465072631835938,
    -18.76580047607422,
    -19.057493209838867,
    -19.340402603149414,
    -19.61479949951172,
    -19.881078720092773,
    -20.139554977416992,
    -20.390609741210938,
    -20.63456153869629,
    -20.871749877929688,
    -21.102388381958008,
    -21.326736450195312,
    -21.54493522644043,
    -21.7570858001709,
    -21.963287353515625,
    -22.163528442382812,
    -22.357816696166992,
    -22.54609489440918,
    -22.7282772064209,
    -22.904308319091797,
    -23.07410430908203,
    -23.237558364868164,
    -23.39464569091797,
    -23.5452938079834,
    -23.68947982788086,
    -23.827211380004883,
    -23.958505630493164,
    -24.083415985107422,
    -24.202035903930664,
    -24.31444549560547,
    -24.420804977416992,
    -24.521270751953125,
    -24.616010665893555,
    -24.70522689819336,
    -24.789169311523438,
    -24.868059158325195,
    -24.942153930664062,
    -25.011716842651367,
    -25.07699966430664,
    -25.13828468322754,
    -25.195831298828125,
    -25.249897003173828,
    -25.300758361816406,
    -25.3486270904541,
    -25.39377212524414,
    -25.436391830444336,
    -25.476734161376953,
    -25.514972686767578,
    -25.551313400268555,
    -25.585914611816406,
    -25.618967056274414,
    -25.650609970092773,
    -25.680984497070312,
    -25.710256576538086,
    -25.738502502441406,
    -25.765884399414062,
    -25.792495727539062,
    -25.81842803955078,
    -25.84379005432129,
    -25.86865997314453,
    -25.893096923828125,
    -25.91717529296875,
    -25.94097328186035,
    -25.964542388916016,
    -25.98793601989746,
    -26.011184692382812,
    -26.03432273864746,
    -26.057384490966797,
    -26.080402374267578,
    -26.103368759155273,
    -26.126317977905273,
    -26.149246215820312,
    -26.1721248626709,
    -26.194995880126953,
    -26.21780014038086,
    -26.24054718017578,
    -26.263202667236328,
    -26.285736083984375,
    -26.30815887451172,
    -26.33039093017578,
    -26.352453231811523,
    -26.37427520751953,
    -26.395841598510742,
    -26.417133331298828,
    -26.438087463378906,
    -26.45871353149414,
    -26.478954315185547,
    -26.49880599975586,
    -26.518226623535156,
    -26.537208557128906,
    -26.555747985839844,
    -26.573787689208984
  ],