{
  "size": 20,
  "opt_val": -27.0,
  "method": "VQE",
  "operations": [
    "Z4_Y9",
    "Z4_Y18",
    "Z4_Y1",
    "Z9_Y10",
    "Z9_Y16",
    "Z18_Y19",
    "Z18_Y12",
    "Z1_Y14",
    "Z1_Y2",
    "Z10_Y17",
    "Z10_Y15",
    "Z16_Y6",
    "Z3_Y7",
    "Z3_Y6",
    "Z7_Y5",
    "Z17_Y11",
    "Z5_Y8",
    "Z8_Y0",
    "Z8_Y13",
    "Z16_Y15",
    "Z3_Y17",
    "Z7_Y15",
    "Z6_Y19",
    "Z5_Y19",
    "Z12_Y0",
    "Z12_Y2",
    "Z0_Y11",
    "Z11_Y14",
    "Z13_Y14",
    "Z13_Y2"
  ],
  "dt": 0.05,
  "lr": 0.05,
  "lam": 1.0,
  "mu": 0.9,
  "fix_step": 0,
  "constant_c": true,
  "parameters": [
    1.5453450679779053,
    1.530149221420288,
    1.1411781311035156,
    1.5566847324371338,
    1.5608896017074585,
    0.8452587127685547,
    1.4469507932662964,
    0.6325355172157288,
    0.5258035063743591,
    1.3664737939834595,
    0.7606596946716309,
    1.4183062314987183,
    1.3717654943466187,
    0.14594575762748718,
    1.3717641830444336,
    0.6857870817184448,
    1.4063451290130615,
    0.2165507972240448,
    1.3840892314910889,
    0.7606583833694458,
    0.17256702482700348,
    0.06753722578287125,
    0.6354300379753113,
    0.13031670451164246,
    1.3444478511810303,
    0.5258064270019531,
    0.8583232760429382,
    0.5877697467803955,
    1.0791853666305542,
    1.1693611145019531
  ],
  "opt_ratios": [
    3.814692718151491e-06,
    1.1841191735584289e-05,
    1.9840270397253335e-05,
    3.2191150239668787e-05,
    5.0628943427000195e-05,
    7.727513730060309e-05,
    0.00011460916721262038,
    0.0001654040243010968,
    0.00023262682952918112,
    0.00031931616831570864,
    0.00042844575364142656,
    0.0005627909558825195,
    0.0007248047040775418,
    0.0009165174560621381,
    0.0011394573375582695,
    0.0013946028193458915,
    0.0016823634505271912,
    0.0020025759004056454,
    0.0023545227013528347,
    0.0027369684539735317,
    0.0031482139602303505,
    0.003586139529943466,
    0.004048278089612722,
    0.004531866870820522,
    0.005033918656408787,
    0.0055512795224785805,
    0.006080662366002798,
    0.006618753541260958,
    0.007162199355661869,
    0.007707670331001282,
    0.008251918479800224,
    0.008791775442659855,
    0.00932418555021286,
    0.009846262633800507,
    0.010355263017117977,
    0.010848627425730228,
    0.011323969811201096,
    0.011779122985899448,
    0.012212112545967102,
    0.012621177360415459,
    0.013004761189222336,
    0.01336147915571928,
    0.013690261170268059,
    0.013990167528390884,
    0.01426040381193161,
    0.014500506222248077,
    0.014710094779729843,
    0.014889040030539036,
    0.015037301927804947,
    0.015155080705881119,
    0.015242677181959152,
    0.01530059427022934,
    0.015329407528042793,
    0.01532985083758831,
    0.015302779152989388,
    0.015249155461788177,
    0.01516999863088131,
    0.015066435560584068,
    0.014939703047275543,
    0.01479109562933445,
    0.01462190505117178,
    0.014433540403842926,
    0.014227396808564663,
    0.014004841446876526,
    0.013767365366220474,
    0.01351637952029705,
    0.013253359124064445,
    0.012979738414287567,
    0.01269681379199028,
    0.012405999936163425,
    0.012108598835766315,
    0.011805900372564793,
    0.011499037966132164,
    0.01118924468755722,
    0.01087756734341383,
    0.010565061122179031,
    0.010252680629491806,
    0.00994128454476595,
    0.009631645865738392,
    0.009324571117758751,
    0.009020747616887093,
    0.008720732294023037,
    0.008425084874033928,
    0.00813427846878767,
    0.007848734967410564,
    0.007568798493593931,
    0.007294807117432356,
    0.007026993669569492,
    0.006765618454664946,
    0.0065107871778309345,
    0.006262649316340685,
    0.006021302193403244,
    0.005786778870970011,
    0.005559132434427738,
    0.0053383177146315575,
    0.005124370567500591,
    0.0049172379076480865,
    0.004716845694929361,
    0.004523113369941711,
    0.004335985518991947,
    0.004155328497290611
  ],
  "expectations": [
    -14.999982833862305,
    -15.748650550842285,
    -16.11873435974121,
    -16.483631134033203,
    -16.841567993164062,
    -17.190946578979492,
    -17.53032875061035,
    -17.858570098876953,
    -18.17473602294922,
    -18.478134155273438,
    -18.768341064453125,
    -19.04515838623047,
    -19.30858612060547,
    -19.558813095092773,
    -19.796154022216797,
    -20.021041870117188,
    -20.234004974365234,
    -20.43561553955078,
    -20.626474380493164,
    -20.807212829589844,
    -20.978458404541016,
    -21.140811920166016,
    -21.294876098632812,
    -21.441204071044922,
    -21.580360412597656,
    -21.712814331054688,
    -21.839046478271484,
    -21.95954132080078,
    -22.074649810791016,
    -22.184772491455078,
    -22.290250778198242,
    -22.391429901123047,
    -22.488544464111328,
    -22.581933975219727,
    -22.671794891357422,
    -22.758384704589844,
    -22.841894149780273,
    -22.922550201416016,
    -23.00048828125,
    -23.07586669921875,
    -23.148887634277344,
    -23.219627380371094,
    -23.28826904296875,
    -23.354896545410156,
    -23.419631958007812,
    -23.48257064819336,
    -23.543813705444336,
    -23.60345458984375,
    -23.661548614501953,
    -23.718177795410156,
    -23.773393630981445,
    -23.82726287841797,
    -23.879859924316406,
    -23.931201934814453,
    -23.981340408325195,
    -24.030311584472656,
    -24.078147888183594,
    -24.124868392944336,
    -24.170509338378906,
    -24.215072631835938,
    -24.25857925415039,
    -24.301044464111328,
    -24.34246826171875,
    -24.38286018371582,
    -24.422256469726562,
    -24.460613250732422,
    -24.497989654541016,
    -24.534343719482422,
    -24.569686889648438,
    -24.604045867919922,
    -24.637405395507812,
    -24.66980743408203,
    -24.701202392578125,
    -24.731647491455078,
    -24.761131286621094,
    -24.789642333984375,
    -24.817256927490234,
    -24.843936920166016,
    -24.86971664428711,
    -24.89459800720215,
    -24.918621063232422,
    -24.941802978515625,
    -24.964149475097656,
    -24.98568344116211,
    -25.006427764892578,
    -25.026409149169922,
    -25.045654296875,
    -25.06418228149414,
    -25.081995010375977,
    -25.099140167236328,
    -25.115633010864258,
    -25.131488800048828,
    -25.146751403808594,
    -25.161441802978516,
    -25.175533294677734,
    -25.18910026550293,
    -25.202125549316406,
    -25.214672088623047,
    -25.226715087890625,
    -25.2382869720459,
    -25.249427795410156
  ],