{
  "size": 20,
  "opt_val": -27.0,
  "method": "VQE",
  "operations": [
    "Z3_Y7",
    "Z3_Y11",
    "Z3_Y14",
    "Z7_Y16",
    "Z7_Y18",
    "Z11_Y9",
    "Z11_Y0",
    "Z14_Y6",
    "Z14_Y17",
    "Z16_Y12",
    "Z18_Y10",
    "Z18_Y15",
    "Z12_Y1",
    "Z1_Y5",
    "Z1_Y19",
    "Z8_Y9",
    "Z8_Y4",
    "Z4_Y2",
    "Z4_Y13",
    "Z16_Y17",
    "Z12_Y0",
    "Z0_Y15",
    "Z17_Y19",
    "Z8_Y5",
    "Z9_Y10",
    "Z5_Y19",
    "Z10_Y13",
    "Z13_Y6",
    "Z15_Y2",
    "Z6_Y2"
  ],
  "dt": 0.05,
  "lr": 0.05,
  "lam": 1.0,
  "mu": 0.9,
  "fix_step": 0,
  "constant_c": true,
  "parameters": [
    1.5638244152069092,
    1.5676989555358887,
    0.9251365661621094,
    1.5435469150543213,
    1.5634225606918335,
    1.4640432596206665,
    0.8006166815757751,
    0.12932460010051727,
    1.254971981048584,
    1.560011386871338,
    0.9470382928848267,
    0.7994017004966736,
    1.4433374404907227,
    0.22929973900318146,
    0.566466748714447,
    0.102150097489357,
    1.384000539779663,
    0.7002453207969666,
    1.3784250020980835,
    0.16206401586532593,
    0.7701687216758728,
    0.7710437178611755,
    0.804286539554596,
    1.294803500175476,
    0.622785747051239,
    0.35427865386009216,
    0.18703030049800873,
    1.4341320991516113,
    0.15838174521923065,
    0.759289026260376
  ],
  "opt_ratios": [
    1.9073463590757456e-06,
    5.989354121993529e-06,
    1.0154597475775518e-05,
    1.6738809790695086e-05,
    2.684318860701751e-05,
    4.190861727693118e-05,
    6.37504126643762e-05,
    9.457247506361455e-05,
    0.00013695283269044012,
    0.00019380077719688416,
    0.000268285337369889,
    0.0003637434565462172,
    0.00048357859486714005,
    0.000631153816357255,
    0.0008097071549855173,
    0.0010222838027402759,
    0.0012716976925730705,
    0.0015605241060256958,
    0.0018911196384578943,
    0.002265667775645852,
    0.0026862211525440216,
    0.0031547932885587215,
    0.003673396771773696,
    0.004244090989232063,
    0.004869048483669758,
    0.0055505456402897835,
    0.006290995050221682,
    0.0070928847417235374,
    0.007958794943988323,
    0.00889125932008028,
    0.009892765432596207,
    0.010965555906295776,
    0.012111594900488853,
    0.013332358561456203,
    0.01462878193706274,
    0.016001034528017044,
    0.017448434606194496,
    0.018969327211380005,
    0.0205609779804945,
    0.022219527512788773,
    0.02393992431461811,
    0.025716019794344902,
    0.027540571987628937,
    0.029405301436781883,
    0.031301144510507584,
    0.03321826457977295,
    0.035146430134773254,
    0.03707513585686684,
    0.03899363428354263,
    0.04089135676622391,
    0.042758047580718994,
    0.04458383843302727,
    0.04635944962501526,
    0.04807615280151367,
    0.049726057797670364,
    0.05130209028720856,
    0.05279787257313728,
    0.05420795828104019,
    0.05552760511636734,
    0.056752972304821014,
    0.05788072943687439,
    0.05890856310725212,
    0.05983463674783707,
    0.06065768375992775,
    0.061377085745334625,
    0.061992887407541275,
    0.06250544637441635,
    0.0629156306385994,
    0.06322448700666428,
    0.06343387812376022,
    0.06354547291994095,
    0.06356171518564224,
    0.0634850412607193,
    0.06331819295883179,
    0.06306430697441101,
    0.06272628903388977,
    0.06230764091014862,
    0.06181182339787483,
    0.0612424835562706,
    0.060603320598602295,
    0.0598982498049736,
    0.059130989015102386,
    0.05830572172999382,
    0.05742644891142845,
    0.056497205048799515,
    0.055521950125694275,
    0.054504841566085815,
    0.05344996601343155,
    0.052361197769641876,
    0.051242511719465256,
    0.050097960978746414,
    0.04893123358488083,
    0.047745998948812485,
    0.04654597118496895,
    0.045334592461586,
    0.04411531239748001,
    0.042891331017017365,
    0.04166571795940399,
    0.04044143483042717,
    0.039221324026584625,
    0.038007915019989014
  ],
  "expectations": [
    -14.999982833862305,
    -15.746358871459961,
    -16.111953735351562,
    -16.471355438232422,
    -16.823362350463867,
    -17.166912078857422,
    -17.50106430053711,
    -17.82503890991211,
    -18.13815689086914,
    -18.439897537231445,
    -18.72991943359375,
    -19.00797462463379,
    -19.27406120300293,
    -19.5281982421875,
    -19.77062225341797,
    -20.001667022705078,
    -20.221755981445312,
    -20.431400299072266,
    -20.63121223449707,
    -20.821847915649414,
    -21.003925323486328,
    -21.178176879882812,
    -21.345291137695312,
    -21.505943298339844,
    -21.660802841186523,
    -21.810447692871094,
    -21.955455780029297,
    -22.096332550048828,
    -22.23355484008789,
    -22.36748504638672,
    -22.49845314025879,
    -22.626705169677734,
    -22.752426147460938,
    -22.875713348388672,
    -22.996639251708984,
    -23.115158081054688,
    -23.23122787475586,
    -23.344728469848633,
    -23.455486297607422,
    -23.563350677490234,
    -23.668113708496094,
    -23.76959228515625,
    -23.867616653442383,
    -23.961984634399414,
    -24.05257225036621,
    -24.13926124572754,
    -24.22198486328125,
    -24.300743103027344,
    -24.37548065185547,
    -24.446287155151367,
    -24.513216018676758,
    -24.57638931274414,
    -24.63595962524414,
    -24.692039489746094,
    -24.744815826416016,
    -24.79450035095215,
    -24.841238021850586,
    -24.885225296020508,
    -24.92668342590332,
    -24.96579360961914,
    -25.002685546875,
    -25.03756332397461,
    -25.070598602294922,
    -25.101905822753906,
    -25.13164710998535,
    -25.159961700439453,
    -25.18697166442871,
    -25.212785720825195,
    -25.237476348876953,
    -25.26119613647461,
    -25.28396987915039,
    -25.30591583251953,
    -25.327072143554688,
    -25.34754180908203,
    -25.367347717285156,
    -25.386554718017578,
    -25.40520477294922,
    -25.423330307006836,
    -25.44097137451172,
    -25.45817756652832,
    -25.47496223449707,
    -25.491313934326172,
    -25.507314682006836,
    -25.522960662841797,
    -25.538253784179688,
    -25.553211212158203,
    -25.56784439086914,
    -25.582185745239258,
    -25.596200942993164,
    -25.609914779663086,
    -25.623348236083984,
    -25.63648796081543,
    -25.649330139160156,
    -25.661890029907227,
    -25.67415428161621,
    -25.686140060424805,
    -25.69784164428711,
    -25.709238052368164,
    -25.720355987548828,
    -25.73120880126953,
    -25.741750717163086
  ],