{
  "size": 20,
  "opt_val": -26.0,
  "method": "VQE",
  "operations": [
    "Z6_Y15",
    "Z6_Y14",
    "Z6_Y5",
    "Z15_Y8",
    "Z15_Y9",
    "Z14_Y2",
    "Z5_Y10",
    "Z9_Y16",
    "Z12_Y16",
    "Z12_Y13",
    "Z12_Y0",
    "Z16_Y1",
    "Z13_Y19",
    "Z13_Y4",
    "Z0_Y3",
    "Z1_Y11",
    "Z4_Y7",
    "Z3_Y17",
    "Z3_Y18",
    "Z14_Y8",
    "Z5_Y9",
    "Z8_Y2",
    "Z0_Y2",
    "Z1_Y10",
    "Z19_Y10",
    "Z19_Y4",
    "Z17_Y18",
    "Z17_Y11",
    "Z18_Y7",
    "Z11_Y7"
  ],
  "dt": 0.05,
  "lr": 0.05,
  "lam": 1.0,
  "mu": 0.9,
  "fix_step": 0,
  "constant_c": true,
  "parameters": [
    1.5660818815231323,
    1.541704773902893,
    1.5465887784957886,
    0.9248849749565125,
    0.9349403381347656,
    0.4259754419326782,
    0.19775326550006866,
    0.03908680006861687,
    1.4920918941497803,
    1.5078362226486206,
    1.4814633131027222,
    1.5207276344299316,
    1.2829135656356812,
    0.22767117619514465,
    1.4814625978469849,
    0.4011772572994232,
    0.08361676335334778,
    -1.0016840696334839,
    0.3799407184123993,
    0.6451351046562195,
    0.6314740777015686,
    0.42597341537475586,
    1.3779503107070923,
    0.6657581925392151,
    0.7688127756118774,
    1.0024744272232056,
    1.1896135807037354,
    1.1688705682754517,
    0.7792026996612549,
    0.7787648439407349
  ],
  "opt_ratios": [
    5.722039077227237e-06,
    1.6251960914814845e-05,
    2.6179011911153793e-05,
    4.103870742255822e-05,
    6.269561708904803e-05,
    9.347290324512869e-05,
    0.0001361860049655661,
    0.00019415924907661974,
    0.0002712234272621572,
    0.0003716939245350659,
    0.0005003302358090878,
    0.0006622798973694444,
    0.0008630047086626291,
    0.0011081988923251629,
    0.0014037014916539192,
    0.0017553954385221004,
    0.0021691140718758106,
    0.002650536596775055,
    0.0032051089219748974,
    0.0038379328325390816,
    0.004553705453872681,
    0.005356642417609692,
    0.006250424310564995,
    0.007238165475428104,
    0.00832241028547287,
    0.009505098685622215,
    0.010787639766931534,
    0.01217092014849186,
    0.01365537941455841,
    0.015241104178130627,
    0.016927920281887054,
    0.018715493381023407,
    0.02060336247086525,
    0.022591201588511467,
    0.024678779765963554,
    0.026866212487220764,
    0.02915385738015175,
    0.03154253959655762,
    0.03403359651565552,
    0.03662890940904617,
    0.039330944418907166,
    0.04214291274547577,
    0.04506854712963104,
    0.04811239615082741,
    0.05127961188554764,
    0.05457616597414017,
    0.058008767664432526,
    0.0615847185254097,
    0.06531215459108353,
    0.06919979304075241,
    0.07325734198093414,
    0.07749498635530472,
    0.0819239392876625,
    0.08655570447444916,
    0.09140290319919586,
    0.09647880494594574,
    0.10179740935564041,
    0.10737337172031403,
    0.11322230100631714,
    0.11936017870903015,
    0.1258043795824051,
    0.13257208466529846,
    0.1396818310022354,
    0.1471528559923172,
    0.15500447154045105,
    0.16325700283050537,
    0.17193050682544708,
    0.1810462772846222,
    0.19062554836273193,
    0.20068873465061188,
    0.2112571895122528,
    0.22235099971294403,
    0.23398971557617188,
    0.24619123339653015,
    0.25897282361984253,
    0.272348552942276,
    0.28633153438568115,
    0.30093005299568176,
    0.3161492347717285,
    0.3319900631904602,
    0.3484477996826172,
    0.3655126690864563,
    0.3831678032875061,
    0.4013902544975281,
    0.42014795541763306,
    0.43940287828445435,
    0.4591082036495209,
    0.47920888662338257,
    0.49964284896850586,
    0.5203393697738647,
    0.5412228107452393,
    0.5622124671936035,
    0.5832220315933228,
    0.6041615009307861,
    0.6249423623085022,
    0.6454765796661377,
    0.6656767129898071,
    0.6854606866836548,
    0.7047510147094727,
    0.7234781980514526,
    0.7415803074836731
  ],
  "expectations": [
    -14.999982833862305,
    -15.741436004638672,
    -16.09673309326172,
    -16.442251205444336,
    -16.777462005615234,
    -17.101959228515625,
    -17.415468215942383,
    -17.717823028564453,
    -18.009029388427734,
    -18.289154052734375,
    -18.558364868164062,
    -18.816930770874023,
    -19.065170288085938,
    -19.303409576416016,
    -19.532075881958008,
    -19.751556396484375,
    -19.962265014648438,
    -20.164569854736328,
    -20.358884811401367,
    -20.545534133911133,
    -20.724853515625,
    -20.897130966186523,
    -21.06264877319336,
    -21.22161102294922,
    -21.374267578125,
    -21.520801544189453,
    -21.66136932373047,
    -21.796161651611328,
    -21.925317764282227,
    -22.048978805541992,
    -22.167314529418945,
    -22.280485153198242,
    -22.38861846923828,
    -22.491893768310547,
    -22.590473175048828,
    -22.6845703125,
    -22.77433967590332,
    -22.859973907470703,
    -22.941682815551758,
    -23.019668579101562,
    -23.094131469726562,
    -23.165287017822266,
    -23.23332405090332,
    -23.298458099365234,
    -23.360868453979492,
    -23.420774459838867,
    -23.478343963623047,
    -23.53377914428711,
    -23.58724594116211,
    -23.638900756835938,
    -23.68890953063965,
    -23.73743438720703,
    -23.78462028503418,
    -23.83057403564453,
    -23.875431060791016,
    -23.9193058013916,
    -23.962345123291016,
    -24.004600524902344,
    -24.04620361328125,
    -24.087188720703125,
    -24.127689361572266,
    -24.167747497558594,
    -24.207435607910156,
    -24.246828079223633,
    -24.285934448242188,
    -24.324867248535156,
    -24.36361312866211,
    -24.40224838256836,
    -24.440818786621094,
    -24.47930908203125,
    -24.51778793334961,
    -24.556255340576172,
    -24.594755172729492,
    -24.63327407836914,
    -24.671859741210938,
    -24.710494995117188,
    -24.749210357666016,
    -24.788013458251953,
    -24.826885223388672,
    -24.865825653076172,
    -24.904815673828125,
    -24.94386863708496,
    -24.982929229736328,
    -25.021997451782227,
    -25.060991287231445,
    -25.099939346313477,
    -25.13872528076172,
    -25.177291870117188,
    -25.215612411499023,
    -25.25356101989746,
    -25.291095733642578,
    -25.32810401916504,
    -25.36450958251953,
    -25.400184631347656,
    -25.435054779052734,
    -25.469051361083984,
    -25.502050399780273,
    -25.533994674682617,
    -25.564773559570312,
    -25.594369888305664,
    -25.622692108154297
  ],