{
  "size": 20,
  "opt_val": -26.0,
  "method": "VQE",
  "operations": [
    "Z12_Y16",
    "Z12_Y4",
    "Z12_Y1",
    "Z16_Y10",
    "Z16_Y17",
    "Z4_Y6",
    "Z4_Y14",
    "Z1_Y18",
    "Z10_Y19",
    "Z10_Y13",
    "Z17_Y9",
    "Z17_Y8",
    "Z6_Y3",
    "Z6_Y0",
    "Z14_Y5",
    "Z0_Y11",
    "Z0_Y7",
    "Z9_Y2",
    "Z11_Y15",
    "Z1_Y14",
    "Z3_Y5",
    "Z3_Y9",
    "Z5_Y19",
    "Z19_Y13",
    "Z13_Y8",
    "Z2_Y8",
    "Z2_Y18",
    "Z11_Y7",
    "Z7_Y15",
    "Z15_Y18"
  ],
  "dt": 0.05,
  "lr": 0.05,
  "lam": 1.0,
  "mu": 0.9,
  "fix_step": 0,
  "constant_c": true,
  "parameters": [
    1.0837279558181763,
    1.548499584197998,
    1.5520962476730347,
    1.4061390161514282,
    0.8691152930259705,
    1.284132719039917,
    0.8325468897819519,
    0.7105128765106201,
    0.32682907581329346,
    0.12458506226539612,
    1.3713486194610596,
    0.7191368341445923,
    0.8856611251831055,
    1.490756630897522,
    0.002080499427393079,
    1.454005479812622,
    1.2442501783370972,
    1.451423168182373,
    0.7735826373100281,
    0.7186886072158813,
    1.2399866580963135,
    0.07957502454519272,
    1.2275311946868896,
    1.3163458108901978,
    0.13439545035362244,
    0.7338180541992188,
    0.1308142989873886,
    -0.30580708384513855,
    0.797074019908905,
    0.8717940449714661
  ],
  "opt_ratios": [
    5.722039077227237e-06,
    1.6249534382950515e-05,
    2.6185218302998692e-05,
    4.106599953956902e-05,
    6.275862688198686e-05,
    9.357820817967877e-05,
    0.00013630776084028184,
    0.00019419479940552264,
    0.0002709192340262234,
    0.00037053279811516404,
    0.0004973737522959709,
    0.0006559590110555291,
    0.0008508599130436778,
    0.0010865679942071438,
    0.0013673626817762852,
    0.0016971786972135305,
    0.002079490339383483,
    0.002517210552468896,
    0.003012597095221281,
    0.003567205974832177,
    0.0041818260215222836,
    0.004856468643993139,
    0.005590354558080435,
    0.006381901912391186,
    0.007228759117424488,
    0.008127839304506779,
    0.009075349196791649,
    0.01006682962179184,
    0.011097239330410957,
    0.012160975486040115,
    0.01325199194252491,
    0.014363903552293777,
    0.015489974990487099,
    0.016623344272375107,
    0.017756976187229156,
    0.018883921205997467,
    0.019997283816337585,
    0.021090343594551086,
    0.022156625986099243,
    0.02319001778960228,
    0.024184737354516983,
    0.025135453790426254,
    0.026037324219942093,
    0.026885908097028732,
    0.027677364647388458,
    0.028408262878656387,
    0.02907566912472248,
    0.02967718616127968,
    0.03021082654595375,
    0.03067515417933464,
    0.031069112941622734,
    0.031392067670822144,
    0.03164384141564369,
    0.03182467818260193,
    0.031935084611177444,
    0.031976066529750824,
    0.03194895386695862,
    0.03185536712408066,
    0.03169725835323334,
    0.03147684037685394,
    0.03119669482111931,
    0.030859505757689476,
    0.030468301847577095,
    0.030026249587535858,
    0.029536791145801544,
    0.029003452509641647,
    0.02842983789741993,
    0.02781965211033821,
    0.027176789939403534,
    0.026504987850785255,
    0.025807952508330345,
    0.025089696049690247,
    0.02435379847884178,
    0.023603882640600204,
    0.02284347638487816,
    0.022075943648815155,
    0.021304551512002945,
    0.02053234353661537,
    0.01976219192147255,
    0.018996745347976685,
    0.018238484859466553,
    0.01748971827328205,
    0.016752492636442184,
    0.016028612852096558,
    0.015319714322686195,
    0.014627217315137386,
    0.013952361419796944,
    0.013296175748109818,
    0.012659510597586632,
    0.012043014168739319,
    0.011447211727499962,
    0.010872503742575645,
    0.010319049470126629,
    0.00978696160018444,
    0.009276250377297401,
    0.008786680176854134,
    0.008318137377500534,
    0.007870258763432503,
    0.007442697882652283,
    0.007035026326775551,
    0.006646760273724794
  ],
  "expectations": [
    -14.999982833862305,
    -15.741559982299805,
    -16.097450256347656,
    -16.444171905517578,
    -16.781253814697266,
    -17.10832977294922,
    -17.425045013427734,
    -17.73118019104004,
    -18.026548385620117,
    -18.311094284057617,
    -18.58477020263672,
    -18.847688674926758,
    -19.099994659423828,
    -19.34186363220215,
    -19.573564529418945,
    -19.795413970947266,
    -20.00773811340332,
    -20.210886001586914,
    -20.405254364013672,
    -20.59122085571289,
    -20.7691650390625,
    -20.939495086669922,
    -21.102596282958984,
    -21.25882339477539,
    -21.408544540405273,
    -21.552078247070312,
    -21.689762115478516,
    -21.8218936920166,
    -21.948745727539062,
    -22.070566177368164,
    -22.18756675720215,
    -22.300010681152344,
    -22.408058166503906,
    -22.511917114257812,
    -22.611698150634766,
    -22.707612991333008,
    -22.79979705810547,
    -22.888389587402344,
    -22.97349739074707,
    -23.055294036865234,
    -23.133880615234375,
    -23.209360122680664,
    -23.281892776489258,
    -23.3515567779541,
    -23.418508529663086,
    -23.482830047607422,
    -23.544645309448242,
    -23.604049682617188,
    -23.661121368408203,
    -23.716001510620117,
    -23.768779754638672,
    -23.81953239440918,
    -23.868337631225586,
    -23.915283203125,
    -23.96044921875,
    -24.0039005279541,
    -24.04570770263672,
    -24.085952758789062,
    -24.124664306640625,
    -24.161901473999023,
    -24.197757720947266,
    -24.232227325439453,
    -24.265419006347656,
    -24.29730987548828,
    -24.32798957824707,
    -24.357494354248047,
    -24.385852813720703,
    -24.41309928894043,
    -24.439273834228516,
    -24.464427947998047,
    -24.488548278808594,
    -24.51171875,
    -24.5339298248291,
    -24.55522918701172,
    -24.57564353942871,
    -24.595224380493164,
    -24.613967895507812,
    -24.631893157958984,
    -24.649065017700195,
    -24.66547966003418,
    -24.681180953979492,
    -24.696165084838867,
    -24.71050262451172,
    -24.724170684814453,
    -24.737255096435547,
    -24.749717712402344,
    -24.761600494384766,
    -24.77291488647461,
    -24.783720016479492,
    -24.79401397705078,
    -24.803794860839844,
    -24.8131160736084,
    -24.82199478149414,
    -24.83043098449707,
    -24.83848762512207,
    -24.846092224121094,
    -24.85335922241211,
    -24.860248565673828,
    -24.86681365966797,
    -24.87303924560547,
    -24.878948211669922
  ],