{
  "size": 20,
  "opt_val": -26.0,
  "method": "VQE",
  "operations": [
    "Z1_Y16",
    "Z1_Y3",
    "Z1_Y15",
    "Z16_Y5",
    "Z16_Y2",
    "Z3_Y10",
    "Z15_Y7",
    "Z5_Y0",
    "Z5_Y6",
    "Z2_Y14",
    "Z2_Y4",
    "Z10_Y8",
    "Z6_Y9",
    "Z8_Y18",
    "Z0_Y13",
    "Z0_Y19",
    "Z13_Y11",
    "Z19_Y17",
    "Z17_Y12",
    "Z3_Y15",
    "Z10_Y6",
    "Z8_Y9",
    "Z9_Y18",
    "Z18_Y13",
    "Z19_Y7",
    "Z14_Y4",
    "Z14_Y17",
    "Z4_Y11",
    "Z7_Y12",
    "Z12_Y11"
  ],
  "dt": 0.05,
  "lr": 0.05,
  "lam": 1.0,
  "mu": 0.9,
  "fix_step": 0,
  "constant_c": true,
  "parameters": [
    1.5590213537216187,
    1.5200767517089844,
    -0.17597995698451996,
    1.553565263748169,
    1.3414099216461182,
    1.5472025871276855,
    0.027213022112846375,
    1.5307612419128418,
    1.3894011974334717,
    0.1964789181947708,
    0.1519976258277893,
    1.505953311920166,
    0.8833870887756348,
    -0.010174556635320187,
    1.253754734992981,
    1.5356104373931885,
    0.485032320022583,
    1.5100898742675781,
    0.693879246711731,
    1.1868089437484741,
    0.1821776181459427,
    0.671266496181488,
    1.402880311012268,
    0.3135374188423157,
    1.5517772436141968,
    1.3041125535964966,
    0.0716095119714737,
    0.17191241681575775,
    0.8758944869041443,
    0.9416285753250122
  ],
  "opt_ratios": [
    9.536732250126079e-06,
    2.7065550966653973e-05,
    4.347669892013073e-05,
    6.787171150790527e-05,
    0.00010311169899068773,
    0.0001526553533039987,
    0.00022054652799852192,
    0.0003113640705123544,
    0.0004301350563764572,
    0.0005822131643071771,
    0.0007731403457000852,
    0.0010084833484143019,
    0.001293680863454938,
    0.0016338848508894444,
    0.0020338306203484535,
    0.0024977282155305147,
    0.0030291895382106304,
    0.0036311903968453407,
    0.004306085407733917,
    0.005055665038526058,
    0.005881219170987606,
    0.006783702410757542,
    0.007763868197798729,
    0.008822469972074032,
    0.009960435330867767,
    0.011179085820913315,
    0.012480374425649643,
    0.013866997323930264,
    0.01534273661673069,
    0.016912460327148438,
    0.018582481890916824,
    0.020360521972179413,
    0.02225608564913273,
    0.02428038790822029,
    0.026446674019098282,
    0.02877025306224823,
    0.03126870095729828,
    0.03396198898553848,
    0.03687261790037155,
    0.04002583026885986,
    0.04344973713159561,
    0.04717552289366722,
    0.051237329840660095,
    0.05567273870110512,
    0.06052270531654358,
    0.06583152711391449,
    0.07164686918258667,
    0.07801967859268188,
    0.08500400185585022,
    0.09265635907649994,
    0.10103553533554077,
    0.11020149290561676,
    0.12021481245756149,
    0.13113483786582947,
    0.143018901348114,
    0.15591982007026672,
    0.16988462209701538,
    0.18495121598243713,
    0.20114681124687195,
    0.21848562359809875,
    0.23696564137935638,
    0.256567120552063,
    0.27725040912628174,
    0.2989555597305298,
    0.3216010630130768,
    0.3450849652290344,
    0.3692859411239624,
    0.39406734704971313,
    0.419277161359787,
    0.4447568953037262,
    0.47034162282943726,
    0.49586814641952515,
    0.5211770534515381,
    0.5461176633834839,
    0.570554256439209,
    0.5943636894226074,
    0.6174419522285461,
    0.639703631401062,
    0.6610804796218872,
    0.6815234422683716,
    0.7010003328323364,
    0.7194941639900208,
    0.7370016574859619,
    0.7535312175750732,
    0.7690998315811157,
    0.7837340831756592,
    0.7974662780761719,
    0.8103322386741638,
    0.8223721981048584,
    0.8336267471313477,
    0.8441393971443176,
    0.8539514541625977,
    0.8631068468093872,
    0.8716455101966858,
    0.8796072006225586,
    0.8870303630828857,
    0.8939515352249146,
    0.9004044532775879,
    0.9064223766326904,
    0.9120360612869263,
    0.9172728061676025
  ],
  "expectations": [
    -14.999982833862305,
    -15.741318702697754,
    -16.096176147460938,
    -16.440814971923828,
    -16.774616241455078,
    -17.097064971923828,
    -17.407846450805664,
    -17.706771850585938,
    -17.993810653686523,
    -18.269006729125977,
    -18.532562255859375,
    -18.784700393676758,
    -19.025737762451172,
    -19.25598907470703,
    -19.475830078125,
    -19.685630798339844,
    -19.885787963867188,
    -20.076644897460938,
    -20.258586883544922,
    -20.431991577148438,
    -20.59720230102539,
    -20.754602432250977,
    -20.904521942138672,
    -21.047351837158203,
    -21.18343162536621,
    -21.313119888305664,
    -21.43681526184082,
    -21.554826736450195,
    -21.667598724365234,
    -21.775442123413086,
    -21.87877082824707,
    -21.977890014648438,
    -22.073196411132812,
    -22.16499900817871,
    -22.253692626953125,
    -22.33956527709961,
    -22.422950744628906,
    -22.50412368774414,
    -22.583419799804688,
    -22.66107940673828,
    -22.737369537353516,
    -22.812570571899414,
    -22.88688087463379,
    -22.960519790649414,
    -23.03371238708496,
    -23.106651306152344,
    -23.179521560668945,
    -23.25247573852539,
    -23.32565689086914,
    -23.399211883544922,
    -23.4732608795166,
    -23.547897338867188,
    -23.623201370239258,
    -23.699195861816406,
    -23.775959014892578,
    -23.85344886779785,
    -23.93167495727539,
    -24.01053810119629,
    -24.089975357055664,
    -24.16984748840332,
    -24.249982833862305,
    -24.3301944732666,
    -24.410247802734375,
    -24.489858627319336,
    -24.56877326965332,
    -24.646663665771484,
    -24.72321891784668,
    -24.79815101623535,
    -24.87110710144043,
    -24.941844940185547,
    -25.010089874267578,
    -25.075626373291016,
    -25.13825225830078,
    -25.197818756103516,
    -25.25426483154297,
    -25.30748748779297,
    -25.35749053955078,
    -25.404319763183594,
    -25.448013305664062,
    -25.488666534423828,
    -25.526397705078125,
    -25.56134796142578,
    -25.59365463256836,
    -25.623470306396484,
    -25.650924682617188,
    -25.67620277404785,
    -25.699472427368164,
    -25.720857620239258,
    -25.740530014038086,
    -25.75860023498535,
    -25.77522850036621,
    -25.79049301147461,
    -25.804567337036133,
    -25.8175048828125,
    -25.829418182373047,
    -25.84039306640625,
    -25.85053825378418,
    -25.859874725341797,
    -25.86850929260254,
    -25.876508712768555,
    -25.883895874023438
  ],