{
  "size": 20,
  "opt_val": -25.0,
  "method": "VQE",
  "operations": [
    "Z3_Y4",
    "Z3_Y11",
    "Z3_Y14",
    "Z4_Y12",
    "Z4_Y7",
    "Z11_Y17",
    "Z11_Y10",
    "Z14_Y16",
    "Z14_Y8",
    "Z12_Y19",
    "Z12_Y5",
    "Z7_Y18",
    "Z7_Y15",
    "Z5_Y13",
    "Z17_Y1",
    "Z16_Y0",
    "Z8_Y9",
    "Z9_Y6",
    "Z6_Y2",
    "Z19_Y5",
    "Z19_Y17",
    "Z16_Y13",
    "Z8_Y18",
    "Z0_Y1",
    "Z0_Y15",
    "Z13_Y9",
    "Z18_Y15",
    "Z6_Y10",
    "Z10_Y2",
    "Z1_Y2"
  ],
  "dt": 0.05,
  "lr": 0.05,
  "lam": 1.0,
  "mu": 0.9,
  "fix_step": 0,
  "constant_c": true,
  "parameters": [
    1.526151418685913,
    1.4992425441741943,
    1.3327553272247314,
    1.4984790086746216,
    1.4752483367919922,
    0.7282610535621643,
    1.4321786165237427,
    1.3496859073638916,
    1.5484453439712524,
    1.3274869918823242,
    0.3987762928009033,
    0.45942091941833496,
    0.196874737739563,
    1.2596999406814575,
    -0.03412878140807152,
    1.4786585569381714,
    1.2815666198730469,
    1.2646398544311523,
    0.4599497616291046,
    0.43801096081733704,
    0.81827712059021,
    0.3930675685405731,
    1.1109964847564697,
    1.414506435394287,
    1.0447901487350464,
    0.14583878219127655,
    0.6807597875595093,
    -0.01903575286269188,
    0.4778324067592621,
    0.6442684531211853
  ],
  "opt_ratios": [
    2.4795503122732043e-05,
    6.451376248151064e-05,
    0.00010016410669777542,
    0.00015192909631878138,
    0.00022530846763402224,
    0.00032695778645575047,
    0.00046470598317682743,
    0.0006475169211626053,
    0.0008853966137394309,
    0.001189247239381075,
    0.001570683903992176,
    0.0020418360363692045,
    0.002615135395899415,
    0.0033031099010258913,
    0.004118196666240692,
    0.005072596482932568,
    0.00617817509919405,
    0.007446351461112499,
    0.008888114243745804,
    0.010513965040445328,
    0.012334009632468224,
    0.014358004555106163,
    0.016595395281910896,
    0.01905551552772522,
    0.021747607737779617,
    0.0246809720993042,
    0.027865095064044,
    0.03130970895290375,
    0.03502486273646355,
    0.03902112692594528,
    0.043309371918439865,
    0.04790111631155014,
    0.052808307111263275,
    0.05804329738020897,
    0.06361910700798035,
    0.0695488452911377,
    0.07584582269191742,
    0.08252383023500443,
    0.08959633857011795,
    0.09707671403884888,
    0.10497801005840302,
    0.1133127212524414,
    0.1220925897359848,
    0.131328284740448,
    0.14102934300899506,
    0.15120358765125275,
    0.16185742616653442,
    0.17299482226371765,
    0.18461796641349792,
    0.1967260092496872,
    0.2093157172203064,
    0.22238078713417053,
    0.23591169714927673,
    0.24989554286003113,
    0.2643159329891205,
    0.2791532278060913,
    0.29438406229019165,
    0.30998146533966064,
    0.3259153366088867,
    0.34215247631073,
    0.35865700244903564,
    0.3753896951675415,
    0.3923107385635376,
    0.4093773365020752,
    0.42654627561569214,
    0.44377392530441284,
    0.46101564168930054,
    0.4782281816005707,
    0.495369553565979,
    0.512398362159729,
    0.5292744636535645,
    0.5459622144699097,
    0.5624268054962158,
    0.5786364674568176,
    0.594562828540802,
    0.6101796627044678,
    0.6254650354385376,
    0.6403989791870117,
    0.6549654603004456,
    0.6691510677337646,
    0.6829448938369751,
    0.6963374614715576,
    0.7093251347541809,
    0.7219027280807495,
    0.7340704202651978,
    0.7458276748657227,
    0.7571752071380615,
    0.7681186199188232,
    0.7786611318588257,
    0.7888087034225464,
    0.798568844795227,
    0.8079482316970825,
    0.8169550895690918,
    0.8255985975265503,
    0.8338878154754639,
    0.8418314456939697,
    0.8494402170181274,
    0.8567239046096802,
    0.8636921644210815,
    0.8703546524047852,
    0.8767222166061401
  ],
  "expectations": [
    -14.999982833862305,
    -15.741134643554688,
    -16.095348358154297,
    -16.438783645629883,
    -16.770671844482422,
    -17.090465545654297,
    -17.39775848388672,
    -17.692304611206055,
    -17.974077224731445,
    -18.243127822875977,
    -18.499637603759766,
    -18.74392318725586,
    -18.976367950439453,
    -19.19739532470703,
    -19.407506942749023,
    -19.607219696044922,
    -19.797094345092773,
    -19.977649688720703,
    -20.149473190307617,
    -20.313072204589844,
    -20.468957901000977,
    -20.617671966552734,
    -20.759645462036133,
    -20.895368576049805,
    -21.025257110595703,
    -21.14971923828125,
    -21.26914405822754,
    -21.383892059326172,
    -21.494266510009766,
    -21.600627899169922,
    -21.703216552734375,
    -21.802337646484375,
    -21.89824104309082,
    -21.991113662719727,
    -22.08122444152832,
    -22.16873550415039,
    -22.253801345825195,
    -22.336620330810547,
    -22.41730499267578,
    -22.495990753173828,
    -22.572803497314453,
    -22.647830963134766,
    -22.721172332763672,
    -22.79290008544922,
    -22.863088607788086,
    -22.931785583496094,
    -22.99907684326172,
    -23.06494903564453,
    -23.12948989868164,
    -23.19269371032715,
    -23.254602432250977,
    -23.315235137939453,
    -23.374601364135742,
    -23.43271827697754,
    -23.489566802978516,
    -23.545181274414062,
    -23.59954261779785,
    -23.652647018432617,
    -23.704486846923828,
    -23.755054473876953,
    -23.804359436035156,
    -23.852340698242188,
    -23.8990478515625,
    -23.944442749023438,
    -23.988508224487305,
    -24.031272888183594,
    -24.07269287109375,
    -24.112770080566406,
    -24.15155029296875,
    -24.189001083374023,
    -24.225112915039062,
    -24.259937286376953,
    -24.293485641479492,
    -24.325756072998047,
    -24.356788635253906,
    -24.386581420898438,
    -24.41518783569336,
    -24.442623138427734,
    -24.468917846679688,
    -24.494123458862305,
    -24.518264770507812,
    -24.541332244873047,
    -24.56342887878418,
    -24.58453369140625,
    -24.60472869873047,
    -24.624034881591797,
    -24.642433166503906,
    -24.6600341796875,
    -24.676822662353516,
    -24.692840576171875,
    -24.708145141601562,
    -24.72272491455078,
    -24.73662567138672,
    -24.74988555908203,
    -24.76253890991211,
    -24.774566650390625,
    -24.78604507446289,
    -24.796977996826172,
    -24.807382583618164,
    -24.817283630371094,
    -24.82670783996582
  ],