{
  "size": 20,
  "opt_val": -28.0,
  "method": "VQE",
  "operations": [
    "Z4_Y9",
    "Z4_Y18",
    "Z4_Y7",
    "Z9_Y17",
    "Z9_Y0",
    "Z18_Y5",
    "Z18_Y2",
    "Z7_Y14",
    "Z7_Y11",
    "Z17_Y19",
    "Z17_Y1",
    "Z0_Y13",
    "Z3_Y16",
    "Z3_Y12",
    "Z3_Y8",
    "Z16_Y5",
    "Z16_Y6",
    "Z12_Y15",
    "Z8_Y10",
    "Z0_Y1",
    "Z12_Y11",
    "Z8_Y1",
    "Z5_Y10",
    "Z6_Y10",
    "Z6_Y2",
    "Z14_Y19",
    "Z14_Y2",
    "Z19_Y15",
    "Z15_Y13",
    "Z11_Y13"
  ],
  "dt": 0.05,
  "lr": 0.05,
  "lam": 1.0,
  "mu": 0.9,
  "fix_step": 0,
  "constant_c": true,
  "parameters": [
    1.56270170211792,
    1.303820252418518,
    1.5580118894577026,
    1.5680451393127441,
    1.5642445087432861,
    0.3955897092819214,
    0.5218183398246765,
    1.5442864894866943,
    1.2756147384643555,
    0.8138577342033386,
    0.7624247670173645,
    0.5372447371482849,
    1.0449612140655518,
    1.4146835803985596,
    1.0449553728103638,
    1.1706137657165527,
    1.4893628358840942,
    0.29006871581077576,
    0.15969905257225037,
    0.7624261379241943,
    0.2941046953201294,
    0.0626448392868042,
    0.9129947423934937,
    0.7036053538322449,
    1.2531299591064453,
    0.7569072842597961,
    0.5218194127082825,
    1.2796818017959595,
    0.5276892185211182,
    0.5170019865036011
  ],
  "opt_ratios": [
    1.9073463590757456e-06,
    6.557403594342759e-06,
    1.1585094398469664e-05,
    1.9842580513795838e-05,
    3.297507282695733e-05,
    5.321719800122082e-05,
    8.348590199602768e-05,
    0.00012744363630190492,
    0.00018951344827655703,
    0.00027483791927807033,
    0.0003891716478392482,
    0.0005387154524214566,
    0.0007298983982764184,
    0.0009691300801932812,
    0.0012625367380678654,
    0.001615700894035399,
    0.0020334506407380104,
    0.0025196655187755823,
    0.003077128669247031,
    0.0037074782885611057,
    0.0044111330062150955,
    0.005187345668673515,
    0.006034223362803459,
    0.006948797032237053,
    0.00792715698480606,
    0.008964491076767445,
    0.01005524955689907,
    0.011193196289241314,
    0.012371562421321869,
    0.013583146035671234,
    0.01482037827372551,
    0.016075385734438896,
    0.017340268939733505,
    0.018607022240757942,
    0.01986772194504738,
    0.02111467346549034,
    0.02234046347439289,
    0.023538094013929367,
    0.02470109798014164,
    0.025823593139648438,
    0.02690044417977333,
    0.027927203103899956,
    0.02890016697347164,
    0.02981661446392536,
    0.030674397945404053,
    0.03147218003869057,
    0.03220944106578827,
    0.03288617357611656,
    0.03350306674838066,
    0.03406130149960518,
    0.03456238657236099,
    0.03500829264521599,
    0.035401202738285065,
    0.035743530839681625,
    0.036037907004356384,
    0.03628694638609886,
    0.03649333864450455,
    0.036659833043813705,
    0.03678901866078377,
    0.03688354790210724,
    0.03694581240415573,
    0.03697836771607399,
    0.0369834266602993,
    0.03696318715810776,
    0.03691975027322769,
    0.036855101585388184,
    0.036770954728126526,
    0.03666907921433449,
    0.03655097633600235,
    0.03641820698976517,
    0.03627215698361397,
    0.03611398860812187,
    0.03594501316547394,
    0.03576626256108284,
    0.03557863458991051,
    0.03538327291607857,
    0.035180795937776566,
    0.034972213208675385,
    0.034758176654577255,
    0.03453926742076874,
    0.034316178411245346,
    0.034089501947164536,
    0.03385968506336212,
    0.03362742438912392,
    0.03339283913373947,
    0.03315657749772072,
    0.032918911427259445,
    0.03268029913306236,
    0.03244099020957947,
    0.03220127522945404,
    0.03196139261126518,
    0.031721729785203934,
    0.031482383608818054,
    0.03124362975358963,
    0.03100563958287239,
    0.030768612399697304,
    0.03053264319896698,
    0.030298026278614998,
    0.03006470948457718,
    0.029832985252141953,
    0.029602831229567528
  ],
  "expectations": [
    -14.999982833862305,
    -15.7489652633667,
    -16.1202449798584,
    -16.487552642822266,
    -16.84950828552246,
    -17.20479965209961,
    -17.55223274230957,
    -17.89080238342285,
    -18.21963882446289,
    -18.538063049316406,
    -18.845584869384766,
    -19.141857147216797,
    -19.426738739013672,
    -19.70022964477539,
    -19.96245574951172,
    -20.213603973388672,
    -20.45403480529785,
    -20.684099197387695,
    -20.904212951660156,
    -21.1148681640625,
    -21.316499710083008,
    -21.509613037109375,
    -21.694664001464844,
    -21.872100830078125,
    -22.0423583984375,
    -22.205842971801758,
    -22.362934112548828,
    -22.513948440551758,
    -22.659202575683594,
    -22.79897689819336,
    -22.933494567871094,
    -23.062917709350586,
    -23.187463760375977,
    -23.307260513305664,
    -23.422393798828125,
    -23.53297996520996,
    -23.639108657836914,
    -23.74081802368164,
    -23.838193893432617,
    -23.931291580200195,
    -24.020187377929688,
    -24.104955673217773,
    -24.18564224243164,
    -24.26242446899414,
    -24.335342407226562,
    -24.404529571533203,
    -24.47014617919922,
    -24.53229522705078,
    -24.591148376464844,
    -24.646883010864258,
    -24.699621200561523,
    -24.74958038330078,
    -24.7968692779541,
    -24.8416805267334,
    -24.88418960571289,
    -24.924537658691406,
    -24.96286392211914,
    -24.999351501464844,
    -25.034114837646484,
    -25.067298889160156,
    -25.0989990234375,
    -25.129344940185547,
    -25.158451080322266,
    -25.186405181884766,
    -25.213289260864258,
    -25.239212036132812,
    -25.264217376708984,
    -25.288379669189453,
    -25.311763763427734,
    -25.334430694580078,
    -25.356428146362305,
    -25.377779006958008,
    -25.39851951599121,
    -25.418718338012695,
    -25.438358306884766,
    -25.45750617980957,
    -25.47612762451172,
    -25.494287490844727,
    -25.511985778808594,
    -25.529226303100586,
    -25.546031951904297,
    -25.562408447265625,
    -25.57834815979004,
    -25.5938720703125,
    -25.608970642089844,
    -25.6236572265625,
    -25.637943267822266,
    -25.651817321777344,
    -25.66529655456543,
    -25.67837142944336,
    -25.691051483154297,
    -25.703327178955078,
    -25.715208053588867,
    -25.726715087890625,
    -25.737842559814453,
    -25.748600006103516,
    -25.75894546508789,
    -25.768951416015625,
    -25.778594970703125,
    -25.787879943847656,
    -25.79680633544922
  ],