{
  "size": 20,
  "opt_val": -26.0,
  "method": "VQE",
  "operations": [
    "Z6_Y15",
    "Z6_Y5",
    "Z6_Y13",
    "Z15_Y3",
    "Z15_Y16",
    "Z5_Y9",
    "Z13_Y12",
    "Z3_Y4",
    "Z3_Y14",
    "Z16_Y18",
    "Z4_Y7",
    "Z4_Y10",
    "Z14_Y19",
    "Z10_Y2",
    "Z12_Y0",
    "Z0_Y11",
    "Z0_Y17",
    "Z19_Y1",
    "Z1_Y8",
    "Z5_Y13",
    "Z16_Y9",
    "Z14_Y7",
    "Z7_Y10",
    "Z12_Y2",
    "Z2_Y11",
    "Z9_Y18",
    "Z19_Y18",
    "Z1_Y17",
    "Z11_Y8",
    "Z8_Y17"
  ],
  "dt": 0.05,
  "lr": 0.05,
  "lam": 1.0,
  "mu": 0.9,
  "fix_step": 0,
  "constant_c": true,
  "parameters": [
    1.5150240659713745,
    0.562145471572876,
    1.3996920585632324,
    1.5598461627960205,
    1.500551462173462,
    1.415168046951294,
    1.4874659776687622,
    1.5461323261260986,
    1.5565301179885864,
    0.6433743834495544,
    0.5811717510223389,
    1.2355918884277344,
    1.539937138557434,
    0.24537062644958496,
    1.5598299503326416,
    0.916405439376831,
    0.7913256883621216,
    1.418883204460144,
    -0.025423284620046616,
    0.09156060218811035,
    -0.03377576544880867,
    0.979080080986023,
    -0.16025839745998383,
    1.32705557346344,
    0.6543404459953308,
    0.1744718700647354,
    0.7661532163619995,
    0.21090421080589294,
    1.509559988975525,
    0.5698466300964355
  ],
  "opt_ratios": [
    5.722039077227237e-06,
    1.640263326407876e-05,
    2.6708443328971043e-05,
    4.2497027607169e-05,
    6.615897291339934e-05,
    0.00010089267743751407,
    0.0001508908171672374,
    0.00022154457110445946,
    0.00031965936068445444,
    0.0004536724300123751,
    0.0006338648963719606,
    0.0008725577499717474,
    0.0011842688545584679,
    0.0015858231345191598,
    0.0020964129362255335,
    0.0027375700883567333,
    0.0035330639220774174,
    0.004508695099502802,
    0.005692034959793091,
    0.0071120611391961575,
    0.008798730559647083,
    0.010782499797642231,
    0.01309384498745203,
    0.01576276496052742,
    0.01881832629442215,
    0.022288229316473007,
    0.026198487728834152,
    0.03057311847805977,
    0.035434022545814514,
    0.040800850838422775,
    0.046691007912158966,
    0.053119830787181854,
    0.06010037660598755,
    0.06764409691095352,
    0.07576046884059906,
    0.08445774018764496,
    0.09374263882637024,
    0.10362087190151215,
    0.11409688740968704,
    0.125174418091774,
    0.13685590028762817,
    0.14914292097091675,
    0.16203579306602478,
    0.17553368210792542,
    0.1896338164806366,
    0.2043319046497345,
    0.219621479511261,
    0.23549364507198334,
    0.2519364356994629,
    0.2689347267150879,
    0.28647029399871826,
    0.3045210838317871,
    0.32306089997291565,
    0.3420584797859192,
    0.3614795207977295,
    0.3812839686870575,
    0.40142732858657837,
    0.42186105251312256,
    0.4425320029258728,
    0.4633827805519104,
    0.4843522906303406,
    0.5053769946098328,
    0.5263895988464355,
    0.5473232269287109,
    0.5681095123291016,
    0.5886793732643127,
    0.6089659929275513,
    0.6289042234420776,
    0.6484333276748657,
    0.6674948334693909,
    0.6860378980636597,
    0.704014003276825,
    0.721383810043335,
    0.7381123304367065,
    0.7541730403900146,
    0.7695454359054565,
    0.7842148542404175,
    0.7981748580932617,
    0.8114226460456848,
    0.8239644765853882,
    0.8358073234558105,
    0.8469650745391846,
    0.8574564456939697,
    0.8673003315925598,
    0.8765198588371277,
    0.8851412534713745,
    0.8931896686553955,
    0.9006940126419067,
    0.9076803922653198,
    0.9141781330108643,
    0.9202161431312561,
    0.925819993019104,
    0.9310183525085449,
    0.935836911201477,
    0.940300464630127,
    0.9444328546524048,
    0.9482580423355103,
    0.9517975449562073,
    0.9550719261169434,
    0.958100438117981,
    0.9609014391899109
  ],
  "expectations": [
    -14.999982833862305,
    -15.739078521728516,
    -16.089712142944336,
    -16.429428100585938,
    -16.75832748413086,
    -17.076601028442383,
    -17.384572982788086,
    -17.68258285522461,
    -17.971052169799805,
    -18.250391006469727,
    -18.520994186401367,
    -18.783315658569336,
    -19.03768539428711,
    -19.28445816040039,
    -19.523941040039062,
    -19.75640296936035,
    -19.98208999633789,
    -20.20118522644043,
    -20.41387176513672,
    -20.620285034179688,
    -20.820560455322266,
    -21.014814376831055,
    -21.203115463256836,
    -21.385574340820312,
    -21.562271118164062,
    -21.733280181884766,
    -21.89871597290039,
    -22.058652877807617,
    -22.213180541992188,
    -22.362422943115234,
    -22.50650405883789,
    -22.64554214477539,
    -22.779653549194336,
    -22.908992767333984,
    -23.033693313598633,
    -23.153942108154297,
    -23.269851684570312,
    -23.381614685058594,
    -23.489370346069336,
    -23.593305587768555,
    -23.693557739257812,
    -23.790281295776367,
    -23.88365364074707,
    -23.973804473876953,
    -24.060884475708008,
    -24.145008087158203,
    -24.226314544677734,
    -24.304931640625,
    -24.38095474243164,
    -24.454463958740234,
    -24.52557373046875,
    -24.59436798095703,
    -24.660924911499023,
    -24.725278854370117,
    -24.787532806396484,
    -24.847715377807617,
    -24.905860900878906,
    -24.962047576904297,
    -25.01630401611328,
    -25.06865119934082,
    -25.11911392211914,
    -25.167739868164062,
    -25.214508056640625,
    -25.25949478149414,
    -25.302692413330078,
    -25.344118118286133,
    -25.383777618408203,
    -25.42169189453125,
    -25.45789337158203,
    -25.492385864257812,
    -25.525218963623047,
    -25.55637550354004,
    -25.585926055908203,
    -25.613868713378906,
    -25.640268325805664,
    -25.6651668548584,
    -25.68857192993164,
    -25.7105712890625,
    -25.731168746948242,
    -25.7504940032959,
    -25.768524169921875,
    -25.785356521606445,
    -25.801061630249023,
    -25.815662384033203,
    -25.82921600341797,
    -25.841827392578125,
    -25.853500366210938,
    -25.864343643188477,
    -25.874357223510742,
    -25.883615493774414,
    -25.89220428466797,
    -25.900110244750977,
    -25.907419204711914,
    -25.914175033569336,
    -25.920400619506836,
    -25.92613410949707,
    -25.931421279907227,
    -25.936304092407227,
    -25.94080352783203,
    -25.944950103759766,
    -25.94877815246582
  ],