{
  "size": 20,
  "opt_val": -27.0,
  "method": "VQE",
  "operations": [
    "Z3_Y7",
    "Z3_Y10",
    "Z3_Y19",
    "Z7_Y0",
    "Z7_Y1",
    "Z10_Y2",
    "Z10_Y16",
    "Z19_Y9",
    "Z19_Y4",
    "Z0_Y8",
    "Z1_Y15",
    "Z12_Y13",
    "Z12_Y18",
    "Z12_Y5",
    "Z13_Y9",
    "Z13_Y11",
    "Z11_Y6",
    "Z2_Y14",
    "Z8_Y17",
    "Z0_Y9",
    "Z1_Y2",
    "Z18_Y16",
    "Z18_Y15",
    "Z5_Y16",
    "Z5_Y4",
    "Z11_Y4",
    "Z8_Y6",
    "Z6_Y17",
    "Z17_Y14",
    "Z14_Y15"
  ],
  "dt": 0.05,
  "lr": 0.05,
  "lam": 1.0,
  "mu": 0.9,
  "fix_step": 0,
  "constant_c": true,
  "parameters": [
    0.8800029158592224,
    1.2199757099151611,
    1.3211616277694702,
    1.3182761669158936,
    0.9752951860427856,
    1.0762202739715576,
    0.07368089258670807,
    0.5277319550514221,
    1.2329012155532837,
    1.4136441946029663,
    0.3117080330848694,
    1.4039413928985596,
    1.5509655475616455,
    1.522746205329895,
    1.0571534633636475,
    1.4039405584335327,
    1.463367223739624,
    0.33856743574142456,
    0.4939267933368683,
    0.5277353525161743,
    0.30927684903144836,
    0.7585294842720032,
    0.8501265645027161,
    0.7585273385047913,
    0.5252406597137451,
    0.5252417922019958,
    0.0402100645005703,
    1.0664653778076172,
    1.1981958150863647,
    0.5633308291435242
  ],
  "opt_ratios": [
    1.9073463590757456e-06,
    5.949313163000625e-06,
    1.0006329830503091e-05,
    1.6320316717610694e-05,
    2.5836803615675308e-05,
    3.974248102167621e-05,
    5.9464968217071146e-05,
    8.665104542160407e-05,
    0.00012312098988331854,
    0.00017080380348488688,
    0.00023165505263023078,
    0.0003075699496548623,
    0.0004002964706160128,
    0.0005113607039675117,
    0.0006420070421881974,
    0.0007931621512398124,
    0.0009654173045419157,
    0.0011590364156290889,
    0.0013739739079028368,
    0.0016099170316010714,
    0.0018663244554772973,
    0.002142475452274084,
    0.002437514951452613,
    0.0027505038306117058,
    0.003080449067056179,
    0.003426335286349058,
    0.0037871645763516426,
    0.00416195672005415,
    0.0045497906394302845,
    0.004949768073856831,
    0.005361064337193966,
    0.005782896652817726,
    0.006214545574039221,
    0.006655337288975716,
    0.007104638963937759,
    0.007561840582638979,
    0.008026406168937683,
    0.008497782982885838,
    0.008975474163889885,
    0.009458988904953003,
    0.009947855025529861,
    0.010441608726978302,
    0.010939797386527061,
    0.011441996321082115,
    0.011947734281420708,
    0.012456576339900494,
    0.012968096882104874,
    0.013481839559972286,
    0.013997405767440796,
    0.014514311216771603,
    0.015032149851322174,
    0.015550441108644009,
    0.016068769618868828,
    0.01658668741583824,
    0.01710370182991028,
    0.01761939376592636,
    0.018133260309696198,
    0.018644876778125763,
    0.019153714179992676,
    0.019659392535686493,
    0.02016136236488819,
    0.0206591859459877,
    0.02115236595273018,
    0.021640438586473465,
    0.022122938185930252,
    0.022599410265684128,
    0.02306937985122204,
    0.023532403632998466,
    0.02398798242211342,
    0.02443571761250496,
    0.024875173345208168,
    0.025305960327386856,
    0.025727642700076103,
    0.026139790192246437,
    0.026542073115706444,
    0.026934171095490456,
    0.027315668761730194,
    0.02768627740442753,
    0.028045695275068283,
    0.02839364856481552,
    0.028729921206831932,
    0.029054250568151474,
    0.02936641313135624,
    0.02966628596186638,
    0.029953675344586372,
    0.03022848255932331,
    0.030490562319755554,
    0.030739841982722282,
    0.03097628802061081,
    0.031199919059872627,
    0.031410619616508484,
    0.03160847723484039,
    0.03179357200860977,
    0.031965889036655426,
    0.03212559223175049,
    0.03227273374795914,
    0.03240744769573212,
    0.03252999112010002,
    0.032640427350997925,
    0.03273896500468254,
    0.03282579034566879
  ],
  "expectations": [
    -14.999982833862305,
    -15.746160507202148,
    -16.11098289489746,
    -16.4687557220459,
    -16.817981719970703,
    -17.157339096069336,
    -17.485658645629883,
    -17.802024841308594,
    -18.105669021606445,
    -18.396106719970703,
    -18.672992706298828,
    -18.936199188232422,
    -19.185829162597656,
    -19.422080993652344,
    -19.6452693939209,
    -19.85589599609375,
    -20.0544376373291,
    -20.24147605895996,
    -20.41764259338379,
    -20.58356475830078,
    -20.739871978759766,
    -20.887184143066406,
    -21.026100158691406,
    -21.157222747802734,
    -21.28112030029297,
    -21.398265838623047,
    -21.50918197631836,
    -21.614322662353516,
    -21.71410369873047,
    -21.80891990661621,
    -21.899120330810547,
    -21.98504638671875,
    -22.066987991333008,
    -22.145227432250977,
    -22.220006942749023,
    -22.291545867919922,
    -22.360095977783203,
    -22.425798416137695,
    -22.488859176635742,
    -22.549419403076172,
    -22.607622146606445,
    -22.663619995117188,
    -22.71750259399414,
    -22.769437789916992,
    -22.81949806213379,
    -22.86777114868164,
    -22.91437339782715,
    -22.9593505859375,
    -23.002840042114258,
    -23.044858932495117,
    -23.085527420043945,
    -23.1248722076416,
    -23.162982940673828,
    -23.19989585876465,
    -23.235673904418945,
    -23.270395278930664,
    -23.3040714263916,
    -23.336780548095703,
    -23.368518829345703,
    -23.39940643310547,
    -23.429410934448242,
    -23.458593368530273,
    -23.48699378967285,
    -23.514625549316406,
    -23.54153823852539,
    -23.567781448364258,
    -23.59333038330078,
    -23.618261337280273,
    -23.642536163330078,
    -23.666234970092773,
    -23.689342498779297,
    -23.711902618408203,
    -23.733909606933594,
    -23.755395889282227,
    -23.776348114013672,
    -23.796836853027344,
    -23.816823959350586,
    -23.836332321166992,
    -23.855390548706055,
    -23.873998641967773,
    -23.89214515686035,
    -23.90987777709961,
    -23.92717933654785,
    -23.94403648376465,
    -23.960533142089844,
    -23.97661018371582,
    -23.99227523803711,
    -24.007564544677734,
    -24.02246856689453,
    -24.037004470825195,
    -24.051162719726562,
    -24.0649356842041,
    -24.078353881835938,
    -24.091432571411133,
    -24.104162216186523,
    -24.116552352905273,
    -24.128585815429688,
    -24.140308380126953,
    -24.151687622070312,
    -24.162742614746094,
    -24.173503875732422
  ],