{
  "size": 20,
  "opt_val": -26.0,
  "method": "VQE",
  "operations": [
    "Z6_Y18",
    "Z6_Y14",
    "Z6_Y2",
    "Z18_Y5",
    "Z18_Y9",
    "Z14_Y13",
    "Z2_Y19",
    "Z5_Y16",
    "Z9_Y12",
    "Z4_Y12",
    "Z4_Y15",
    "Z12_Y11",
    "Z15_Y3",
    "Z15_Y7",
    "Z11_Y8",
    "Z13_Y1",
    "Z7_Y0",
    "Z7_Y10",
    "Z0_Y17",
    "Z14_Y2",
    "Z5_Y13",
    "Z9_Y19",
    "Z4_Y16",
    "Z16_Y11",
    "Z1_Y3",
    "Z1_Y8",
    "Z0_Y10",
    "Z17_Y10",
    "Z17_Y19",
    "Z3_Y8"
  ],
  "dt": 0.05,
  "lr": 0.05,
  "lam": 1.0,
  "mu": 0.9,
  "fix_step": 0,
  "constant_c": true,
  "parameters": [
    1.3291183710098267,
    -0.37057188153266907,
    0.6040644645690918,
    1.412146806716919,
    1.3786019086837769,
    1.2643431425094604,
    0.25165003538131714,
    0.20182301104068756,
    0.11690490692853928,
    1.4532335996627808,
    1.516223430633545,
    1.1779425144195557,
    1.4892412424087524,
    1.4146833419799805,
    0.46886005997657776,
    1.2633106708526611,
    1.449691891670227,
    0.8601933121681213,
    1.4496914148330688,
    0.8490008115768433,
    0.13784164190292358,
    0.5787044167518616,
    1.3676397800445557,
    0.3853067457675934,
    0.06271529942750931,
    0.1917106956243515,
    0.1676376760005951,
    0.8601923584938049,
    0.9928779006004333,
    0.9492409825325012
  ],
  "opt_ratios": [
    7.629385436302982e-06,
    2.1764695702586323e-05,
    3.5146382288075984e-05,
    5.5256463383557275e-05,
    8.46835391712375e-05,
    0.0001266694744117558,
    0.0001851594861363992,
    0.00026482759858481586,
    0.00037107410025782883,
    0.0005099924164824188,
    0.0006883111782371998,
    0.0009133147541433573,
    0.001192739699035883,
    0.0015346725704148412,
    0.0019474265864118934,
    0.002439442789182067,
    0.0030191687401384115,
    0.003694977145642042,
    0.004475069232285023,
    0.005367416888475418,
    0.006379701662808657,
    0.007519267499446869,
    0.00879310630261898,
    0.01020780112594366,
    0.011769553646445274,
    0.013484176248311996,
    0.015356992371380329,
    0.017392944544553757,
    0.019596466794610023,
    0.02197154238820076,
    0.024521604180336,
    0.027249615639448166,
    0.030157923698425293,
    0.03324823081493378,
    0.036521635949611664,
    0.039978496730327606,
    0.043618492782115936,
    0.04744052141904831,
    0.05144275724887848,
    0.05562252923846245,
    0.05997645854949951,
    0.0645003616809845,
    0.06918931007385254,
    0.07403771579265594,
    0.07903914153575897,
    0.08418697118759155,
    0.08947370201349258,
    0.09489136934280396,
    0.10043171048164368,
    0.10608616471290588,
    0.11184598505496979,
    0.11770214140415192,
    0.12364554405212402,
    0.12966713309288025,
    0.1357579380273819,
    0.14190895855426788,
    0.14811140298843384,
    0.15435679256916046,
    0.1606367528438568,
    0.16694346070289612,
    0.17326873540878296,
    0.17960518598556519,
    0.18594607710838318,
    0.19228437542915344,
    0.1986134648323059,
    0.2049272656440735,
    0.2112198770046234,
    0.21748585999011993,
    0.22372007369995117,
    0.22991764545440674,
    0.23607371747493744,
    0.24218425154685974,
    0.24824485182762146,
    0.25425249338150024,
    0.2602028250694275,
    0.2660929560661316,
    0.2719198167324066,
    0.27768081426620483,
    0.283372700214386,
    0.2889938950538635,
    0.2945416569709778,
    0.30001401901245117,
    0.3054089844226837,
    0.31072530150413513,
    0.3159608244895935,
    0.3211143910884857,
    0.32618486881256104,
    0.3311711251735687,
    0.33607208728790283,
    0.34088706970214844,
    0.345614492893219,
    0.35025444626808167,
    0.35480597615242004,
    0.35926851630210876,
    0.36364203691482544,
    0.3679257333278656,
    0.37211960554122925,
    0.37622323632240295,
    0.38023704290390015,
    0.3841603994369507,
    0.3879937529563904
  ],
  "expectations": [
    -14.999982833862305,
    -15.738764762878418,
    -16.08821678161621,
    -16.42544174194336,
    -16.75000762939453,
    -17.06163787841797,
    -17.36016845703125,
    -17.645570755004883,
    -17.917972564697266,
    -18.177570343017578,
    -18.424671173095703,
    -18.6596622467041,
    -18.882949829101562,
    -19.095035552978516,
    -19.29639434814453,
    -19.487567901611328,
    -19.669055938720703,
    -19.841398239135742,
    -20.00511360168457,
    -20.160673141479492,
    -20.30859375,
    -20.4493408203125,
    -20.5833740234375,
    -20.711109161376953,
    -20.832988739013672,
    -20.949411392211914,
    -21.06074333190918,
    -21.167354583740234,
    -21.26957130432129,
    -21.36772918701172,
    -21.462081909179688,
    -21.552955627441406,
    -21.64058494567871,
    -21.725189208984375,
    -21.806995391845703,
    -21.88620376586914,
    -21.962970733642578,
    -22.037471771240234,
    -22.109848022460938,
    -22.18021583557129,
    -22.248699188232422,
    -22.315399169921875,
    -22.38039207458496,
    -22.443784713745117,
    -22.505590438842773,
    -22.56592559814453,
    -22.624847412109375,
    -22.68236541748047,
    -22.73853874206543,
    -22.793413162231445,
    -22.847042083740234,
    -22.899431228637695,
    -22.950637817382812,
    -23.00067710876465,
    -23.04957389831543,
    -23.097354888916016,
    -23.1440486907959,
    -23.189693450927734,
    -23.234283447265625,
    -23.277883529663086,
    -23.32046127319336,
    -23.362049102783203,
    -23.40271759033203,
    -23.44244956970215,
    -23.481250762939453,
    -23.519161224365234,
    -23.55617904663086,
    -23.59233283996582,
    -23.627649307250977,
    -23.662139892578125,
    -23.69579315185547,
    -23.728660583496094,
    -23.760738372802734,
    -23.792072296142578,
    -23.822620391845703,
    -23.852466583251953,
    -23.88158416748047,
    -23.910015106201172,
    -23.937725067138672,
    -23.96480369567871,
    -23.991235733032227,
    -24.01703643798828,
    -24.042213439941406,
    -24.066810607910156,
    -24.090810775756836,
    -24.1142635345459,
    -24.13717269897461,
    -24.159564971923828,
    -24.181453704833984,
    -24.2028751373291,
    -24.223777770996094,
    -24.24425506591797,
    -24.264278411865234,
    -24.283876419067383,
    -24.30307388305664,
    -24.321855545043945,
    -24.34025764465332,
    -24.3582763671875,
    -24.37594223022461,
    -24.393234252929688,
    -24.410179138183594
  ],