{
  "size": 16,
  "opt_val": -32.0,
  "method": "VQE",
  "operations": [
    "Z0_Y2",
    "Z0_Y5",
    "Z0_Y14",
    "Z0_Y11",
    "Z0_Y10",
    "Z2_Y7",
    "Z2_Y3",
    "Z2_Y9",
    "Z2_Y15",
    "Z5_Y1",
    "Z5_Y6",
    "Z5_Y8",
    "Z14_Y4",
    "Z14_Y13",
    "Z10_Y12",
    "Z5_Y14",
    "Z14_Y9",
    "Z11_Y3",
    "Z11_Y4",
    "Z11_Y6",
    "Z11_Y10",
    "Z10_Y1",
    "Z10_Y15",
    "Z1_Y9",
    "Z1_Y12",
    "Z1_Y7",
    "Z9_Y8",
    "Z7_Y13",
    "Z9_Y3",
    "Z12_Y3",
    "Z12_Y4",
    "Z12_Y8",
    "Z7_Y3",
    "Z15_Y4",
    "Z15_Y6",
    "Z15_Y13",
    "Z7_Y8",
    "Z4_Y6",
    "Z6_Y13",
    "Z8_Y13"
  ],
  "dt": 0.05,
  "lr": 0.05,
  "lam": 1.0,
  "mu": 0.9,
  "fix_step": 0,
  "constant_c": true,
  "parameters": [
    1.5404160022735596,
    -1.0601739883422852,
    0.02081303298473358,
    -1.2100684642791748,
    1.0399723052978516,
    0.0680634155869484,
    0.03457146883010864,
    0.0002724492223933339,
    0.5438657402992249,
    1.5583086013793945,
    1.366999626159668,
    0.5525814294815063,
    0.00020836057956330478,
    0.004423033911734819,
    0.01475952472537756,
    1.5492886304855347,
    0.5013325810432434,
    0.03688853979110718,
    0.6949225664138794,
    0.36984890699386597,
    0.5304818153381348,
    -0.012471683323383331,
    1.0264756679534912,
    1.0692377090454102,
    1.5553765296936035,
    1.5024917125701904,
    0.4945208430290222,
    -0.020206594839692116,
    0.5371369123458862,
    0.5748326182365417,
    -0.07669789344072342,
    0.3281303644180298,
    0.4569457471370697,
    0.9015178680419922,
    0.19940733909606934,
    0.1104755625128746,
    0.1956380009651184,
    0.38142409920692444,
    0.8157076835632324,
    0.76287442445755
  ],
  "opt_ratios": [
    3.0517549021169543e-05,
    9.338017116533592e-05,
    0.00015262674423865974,
    0.00024036943796090782,
    0.00036596099380403757,
    0.000540131120942533,
    0.0007747127674520016,
    0.001082246657460928,
    0.0014753679279237986,
    0.0019662894774228334,
    0.002566135488450527,
    0.003284298814833164,
    0.004128182306885719,
    0.005102674942463636,
    0.006210286170244217,
    0.007451155222952366,
    0.008823312819004059,
    0.01032339408993721,
    0.011947043240070343,
    0.013689861632883549,
    0.015547613613307476,
    0.01751665584743023,
    0.019593926146626472,
    0.021777963265776634,
    0.024067537859082222,
    0.026462707668542862,
    0.028964009135961533,
    0.03157275542616844,
    0.03429011255502701,
    0.03711852431297302,
    0.040060095489025116,
    0.04311774671077728,
    0.04629405215382576,
    0.04959214851260185,
    0.05301562696695328,
    0.056569043546915054,
    0.060256265103816986,
    0.06408235430717468,
    0.06805261969566345,
    0.07217223942279816,
    0.07644712179899216,
    0.08088497072458267,
    0.08549186587333679,
    0.09027701616287231,
    0.09524773061275482,
    0.1004127785563469,
    0.10578089207410812,
    0.11136455088853836,
    0.11717507243156433,
    0.12322423607110977,
    0.12952549755573273,
    0.13609345257282257,
    0.14294518530368805,
    0.15009763836860657,
    0.15756995975971222,
    0.16538183391094208,
    0.1735565960407257,
    0.1821160614490509,
    0.19108639657497406,
    0.20049449801445007,
    0.21036702394485474,
    0.2207328975200653,
    0.2316260188817978,
    0.24307255446910858,
    0.25510528683662415,
    0.26775339245796204,
    0.2810462415218353,
    0.2950130105018616,
    0.3096764087677002,
    0.3250593841075897,
    0.34117501974105835,
    0.3580349087715149,
    0.37564390897750854,
    0.3939911425113678,
    0.4130629599094391,
    0.4328232705593109,
    0.45324400067329407,
    0.474263995885849,
    0.49582263827323914,
    0.517839789390564,
    0.5402250289916992,
    0.5628678202629089,
    0.585665225982666,
    0.6084946990013123,
    0.6312304735183716,
    0.6537424921989441,
    0.6759067177772522,
    0.6976025104522705,
    0.7187260389328003,
    0.7391547560691833,
    0.7588188648223877,
    0.777633786201477,
    0.7955393195152283,
    0.8124797940254211,
    0.8284435272216797,
    0.8434171080589294,
    0.8573916554450989,
    0.8703687787055969,
    0.8823918700218201,
    0.893482506275177,
    0.9036763906478882
  ],
  "expectations": [
    -19.999980926513672,
    -20.97711944580078,
    -21.428192138671875,
    -21.8596248626709,
    -22.27193832397461,
    -22.66558074951172,
    -23.040842056274414,
    -23.398042678833008,
    -23.73748207092285,
    -24.05955696105957,
    -24.364681243896484,
    -24.653358459472656,
    -24.926151275634766,
    -25.18366813659668,
    -25.426620483398438,
    -25.65569305419922,
    -25.871692657470703,
    -26.075401306152344,
    -26.267711639404297,
    -26.449424743652344,
    -26.621484756469727,
    -26.784709930419922,
    -26.939964294433594,
    -27.088062286376953,
    -27.229719161987305,
    -27.36558723449707,
    -27.496288299560547,
    -27.62232780456543,
    -27.744110107421875,
    -27.862003326416016,
    -27.976299285888672,
    -28.087196350097656,
    -28.194889068603516,
    -28.299537658691406,
    -28.40125274658203,
    -28.50008773803711,
    -28.596168518066406,
    -28.689453125,
    -28.780086517333984,
    -28.867984771728516,
    -28.953227996826172,
    -29.035860061645508,
    -29.1158447265625,
    -29.19321632385254,
    -29.268009185791016,
    -29.340213775634766,
    -29.40985679626465,
    -29.47695541381836,
    -29.54155731201172,
    -29.603776931762695,
    -29.663555145263672,
    -29.721010208129883,
    -29.776227951049805,
    -29.829322814941406,
    -29.880352020263672,
    -29.929452896118164,
    -29.976774215698242,
    -30.022430419921875,
    -30.066621780395508,
    -30.109447479248047,
    -30.151094436645508,
    -30.191753387451172,
    -30.231643676757812,
    -30.27088737487793,
    -30.30972671508789,
    -30.348276138305664,
    -30.38683319091797,
    -30.425460815429688,
    -30.46440887451172,
    -30.503822326660156,
    -30.543811798095703,
    -30.584564208984375,
    -30.626140594482422,
    -30.66864776611328,
    -30.71213150024414,
    -30.756637573242188,
    -30.80215072631836,
    -30.848613739013672,
    -30.89599609375,
    -30.94414520263672,
    -30.992969512939453,
    -31.042198181152344,
    -31.091724395751953,
    -31.141319274902344,
    -31.190673828125,
    -31.239566802978516,
    -31.287736892700195,
    -31.33495330810547,
    -31.38100242614746,
    -31.425556182861328,
    -31.468490600585938,
    -31.509654998779297,
    -31.548864364624023,
    -31.586002349853516,
    -31.62106704711914,
    -31.65399169921875,
    -31.684738159179688,
    -31.71333885192871,
    -31.739858627319336,
    -31.764339447021484,
    -31.786849975585938
  ],