{
  "size": 16,
  "opt_val": -32.0,
  "method": "VQE",
  "operations": [
    "Z0_Y14",
    "Z0_Y1",
    "Z0_Y7",
    "Z0_Y13",
    "Z0_Y15",
    "Z14_Y3",
    "Z14_Y4",
    "Z14_Y10",
    "Z1_Y6",
    "Z1_Y2",
    "Z1_Y8",
    "Z13_Y12",
    "Z15_Y11",
    "Z2_Y5",
    "Z2_Y9",
    "Z14_Y7",
    "Z1_Y15",
    "Z7_Y6",
    "Z7_Y15",
    "Z7_Y8",
    "Z13_Y2",
    "Z13_Y3",
    "Z13_Y10",
    "Z15_Y10",
    "Z6_Y4",
    "Z6_Y11",
    "Z2_Y12",
    "Z8_Y5",
    "Z5_Y9",
    "Z6_Y3",
    "Z8_Y12",
    "Z8_Y11",
    "Z5_Y3",
    "Z5_Y4",
    "Z9_Y3",
    "Z9_Y10",
    "Z12_Y4",
    "Z9_Y4",
    "Z12_Y11",
    "Z11_Y10"
  ],
  "dt": 0.05,
  "lr": 0.05,
  "lam": 1.0,
  "mu": 0.9,
  "fix_step": 0,
  "constant_c": true,
  "parameters": [
    1.5686179399490356,
    1.5707943439483643,
    1.3140816688537598,
    1.5693854093551636,
    0.22982244193553925,
    0.4388554096221924,
    0.36101168394088745,
    0.4989263415336609,
    0.3878280818462372,
    1.5702191591262817,
    1.261820912361145,
    0.07844210416078568,
    0.010563336312770844,
    0.7891361713409424,
    1.14644455909729,
    -0.22023943066596985,
    0.5654388666152954,
    1.1816195249557495,
    1.2264795303344727,
    0.30897602438926697,
    0.0008580387220717967,
    0.4416259825229645,
    0.5456749796867371,
    0.1306295543909073,
    0.08633303642272949,
    0.9624614715576172,
    0.9839736819267273,
    0.7816614508628845,
    -0.4243462383747101,
    0.07738999277353287,
    0.663874626159668,
    0.741888701915741,
    0.373887836933136,
    0.4376017153263092,
    0.3937636911869049,
    0.40751543641090393,
    0.4064486026763916,
    0.4519999027252197,
    0.13060538470745087,
    0.2492775171995163
  ],
  "opt_ratios": [
    9.155264706350863e-05,
    0.00027628347743302584,
    0.0004446734965313226,
    0.0006869350909255445,
    0.0010230295592918992,
    0.0014744376530870795,
    0.0020636185072362423,
    0.002813562750816345,
    0.0037474478594958782,
    0.004888617899268866,
    0.006261053960770369,
    0.007889755070209503,
    0.009801739826798439,
    0.012027145363390446,
    0.014600718393921852,
    0.01756324991583824,
    0.020963743329048157,
    0.024859992787241936,
    0.029322993010282516,
    0.034438587725162506,
    0.040309838950634,
    0.047059137374162674,
    0.054833076894283295,
    0.06380580365657806,
    0.0741792619228363,
    0.08618545532226562,
    0.10008478909730911,
    0.1161634549498558,
    0.13472090661525726,
    0.1560552716255188,
    0.18043670058250427,
    0.20807532966136932,
    0.23908217251300812,
    0.2734237015247345,
    0.31089290976524353,
    0.35109052062034607,
    0.3934323489665985,
    0.43718376755714417,
    0.481520414352417,
    0.5256046652793884,
    0.5686517953872681,
    0.6099987030029297,
    0.6491302251815796,
    0.6856869459152222,
    0.7194607257843018,
    0.7503748536109924,
    0.7784510850906372,
    0.8037943840026855,
    0.8265576958656311,
    0.8469171524047852,
    0.8650684356689453,
    0.8812003135681152,
    0.8955036401748657,
    0.9081618189811707,
    0.9193439483642578,
    0.9292072653770447,
    0.9378939270973206,
    0.9455363154411316,
    0.9522542953491211,
    0.9581531882286072,
    0.9633273482322693,
    0.9678658246994019,
    0.9718419909477234,
    0.9753254652023315,
    0.9783750176429749,
    0.9810452461242676,
    0.9833825826644897,
    0.9854279160499573,
    0.9872198700904846,
    0.9887868762016296,
    0.9901587963104248,
    0.991361677646637,
    0.9924125671386719,
    0.9933333396911621,
    0.9941402673721313,
    0.9948485493659973,
    0.9954699873924255,
    0.9960135817527771,
    0.9964908361434937,
    0.9969093203544617,
    0.9972777962684631,
    0.9975999593734741,
    0.9978851079940796,
    0.9981348514556885,
    0.9983534812927246,
    0.9985474348068237,
    0.9987178444862366,
    0.9988675713539124,
    0.998999297618866,
    0.9991150498390198,
    0.9992166757583618,
    0.9993066191673279,
    0.9993868470191956,
    0.9994573593139648,
    0.9995192885398865,
    0.9995731711387634,
    0.9996221661567688,
    0.9996647238731384,
    0.999702513217926,
    0.9997353553771973,
    0.9997639656066895
  ],
  "expectations": [
    -19.999980926513672,
    -20.97653579711914,
    -21.426025390625,
    -21.854534149169922,
    -22.262348175048828,
    -22.649608612060547,
    -23.016517639160156,
    -23.363506317138672,
    -23.691051483154297,
    -23.999942779541016,
    -24.29111671447754,
    -24.565683364868164,
    -24.824935913085938,
    -25.07023811340332,
    -25.30296516418457,
    -25.524608612060547,
    -25.736568450927734,
    -25.94021224975586,
    -26.136945724487305,
    -26.328144073486328,
    -26.51513671875,
    -26.699260711669922,
    -26.881895065307617,
    -27.064495086669922,
    -27.248455047607422,
    -27.435298919677734,
    -27.626514434814453,
    -27.8234806060791,
    -28.027509689331055,
    -28.239574432373047,
    -28.460205078125,
    -28.689388275146484,
    -28.92620849609375,
    -29.16890525817871,
    -29.41478157043457,
    -29.660350799560547,
    -29.90158462524414,
    -30.134326934814453,
    -30.35470962524414,
    -30.55962371826172,
    -30.74676513671875,
    -30.914966583251953,
    -31.064083099365234,
    -31.194721221923828,
    -31.308082580566406,
    -31.405765533447266,
    -31.48949432373047,
    -31.56108856201172,
    -31.622169494628906,
    -31.67429542541504,
    -31.71884536743164,
    -31.756860733032227,
    -31.78943634033203,
    -31.817398071289062,
    -31.841447830200195,
    -31.862150192260742,
    -31.8800048828125,
    -31.895427703857422,
    -31.908796310424805,
    -31.920385360717773,
    -31.930438995361328,
    -31.939159393310547,
    -31.946748733520508,
    -31.953365325927734,
    -31.95911407470703,
    -31.964149475097656,
    -31.968524932861328,
    -31.97235107421875,
    -31.975698471069336,
    -31.978618621826172,
    -31.981197357177734,
    -31.98346519470215,
    -31.985397338867188,
    -31.987123489379883,
    -31.988616943359375,
    -31.989959716796875,
    -31.99114227294922,
    -31.99215316772461,
    -31.993064880371094,
    -31.993837356567383,
    -31.994556427001953,
    -31.99515151977539,
    -31.995698928833008,
    -31.996177673339844,
    -31.9965877532959,
    -31.996984481811523,
    -31.997289657592773,
    -31.99758529663086,
    -31.997848510742188,
    -31.998083114624023,
    -31.99827003479004,
    -31.998435974121094,
    -31.99858856201172,
    -31.99873924255371,
    -31.998859405517578,
    -31.99895477294922,
    -31.999073028564453,
    -31.999156951904297,
    -31.99924087524414,
    -31.999300003051758,
    -31.99934196472168
  ],