{
  "size": 16,
  "opt_val": -30.0,
  "method": "VQE",
  "operations": [
    "Z0_Y14",
    "Z0_Y11",
    "Z0_Y1",
    "Z0_Y3",
    "Z0_Y6",
    "Z14_Y4",
    "Z14_Y7",
    "Z14_Y9",
    "Z14_Y10",
    "Z11_Y13",
    "Z1_Y5",
    "Z3_Y15",
    "Z6_Y2",
    "Z6_Y12",
    "Z7_Y8",
    "Z11_Y1",
    "Z11_Y3",
    "Z11_Y4",
    "Z1_Y9",
    "Z1_Y7",
    "Z3_Y6",
    "Z3_Y5",
    "Z9_Y2",
    "Z9_Y10",
    "Z5_Y13",
    "Z5_Y12",
    "Z7_Y15",
    "Z2_Y8",
    "Z6_Y9",
    "Z5_Y4",
    "Z7_Y13",
    "Z2_Y12",
    "Z2_Y15",
    "Z8_Y4",
    "Z8_Y15",
    "Z8_Y10",
    "Z12_Y13",
    "Z12_Y10",
    "Z15_Y4",
    "Z13_Y10"
  ],
  "dt": 0.05,
  "lr": 0.05,
  "lam": 1.0,
  "mu": 0.9,
  "fix_step": 0,
  "constant_c": true,
  "parameters": [
    1.5706719160079956,
    -1.1644619703292847,
    1.3308515548706055,
    0.2945166826248169,
    1.5410287380218506,
    0.3787519037723541,
    1.3718823194503784,
    0.44707614183425903,
    0.23130632936954498,
    0.48567038774490356,
    0.26407521963119507,
    0.003428076859563589,
    1.1252237558364868,
    0.3045351803302765,
    0.541817307472229,
    0.24174325168132782,
    1.2675343751907349,
    0.09559538960456848,
    0.7757295966148376,
    0.20250654220581055,
    0.06689560413360596,
    1.2988677024841309,
    -0.23764705657958984,
    0.10528115183115005,
    0.5437872409820557,
    0.6050477027893066,
    0.5077948570251465,
    1.0148543119430542,
    0.42734643816947937,
    0.07836994528770447,
    0.5891093015670776,
    1.2303673028945923,
    0.9851206541061401,
    0.6337507963180542,
    -0.013113233260810375,
    0.6485080122947693,
    0.04803171381354332,
    0.4539088308811188,
    0.6800570487976074,
    0.3458702266216278
  ],
  "opt_ratios": [
    0.0004882807843387127,
    0.0012388153700158,
    0.0018584826029837132,
    0.0027009802870452404,
    0.003814527066424489,
    0.005248794332146645,
    0.007052836939692497,
    0.009272683411836624,
    0.011949008330702782,
    0.015115182846784592,
    0.018795233219861984,
    0.023002948611974716,
    0.027740653604269028,
    0.033000119030475616,
    0.03876244276762009,
    0.04499922692775726,
    0.051675088703632355,
    0.0587490051984787,
    0.066175177693367,
    0.07390649616718292,
    0.08189621567726135,
    0.09009812772274017,
    0.0984688401222229,
    0.10696887969970703,
    0.11556307971477509,
    0.12422190606594086,
    0.13292208313941956,
    0.14164526760578156,
    0.15037992596626282,
    0.1591203808784485,
    0.16786673665046692,
    0.17662598192691803,
    0.18540742993354797,
    0.19422701001167297,
    0.2031024992465973,
    0.21205615997314453,
    0.22111260890960693,
    0.23029839992523193,
    0.2396405041217804,
    0.24916869401931763,
    0.25891146063804626,
    0.26890048384666443,
    0.27916544675827026,
    0.28973713517189026,
    0.3006463944911957,
    0.3119242489337921,
    0.32360121607780457,
    0.33570700883865356,
    0.3482712507247925,
    0.36132246255874634,
    0.37488922476768494,
    0.38899585604667664,
    0.40366417169570923,
    0.41891390085220337,
    0.434757798910141,
    0.45120352506637573,
    0.468250036239624,
    0.48588764667510986,
    0.5040892958641052,
    0.5228237509727478,
    0.542039155960083,
    0.5616719722747803,
    0.581644594669342,
    0.601862907409668,
    0.6222199201583862,
    0.6425971388816833,
    0.6628693342208862,
    0.682905912399292,
    0.7025808691978455,
    0.7217702865600586,
    0.7403583526611328,
    0.7582414150238037,
    0.7753355503082275,
    0.7915667295455933,
    0.8068885207176208,
    0.8212651014328003,
    0.8346900939941406,
    0.8471567630767822,
    0.8586803078651428,
    0.8693045377731323,
    0.8790573477745056,
    0.88797926902771,
    0.8961208462715149,
    0.9035433530807495,
    0.910297691822052,
    0.9164349436759949,
    0.9220229387283325,
    0.9270974397659302,
    0.9317041635513306,
    0.935895562171936,
    0.9397038221359253,
    0.9431730508804321,
    0.9463396072387695,
    0.9492262601852417,
    0.9518710970878601,
    0.9542934894561768,
    0.9565145969390869,
    0.9585644006729126,
    0.960456907749176,
    0.9622001647949219,
    0.9638174772262573
  ],
  "expectations": [
    -19.999980926513672,
    -20.972888946533203,
    -21.41530990600586,
    -21.83519172668457,
    -22.233671188354492,
    -22.611671447753906,
    -22.97008514404297,
    -23.309659957885742,
    -23.63100814819336,
    -23.934856414794922,
    -24.22177505493164,
    -24.492464065551758,
    -24.74752426147461,
    -24.987642288208008,
    -25.21352195739746,
    -25.425830841064453,
    -25.625337600708008,
    -25.812755584716797,
    -25.98882484436035,
    -26.154254913330078,
    -26.309738159179688,
    -26.455944061279297,
    -26.59345817565918,
    -26.72287940979004,
    -26.844738006591797,
    -26.959470748901367,
    -27.0676326751709,
    -27.169618606567383,
    -27.265804290771484,
    -27.356647491455078,
    -27.442489624023438,
    -27.523767471313477,
    -27.600788116455078,
    -27.673980712890625,
    -27.743661880493164,
    -27.810192108154297,
    -27.873889923095703,
    -27.93508529663086,
    -27.994075775146484,
    -28.05113983154297,
    -28.106521606445312,
    -28.160499572753906,
    -28.213272094726562,
    -28.26502227783203,
    -28.31595230102539,
    -28.36618423461914,
    -28.415882110595703,
    -28.465173721313477,
    -28.514129638671875,
    -28.562803268432617,
    -28.611339569091797,
    -28.65973663330078,
    -28.708032608032227,
    -28.756244659423828,
    -28.804386138916016,
    -28.85243797302246,
    -28.900360107421875,
    -28.948179244995117,
    -28.995708465576172,
    -29.042964935302734,
    -29.089847564697266,
    -29.136219024658203,
    -29.181983947753906,
    -29.226974487304688,
    -29.27110481262207,
    -29.314167022705078,
    -29.35604476928711,
    -29.396575927734375,
    -29.435630798339844,
    -29.47309684753418,
    -29.50885772705078,
    -29.542827606201172,
    -29.57492446899414,
    -29.60513687133789,
    -29.633438110351562,
    -29.659860610961914,
    -29.6844425201416,
    -29.70718765258789,
    -29.728168487548828,
    -29.747526168823242,
    -29.765316009521484,
    -29.78160858154297,
    -29.796524047851562,
    -29.81014633178711,
    -29.8226318359375,
    -29.834009170532227,
    -29.844446182250977,
    -29.853954315185547,
    -29.862628936767578,
    -29.870582580566406,
    -29.877872467041016,
    -29.884525299072266,
    -29.890649795532227,
    -29.896270751953125,
    -29.901470184326172,
    -29.90623664855957,
    -29.910619735717773,
    -29.91473388671875,
    -29.91851043701172,
    -29.9220027923584,
    -29.925277709960938
  ],