{
  "size": 16,
  "opt_val": -32.0,
  "method": "VQE",
  "operations": [
    "Z0_Y2",
    "Z0_Y8",
    "Z0_Y7",
    "Z0_Y3",
    "Z0_Y6",
    "Z2_Y11",
    "Z2_Y12",
    "Z2_Y15",
    "Z8_Y9",
    "Z8_Y14",
    "Z7_Y1",
    "Z7_Y5",
    "Z6_Y13",
    "Z1_Y4",
    "Z5_Y10",
    "Z2_Y3",
    "Z8_Y12",
    "Z8_Y11",
    "Z7_Y15",
    "Z7_Y14",
    "Z3_Y9",
    "Z3_Y6",
    "Z3_Y14",
    "Z6_Y12",
    "Z1_Y5",
    "Z1_Y11",
    "Z1_Y13",
    "Z4_Y9",
    "Z4_Y10",
    "Z6_Y9",
    "Z5_Y15",
    "Z5_Y14",
    "Z11_Y9",
    "Z11_Y13",
    "Z4_Y12",
    "Z4_Y15",
    "Z13_Y10",
    "Z13_Y15",
    "Z12_Y10",
    "Z14_Y10"
  ],
  "dt": 0.05,
  "lr": 0.05,
  "lam": 1.0,
  "mu": 0.9,
  "fix_step": 0,
  "constant_c": true,
  "parameters": [
    1.5643401145935059,
    1.5707765817642212,
    1.5704584121704102,
    1.3282408714294434,
    1.4359111785888672,
    0.9765081405639648,
    0.40290942788124084,
    0.1963876336812973,
    0.4694414734840393,
    0.5988907814025879,
    1.5682575702667236,
    -0.4027642011642456,
    0.13742224872112274,
    1.5707348585128784,
    0.0184925589710474,
    -0.21719473600387573,
    0.5492962598800659,
    0.6058330535888672,
    0.3635064661502838,
    0.5211043357849121,
    0.3272227346897125,
    -0.13036081194877625,
    0.28674978017807007,
    0.4855315089225769,
    1.1679251194000244,
    0.013063441030681133,
    1.1663116216659546,
    0.4828188717365265,
    0.781115710735321,
    0.41916945576667786,
    0.328008234500885,
    0.16409777104854584,
    0.12781080603599548,
    0.542578399181366,
    0.133094921708107,
    0.403274804353714,
    0.8681969046592712,
    0.27965813875198364,
    0.07075643539428711,
    0.02252933196723461
  ],
  "opt_ratios": [
    3.0517549021169543e-05,
    9.243090607924387e-05,
    0.00014957327221054584,
    0.00023301877081394196,
    0.0003511144604999572,
    0.000513741688337177,
    0.0007324477192014456,
    0.0010205375729128718,
    0.0013932368019595742,
    0.0018679006025195122,
    0.0024642599746584892,
    0.0032047308050096035,
    0.004114982206374407,
    0.005224287509918213,
    0.006566552445292473,
    0.008181036449968815,
    0.010113666765391827,
    0.012418661266565323,
    0.015159760601818562,
    0.018412988632917404,
    0.022268367931246758,
    0.026833221316337585,
    0.03223375231027603,
    0.038618482649326324,
    0.04615965858101845,
    0.05505457893013954,
    0.06552589684724808,
    0.07781907916069031,
    0.09219785034656525,
    0.10893576592206955,
    0.1283005177974701,
    0.15053927898406982,
    0.17585013806819916,
    0.20435768365859985,
    0.23608113825321198,
    0.27091091871261597,
    0.30859217047691345,
    0.3487097918987274,
    0.390716016292572,
    0.43395233154296875,
    0.4777015447616577,
    0.5212371349334717,
    0.5638716816902161,
    0.6050044894218445,
    0.6441438794136047,
    0.6809260845184326,
    0.7151145339012146,
    0.7465811371803284,
    0.7752956748008728,
    0.8013075590133667,
    0.8247213363647461,
    0.845683217048645,
    0.864362359046936,
    0.8809434175491333,
    0.8956135511398315,
    0.9085565805435181,
    0.9199499487876892,
    0.9299593567848206,
    0.9387395977973938,
    0.9464316368103027,
    0.9531641006469727,
    0.9590519666671753,
    0.9641967415809631,
    0.9686906337738037,
    0.9726150631904602,
    0.976044774055481,
    0.979037344455719,
    0.9816510677337646,
    0.9839330911636353,
    0.9859266877174377,
    0.9876657128334045,
    0.9891863465309143,
    0.9905139207839966,
    0.9916749000549316,
    0.9926900267601013,
    0.9935771226882935,
    0.994353711605072,
    0.9950338006019592,
    0.9956294298171997,
    0.996148943901062,
    0.9966058731079102,
    0.9970058798789978,
    0.9973567724227905,
    0.9976648688316345,
    0.9979349970817566,
    0.9981718063354492,
    0.9983792901039124,
    0.9985617399215698,
    0.998721718788147,
    0.9988635182380676,
    0.9989866018295288,
    0.9990960359573364,
    0.9991921186447144,
    0.9992756843566895,
    0.9993506669998169,
    0.9994165897369385,
    0.9994754791259766,
    0.99952632188797,
    0.9995703101158142,
    0.9996100664138794,
    0.9996457695960999
  ],
  "expectations": [
    -19.999980926513672,
    -20.974571228027344,
    -21.421222686767578,
    -21.847932815551758,
    -22.256343841552734,
    -22.647899627685547,
    -23.023948669433594,
    -23.385726928710938,
    -23.734249114990234,
    -24.07050323486328,
    -24.39523696899414,
    -24.70916748046875,
    -25.012813568115234,
    -25.30658721923828,
    -25.59078598022461,
    -25.865665435791016,
    -26.131406784057617,
    -26.388160705566406,
    -26.63619041442871,
    -26.875795364379883,
    -27.10735321044922,
    -27.33142852783203,
    -27.54865264892578,
    -27.759788513183594,
    -27.96567153930664,
    -28.16712188720703,
    -28.36498260498047,
    -28.560026168823242,
    -28.752845764160156,
    -28.943965911865234,
    -29.133625030517578,
    -29.321868896484375,
    -29.508480072021484,
    -29.692951202392578,
    -29.87456512451172,
    -30.05229377746582,
    -30.224987030029297,
    -30.391386032104492,
    -30.55020523071289,
    -30.70026969909668,
    -30.84061050415039,
    -30.97055435180664,
    -31.089675903320312,
    -31.197887420654297,
    -31.295400619506836,
    -31.382638931274414,
    -31.460216522216797,
    -31.52886962890625,
    -31.58928871154785,
    -31.64236068725586,
    -31.688762664794922,
    -31.729324340820312,
    -31.764644622802734,
    -31.79537582397461,
    -31.822114944458008,
    -31.845327377319336,
    -31.865493774414062,
    -31.882972717285156,
    -31.898143768310547,
    -31.911312103271484,
    -31.922710418701172,
    -31.932640075683594,
    -31.94120979309082,
    -31.948680877685547,
    -31.955148696899414,
    -31.960792541503906,
    -31.9656925201416,
    -31.96991729736328,
    -31.973630905151367,
    -31.97686004638672,
    -31.979663848876953,
    -31.982093811035156,
    -31.984241485595703,
    -31.98609161376953,
    -31.987714767456055,
    -31.989124298095703,
    -31.9903564453125,
    -31.991436004638672,
    -31.99240493774414,
    -31.993209838867188,
    -31.993946075439453,
    -31.994590759277344,
    -31.995162963867188,
    -31.995651245117188,
    -31.996076583862305,
    -31.99645233154297,
    -31.99677848815918,
    -31.9970703125,
    -31.997325897216797,
    -31.997570037841797,
    -31.997753143310547,
    -31.997943878173828,
    -31.998088836669922,
    -31.998210906982422,
    -31.998371124267578,
    -31.998456954956055,
    -31.998577117919922,
    -31.998641967773438,
    -31.998703002929688,
    -31.998775482177734,
    -31.99884796142578
  ],