{
  "size": 16,
  "opt_val": -32.0,
  "method": "VQE",
  "operations": [
    "Z0_Y2",
    "Z0_Y11",
    "Z0_Y10",
    "Z0_Y13",
    "Z0_Y12",
    "Z2_Y8",
    "Z2_Y3",
    "Z2_Y6",
    "Z2_Y15",
    "Z11_Y9",
    "Z11_Y14",
    "Z13_Y5",
    "Z13_Y7",
    "Z12_Y1",
    "Z12_Y4",
    "Z11_Y10",
    "Z11_Y15",
    "Z10_Y3",
    "Z10_Y6",
    "Z10_Y9",
    "Z13_Y9",
    "Z12_Y5",
    "Z12_Y6",
    "Z1_Y3",
    "Z1_Y8",
    "Z1_Y14",
    "Z1_Y4",
    "Z8_Y7",
    "Z13_Y15",
    "Z3_Y4",
    "Z3_Y14",
    "Z8_Y4",
    "Z8_Y15",
    "Z14_Y5",
    "Z14_Y6",
    "Z6_Y9",
    "Z15_Y7",
    "Z4_Y5",
    "Z5_Y7",
    "Z7_Y9"
  ],
  "dt": 0.05,
  "lr": 0.05,
  "lam": 1.0,
  "mu": 0.9,
  "fix_step": 0,
  "constant_c": true,
  "parameters": [
    1.5707875490188599,
    1.4623148441314697,
    1.51801335811615,
    1.5705496072769165,
    1.568703055381775,
    1.3465967178344727,
    0.8174470067024231,
    0.3879338502883911,
    0.6023175120353699,
    0.3505775034427643,
    0.01751566119492054,
    0.4380338191986084,
    -0.0074456436559557915,
    1.537623643875122,
    0.028269806876778603,
    -0.052790213376283646,
    0.40252652764320374,
    0.7151320576667786,
    0.34165430068969727,
    0.3783465623855591,
    0.5190083980560303,
    0.39560723304748535,
    0.3934706151485443,
    -0.03823021054267883,
    -0.21880030632019043,
    0.6118064522743225,
    0.3392462432384491,
    0.4481452405452728,
    0.58465975522995,
    0.7574253082275391,
    0.9764997363090515,
    0.5024488568305969,
    0.018276266753673553,
    0.3234671950340271,
    0.4477708637714386,
    0.17001973092556,
    0.5725663900375366,
    0.413720041513443,
    0.5426773428916931,
    0.49331188201904297
  ],
  "opt_ratios": [
    3.0517549021169543e-05,
    9.433577361050993e-05,
    0.0001563441619509831,
    0.0002514006046112627,
    0.00039364362601190805,
    0.0006019130814820528,
    0.0009009628556668758,
    0.001322816708125174,
    0.0019083096412941813,
    0.002708987332880497,
    0.0037892733234912157,
    0.005228859372437,
    0.007125938776880503,
    0.009600390680134296,
    0.012797512114048004,
    0.016892200335860252,
    0.022091563791036606,
    0.02863798663020134,
    0.036808278411626816,
    0.04690958559513092,
    0.05926895886659622,
    0.0742177739739418,
    0.0920645222067833,
    0.11306167393922806,
    0.1373702585697174,
    0.16502366960048676,
    0.1958986222743988,
    0.22970426082611084,
    0.26599082350730896,
    0.3041928708553314,
    0.3436656594276428,
    0.3837481141090393,
    0.423811137676239,
    0.46329426765441895,
    0.5017234086990356,
    0.5387235879898071,
    0.5740129947662354,
    0.6074008941650391,
    0.6387696862220764,
    0.6680667400360107,
    0.6952937245368958,
    0.7204896807670593,
    0.7437283396720886,
    0.7650983333587646,
    0.7847062349319458,
    0.8026636838912964,
    0.8190852403640747,
    0.8340892195701599,
    0.8477874398231506,
    0.8602864146232605,
    0.871685266494751,
    0.8820745348930359,
    0.891567587852478,
    0.9002190232276917,
    0.9081291556358337,
    0.9153431057929993,
    0.9219321608543396,
    0.9279728531837463,
    0.9334988594055176,
    0.9385578036308289,
    0.9431974291801453,
    0.9474567174911499,
    0.9513672590255737,
    0.9549685716629028,
    0.958278238773346,
    0.9613334536552429,
    0.9641438722610474,
    0.9667391777038574,
    0.9691276550292969,
    0.9713383913040161,
    0.9733709692955017,
    0.9752539396286011,
    0.9769970178604126,
    0.9786107540130615,
    0.980107307434082,
    0.981494665145874,
    0.9827808737754822,
    0.9839732050895691,
    0.9850802421569824,
    0.98610520362854,
    0.9870550036430359,
    0.9879381656646729,
    0.9887588024139404,
    0.9895226955413818,
    0.990231990814209,
    0.9908933043479919,
    0.991509735584259,
    0.9920852780342102,
    0.9926179051399231,
    0.9931157827377319,
    0.9935781955718994,
    0.9940065741539001,
    0.9944078922271729,
    0.9947818517684937,
    0.9951295256614685,
    0.9954524636268616,
    0.9957541227340698,
    0.9960361123085022,
    0.9962986707687378,
    0.9965437054634094,
    0.9967725872993469
  ],
  "expectations": [
    -19.999980926513672,
    -20.967891693115234,
    -21.402122497558594,
    -21.813922882080078,
    -22.206254959106445,
    -22.581470489501953,
    -22.941566467285156,
    -23.288238525390625,
    -23.622909545898438,
    -23.94693374633789,
    -24.261592864990234,
    -24.568166732788086,
    -24.867969512939453,
    -25.16237449645996,
    -25.452823638916016,
    -25.740772247314453,
    -26.027629852294922,
    -26.314743041992188,
    -26.60324478149414,
    -26.893985748291016,
    -27.1875,
    -27.483779907226562,
    -27.782249450683594,
    -28.08169174194336,
    -28.380245208740234,
    -28.675434112548828,
    -28.964397430419922,
    -29.243968963623047,
    -29.51103973388672,
    -29.76290512084961,
    -29.99741554260254,
    -30.213180541992188,
    -30.409597396850586,
    -30.586837768554688,
    -30.745529174804688,
    -30.886856079101562,
    -31.012126922607422,
    -31.122798919677734,
    -31.220394134521484,
    -31.306350708007812,
    -31.381973266601562,
    -31.448516845703125,
    -31.507164001464844,
    -31.558826446533203,
    -31.604419708251953,
    -31.64468765258789,
    -31.680343627929688,
    -31.711923599243164,
    -31.73995590209961,
    -31.76488494873047,
    -31.787050247192383,
    -31.80683708190918,
    -31.824520111083984,
    -31.84035873413086,
    -31.85453987121582,
    -31.86728286743164,
    -31.87871551513672,
    -31.88905906677246,
    -31.89838409423828,
    -31.906824111938477,
    -31.91445541381836,
    -31.921375274658203,
    -31.927663803100586,
    -31.933408737182617,
    -31.938629150390625,
    -31.94338607788086,
    -31.9477481842041,
    -31.951738357543945,
    -31.955385208129883,
    -31.958723068237305,
    -31.961780548095703,
    -31.964618682861328,
    -31.967206954956055,
    -31.969562530517578,
    -31.971778869628906,
    -31.973812103271484,
    -31.97568130493164,
    -31.97739028930664,
    -31.979022979736328,
    -31.98048210144043,
    -31.981830596923828,
    -31.983102798461914,
    -31.984270095825195,
    -31.985382080078125,
    -31.986366271972656,
    -31.987306594848633,
    -31.988157272338867,
    -31.988990783691406,
    -31.989707946777344,
    -31.990419387817383,
    -31.991069793701172,
    -31.99164390563965,
    -31.992210388183594,
    -31.992706298828125,
    -31.993221282958984,
    -31.993656158447266,
    -31.994068145751953,
    -31.99446678161621,
    -31.994823455810547,
    -31.995159149169922,
    -31.995479583740234
  ],