{
  "size": 16,
  "opt_val": -30.0,
  "method": "VQE",
  "operations": [
    "Z0_Y5",
    "Z0_Y8",
    "Z0_Y7",
    "Z0_Y9",
    "Z0_Y12",
    "Z5_Y3",
    "Z5_Y4",
    "Z5_Y10",
    "Z8_Y1",
    "Z8_Y2",
    "Z7_Y6",
    "Z7_Y15",
    "Z9_Y11",
    "Z9_Y13",
    "Z1_Y14",
    "Z5_Y8",
    "Z8_Y10",
    "Z7_Y2",
    "Z7_Y12",
    "Z9_Y12",
    "Z9_Y15",
    "Z12_Y3",
    "Z12_Y11",
    "Z1_Y3",
    "Z1_Y6",
    "Z3_Y13",
    "Z3_Y14",
    "Z2_Y10",
    "Z14_Y4",
    "Z1_Y2",
    "Z6_Y15",
    "Z6_Y11",
    "Z6_Y14",
    "Z2_Y13",
    "Z10_Y4",
    "Z10_Y11",
    "Z13_Y4",
    "Z14_Y11",
    "Z13_Y15",
    "Z4_Y15"
  ],
  "dt": 0.05,
  "lr": 0.05,
  "lam": 1.0,
  "mu": 0.9,
  "fix_step": 0,
  "constant_c": true,
  "parameters": [
    1.5249583721160889,
    -0.30483922362327576,
    1.4440231323242188,
    1.3091697692871094,
    1.3737140893936157,
    1.0218086242675781,
    0.42102012038230896,
    -0.21541240811347961,
    1.0592671632766724,
    0.04188111424446106,
    0.09961440414190292,
    0.6550759077072144,
    0.37444868683815,
    0.10063651949167252,
    0.09906655550003052,
    0.3293590247631073,
    0.47264575958251953,
    1.4991925954818726,
    -0.06992466002702713,
    -0.12259842455387115,
    0.6847656965255737,
    0.5475231409072876,
    0.5091022849082947,
    0.0029846206307411194,
    1.36001718044281,
    1.0665334463119507,
    1.5538489818572998,
    0.9325180053710938,
    0.5413795113563538,
    0.0942840427160263,
    0.15984123945236206,
    0.049632105976343155,
    0.10468216240406036,
    0.6028326153755188,
    0.10957534611225128,
    0.1557135134935379,
    0.5039739012718201,
    0.5442320704460144,
    0.440329372882843,
    0.2860296070575714
  ],
  "opt_ratios": [
    9.155264706350863e-05,
    0.00023314043937716633,
    0.0003476937999948859,
    0.0005006977007724345,
    0.0006985365180298686,
    0.000946926767937839,
    0.0012505392078310251,
    0.0016127440612763166,
    0.0020354250445961952,
    0.002519011963158846,
    0.0030624831560999155,
    0.003663552924990654,
    0.004318917170166969,
    0.005024532787501812,
    0.005775943864136934,
    0.006568434182554483,
    0.0073972358368337154,
    0.008257962763309479,
    0.009146589785814285,
    0.010059451684355736,
    0.010993455536663532,
    0.011946005746722221,
    0.012915103696286678,
    0.013899130746722221,
    0.014897291548550129,
    0.015909230336546898,
    0.016934432089328766,
    0.017973212525248528,
    0.019026314839720726,
    0.0200946144759655,
    0.021179353818297386,
    0.02228226512670517,
    0.023405008018016815,
    0.024549968540668488,
    0.025719638913869858,
    0.026917697861790657,
    0.028147021308541298,
    0.029412120580673218,
    0.03071761690080166,
    0.03206903859972954,
    0.03347289562225342,
    0.034936681389808655,
    0.036468926817178726,
    0.03807959333062172,
    0.039779625833034515,
    0.04158185422420502,
    0.043501224368810654,
    0.045554712414741516,
    0.04776090383529663,
    0.050141312181949615,
    0.05271974951028824,
    0.05552244186401367,
    0.058579303324222565,
    0.06192171946167946,
    0.06558439880609512,
    0.06960348039865494,
    0.0740170031785965,
    0.07886536419391632,
    0.0841875970363617,
    0.09002205729484558,
    0.09640342742204666,
    0.10336457937955856,
    0.11093029379844666,
    0.11911725252866745,
    0.12793433666229248,
    0.1373775750398636,
    0.14743377268314362,
    0.1580762416124344,
    0.16926828026771545,
    0.18096619844436646,
    0.19311411678791046,
    0.2056572437286377,
    0.21853677928447723,
    0.23169493675231934,
    0.245082288980484,
    0.2586510181427002,
    0.27236348390579224,
    0.28618404269218445,
    0.30009403824806213,
    0.31407177448272705,
    0.32810187339782715,
    0.3421761393547058,
    0.35628756880760193,
    0.3704293370246887,
    0.3845966160297394,
    0.398786723613739,
    0.41299307346343994,
    0.42720934748649597,
    0.44143012166023254,
    0.45564740896224976,
    0.4698505699634552,
    0.48403096199035645,
    0.49817827343940735,
    0.5122801065444946,
    0.5263223648071289,
    0.54029381275177,
    0.5541830658912659,
    0.5679805278778076,
    0.5816640257835388,
    0.5952138304710388,
    0.6086140275001526
  ],
  "expectations": [
    -19.999980926513672,
    -20.96373176574707,
    -21.386096954345703,
    -21.777881622314453,
    -22.140846252441406,
    -22.47686767578125,
    -22.78765106201172,
    -23.07488250732422,
    -23.340179443359375,
    -23.585050582885742,
    -23.810949325561523,
    -24.019277572631836,
    -24.21133041381836,
    -24.388378143310547,
    -24.551570892333984,
    -24.70207977294922,
    -24.840930938720703,
    -24.96908950805664,
    -25.087539672851562,
    -25.197126388549805,
    -25.298677444458008,
    -25.392902374267578,
    -25.48053741455078,
    -25.562171936035156,
    -25.638439178466797,
    -25.709835052490234,
    -25.77684783935547,
    -25.839889526367188,
    -25.899417877197266,
    -25.955720901489258,
    -26.0091609954834,
    -26.060054779052734,
    -26.108623504638672,
    -26.155139923095703,
    -26.199783325195312,
    -26.242822647094727,
    -26.284399032592773,
    -26.324697494506836,
    -26.36388397216797,
    -26.40212059020996,
    -26.439544677734375,
    -26.476320266723633,
    -26.512590408325195,
    -26.548505783081055,
    -26.58422088623047,
    -26.619876861572266,
    -26.655641555786133,
    -26.691665649414062,
    -26.728160858154297,
    -26.765289306640625,
    -26.803264617919922,
    -26.842266082763672,
    -26.882568359375,
    -26.92432403564453,
    -26.967811584472656,
    -27.013282775878906,
    -27.06094741821289,
    -27.111034393310547,
    -27.163753509521484,
    -27.219282150268555,
    -27.27773666381836,
    -27.339216232299805,
    -27.403697967529297,
    -27.471132278442383,
    -27.541324615478516,
    -27.613998413085938,
    -27.688861846923828,
    -27.765365600585938,
    -27.84300994873047,
    -27.921253204345703,
    -27.999446868896484,
    -28.077007293701172,
    -28.153379440307617,
    -28.22806167602539,
    -28.30061912536621,
    -28.370750427246094,
    -28.43819808959961,
    -28.502851486206055,
    -28.564655303955078,
    -28.623645782470703,
    -28.679851531982422,
    -28.733421325683594,
    -28.784481048583984,
    -28.833114624023438,
    -28.879566192626953,
    -28.9239501953125,
    -28.966381072998047,
    -29.007061004638672,
    -29.046031951904297,
    -29.08350372314453,
    -29.119503021240234,
    -29.1541748046875,
    -29.18755531311035,
    -29.219768524169922,
    -29.250871658325195,
    -29.280887603759766,
    -29.309925079345703,
    -29.338037490844727,
    -29.365234375,
    -29.391510009765625,
    -29.416969299316406
  ],