{
  "size": 16,
  "opt_val": -33.0,
  "method": "VQE",
  "operations": [
    "Z0_Y5",
    "Z0_Y11",
    "Z0_Y1",
    "Z0_Y10",
    "Z0_Y6",
    "Z5_Y2",
    "Z5_Y9",
    "Z5_Y15",
    "Z11_Y3",
    "Z11_Y7",
    "Z11_Y13",
    "Z1_Y12",
    "Z1_Y14",
    "Z1_Y4",
    "Z12_Y8",
    "Z5_Y6",
    "Z11_Y10",
    "Z1_Y6",
    "Z10_Y4",
    "Z10_Y9",
    "Z10_Y12",
    "Z6_Y3",
    "Z6_Y4",
    "Z12_Y2",
    "Z12_Y7",
    "Z14_Y2",
    "Z14_Y8",
    "Z14_Y13",
    "Z3_Y15",
    "Z14_Y7",
    "Z4_Y8",
    "Z4_Y7",
    "Z2_Y7",
    "Z2_Y3",
    "Z3_Y13",
    "Z13_Y9",
    "Z13_Y15",
    "Z15_Y8",
    "Z15_Y9",
    "Z8_Y9"
  ],
  "dt": 0.05,
  "lr": 0.05,
  "lam": 1.0,
  "mu": 0.9,
  "fix_step": 0,
  "constant_c": true,
  "parameters": [
    1.3070099353790283,
    -1.5674834251403809,
    1.5707958936691284,
    1.2907167673110962,
    0.2054472267627716,
    1.3785896301269531,
    0.2020016461610794,
    0.9973279237747192,
    0.18506307899951935,
    0.2420637309551239,
    0.5483844876289368,
    1.0588884353637695,
    1.5707796812057495,
    0.8402249217033386,
    0.0426359660923481,
    1.4130029678344727,
    0.2800842225551605,
    0.34391191601753235,
    0.7313579320907593,
    0.5726786255836487,
    0.512451171875,
    0.8673490881919861,
    0.0008005869458429515,
    -0.12515166401863098,
    0.44497501850128174,
    -0.017968688160181046,
    0.7160075902938843,
    1.0303421020507812,
    0.14848515391349792,
    0.37327805161476135,
    0.7520002126693726,
    0.5055899024009705,
    0.004994858987629414,
    0.5262302756309509,
    0.008066932670772076,
    0.4500938355922699,
    0.42962607741355896,
    0.06291546672582626,
    0.1962490975856781,
    0.5420490503311157
  ],
  "opt_ratios": [
    3.0517549021169543e-05,
    0.00010097472841152921,
    0.00016925737145356834,
    0.00027187360683456063,
    0.00042065410525538027,
    0.0006296606734395027,
    0.0009152020211331546,
    0.0012957199942320585,
    0.001791610149666667,
    0.0024249327834695578,
    0.0032191306818276644,
    0.004198337439447641,
    0.00538714649155736,
    0.006809873506426811,
    0.008490320295095444,
    0.01045112032443285,
    0.012713673524558544,
    0.015298118814826012,
    0.018222203478217125,
    0.021500524133443832,
    0.02514219656586647,
    0.029148152098059654,
    0.03350915014743805,
    0.03820117935538292,
    0.0431859977543354,
    0.04841111600399017,
    0.053817104548215866,
    0.059343937784433365,
    0.06494017690420151,
    0.07057151943445206,
    0.07622545957565308,
    0.08191397786140442,
    0.0876656323671341,
    0.09352681785821915,
    0.09955408424139023,
    0.10580959916114807,
    0.11235671490430832,
    0.11925918608903885,
    0.1265805959701538,
    0.13437969982624054,
    0.1427169293165207,
    0.15165287256240845,
    0.16124562919139862,
    0.17155423760414124,
    0.1826368123292923,
    0.19455215334892273,
    0.20736457407474518,
    0.22113411128520966,
    0.2359132021665573,
    0.2517624795436859,
    0.2687353193759918,
    0.28687357902526855,
    0.30621251463890076,
    0.32676807045936584,
    0.348545104265213,
    0.37152835726737976,
    0.39567190408706665,
    0.4208992123603821,
    0.447102814912796,
    0.4741390645503998,
    0.5018348693847656,
    0.5299825072288513,
    0.5583481788635254,
    0.5866767764091492,
    0.6147142648696899,
    0.6422050595283508,
    0.6689051389694214,
    0.6945978999137878,
    0.7191049456596375,
    0.7422826886177063,
    0.7640337347984314,
    0.784296989440918,
    0.8030558228492737,
    0.8203245997428894,
    0.8361481428146362,
    0.8505878448486328,
    0.8637221455574036,
    0.8756423592567444,
    0.8864433169364929,
    0.8962175846099854,
    0.9050593972206116,
    0.9130580425262451,
    0.9202953577041626,
    0.9268480539321899,
    0.9327874183654785,
    0.9381725788116455,
    0.9430693984031677,
    0.9475220441818237,
    0.9515780210494995,
    0.9552786946296692,
    0.9586611390113831,
    0.9617583751678467,
    0.9645963311195374,
    0.9672006368637085,
    0.9695954322814941,
    0.9717968702316284,
    0.9738254547119141,
    0.9756940007209778,
    0.9774195551872253,
    0.9790143966674805,
    0.9804881811141968
  ],
  "expectations": [
    -19.999980926513672,
    -20.972450256347656,
    -21.414852142333984,
    -21.83609390258789,
    -22.23813247680664,
    -22.62276268005371,
    -22.991701126098633,
    -23.34648895263672,
    -23.688655853271484,
    -24.019634246826172,
    -24.34075164794922,
    -24.653335571289062,
    -24.958587646484375,
    -25.25772476196289,
    -25.552013397216797,
    -25.842811584472656,
    -26.131603240966797,
    -26.420082092285156,
    -26.7100830078125,
    -27.003398895263672,
    -27.301565170288086,
    -27.60559844970703,
    -27.915481567382812,
    -28.229990005493164,
    -28.54642105102539,
    -28.860698699951172,
    -29.16771125793457,
    -29.462121963500977,
    -29.739015579223633,
    -29.994529724121094,
    -30.226238250732422,
    -30.433385848999023,
    -30.616474151611328,
    -30.77707290649414,
    -30.91733169555664,
    -31.03974151611328,
    -31.14672088623047,
    -31.24064064025879,
    -31.32355308532715,
    -31.39728546142578,
    -31.46337890625,
    -31.52312660217285,
    -31.57763671875,
    -31.627811431884766,
    -31.674421310424805,
    -31.718143463134766,
    -31.759532928466797,
    -31.799091339111328,
    -31.83725357055664,
    -31.87439727783203,
    -31.910900115966797,
    -31.947025299072266,
    -31.983057022094727,
    -32.019256591796875,
    -32.05575180053711,
    -32.09275436401367,
    -32.130393981933594,
    -32.16862487792969,
    -32.207523345947266,
    -32.246986389160156,
    -32.28689193725586,
    -32.327049255371094,
    -32.367271423339844,
    -32.40725326538086,
    -32.446678161621094,
    -32.48529052734375,
    -32.52272415161133,
    -32.558746337890625,
    -32.59313201904297,
    -32.62565994262695,
    -32.65623474121094,
    -32.68476486206055,
    -32.71119689941406,
    -32.73557662963867,
    -32.757972717285156,
    -32.7784423828125,
    -32.797088623046875,
    -32.81404113769531,
    -32.8294792175293,
    -32.84346008300781,
    -32.856163024902344,
    -32.86767578125,
    -32.878116607666016,
    -32.88762283325195,
    -32.896270751953125,
    -32.904109954833984,
    -32.911293029785156,
    -32.917823791503906,
    -32.923797607421875,
    -32.929283142089844,
    -32.934303283691406,
    -32.938926696777344,
    -32.94318389892578,
    -32.94709014892578,
    -32.95069885253906,
    -32.954036712646484,
    -32.95714569091797,
    -32.95997619628906,
    -32.96262741088867,
    -32.96510314941406,
    -32.96734619140625
  ],