{
  "size": 16,
  "opt_val": -32.0,
  "method": "VQE",
  "operations": [
    "Z0_Y2",
    "Z0_Y5",
    "Z0_Y11",
    "Z0_Y7",
    "Z0_Y3",
    "Z2_Y1",
    "Z2_Y9",
    "Z2_Y12",
    "Z2_Y15",
    "Z5_Y13",
    "Z11_Y6",
    "Z7_Y14",
    "Z3_Y4",
    "Z3_Y8",
    "Z1_Y10",
    "Z5_Y1",
    "Z5_Y9",
    "Z5_Y12",
    "Z11_Y7",
    "Z11_Y9",
    "Z11_Y13",
    "Z7_Y6",
    "Z3_Y13",
    "Z1_Y15",
    "Z1_Y8",
    "Z15_Y4",
    "Z15_Y10",
    "Z15_Y14",
    "Z7_Y13",
    "Z3_Y9",
    "Z8_Y12",
    "Z8_Y10",
    "Z8_Y13",
    "Z10_Y6",
    "Z10_Y14",
    "Z9_Y4",
    "Z4_Y6",
    "Z12_Y6",
    "Z12_Y14",
    "Z4_Y14"
  ],
  "dt": 0.05,
  "lr": 0.05,
  "lam": 1.0,
  "mu": 0.9,
  "fix_step": 0,
  "constant_c": true,
  "parameters": [
    1.5707958936691284,
    1.5707802772521973,
    1.5706535577774048,
    1.2771971225738525,
    1.543091058731079,
    0.9419809579849243,
    0.47453951835632324,
    0.39815273880958557,
    1.207348346710205,
    0.49667489528656006,
    0.429806113243103,
    0.4300536513328552,
    0.03908046334981918,
    -0.28388747572898865,
    0.0975913554430008,
    0.6409756541252136,
    0.43368226289749146,
    0.4207378029823303,
    -0.2849995791912079,
    0.4507140517234802,
    0.4005368649959564,
    0.40111038088798523,
    0.30927178263664246,
    -0.3620067834854126,
    1.1880111694335938,
    0.8742509484291077,
    1.348677158355713,
    0.09671388566493988,
    0.28138116002082825,
    0.21189820766448975,
    0.7500115633010864,
    -0.12274059653282166,
    0.08393274247646332,
    0.393462598323822,
    0.7895848751068115,
    0.7356346845626831,
    0.496991902589798,
    0.150316521525383,
    0.20731739699840546,
    0.654154360294342
  ],
  "opt_ratios": [
    9.155264706350863e-05,
    0.0002797963097691536,
    0.00045582817983813584,
    0.0007154187187552452,
    0.0010861410992220044,
    0.0016008326783776283,
    0.002297846367582679,
    0.0032214054372161627,
    0.004421599674969912,
    0.005954543128609657,
    0.007881741039454937,
    0.010268624871969223,
    0.01318266149610281,
    0.01669030450284481,
    0.020852884277701378,
    0.02572391927242279,
    0.03134635090827942,
    0.037752650678157806,
    0.044967520982027054,
    0.053012680262327194,
    0.06191354990005493,
    0.07170568406581879,
    0.08243945240974426,
    0.09418400377035141,
    0.10703002661466599,
    0.12109249085187912,
    0.1365116685628891,
    0.153453528881073,
    0.17210768163204193,
    0.19268301129341125,
    0.21539855003356934,
    0.24046264588832855,
    0.2680559456348419,
    0.2982996106147766,
    0.3312240242958069,
    0.36673587560653687,
    0.4045884609222412,
    0.4443683326244354,
    0.4854971170425415,
    0.5272542238235474,
    0.5688374042510986,
    0.6094314455986023,
    0.6482821702957153,
    0.6847673058509827,
    0.7184373736381531,
    0.7490354776382446,
    0.7764756679534912,
    0.8008235692977905,
    0.822250485420227,
    0.8410011529922485,
    0.857361376285553,
    0.8716093301773071,
    0.8840233683586121,
    0.8948614597320557,
    0.9043503999710083,
    0.9126853346824646,
    0.9200373888015747,
    0.9265492558479309,
    0.9323480129241943,
    0.9375290870666504,
    0.9421812295913696,
    0.9463762640953064,
    0.9501714110374451,
    0.9536166191101074,
    0.9567563533782959,
    0.9596258997917175,
    0.9622554779052734,
    0.9646706581115723,
    0.9668952822685242,
    0.9689476490020752,
    0.9708426594734192,
    0.9725975394248962,
    0.9742212891578674,
    0.9757280349731445,
    0.9771286845207214,
    0.9784310460090637,
    0.9796437621116638,
    0.9807732701301575,
    0.9818269610404968,
    0.9828094840049744,
    0.9837256669998169,
    0.9845827221870422,
    0.9853832125663757,
    0.986131489276886,
    0.9868326783180237,
    0.9874882102012634,
    0.9881020188331604,
    0.9886770844459534,
    0.989216685295105,
    0.9897220730781555,
    0.9901968240737915,
    0.9906423687934875,
    0.9910606741905212,
    0.9914528727531433,
    0.9918225407600403,
    0.9921693801879883,
    0.99249666929245,
    0.9928037524223328,
    0.9930931925773621,
    0.9933652281761169,
    0.9936230778694153
  ],
  "expectations": [
    -19.999980926513672,
    -20.974647521972656,
    -21.421573638916016,
    -21.84876823425293,
    -22.258068084716797,
    -22.65133285522461,
    -23.030418395996094,
    -23.397361755371094,
    -23.7541446685791,
    -24.10279083251953,
    -24.445148468017578,
    -24.782716751098633,
    -25.116527557373047,
    -25.447086334228516,
    -25.774091720581055,
    -26.096708297729492,
    -26.413406372070312,
    -26.72241973876953,
    -27.021873474121094,
    -27.310087203979492,
    -27.585813522338867,
    -27.84827995300293,
    -28.09724998474121,
    -28.33279037475586,
    -28.5552921295166,
    -28.765365600585938,
    -28.96372413635254,
    -29.151287078857422,
    -29.329086303710938,
    -29.498260498046875,
    -29.66000747680664,
    -29.815624237060547,
    -29.966218948364258,
    -30.112754821777344,
    -30.255884170532227,
    -30.39598274230957,
    -30.532962799072266,
    -30.666318893432617,
    -30.79517364501953,
    -30.918415069580078,
    -31.0347900390625,
    -31.143211364746094,
    -31.24263572692871,
    -31.332523345947266,
    -31.412643432617188,
    -31.48322105407715,
    -31.544715881347656,
    -31.597885131835938,
    -31.64361572265625,
    -31.68279457092285,
    -31.71634292602539,
    -31.745100021362305,
    -31.769813537597656,
    -31.79113006591797,
    -31.80963897705078,
    -31.82577133178711,
    -31.839920043945312,
    -31.852394104003906,
    -31.863500595092773,
    -31.873394012451172,
    -31.88227653503418,
    -31.890316009521484,
    -31.897563934326172,
    -31.90416717529297,
    -31.910202026367188,
    -31.915756225585938,
    -31.920841217041016,
    -31.92551612854004,
    -31.929855346679688,
    -31.933879852294922,
    -31.93759536743164,
    -31.94106674194336,
    -31.94426727294922,
    -31.947269439697266,
    -31.95005989074707,
    -31.952667236328125,
    -31.955108642578125,
    -31.9574031829834,
    -31.959543228149414,
    -31.961536407470703,
    -31.963397979736328,
    -31.96518325805664,
    -31.966840744018555,
    -31.968379974365234,
    -31.96986198425293,
    -31.97122573852539,
    -31.972530364990234,
    -31.973743438720703,
    -31.974897384643555,
    -31.975971221923828,
    -31.97698974609375,
    -31.977954864501953,
    -31.978870391845703,
    -31.979717254638672,
    -31.980541229248047,
    -31.98129653930664,
    -31.982036590576172,
    -31.982707977294922,
    -31.98334503173828,
    -31.983932495117188,
    -31.984539031982422
  ],