{
  "size": 16,
  "opt_val": -31.0,
  "method": "VQE",
  "operations": [
    "Z0_Y2",
    "Z0_Y8",
    "Z0_Y14",
    "Z0_Y11",
    "Z0_Y13",
    "Z2_Y1",
    "Z2_Y4",
    "Z8_Y10",
    "Z14_Y15",
    "Z11_Y3",
    "Z13_Y5",
    "Z13_Y6",
    "Z13_Y7",
    "Z1_Y9",
    "Z9_Y12",
    "Z2_Y11",
    "Z2_Y8",
    "Z8_Y1",
    "Z8_Y14",
    "Z14_Y4",
    "Z14_Y10",
    "Z13_Y15",
    "Z1_Y6",
    "Z6_Y3",
    "Z6_Y15",
    "Z6_Y9",
    "Z9_Y5",
    "Z9_Y7",
    "Z4_Y12",
    "Z11_Y1",
    "Z11_Y10",
    "Z4_Y15",
    "Z4_Y7",
    "Z3_Y12",
    "Z3_Y15",
    "Z3_Y5",
    "Z5_Y10",
    "Z12_Y5",
    "Z12_Y7",
    "Z7_Y10"
  ],
  "dt": 0.05,
  "lr": 0.05,
  "lam": 1.0,
  "mu": 0.9,
  "fix_step": 0,
  "constant_c": true,
  "parameters": [
    1.5246065855026245,
    1.3461796045303345,
    1.5065453052520752,
    1.527481198310852,
    -1.5550509691238403,
    0.4777294993400574,
    0.9134412407875061,
    0.1923256367444992,
    0.31368255615234375,
    0.5671898126602173,
    0.5820716023445129,
    1.553771734237671,
    0.7383449077606201,
    -0.000914013187866658,
    0.000452161708381027,
    -0.048486605286598206,
    -0.1529139131307602,
    0.44360804557800293,
    -0.05914624035358429,
    0.6573604941368103,
    0.29482707381248474,
    0.6462629437446594,
    0.01529655884951353,
    1.0033398866653442,
    0.1437680572271347,
    1.5684714317321777,
    0.6058457493782043,
    0.7536251544952393,
    1.0239301919937134,
    0.6503070592880249,
    0.41031473875045776,
    0.6022051572799683,
    0.3586985766887665,
    0.5368021130561829,
    0.7774563431739807,
    0.42169275879859924,
    0.337480366230011,
    0.043503738939762115,
    0.27990004420280457,
    0.33887049555778503
  ],
  "opt_ratios": [
    3.0517549021169543e-05,
    8.508863538736477e-05,
    0.0001318643189733848,
    0.0001966801064554602,
    0.0002835129271261394,
    0.00039642234332859516,
    0.0005394055624492466,
    0.0007163232075981796,
    0.0009308162261731923,
    0.001186296110972762,
    0.0014859662624076009,
    0.0018329608719795942,
    0.0022303194273263216,
    0.002681265352293849,
    0.003189284121617675,
    0.0037582251243293285,
    0.004392500501126051,
    0.005097197834402323,
    0.005878244526684284,
    0.006742523983120918,
    0.007697918452322483,
    0.008753343485295773,
    0.00991942547261715,
    0.011207951232790947,
    0.012632697820663452,
    0.014209095388650894,
    0.015955030918121338,
    0.01789109781384468,
    0.020040985196828842,
    0.022431757301092148,
    0.025094829499721527,
    0.02806638367474079,
    0.031388312578201294,
    0.03510862961411476,
    0.03928394615650177,
    0.04397936165332794,
    0.04927076771855354,
    0.05524464324116707,
    0.06200088933110237,
    0.06965313851833344,
    0.07833065837621689,
    0.08817796409130096,
    0.09935405105352402,
    0.11203188449144363,
    0.1263955682516098,
    0.1426311433315277,
    0.16092327237129211,
    0.1814393699169159,
    0.20432108640670776,
    0.22966468334197998,
    0.257506787776947,
    0.2878079116344452,
    0.3204329311847687,
    0.35515719652175903,
    0.3916577398777008,
    0.4295259714126587,
    0.4682909846305847,
    0.5074334144592285,
    0.5464297533035278,
    0.5847681164741516,
    0.6219823360443115,
    0.65766841173172,
    0.6915061473846436,
    0.7232512831687927,
    0.7527449131011963,
    0.7799078226089478,
    0.804722249507904,
    0.8272309899330139,
    0.8475174903869629,
    0.8657028079032898,
    0.8819241523742676,
    0.8963344097137451,
    0.9090901613235474,
    0.920347273349762,
    0.9302569627761841,
    0.9389623999595642,
    0.9465983510017395,
    0.9532840251922607,
    0.9591332674026489,
    0.9642471671104431,
    0.9687134623527527,
    0.9726147055625916,
    0.9760186076164246,
    0.9789900183677673,
    0.9815828204154968,
    0.9838457703590393,
    0.9858209490776062,
    0.9875450730323792,
    0.9890501499176025,
    0.9903656840324402,
    0.9915146827697754,
    0.9925181269645691,
    0.993395209312439,
    0.9941617250442505,
    0.9948332905769348,
    0.9954195618629456,
    0.9959331750869751,
    0.9963818192481995,
    0.9967754483222961,
    0.9971219897270203,
    0.9974251985549927
  ],
  "expectations": [
    -19.999980926513672,
    -20.96383285522461,
    -21.38701820373535,
    -21.780466079711914,
    -22.146129608154297,
    -22.48583984375,
    -22.801345825195312,
    -23.094289779663086,
    -23.366241455078125,
    -23.618667602539062,
    -23.853046417236328,
    -24.070756912231445,
    -24.273162841796875,
    -24.461544036865234,
    -24.63718032836914,
    -24.801292419433594,
    -24.954978942871094,
    -25.099369049072266,
    -25.235435485839844,
    -25.364097595214844,
    -25.486234664916992,
    -25.602584838867188,
    -25.713924407958984,
    -25.820802688598633,
    -25.923851013183594,
    -26.02358055114746,
    -26.12042808532715,
    -26.214815139770508,
    -26.30721092224121,
    -26.39789581298828,
    -26.487260818481445,
    -26.57564926147461,
    -26.663436889648438,
    -26.750926971435547,
    -26.838516235351562,
    -26.926546096801758,
    -27.015460968017578,
    -27.105703353881836,
    -27.1977596282959,
    -27.292097091674805,
    -27.389272689819336,
    -27.489858627319336,
    -27.594402313232422,
    -27.703468322753906,
    -27.817550659179688,
    -27.937068939208984,
    -28.062318801879883,
    -28.193424224853516,
    -28.33025550842285,
    -28.472415924072266,
    -28.619266510009766,
    -28.769840240478516,
    -28.922821044921875,
    -29.076690673828125,
    -29.22983169555664,
    -29.3804931640625,
    -29.527015686035156,
    -29.66781234741211,
    -29.801605224609375,
    -29.92736053466797,
    -30.044355392456055,
    -30.152179718017578,
    -30.250619888305664,
    -30.339813232421875,
    -30.42011833190918,
    -30.491897583007812,
    -30.555709838867188,
    -30.612180709838867,
    -30.66189956665039,
    -30.705547332763672,
    -30.743759155273438,
    -30.777080535888672,
    -30.80609893798828,
    -30.831315994262695,
    -30.853206634521484,
    -30.872215270996094,
    -30.888687133789062,
    -30.902931213378906,
    -30.915258407592773,
    -30.925939559936523,
    -30.93518829345703,
    -30.943233489990234,
    -30.950164794921875,
    -30.956193923950195,
    -30.96141242980957,
    -30.965961456298828,
    -30.969890594482422,
    -30.97332000732422,
    -30.976314544677734,
    -30.978912353515625,
    -30.981178283691406,
    -30.983173370361328,
    -30.984912872314453,
    -30.98641586303711,
    -30.987751007080078,
    -30.988910675048828,
    -30.98993492126465,
    -30.990848541259766,
    -30.991647720336914,
    -30.992355346679688,
    -30.992965698242188
  ],