{
  "size": 16,
  "opt_val": -32.0,
  "method": "VQE",
  "operations": [
    "Z0_Y2",
    "Z0_Y1",
    "Z0_Y13",
    "Z0_Y3",
    "Z0_Y12",
    "Z2_Y11",
    "Z2_Y14",
    "Z2_Y10",
    "Z1_Y6",
    "Z1_Y15",
    "Z1_Y5",
    "Z13_Y7",
    "Z3_Y8",
    "Z5_Y9",
    "Z11_Y4",
    "Z2_Y12",
    "Z1_Y3",
    "Z13_Y3",
    "Z13_Y6",
    "Z13_Y12",
    "Z3_Y5",
    "Z12_Y8",
    "Z12_Y11",
    "Z6_Y14",
    "Z6_Y7",
    "Z15_Y5",
    "Z15_Y10",
    "Z11_Y9",
    "Z14_Y4",
    "Z6_Y8",
    "Z15_Y8",
    "Z15_Y14",
    "Z5_Y10",
    "Z11_Y7",
    "Z14_Y9",
    "Z10_Y4",
    "Z10_Y7",
    "Z4_Y9",
    "Z8_Y9",
    "Z4_Y7"
  ],
  "dt": 0.05,
  "lr": 0.05,
  "lam": 1.0,
  "mu": 0.9,
  "fix_step": 0,
  "constant_c": true,
  "parameters": [
    1.5175220966339111,
    -1.5271817445755005,
    -1.4775810241699219,
    0.1845993846654892,
    0.41559258103370667,
    0.9249308705329895,
    0.2600867450237274,
    1.3195112943649292,
    1.4478344917297363,
    1.57016122341156,
    0.05420883372426033,
    0.7044206857681274,
    0.0019072054419666529,
    0.01859402284026146,
    0.15220504999160767,
    -0.04668852686882019,
    1.0287731885910034,
    0.3578694760799408,
    0.12296680361032486,
    1.1090072393417358,
    1.0825103521347046,
    0.15155066549777985,
    0.6453446745872498,
    0.784967839717865,
    0.2586635947227478,
    0.5369572639465332,
    0.552704930305481,
    0.29536256194114685,
    0.17253290116786957,
    0.8232160806655884,
    0.5956714749336243,
    0.5263174176216125,
    0.30517467856407166,
    0.8019717335700989,
    0.5848388075828552,
    1.1644431352615356,
    0.4842255115509033,
    0.21736378967761993,
    0.9073487520217896,
    0.20457664132118225
  ],
  "opt_ratios": [
    3.0517549021169543e-05,
    9.226997644873336e-05,
    0.00014805626415181905,
    0.0002279944164911285,
    0.0003385456220712513,
    0.0004866749222856015,
    0.0006796270026825368,
    0.0009246665285900235,
    0.0012288239086046815,
    0.001598724746145308,
    0.0020404336974024773,
    0.0025593468453735113,
    0.0031602068338543177,
    0.0038470951840281487,
    0.004623503424227238,
    0.005492216441780329,
    0.006455982103943825,
    0.0075162663124501705,
    0.008674879558384418,
    0.009933409281075,
    0.011292590759694576,
    0.012752987444400787,
    0.014315248467028141,
    0.015979794785380363,
    0.017746463418006897,
    0.01961505599319935,
    0.021585209295153618,
    0.02365635149180889,
    0.025827612727880478,
    0.02809755504131317,
    0.030464813113212585,
    0.03292839229106903,
    0.03548654541373253,
    0.03813719376921654,
    0.040878698229789734,
    0.04370904341340065,
    0.04662604629993439,
    0.049629174172878265,
    0.052717406302690506,
    0.05589167773723602,
    0.059152014553546906,
    0.06250136345624924,
    0.06594467163085938,
    0.06948763132095337,
    0.07313886284828186,
    0.07690953463315964,
    0.08081413060426712,
    0.08487170934677124,
    0.0891057550907135,
    0.09354289621114731,
    0.0982162356376648,
    0.10316801071166992,
    0.1084430068731308,
    0.11409686505794525,
    0.12019386142492294,
    0.1268099695444107,
    0.13403180241584778,
    0.1419590562582016,
    0.1507079005241394,
    0.16040921211242676,
    0.17121261358261108,
    0.18328624963760376,
    0.19681458175182343,
    0.21200238168239594,
    0.2290668934583664,
    0.2482329159975052,
    0.26972416043281555,
    0.29375022649765015,
    0.3204829692840576,
    0.3500329852104187,
    0.3824304938316345,
    0.41758060455322266,
    0.45525234937667847,
    0.4950512945652008,
    0.5364242792129517,
    0.5786745548248291,
    0.6210086941719055,
    0.6625939607620239,
    0.7026253342628479,
    0.7403950095176697,
    0.775343656539917,
    0.8070898056030273,
    0.8354361653327942,
    0.8603604435920715,
    0.8819713592529297,
    0.9004896879196167,
    0.9161959290504456,
    0.9294031262397766,
    0.9404317736625671,
    0.9495925903320312,
    0.957169771194458,
    0.9634196162223816,
    0.968563973903656,
    0.9727970957756042,
    0.9762800335884094,
    0.979148268699646,
    0.9815158843994141,
    0.9834731817245483,
    0.985098659992218,
    0.9864537715911865,
    0.9875883460044861
  ],
  "expectations": [
    -19.999980926513672,
    -20.966915130615234,
    -21.397380828857422,
    -21.8017578125,
    -22.18194580078125,
    -22.53954315185547,
    -22.87594223022461,
    -23.19218635559082,
    -23.489349365234375,
    -23.768280029296875,
    -24.029874801635742,
    -24.274921417236328,
    -24.50428009033203,
    -24.718852996826172,
    -24.919458389282227,
    -25.106975555419922,
    -25.28221893310547,
    -25.446086883544922,
    -25.599315643310547,
    -25.742664337158203,
    -25.876873016357422,
    -26.002634048461914,
    -26.12058448791504,
    -26.231338500976562,
    -26.335460662841797,
    -26.433486938476562,
    -26.525924682617188,
    -26.613237380981445,
    -26.695880889892578,
    -26.77423858642578,
    -26.848695755004883,
    -26.91961669921875,
    -26.987300872802734,
    -27.052051544189453,
    -27.114131927490234,
    -27.17375946044922,
    -27.231203079223633,
    -27.286605834960938,
    -27.340150833129883,
    -27.392038345336914,
    -27.442371368408203,
    -27.491317749023438,
    -27.538970947265625,
    -27.58553695678711,
    -27.631074905395508,
    -27.675739288330078,
    -27.719646453857422,
    -27.76300811767578,
    -27.805957794189453,
    -27.848636627197266,
    -27.891328811645508,
    -27.934215545654297,
    -27.977582931518555,
    -28.021713256835938,
    -28.06698226928711,
    -28.11379623413086,
    -28.162567138671875,
    -28.213871002197266,
    -28.268226623535156,
    -28.32634735107422,
    -28.38896369934082,
    -28.456918716430664,
    -28.53108787536621,
    -28.612401962280273,
    -28.701927185058594,
    -28.80058479309082,
    -28.909324645996094,
    -29.02892303466797,
    -29.15996742248535,
    -29.30257797241211,
    -29.456520080566406,
    -29.62091064453125,
    -29.794225692749023,
    -29.97426986694336,
    -30.15816879272461,
    -30.34270477294922,
    -30.524303436279297,
    -30.69961929321289,
    -30.865489959716797,
    -31.0194034576416,
    -31.15962028503418,
    -31.28515625,
    -31.395709991455078,
    -31.491811752319336,
    -31.57419204711914,
    -31.644119262695312,
    -31.702913284301758,
    -31.751949310302734,
    -31.792617797851562,
    -31.82621192932129,
    -31.85380744934082,
    -31.876483917236328,
    -31.895017623901367,
    -31.910205841064453,
    -31.922630310058594,
    -31.93280029296875,
    -31.941162109375,
    -31.948009490966797,
    -31.953662872314453,
    -31.958332061767578,
    -31.96221351623535
  ],