{
  "size": 16,
  "opt_val": -31.0,
  "method": "VQE",
  "operations": [
    "Z0_Y2",
    "Z0_Y8",
    "Z0_Y14",
    "Z0_Y4",
    "Z0_Y12",
    "Z2_Y7",
    "Z2_Y10",
    "Z8_Y5",
    "Z8_Y9",
    "Z8_Y15",
    "Z8_Y11",
    "Z14_Y3",
    "Z14_Y13",
    "Z4_Y6",
    "Z12_Y1",
    "Z2_Y14",
    "Z2_Y12",
    "Z14_Y9",
    "Z4_Y15",
    "Z4_Y5",
    "Z4_Y10",
    "Z12_Y3",
    "Z12_Y7",
    "Z1_Y15",
    "Z1_Y7",
    "Z1_Y13",
    "Z15_Y6",
    "Z7_Y11",
    "Z1_Y5",
    "Z15_Y3",
    "Z5_Y13",
    "Z5_Y10",
    "Z7_Y9",
    "Z13_Y11",
    "Z10_Y3",
    "Z3_Y6",
    "Z6_Y9",
    "Z13_Y10",
    "Z6_Y11",
    "Z11_Y9"
  ],
  "dt": 0.05,
  "lr": 0.05,
  "lam": 1.0,
  "mu": 0.9,
  "fix_step": 0,
  "constant_c": true,
  "parameters": [
    -1.5217688083648682,
    1.5702213048934937,
    0.7847574949264526,
    1.532124638557434,
    0.7468755841255188,
    0.733686089515686,
    1.2193326950073242,
    0.9314913153648376,
    0.4012497663497925,
    0.8967995643615723,
    0.20003347098827362,
    0.038970205932855606,
    0.07234253734350204,
    0.14589883387088776,
    0.14798790216445923,
    0.7856208682060242,
    0.800387978553772,
    0.6942642331123352,
    0.6608346104621887,
    0.6396440863609314,
    0.2013988196849823,
    0.7923757433891296,
    0.15538524091243744,
    0.03120248205959797,
    0.9743788242340088,
    1.4154266119003296,
    0.6386609673500061,
    0.6455566883087158,
    0.002904382301494479,
    0.01835521310567856,
    0.1955578327178955,
    0.5378676056861877,
    0.16771459579467773,
    0.6535555124282837,
    0.7633023858070374,
    1.0778639316558838,
    0.44611161947250366,
    0.05430841073393822,
    0.11781930178403854,
    0.15310390293598175
  ],
  "opt_ratios": [
    3.0517549021169543e-05,
    8.518776303390041e-05,
    0.0001324235345236957,
    0.00019818278087768704,
    0.00028651804313994944,
    0.0004013509023934603,
    0.0005461906548589468,
    0.0007238773978315294,
    0.0009363992139697075,
    0.0011847569840028882,
    0.001468988717533648,
    0.0017881471430882812,
    0.0021404381841421127,
    0.002523435978218913,
    0.002934112912043929,
    0.00336909806355834,
    0.0038249106146395206,
    0.004297717474400997,
    0.004783962853252888,
    0.005279811564832926,
    0.0057816579937934875,
    0.006285645067691803,
    0.006788101512938738,
    0.007285162806510925,
    0.007772914133965969,
    0.008247294463217258,
    0.008703942410647869,
    0.009138379245996475,
    0.009545817039906979,
    0.009921366348862648,
    0.010260015726089478,
    0.010556572116911411,
    0.010805968195199966,
    0.011003331281244755,
    0.011144142597913742,
    0.011224236339330673,
    0.011240440420806408,
    0.011190329678356647,
    0.011072930879890919,
    0.010888220742344856,
    0.010638001374900341,
    0.010325294919312,
    0.009954676032066345,
    0.009532338008284569,
    0.009065426886081696,
    0.008562227711081505,
    0.008031614124774933,
    0.007482707034796476,
    0.006924656685441732,
    0.00636612344533205,
    0.005815100856125355,
    0.005278706084936857,
    0.004762860015034676,
    0.004272548481822014,
    0.003811359405517578,
    0.0033817363437265158,
    0.002985227620229125,
    0.002622312866151333,
    0.0022927760146558285,
    0.001995771424844861,
    0.001729861251078546,
    0.0014933368656784296,
    0.0012842236319556832,
    0.0011003657709807158,
    0.0009395613451488316,
    0.0007996286731213331,
    0.0006784097640775144,
    0.0005738697946071625,
    0.000484073389088735,
    0.00040723709389567375,
    0.00034172533196397126,
    0.0002860559616237879,
    0.00023891200544312596,
    0.00019910481933038682,
    0.00016559200594201684,
    0.00013744892203249037,
    0.00011387763515813276,
    9.418521949555725e-05,
    7.776769780321047e-05,
    6.411093636415899e-05,
    5.2771760238101706e-05,
    4.337844075052999e-05,
    3.560619370546192e-05,
    2.9189350243541412e-05,
    2.3899696316220798e-05,
    1.9545466784620658e-05,
    1.5966088540153578e-05,
    1.30276412164676e-05,
    1.0619613021844998e-05,
    8.648580660519656e-06,
    7.03601881468785e-06,
    5.718686679756502e-06,
    4.643228749046102e-06,
    3.7667384731321363e-06,
    3.0541445994458627e-06,
    2.4739858872635523e-06,
    2.0024506284244126e-06,
    1.6203478026000084e-06,
    1.3097519513394218e-06,
    1.0578224873825093e-06,
    8.538707447769411e-07
  ],
  "expectations": [
    -19.999980926513672,
    -20.968944549560547,
    -21.402585983276367,
    -21.809818267822266,
    -22.191753387451172,
    -22.54937744140625,
    -22.883617401123047,
    -23.195384979248047,
    -23.48560333251953,
    -23.755229949951172,
    -24.00537872314453,
    -24.23714256286621,
    -24.451736450195312,
    -24.650419235229492,
    -24.834449768066406,
    -25.005115509033203,
    -25.163734436035156,
    -25.311506271362305,
    -25.449684143066406,
    -25.579362869262695,
    -25.701690673828125,
    -25.81765365600586,
    -25.928234100341797,
    -26.034282684326172,
    -26.136640548706055,
    -26.236042022705078,
    -26.333208084106445,
    -26.428726196289062,
    -26.523178100585938,
    -26.617076873779297,
    -26.710857391357422,
    -26.804908752441406,
    -26.89957046508789,
    -26.99512481689453,
    -27.0918025970459,
    -27.189739227294922,
    -27.289005279541016,
    -27.389650344848633,
    -27.491596221923828,
    -27.59473419189453,
    -27.69878578186035,
    -27.803443908691406,
    -27.908369064331055,
    -28.01303482055664,
    -28.11692237854004,
    -28.219438552856445,
    -28.320018768310547,
    -28.41808319091797,
    -28.513046264648438,
    -28.604450225830078,
    -28.69182586669922,
    -28.77492332458496,
    -28.853511810302734,
    -28.927452087402344,
    -28.996728897094727,
    -29.061443328857422,
    -29.12169647216797,
    -29.17768096923828,
    -29.2296199798584,
    -29.277713775634766,
    -29.322269439697266,
    -29.36347198486328,
    -29.401615142822266,
    -29.43686294555664,
    -29.46951675415039,
    -29.499713897705078,
    -29.527681350708008,
    -29.553607940673828,
    -29.57761573791504,
    -29.59988784790039,
    -29.620567321777344,
    -29.63976287841797,
    -29.657608032226562,
    -29.674192428588867,
    -29.689647674560547,
    -29.70401382446289,
    -29.71746253967285,
    -29.729999542236328,
    -29.7417049407959,
    -29.752643585205078,
    -29.762928009033203,
    -29.77254867553711,
    -29.781574249267578,
    -29.790084838867188,
    -29.79810333251953,
    -29.805652618408203,
    -29.812767028808594,
    -29.81951904296875,
    -29.825908660888672,
    -29.831954956054688,
    -29.837711334228516,
    -29.843162536621094,
    -29.848358154296875,
    -29.85333251953125,
    -29.858060836791992,
    -29.862600326538086,
    -29.866928100585938,
    -29.871049880981445,
    -29.875019073486328,
    -29.87883758544922,
    -29.882476806640625
  ],