{
  "size": 16,
  "opt_val": -33.0,
  "method": "VQE",
  "operations": [
    "Z0_Y2",
    "Z0_Y7",
    "Z0_Y13",
    "Z0_Y3",
    "Z0_Y6",
    "Z2_Y5",
    "Z2_Y11",
    "Z2_Y8",
    "Z7_Y10",
    "Z7_Y14",
    "Z13_Y1",
    "Z13_Y4",
    "Z13_Y9",
    "Z9_Y12",
    "Z9_Y15",
    "Z2_Y6",
    "Z7_Y3",
    "Z7_Y5",
    "Z13_Y11",
    "Z3_Y10",
    "Z3_Y6",
    "Z3_Y14",
    "Z1_Y9",
    "Z1_Y11",
    "Z1_Y4",
    "Z1_Y10",
    "Z9_Y8",
    "Z11_Y15",
    "Z10_Y12",
    "Z6_Y5",
    "Z6_Y10",
    "Z11_Y8",
    "Z4_Y15",
    "Z4_Y8",
    "Z4_Y14",
    "Z5_Y12",
    "Z5_Y15",
    "Z8_Y14",
    "Z14_Y12",
    "Z15_Y12"
  ],
  "dt": 0.05,
  "lr": 0.05,
  "lam": 1.0,
  "mu": 0.9,
  "fix_step": 0,
  "constant_c": true,
  "parameters": [
    1.5372655391693115,
    1.570785641670227,
    1.5704845190048218,
    1.0317151546478271,
    1.2304861545562744,
    0.3802054822444916,
    0.1559596210718155,
    0.06555861979722977,
    0.6817232966423035,
    0.7386459112167358,
    -1.5707850456237793,
    0.8047165870666504,
    0.9833608865737915,
    0.01570827141404152,
    0.013889075256884098,
    -0.19811630249023438,
    -0.5377212166786194,
    0.7598326206207275,
    0.7763293981552124,
    0.3819073438644409,
    -0.14231990277767181,
    0.5418875217437744,
    0.5874001979827881,
    0.6385598182678223,
    0.7660760283470154,
    0.45120227336883545,
    0.6330419778823853,
    0.6323472857475281,
    0.4558221995830536,
    0.43077799677848816,
    0.061073895543813705,
    0.5230399370193481,
    0.6451827883720398,
    0.4802075922489166,
    0.18182265758514404,
    0.553615391254425,
    0.2793288230895996,
    0.47207409143447876,
    0.6215519309043884,
    0.07517839968204498
  ],
  "opt_ratios": [
    3.0517549021169543e-05,
    0.0001012045904644765,
    0.00017046448192559183,
    0.00027631595730781555,
    0.0004335789999458939,
    0.0006618414190597832,
    0.0009869205532595515,
    0.0014427725691348314,
    0.0020741440821439028,
    0.0029400901403278112,
    0.004118685144931078,
    0.005712936166673899,
    0.007858353666961193,
    0.010732394643127918,
    0.014565295539796352,
    0.019651083275675774,
    0.026358790695667267,
    0.03513960540294647,
    0.046526405960321426,
    0.061120860278606415,
    0.07956055551767349,
    0.1024671122431755,
    0.13036631047725677,
    0.16359597444534302,
    0.20221944153308868,
    0.24595946073532104,
    0.2941833436489105,
    0.34594541788101196,
    0.4000644087791443,
    0.45522892475128174,
    0.5101082921028137,
    0.563450038433075,
    0.6141700744628906,
    0.6614220142364502,
    0.7046284079551697,
    0.7434884309768677,
    0.7779387831687927,
    0.8081179857254028,
    0.8343058824539185,
    0.8568634986877441,
    0.8761930465698242,
    0.892698347568512,
    0.9067671895027161,
    0.9187530279159546,
    0.9289708137512207,
    0.9376948475837708,
    0.9451602101325989,
    0.9515672326087952,
    0.9570837616920471,
    0.9618504047393799,
    0.9659842252731323,
    0.9695831537246704,
    0.9727277755737305,
    0.9754860401153564,
    0.9779140949249268,
    0.9800577759742737,
    0.9819586277008057,
    0.9836487770080566,
    0.9851552844047546,
    0.9865023493766785,
    0.9877097010612488,
    0.9887950420379639,
    0.9897716045379639,
    0.9906532764434814,
    0.9914495348930359,
    0.99217289686203,
    0.9928268194198608,
    0.9934214353561401,
    0.9939616918563843,
    0.9944548010826111,
    0.9949047565460205,
    0.9953147172927856,
    0.9956886172294617,
    0.996029794216156,
    0.9963431358337402,
    0.9966297149658203,
    0.9968920946121216,
    0.997133195400238,
    0.9973540306091309,
    0.9975568652153015,
    0.9977434873580933,
    0.9979149699211121,
    0.9980717301368713,
    0.9982162714004517,
    0.9983496069908142,
    0.9984720349311829,
    0.998584508895874,
    0.9986881017684937,
    0.9987831115722656,
    0.9988721609115601,
    0.9989540576934814,
    0.9990295767784119,
    0.9991000890731812,
    0.9991636276245117,
    0.9992219805717468,
    0.9992769956588745,
    0.9993278980255127,
    0.9993747472763062,
    0.9994180798530579,
    0.9994582533836365,
    0.9994949698448181
  ],
  "expectations": [
    -19.999980926513672,
    -20.965152740478516,
    -21.393653869628906,
    -21.797500610351562,
    -22.17983055114746,
    -22.543514251708984,
    -22.89136505126953,
    -23.226091384887695,
    -23.55042266845703,
    -23.867252349853516,
    -24.179479598999023,
    -24.490196228027344,
    -24.802505493164062,
    -25.119544982910156,
    -25.444440841674805,
    -25.77996063232422,
    -26.128509521484375,
    -26.491718292236328,
    -26.87030792236328,
    -27.263776779174805,
    -27.67015266418457,
    -28.086105346679688,
    -28.506961822509766,
    -28.926912307739258,
    -29.33960723876953,
    -29.738609313964844,
    -30.118019104003906,
    -30.47312355041504,
    -30.80051040649414,
    -31.098255157470703,
    -31.365676879882812,
    -31.603031158447266,
    -31.811342239379883,
    -31.992267608642578,
    -32.147857666015625,
    -32.28046417236328,
    -32.39262771606445,
    -32.48688507080078,
    -32.565731048583984,
    -32.63148498535156,
    -32.68622589111328,
    -32.731719970703125,
    -32.76963806152344,
    -32.801246643066406,
    -32.82771301269531,
    -32.849891662597656,
    -32.868568420410156,
    -32.88438415527344,
    -32.89781951904297,
    -32.90932083129883,
    -32.91918182373047,
    -32.927696228027344,
    -32.935081481933594,
    -32.94152069091797,
    -32.947174072265625,
    -32.952110290527344,
    -32.95649719238281,
    -32.96040344238281,
    -32.96385955810547,
    -32.96694564819336,
    -32.969703674316406,
    -32.97222900390625,
    -32.974464416503906,
    -32.97650909423828,
    -32.97834014892578,
    -32.980018615722656,
    -32.98155975341797,
    -32.982940673828125,
    -32.98418426513672,
    -32.9853515625,
    -32.98644256591797,
    -32.987403869628906,
    -32.988311767578125,
    -32.989112854003906,
    -32.989891052246094,
    -32.99058532714844,
    -32.99122619628906,
    -32.9918212890625,
    -32.99236297607422,
    -32.99287414550781,
    -32.99333953857422,
    -32.99378204345703,
    -32.99418640136719,
    -32.99456024169922,
    -32.994911193847656,
    -32.99522399902344,
    -32.99551010131836,
    -32.99578857421875,
    -32.99602508544922,
    -32.99627685546875,
    -32.99650573730469,
    -32.99669647216797,
    -32.996910095214844,
    -32.99708557128906,
    -32.99723815917969,
    -32.997398376464844,
    -32.99755096435547,
    -32.99769973754883,
    -32.99781799316406,
    -32.99794006347656,
    -32.998050689697266
  ],