{
  "size": 16,
  "opt_val": -34.0,
  "method": "VQE",
  "operations": [
    "Z0_Y5",
    "Z0_Y14",
    "Z0_Y8",
    "Z0_Y1",
    "Z0_Y4",
    "Z5_Y3",
    "Z5_Y7",
    "Z5_Y12",
    "Z14_Y6",
    "Z14_Y10",
    "Z14_Y15",
    "Z8_Y11",
    "Z8_Y13",
    "Z1_Y9",
    "Z4_Y2",
    "Z5_Y14",
    "Z8_Y15",
    "Z8_Y10",
    "Z1_Y6",
    "Z1_Y13",
    "Z1_Y10",
    "Z4_Y6",
    "Z4_Y12",
    "Z4_Y11",
    "Z6_Y7",
    "Z9_Y2",
    "Z9_Y3",
    "Z9_Y7",
    "Z6_Y12",
    "Z9_Y11",
    "Z13_Y2",
    "Z13_Y3",
    "Z13_Y10",
    "Z2_Y11",
    "Z2_Y15",
    "Z11_Y7",
    "Z15_Y12",
    "Z10_Y3",
    "Z15_Y3",
    "Z12_Y7"
  ],
  "dt": 0.05,
  "lr": 0.05,
  "lam": 1.0,
  "mu": 0.9,
  "fix_step": 0,
  "constant_c": true,
  "parameters": [
    -1.5579867362976074,
    1.5688194036483765,
    1.5707963705062866,
    1.5707963705062866,
    1.5414215326309204,
    0.07613874226808548,
    0.24444720149040222,
    0.7748258113861084,
    0.5650044083595276,
    0.505946159362793,
    0.4652957320213318,
    0.6344901323318481,
    0.7900596857070923,
    1.5706288814544678,
    -0.021359790116548538,
    0.002567206509411335,
    0.56564861536026,
    0.5197441577911377,
    0.6785498261451721,
    0.7806892395019531,
    0.5420452356338501,
    0.3272503912448883,
    0.23607589304447174,
    0.5231344699859619,
    0.5186972618103027,
    0.626163125038147,
    0.31906241178512573,
    0.47838354110717773,
    0.4012209177017212,
    0.03875085711479187,
    0.9232812523841858,
    0.38700786232948303,
    -0.003058477770537138,
    0.4519282877445221,
    0.5398297309875488,
    0.4955829381942749,
    0.6298399567604065,
    0.37725967168807983,
    0.41133880615234375,
    0.16629841923713684
  ],
  "opt_ratios": [
    3.0517549021169543e-05,
    0.00011211786477360874,
    0.00019878524472005665,
    0.00033815106144174933,
    0.0005545011954382062,
    0.0008801285875961185,
    0.001357175991870463,
    0.002039942191913724,
    0.0029979313258081675,
    0.0043200175277888775,
    0.006120160222053528,
    0.00854511745274067,
    0.01178443618118763,
    0.016082502901554108,
    0.021752260625362396,
    0.029187548905611038,
    0.03886982426047325,
    0.05136170983314514,
    0.06727486103773117,
    0.08720310777425766,
    0.11161511391401291,
    0.14072272181510925,
    0.17436745762825012,
    0.2119760364294052,
    0.2526329457759857,
    0.295254647731781,
    0.33879733085632324,
    0.3823983073234558,
    0.4254287779331207,
    0.46747061610221863,
    0.5082496404647827,
    0.5475718975067139,
    0.5852802395820618,
    0.6212412714958191,
    0.6553314328193665,
    0.6874484419822693,
    0.7175131440162659,
    0.7454787492752075,
    0.7713297009468079,
    0.7950826287269592,
    0.816784679889679,
    0.8365135192871094,
    0.854363203048706,
    0.8704457879066467,
    0.8848816156387329,
    0.8977978825569153,
    0.9093232154846191,
    0.9195840358734131,
    0.9287010431289673,
    0.936790943145752,
    0.9439619183540344,
    0.9503092169761658,
    0.9559256434440613,
    0.9608908295631409,
    0.9652823805809021,
    0.969167172908783,
    0.9726009964942932,
    0.9756383895874023,
    0.9783275723457336,
    0.9807083606719971,
    0.9828135371208191,
    0.9846794605255127,
    0.986336350440979,
    0.9878043532371521,
    0.9891071915626526,
    0.9902644157409668,
    0.9912944436073303,
    0.9922108054161072,
    0.9930258989334106,
    0.9937519431114197,
    0.994401216506958,
    0.9949784874916077,
    0.9954937100410461,
    0.9959529042243958,
    0.9963647127151489,
    0.9967326521873474,
    0.9970624446868896,
    0.9973558187484741,
    0.9976197481155396,
    0.997856616973877,
    0.9980667233467102,
    0.9982573390007019,
    0.9984281659126282,
    0.9985818266868591,
    0.9987189173698425,
    0.9988441467285156,
    0.9989556074142456,
    0.9990567564964294,
    0.9991462826728821,
    0.9992286562919617,
    0.9993014335632324,
    0.9993669986724854,
    0.9994273781776428,
    0.9994800090789795,
    0.9995294809341431,
    0.9995729923248291,
    0.9996131658554077,
    0.9996486902236938,
    0.9996805191040039,
    0.9997100830078125,
    0.9997361302375793
  ],
  "expectations": [
    -19.999980926513672,
    -20.97474479675293,
    -21.4219970703125,
    -21.849994659423828,
    -22.260805130004883,
    -22.656339645385742,
    -23.03847885131836,
    -23.4093074798584,
    -23.771018981933594,
    -24.12615966796875,
    -24.47772979736328,
    -24.829158782958984,
    -25.184551239013672,
    -25.54839324951172,
    -25.925695419311523,
    -26.321624755859375,
    -26.74095344543457,
    -27.18744659423828,
    -27.662757873535156,
    -28.165306091308594,
    -28.689311981201172,
    -29.224349975585938,
    -29.756175994873047,
    -30.26865577697754,
    -30.746646881103516,
    -31.178836822509766,
    -31.559356689453125,
    -31.887611389160156,
    -32.167144775390625,
    -32.40382385253906,
    -32.60419464111328,
    -32.7745475769043,
    -32.92045593261719,
    -33.04639434814453,
    -33.155906677246094,
    -33.25178527832031,
    -33.33622741699219,
    -33.410884857177734,
    -33.47710418701172,
    -33.53590393066406,
    -33.58819580078125,
    -33.634708404541016,
    -33.67607116699219,
    -33.712852478027344,
    -33.745521545410156,
    -33.774505615234375,
    -33.800228118896484,
    -33.82301712036133,
    -33.843223571777344,
    -33.861106872558594,
    -33.87693786621094,
    -33.89091491699219,
    -33.90330505371094,
    -33.91424560546875,
    -33.923927307128906,
    -33.93251419067383,
    -33.94008255004883,
    -33.946754455566406,
    -33.95267868041992,
    -33.957984924316406,
    -33.96259307861328,
    -33.96670913696289,
    -33.970367431640625,
    -33.97359085083008,
    -33.97644805908203,
    -33.97899627685547,
    -33.981239318847656,
    -33.983253479003906,
    -33.98499298095703,
    -33.98658752441406,
    -33.98801040649414,
    -33.98927688598633,
    -33.990379333496094,
    -33.991355895996094,
    -33.99224853515625,
    -33.99304962158203,
    -33.993743896484375,
    -33.99436950683594,
    -33.99492645263672,
    -33.99544906616211,
    -33.9958610534668,
    -33.996273040771484,
    -33.99662780761719,
    -33.996971130371094,
    -33.997222900390625,
    -33.99750518798828,
    -33.997711181640625,
    -33.99794387817383,
    -33.99812698364258,
    -33.99829864501953,
    -33.998416900634766,
    -33.998573303222656,
    -33.998695373535156,
    -33.99878692626953,
    -33.99888610839844,
    -33.999000549316406,
    -33.99906921386719,
    -33.9991455078125,
    -33.999202728271484,
    -33.999244689941406,
    -33.999305725097656
  ],