{
  "size": 16,
  "opt_val": -31.0,
  "method": "VQE",
  "operations": [
    "Z0_Y8",
    "Z0_Y14",
    "Z0_Y11",
    "Z0_Y7",
    "Z0_Y6",
    "Z8_Y3",
    "Z8_Y9",
    "Z14_Y1",
    "Z14_Y2",
    "Z14_Y12",
    "Z11_Y13",
    "Z11_Y15",
    "Z7_Y5",
    "Z1_Y10",
    "Z5_Y4",
    "Z8_Y6",
    "Z8_Y7",
    "Z14_Y6",
    "Z11_Y3",
    "Z11_Y7",
    "Z6_Y5",
    "Z6_Y15",
    "Z1_Y3",
    "Z1_Y13",
    "Z5_Y12",
    "Z13_Y2",
    "Z13_Y4",
    "Z10_Y2",
    "Z10_Y9",
    "Z7_Y3",
    "Z1_Y5",
    "Z3_Y15",
    "Z13_Y12",
    "Z10_Y12",
    "Z10_Y15",
    "Z2_Y4",
    "Z2_Y9",
    "Z4_Y12",
    "Z4_Y9",
    "Z9_Y15"
  ],
  "dt": 0.05,
  "lr": 0.05,
  "lam": 1.0,
  "mu": 0.9,
  "fix_step": 0,
  "constant_c": true,
  "parameters": [
    0.8512083292007446,
    -1.335844874382019,
    1.2486896514892578,
    1.2872494459152222,
    0.4732374846935272,
    0.6376407146453857,
    1.0914148092269897,
    1.5707606077194214,
    0.6209965944290161,
    0.5942461490631104,
    0.06401781737804413,
    0.22404827177524567,
    0.15751363337039948,
    1.5699751377105713,
    0.054020773619413376,
    0.15459321439266205,
    0.11393152177333832,
    1.1337745189666748,
    0.2403692901134491,
    0.004535050597041845,
    0.5690540075302124,
    0.25443553924560547,
    0.5150613188743591,
    1.506777286529541,
    0.00331158097833395,
    0.385896235704422,
    0.6658585071563721,
    0.5639779567718506,
    0.21238425374031067,
    0.2121642827987671,
    0.8373083472251892,
    0.6534032821655273,
    0.39928698539733887,
    0.5750268697738647,
    0.36984607577323914,
    0.13092297315597534,
    0.3237322270870209,
    0.0021838408429175615,
    0.3953360915184021,
    0.8491155505180359
  ],
  "opt_ratios": [
    6.1035098042339087e-05,
    0.00016956223407760262,
    0.0002641593455336988,
    0.0003974188002757728,
    0.000579635554458946,
    0.0008221939788199961,
    0.001137303188443184,
    0.0015375512884929776,
    0.002035378012806177,
    0.0026424741372466087,
    0.0033689693082123995,
    0.004222811199724674,
    0.005208703223615885,
    0.006327830720692873,
    0.007577005308121443,
    0.008948927745223045,
    0.010432189330458641,
    0.012012206017971039,
    0.01367175206542015,
    0.015392307192087173,
    0.017155470326542854,
    0.018943697214126587,
    0.020741257816553116,
    0.022534243762493134,
    0.02431107871234417,
    0.026062069460749626,
    0.027780408039689064,
    0.029460381716489792,
    0.03109869733452797,
    0.03269318863749504,
    0.03424372524023056,
    0.035750530660152435,
    0.03721502795815468,
    0.038640134036540985,
    0.040028855204582214,
    0.04138525202870369,
    0.04271365702152252,
    0.044019218534231186,
    0.04530689865350723,
    0.046582456678152084,
    0.04785127192735672,
    0.049119364470243454,
    0.05039258301258087,
    0.05167723447084427,
    0.0529797226190567,
    0.05430641025304794,
    0.055663637816905975,
    0.0570593923330307,
    0.05850071832537651,
    0.05999506264925003,
    0.06155041977763176,
    0.06317642331123352,
    0.06488150358200073,
    0.06667578220367432,
    0.06857028603553772,
    0.07057663053274155,
    0.07270828634500504,
    0.07497867196798325,
    0.0774027481675148,
    0.0799972414970398,
    0.08278034627437592,
    0.08577175438404083,
    0.08899319916963577,
    0.09246839582920074,
    0.09622165560722351,
    0.10028143227100372,
    0.1046784520149231,
    0.10944506525993347,
    0.114616259932518,
    0.12022893130779266,
    0.12632155418395996,
    0.13293570280075073,
    0.1401137262582779,
    0.14789918065071106,
    0.15633608400821686,
    0.16546832025051117,
    0.17533716559410095,
    0.18598198890686035,
    0.19743825495243073,
    0.209736168384552,
    0.22289729118347168,
    0.2369370460510254,
    0.25186091661453247,
    0.26766371726989746,
    0.28432679176330566,
    0.30182233452796936,
    0.32010984420776367,
    0.3391384482383728,
    0.3588435649871826,
    0.37915509939193726,
    0.3999932110309601,
    0.42127153277397156,
    0.442899614572525,
    0.46478840708732605,
    0.486844003200531,
    0.5089747905731201,
    0.5310890674591064,
    0.5530977845191956,
    0.5749176740646362,
    0.5964704751968384,
    0.6176782846450806
  ],
  "expectations": [
    -19.999980926513672,
    -20.967212677001953,
    -21.399091720581055,
    -21.80653190612793,
    -22.192138671875,
    -22.558208465576172,
    -22.906829833984375,
    -23.239700317382812,
    -23.55841064453125,
    -23.864259719848633,
    -24.158321380615234,
    -24.441452026367188,
    -24.714277267456055,
    -24.97715187072754,
    -25.230270385742188,
    -25.47360610961914,
    -25.706981658935547,
    -25.930143356323242,
    -26.142784118652344,
    -26.34461212158203,
    -26.53553009033203,
    -26.71535873413086,
    -26.884212493896484,
    -27.042247772216797,
    -27.189735412597656,
    -27.326967239379883,
    -27.45435905456543,
    -27.572296142578125,
    -27.681257247924805,
    -27.781673431396484,
    -27.874055862426758,
    -27.958852767944336,
    -28.03655242919922,
    -28.107650756835938,
    -28.172649383544922,
    -28.232044219970703,
    -28.28630256652832,
    -28.335918426513672,
    -28.381349563598633,
    -28.422969818115234,
    -28.461217880249023,
    -28.496482849121094,
    -28.529075622558594,
    -28.55935287475586,
    -28.58757781982422,
    -28.614036560058594,
    -28.63894271850586,
    -28.662582397460938,
    -28.68509292602539,
    -28.706703186035156,
    -28.727535247802734,
    -28.74781036376953,
    -28.76763343811035,
    -28.78710174560547,
    -28.806400299072266,
    -28.825611114501953,
    -28.844860076904297,
    -28.86422348022461,
    -28.883852005004883,
    -28.903776168823242,
    -28.924129486083984,
    -28.945003509521484,
    -28.96653175354004,
    -28.988752365112305,
    -29.01177215576172,
    -29.03569221496582,
    -29.060588836669922,
    -29.08660888671875,
    -29.113786697387695,
    -29.14221954345703,
    -29.172019958496094,
    -29.203231811523438,
    -29.235952377319336,
    -29.270227432250977,
    -29.30608367919922,
    -29.34360122680664,
    -29.382728576660156,
    -29.423511505126953,
    -29.465856552124023,
    -29.50973129272461,
    -29.555007934570312,
    -29.6015682220459,
    -29.64926528930664,
    -29.69792938232422,
    -29.74732208251953,
    -29.797225952148438,
    -29.84741973876953,
    -29.897659301757812,
    -29.947677612304688,
    -29.997276306152344,
    -30.046184539794922,
    -30.094234466552734,
    -30.141212463378906,
    -30.187002182006836,
    -30.231447219848633,
    -30.274463653564453,
    -30.31598663330078,
    -30.355960845947266,
    -30.39432144165039,
    -30.431072235107422,
    -30.466197967529297
  ],