{
  "size": 16,
  "opt_val": -31.0,
  "method": "VQE",
  "operations": [
    "Z0_Y8",
    "Z0_Y14",
    "Z0_Y11",
    "Z0_Y7",
    "Z0_Y3",
    "Z8_Y1",
    "Z8_Y4",
    "Z14_Y2",
    "Z14_Y10",
    "Z11_Y5",
    "Z11_Y12",
    "Z7_Y9",
    "Z7_Y15",
    "Z3_Y13",
    "Z1_Y6",
    "Z8_Y11",
    "Z8_Y14",
    "Z14_Y7",
    "Z11_Y2",
    "Z7_Y5",
    "Z3_Y2",
    "Z3_Y4",
    "Z3_Y15",
    "Z1_Y9",
    "Z1_Y12",
    "Z1_Y15",
    "Z6_Y2",
    "Z6_Y13",
    "Z9_Y10",
    "Z6_Y12",
    "Z6_Y15",
    "Z9_Y5",
    "Z9_Y13",
    "Z12_Y5",
    "Z12_Y10",
    "Z15_Y4",
    "Z2_Y10",
    "Z10_Y4",
    "Z4_Y13",
    "Z13_Y5"
  ],
  "dt": 0.05,
  "lr": 0.05,
  "lam": 1.0,
  "mu": 0.9,
  "fix_step": 0,
  "constant_c": true,
  "parameters": [
    -1.5688585042953491,
    0.7090337872505188,
    1.1356186866760254,
    1.4805546998977661,
    1.5694773197174072,
    1.5705955028533936,
    0.8791470527648926,
    0.01060633547604084,
    0.0121644027531147,
    0.009885132312774658,
    0.08197522163391113,
    0.5338005423545837,
    0.3050002455711365,
    0.40436431765556335,
    -1.5645501613616943,
    0.43619459867477417,
    0.8343555331230164,
    -0.05973711237311363,
    0.7184179425239563,
    0.2574669420719147,
    0.6055030822753906,
    0.052475057542324066,
    0.2842755615711212,
    1.0369913578033447,
    0.9025324583053589,
    0.49033066630363464,
    0.238805890083313,
    0.8276573419570923,
    0.5753530859947205,
    0.5863332152366638,
    0.4917798638343811,
    0.49593839049339294,
    0.24895289540290833,
    0.6695623397827148,
    0.5252993702888489,
    0.9078925848007202,
    0.4847031235694885,
    0.16738508641719818,
    0.5874924659729004,
    0.6717222332954407
  ],
  "opt_ratios": [
    3.0517549021169543e-05,
    8.509524923283607e-05,
    0.00013365433551371098,
    0.0002030392352025956,
    0.0002992023073602468,
    0.00042876627412624657,
    0.000598857004661113,
    0.0008168586646206677,
    0.0010902156354859471,
    0.0014262557961046696,
    0.0018320012604817748,
    0.002314148470759392,
    0.002879049628973007,
    0.003532734466716647,
    0.00428104680031538,
    0.005129795987159014,
    0.006085020024329424,
    0.007152965757995844,
    0.008340703323483467,
    0.009656085632741451,
    0.011108051054179668,
    0.012707126326858997,
    0.014465277083218098,
    0.01639685407280922,
    0.018518483266234398,
    0.0208498015999794,
    0.023413924500346184,
    0.026237277314066887,
    0.029351575300097466,
    0.03279378265142441,
    0.03660670295357704,
    0.0408410020172596,
    0.04555618390440941,
    0.050821203738451004,
    0.05671687051653862,
    0.06333836168050766,
    0.07079602777957916,
    0.07921846956014633,
    0.08875342458486557,
    0.09957316517829895,
    0.11187169700860977,
    0.125868022441864,
    0.14180336892604828,
    0.1599372923374176,
    0.18054383993148804,
    0.20389151573181152,
    0.23022809624671936,
    0.2597516179084778,
    0.29258108139038086,
    0.32871443033218384,
    0.3679942190647125,
    0.4100768566131592,
    0.4544213116168976,
    0.5003026127815247,
    0.5468482971191406,
    0.5931152105331421,
    0.6381568908691406,
    0.6811208724975586,
    0.7213041186332703,
    0.7582055926322937,
    0.7915343046188354,
    0.8211939334869385,
    0.8472509980201721,
    0.8698968887329102,
    0.8894025087356567,
    0.9060836434364319,
    0.9202719926834106,
    0.9322903752326965,
    0.9424406290054321,
    0.9510002136230469,
    0.9582105875015259,
    0.9642837643623352,
    0.9694021940231323,
    0.9737191796302795,
    0.9773683547973633,
    0.9804539680480957,
    0.9830704927444458,
    0.9852972626686096,
    0.9871945381164551,
    0.9888112545013428,
    0.9901971220970154,
    0.9913901090621948,
    0.992414653301239,
    0.9932939410209656,
    0.9940610527992249,
    0.9947182536125183,
    0.9952890276908875,
    0.9957881569862366,
    0.9962232112884521,
    0.996604323387146,
    0.9969363808631897,
    0.9972288012504578,
    0.997484028339386,
    0.9977096915245056,
    0.9979056715965271,
    0.9980822205543518,
    0.9982398748397827,
    0.9983788132667542,
    0.9985036253929138,
    0.998614490032196,
    0.9987123608589172
  ],
  "expectations": [
    -19.999980926513672,
    -20.97100830078125,
    -21.408287048339844,
    -21.819536209106445,
    -22.205360412597656,
    -22.56637954711914,
    -22.903297424316406,
    -23.216999053955078,
    -23.508434295654297,
    -23.778724670410156,
    -24.029115676879883,
    -24.2608642578125,
    -24.475370407104492,
    -24.67395782470703,
    -24.857952117919922,
    -25.028629302978516,
    -25.187198638916016,
    -25.334793090820312,
    -25.472511291503906,
    -25.601299285888672,
    -25.722122192382812,
    -25.8358154296875,
    -25.94314193725586,
    -26.044898986816406,
    -26.14171600341797,
    -26.23430633544922,
    -26.323272705078125,
    -26.409217834472656,
    -26.492755889892578,
    -26.574478149414062,
    -26.654926300048828,
    -26.734725952148438,
    -26.81447410583496,
    -26.89480209350586,
    -26.97634506225586,
    -27.05980110168457,
    -27.14590835571289,
    -27.235380172729492,
    -27.329036712646484,
    -27.427684783935547,
    -27.532188415527344,
    -27.64337730407715,
    -27.76201629638672,
    -27.88882064819336,
    -28.024402618408203,
    -28.169036865234375,
    -28.32275390625,
    -28.485145568847656,
    -28.655324935913086,
    -28.831851959228516,
    -29.012725830078125,
    -29.195449829101562,
    -29.37711524963379,
    -29.554786682128906,
    -29.72532081604004,
    -29.886186599731445,
    -30.035171508789062,
    -30.170787811279297,
    -30.292221069335938,
    -30.399351119995117,
    -30.492633819580078,
    -30.572917938232422,
    -30.641321182250977,
    -30.69916534423828,
    -30.747753143310547,
    -30.788358688354492,
    -30.822193145751953,
    -30.850330352783203,
    -30.873661041259766,
    -30.893030166625977,
    -30.909116744995117,
    -30.922481536865234,
    -30.933639526367188,
    -30.942882537841797,
    -30.950679779052734,
    -30.95720672607422,
    -30.962688446044922,
    -30.967296600341797,
    -30.971233367919922,
    -30.974567413330078,
    -30.97740364074707,
    -30.9798526763916,
    -30.98196792602539,
    -30.983768463134766,
    -30.98534393310547,
    -30.986696243286133,
    -30.98790740966797,
    -30.988933563232422,
    -30.989871978759766,
    -30.99068260192871,
    -30.991416931152344,
    -30.99203872680664,
    -30.992610931396484,
    -30.993114471435547,
    -30.99356460571289,
    -30.993974685668945,
    -30.994365692138672,
    -30.994688034057617,
    -30.995018005371094,
    -30.99530792236328,
    -30.995540618896484
  ],