{
  "size": 16,
  "opt_val": -30.0,
  "method": "VQE",
  "operations": [
    "Z0_Y14",
    "Z0_Y11",
    "Z0_Y13",
    "Z0_Y6",
    "Z0_Y15",
    "Z14_Y2",
    "Z14_Y4",
    "Z14_Y7",
    "Z11_Y1",
    "Z11_Y5",
    "Z11_Y8",
    "Z11_Y9",
    "Z13_Y3",
    "Z6_Y12",
    "Z15_Y10",
    "Z14_Y15",
    "Z13_Y6",
    "Z13_Y8",
    "Z13_Y9",
    "Z6_Y2",
    "Z6_Y3",
    "Z15_Y2",
    "Z1_Y5",
    "Z1_Y4",
    "Z1_Y7",
    "Z1_Y10",
    "Z5_Y3",
    "Z4_Y12",
    "Z15_Y8",
    "Z5_Y4",
    "Z5_Y9",
    "Z7_Y2",
    "Z7_Y10",
    "Z7_Y12",
    "Z10_Y3",
    "Z2_Y8",
    "Z3_Y9",
    "Z4_Y9",
    "Z10_Y12",
    "Z8_Y12"
  ],
  "dt": 0.05,
  "lr": 0.05,
  "lam": 1.0,
  "mu": 0.9,
  "fix_step": 0,
  "constant_c": true,
  "parameters": [
    -1.3291146755218506,
    1.568170189857483,
    1.5573523044586182,
    -0.32540032267570496,
    1.5320485830307007,
    0.5641732811927795,
    0.7907124757766724,
    0.6351068019866943,
    0.7897645235061646,
    1.1534016132354736,
    0.4448114335536957,
    0.6419495344161987,
    0.07839835435152054,
    0.28809818625450134,
    1.2972898483276367,
    0.03863661736249924,
    1.0988126993179321,
    0.6347156167030334,
    0.5993640422821045,
    1.1280874013900757,
    0.5176432132720947,
    0.034791238605976105,
    0.20365674793720245,
    0.5911385416984558,
    0.9166320562362671,
    0.26171550154685974,
    0.4830513000488281,
    0.09505569934844971,
    0.44376087188720703,
    0.2326732724905014,
    0.04899021238088608,
    0.2605758309364319,
    0.43983975052833557,
    0.155223548412323,
    0.6754041314125061,
    0.04849916324019432,
    0.15091153979301453,
    0.2259778529405594,
    0.7448498010635376,
    0.7016422152519226
  ],
  "opt_ratios": [
    0.00012207019608467817,
    0.0003106537915300578,
    0.0004658853868022561,
    0.0006762109696865082,
    0.0009527226211503148,
    0.0013062340440228581,
    0.0017466743011027575,
    0.002282552421092987,
    0.002920563565567136,
    0.003665320575237274,
    0.004519366193562746,
    0.005483306013047695,
    0.006556287407875061,
    0.0077361296862363815,
    0.009019911289215088,
    0.010404237546026707,
    0.011885675601661205,
    0.013460730202496052,
    0.01512632891535759,
    0.016879744827747345,
    0.018718600273132324,
    0.020640794187784195,
    0.022644560784101486,
    0.024728333577513695,
    0.02689070627093315,
    0.029129914939403534,
    0.0314447283744812,
    0.033833615481853485,
    0.03629489988088608,
    0.03882647678256035,
    0.04142618924379349,
    0.044091492891311646,
    0.046819061040878296,
    0.04960590600967407,
    0.0524478517472744,
    0.05534046143293381,
    0.05827943980693817,
    0.06125950068235397,
    0.06427478790283203,
    0.06731951236724854,
    0.07038760185241699,
    0.07347284257411957,
    0.07656890153884888,
    0.07966983318328857,
    0.08276921510696411,
    0.0858621597290039,
    0.08894389867782593,
    0.09201012551784515,
    0.09505816549062729,
    0.0980866476893425,
    0.10109514743089676,
    0.10408508777618408,
    0.10705989599227905,
    0.11002485454082489,
    0.1129879429936409,
    0.11595992743968964,
    0.11895371973514557,
    0.12198719382286072,
    0.1250804364681244,
    0.12825804948806763,
    0.13155025243759155,
    0.13499146699905396,
    0.13862201571464539,
    0.14248892664909363,
    0.1466444581747055,
    0.1511487066745758,
    0.1560707539319992,
    0.16148588061332703,
    0.16747713088989258,
    0.1741359829902649,
    0.18156278133392334,
    0.18985861539840698,
    0.19912934303283691,
    0.20948579907417297,
    0.22103820741176605,
    0.23388612270355225,
    0.24811136722564697,
    0.2637888193130493,
    0.2809634804725647,
    0.2996429204940796,
    0.3198040723800659,
    0.34138649702072144,
    0.364286333322525,
    0.3883587718009949,
    0.41342151165008545,
    0.4392644464969635,
    0.4656558632850647,
    0.4923548102378845,
    0.5191152691841125,
    0.5457055568695068,
    0.5719114542007446,
    0.597541093826294,
    0.622434139251709,
    0.6464552283287048,
    0.6695048213005066,
    0.6915074586868286,
    0.7124125957489014,
    0.7321920394897461,
    0.7508394122123718,
    0.7683597207069397,
    0.7847728729248047
  ],
  "expectations": [
    -19.999980926513672,
    -20.96468734741211,
    -21.390716552734375,
    -21.789058685302734,
    -22.161563873291016,
    -22.509626388549805,
    -22.83438491821289,
    -23.136856079101562,
    -23.41795539855957,
    -23.678634643554688,
    -23.919898986816406,
    -24.14276695251465,
    -24.34843635559082,
    -24.538049697875977,
    -24.71281623840332,
    -24.873947143554688,
    -25.022632598876953,
    -25.160053253173828,
    -25.287303924560547,
    -25.405345916748047,
    -25.515228271484375,
    -25.61779022216797,
    -25.71380615234375,
    -25.80404281616211,
    -25.88909912109375,
    -25.969589233398438,
    -26.04598617553711,
    -26.118804931640625,
    -26.188417434692383,
    -26.25519561767578,
    -26.3194580078125,
    -26.381471633911133,
    -26.441486358642578,
    -26.49972152709961,
    -26.556358337402344,
    -26.611553192138672,
    -26.66542625427246,
    -26.71807098388672,
    -26.76961898803711,
    -26.820098876953125,
    -26.869583129882812,
    -26.91806983947754,
    -26.96562957763672,
    -27.01226806640625,
    -27.0579833984375,
    -27.102781295776367,
    -27.14669418334961,
    -27.189716339111328,
    -27.231826782226562,
    -27.27310562133789,
    -27.313526153564453,
    -27.3531551361084,
    -27.391986846923828,
    -27.430091857910156,
    -27.467512130737305,
    -27.504316329956055,
    -27.540607452392578,
    -27.576438903808594,
    -27.611949920654297,
    -27.64716148376465,
    -27.682289123535156,
    -27.71739959716797,
    -27.75265884399414,
    -27.788211822509766,
    -27.824188232421875,
    -27.86078643798828,
    -27.898231506347656,
    -27.93661117553711,
    -27.9761962890625,
    -28.01717758178711,
    -28.05974578857422,
    -28.104103088378906,
    -28.150390625,
    -28.198806762695312,
    -28.249507904052734,
    -28.302568435668945,
    -28.358007431030273,
    -28.41582489013672,
    -28.475893020629883,
    -28.538074493408203,
    -28.602031707763672,
    -28.66744613647461,
    -28.73387908935547,
    -28.800859451293945,
    -28.867828369140625,
    -28.934289932250977,
    -28.999679565429688,
    -29.06350326538086,
    -29.125343322753906,
    -29.18484878540039,
    -29.241722106933594,
    -29.295713424682617,
    -29.346759796142578,
    -29.394790649414062,
    -29.439781188964844,
    -29.481796264648438,
    -29.520915985107422,
    -29.557254791259766,
    -29.590957641601562,
    -29.62210464477539,
    -29.650920867919922
  ],