{
  "size": 16,
  "opt_val": -31.0,
  "method": "VQE",
  "operations": [
    "Z0_Y8",
    "Z0_Y11",
    "Z0_Y1",
    "Z0_Y3",
    "Z0_Y15",
    "Z8_Y2",
    "Z8_Y4",
    "Z8_Y6",
    "Z8_Y9",
    "Z11_Y14",
    "Z11_Y13",
    "Z1_Y12",
    "Z1_Y10",
    "Z3_Y7",
    "Z3_Y5",
    "Z11_Y1",
    "Z11_Y15",
    "Z1_Y6",
    "Z3_Y4",
    "Z3_Y10",
    "Z15_Y4",
    "Z15_Y7",
    "Z6_Y5",
    "Z6_Y14",
    "Z12_Y2",
    "Z12_Y4",
    "Z12_Y13",
    "Z10_Y9",
    "Z15_Y10",
    "Z6_Y7",
    "Z12_Y7",
    "Z10_Y13",
    "Z2_Y5",
    "Z2_Y4",
    "Z2_Y13",
    "Z5_Y9",
    "Z5_Y14",
    "Z7_Y9",
    "Z13_Y14",
    "Z9_Y14"
  ],
  "dt": 0.05,
  "lr": 0.05,
  "lam": 1.0,
  "mu": 0.9,
  "fix_step": 0,
  "constant_c": true,
  "parameters": [
    0.8523477911949158,
    -1.5601097345352173,
    1.3264774084091187,
    1.558984637260437,
    1.0578068494796753,
    1.0501266717910767,
    0.27675661444664,
    1.3552476167678833,
    0.6989490389823914,
    0.5018995404243469,
    0.5046267509460449,
    0.5834307074546814,
    0.19644570350646973,
    0.3773588538169861,
    0.2525864541530609,
    0.21658696234226227,
    0.5130677819252014,
    0.2128031998872757,
    0.6965630054473877,
    0.7060369849205017,
    0.6935974955558777,
    0.28508833050727844,
    0.48114997148513794,
    0.7162355184555054,
    0.4463609457015991,
    0.09432494640350342,
    0.1849316656589508,
    -0.017608312889933586,
    0.6693480014801025,
    0.9663078188896179,
    0.8062009811401367,
    0.8275924324989319,
    1.124621033668518,
    0.14197418093681335,
    0.11483589559793472,
    0.3475085496902466,
    0.1501394808292389,
    0.5698592066764832,
    0.35399001836776733,
    0.7254597544670105
  ],
  "opt_ratios": [
    6.1035098042339087e-05,
    0.00016956351464614272,
    0.0002645981148816645,
    0.0003982996568083763,
    0.0005800917278975248,
    0.0008194633992388844,
    0.0011252182302996516,
    0.0015047608176246285,
    0.001963371876627207,
    0.0025038323365151882,
    0.0031263139098882675,
    0.0038285553455352783,
    0.004606375936418772,
    0.0054544685408473015,
    0.006366954185068607,
    0.007338039577007294,
    0.008362567983567715,
    0.009436285123229027,
    0.010555827990174294,
    0.01171860471367836,
    0.012922652997076511,
    0.014166650362312794,
    0.015449371188879013,
    0.016769172623753548,
    0.018124323338270187,
    0.01951240561902523,
    0.020930368453264236,
    0.02237435057759285,
    0.023839833214879036,
    0.02532118186354637,
    0.026812564581632614,
    0.028307674452662468,
    0.029799846932291985,
    0.031282197684049606,
    0.03274849057197571,
    0.034192513674497604,
    0.03560832515358925,
    0.0369916595518589,
    0.038337696343660355,
    0.03964303061366081,
    0.04090473800897598,
    0.042120710015296936,
    0.04328992962837219,
    0.04441129416227341,
    0.04548470303416252,
    0.046510107815265656,
    0.04748890548944473,
    0.04842151701450348,
    0.04930877685546875,
    0.050152651965618134,
    0.0509541891515255,
    0.051715146750211716,
    0.05243736132979393,
    0.05312256142497063,
    0.05377215892076492,
    0.05438781902194023,
    0.054971273988485336,
    0.05552354082465172,
    0.05604676902294159,
    0.05654244124889374,
    0.057011768221855164,
    0.05745664983987808,
    0.05787806212902069,
    0.058277539908885956,
    0.05865603685379028,
    0.05901481211185455,
    0.05935553461313248,
    0.05967934429645538,
    0.05998732149600983,
    0.06028135120868683,
    0.06056248024106026,
    0.060831621289253235,
    0.06109081953763962,
    0.061340562999248505,
    0.061582863330841064,
    0.061818648129701614,
    0.06204882264137268,
    0.06227416172623634,
    0.0624971017241478,
    0.06271907687187195,
    0.0629410445690155,
    0.06316439062356949,
    0.06339053809642792,
    0.06362129747867584,
    0.06385768949985504,
    0.06410099565982819,
    0.0643528550863266,
    0.06461451202630997,
    0.06488753855228424,
    0.06517280638217926,
    0.06547216325998306,
    0.06578729301691055,
    0.06611976772546768,
    0.06647048890590668,
    0.06684157997369766,
    0.0672345831990242,
    0.06765104830265045,
    0.06809282302856445,
    0.06856110692024231,
    0.06905797868967056,
    0.06958501785993576
  ],
  "expectations": [
    -19.999980926513672,
    -20.979305267333984,
    -21.435157775878906,
    -21.873104095458984,
    -22.29330062866211,
    -22.695602416992188,
    -23.079608917236328,
    -23.444866180419922,
    -23.79082489013672,
    -24.117168426513672,
    -24.423824310302734,
    -24.710994720458984,
    -24.979219436645508,
    -25.22937774658203,
    -25.46261978149414,
    -25.680278778076172,
    -25.883846282958984,
    -26.074787139892578,
    -26.25457191467285,
    -26.424524307250977,
    -26.58584213256836,
    -26.739574432373047,
    -26.886577606201172,
    -27.02751350402832,
    -27.162935256958008,
    -27.29322052001953,
    -27.418663024902344,
    -27.53941535949707,
    -27.655590057373047,
    -27.76720428466797,
    -27.874347686767578,
    -27.976909637451172,
    -28.074993133544922,
    -28.168550491333008,
    -28.257612228393555,
    -28.342222213745117,
    -28.422378540039062,
    -28.49822998046875,
    -28.56986427307129,
    -28.637331008911133,
    -28.700817108154297,
    -28.76045799255371,
    -28.816421508789062,
    -28.86886978149414,
    -28.917964935302734,
    -28.963924407958984,
    -29.00693702697754,
    -29.047149658203125,
    -29.084747314453125,
    -29.119930267333984,
    -29.152873992919922,
    -29.183727264404297,
    -29.212675094604492,
    -29.239830017089844,
    -29.265338897705078,
    -29.289363861083984,
    -29.31201934814453,
    -29.33340072631836,
    -29.353626251220703,
    -29.37281036376953,
    -29.391021728515625,
    -29.408374786376953,
    -29.424888610839844,
    -29.440664291381836,
    -29.455739974975586,
    -29.47024154663086,
    -29.484153747558594,
    -29.497535705566406,
    -29.510417938232422,
    -29.52286148071289,
    -29.534889221191406,
    -29.546485900878906,
    -29.55777359008789,
    -29.568700790405273,
    -29.579282760620117,
    -29.589584350585938,
    -29.599605560302734,
    -29.609329223632812,
    -29.61882209777832,
    -29.628067016601562,
    -29.637073516845703,
    -29.645841598510742,
    -29.6544132232666,
    -29.66277313232422,
    -29.670948028564453,
    -29.678909301757812,
    -29.68671417236328,
    -29.69434356689453,
    -29.701766967773438,
    -29.709087371826172,
    -29.716249465942383,
    -29.723243713378906,
    -29.730133056640625,
    -29.736833572387695,
    -29.743438720703125,
    -29.74994659423828,
    -29.756315231323242,
    -29.762569427490234,
    -29.768760681152344,
    -29.77484130859375,
    -29.780818939208984
  ],