{
  "size": 16,
  "opt_val": -31.0,
  "method": "VQE",
  "operations": [
    "Z0_Y2",
    "Z0_Y11",
    "Z0_Y7",
    "Z0_Y4",
    "Z0_Y15",
    "Z2_Y8",
    "Z2_Y13",
    "Z2_Y9",
    "Z2_Y12",
    "Z11_Y1",
    "Z11_Y6",
    "Z11_Y10",
    "Z7_Y3",
    "Z7_Y5",
    "Z4_Y14",
    "Z11_Y8",
    "Z7_Y1",
    "Z7_Y12",
    "Z4_Y9",
    "Z4_Y15",
    "Z4_Y8",
    "Z15_Y6",
    "Z15_Y12",
    "Z15_Y13",
    "Z1_Y14",
    "Z1_Y10",
    "Z14_Y3",
    "Z14_Y5",
    "Z1_Y8",
    "Z8_Y13",
    "Z14_Y9",
    "Z10_Y3",
    "Z10_Y5",
    "Z10_Y6",
    "Z13_Y3",
    "Z13_Y9",
    "Z12_Y5",
    "Z9_Y3",
    "Z12_Y6",
    "Z5_Y6"
  ],
  "dt": 0.05,
  "lr": 0.05,
  "lam": 1.0,
  "mu": 0.9,
  "fix_step": 0,
  "constant_c": true,
  "parameters": [
    1.556298851966858,
    1.5226292610168457,
    0.8627316951751709,
    1.1853681802749634,
    0.5634062886238098,
    0.2647632956504822,
    -0.19115591049194336,
    0.44181856513023376,
    0.9162880182266235,
    0.02954855002462864,
    0.6236652731895447,
    -0.01946292445063591,
    0.5047605037689209,
    0.482255756855011,
    -0.010269997641444206,
    0.33886754512786865,
    1.5373766422271729,
    0.4075358510017395,
    0.7382124662399292,
    0.9283543825149536,
    1.0025218725204468,
    1.1509592533111572,
    0.33327099680900574,
    0.37341979146003723,
    1.5603164434432983,
    1.5488367080688477,
    0.5172024965286255,
    0.6287749409675598,
    0.05017353221774101,
    1.0471508502960205,
    0.013868646696209908,
    0.54611736536026,
    0.471283882856369,
    0.33960816264152527,
    0.12912429869174957,
    0.3864268958568573,
    0.016604049131274223,
    0.12672165036201477,
    0.5819494128227234,
    0.4239902198314667
  ],
  "opt_ratios": [
    3.0517549021169543e-05,
    8.422158862231299e-05,
    0.00013021893391851336,
    0.00019415529095567763,
    0.00028040510369464755,
    0.0003937278816010803,
    0.0005391435697674751,
    0.0007217804668471217,
    0.0009467051131650805,
    0.0012187134707346559,
    0.0015420946292579174,
    0.0019203460542485118,
    0.0023560081608593464,
    0.0028503541834652424,
    0.0034031609538942575,
    0.004012671299278736,
    0.004675432574003935,
    0.0053863623179495335,
    0.006138732191175222,
    0.006924617104232311,
    0.00773495901376009,
    0.008559880778193474,
    0.009389355778694153,
    0.010213089175522327,
    0.01102149672806263,
    0.011805265210568905,
    0.012556173838675022,
    0.013267146423459053,
    0.01393186580389738,
    0.014545327983796597,
    0.015103672631084919,
    0.01560397818684578,
    0.016044652089476585,
    0.016424763947725296,
    0.016744021326303482,
    0.017003189772367477,
    0.01720360480248928,
    0.017347091808915138,
    0.01743622124195099,
    0.017473891377449036,
    0.017463363707065582,
    0.01740853302180767,
    0.01731284335255623,
    0.01718050241470337,
    0.01701526716351509,
    0.016821112483739853,
    0.01660173200070858,
    0.01636088825762272,
    0.01610136218369007,
    0.015826789662241936,
    0.015539504587650299,
    0.015242333523929119,
    0.014937075786292553,
    0.01462569460272789,
    0.014310033991932869,
    0.013991432264447212,
    0.013670600019395351,
    0.013349429704248905,
    0.013028441928327084,
    0.012708500027656555,
    0.012390177696943283,
    0.012073897756636143,
    0.01176006905734539,
    0.011449710465967655,
    0.011142069473862648,
    0.010838055983185768,
    0.010537497699260712,
    0.010240667499601841,
    0.00994789507240057,
    0.009659062139689922,
    0.009373537264764309,
    0.009092897176742554,
    0.008816603571176529,
    0.008545217104256153,
    0.008278409019112587,
    0.008016386069357395,
    0.007759924046695232,
    0.00750875286757946,
    0.007262465078383684,
    0.007021117024123669,
    0.006784871220588684,
    0.006553802639245987,
    0.00632769800722599,
    0.006106914486736059,
    0.005891817156225443,
    0.005682154558598995,
    0.005478380713611841,
    0.005279636941850185,
    0.005086487624794245,
    0.0048985411413013935,
    0.004715925082564354,
    0.004538470879197121,
    0.0043661887757480145,
    0.004199133720248938,
    0.00403723306953907,
    0.003880511038005352,
    0.0037289331667125225,
    0.003582076635211706,
    0.0034401407465338707,
    0.003303365083411336,
    0.003171265125274658
  ],
  "expectations": [
    -19.999980926513672,
    -20.967111587524414,
    -21.398483276367188,
    -21.804901123046875,
    -22.18883514404297,
    -22.55245590209961,
    -22.897708892822266,
    -23.226253509521484,
    -23.539535522460938,
    -23.838876724243164,
    -24.125333786010742,
    -24.399906158447266,
    -24.663393020629883,
    -24.916458129882812,
    -25.159687042236328,
    -25.39352035522461,
    -25.618324279785156,
    -25.83441162109375,
    -26.04200553894043,
    -26.241336822509766,
    -26.432580947875977,
    -26.61594009399414,
    -26.79157257080078,
    -26.959732055664062,
    -27.12061309814453,
    -27.274425506591797,
    -27.42133903503418,
    -27.561613082885742,
    -27.69540786743164,
    -27.822921752929688,
    -27.94430923461914,
    -28.059675216674805,
    -28.169191360473633,
    -28.272930145263672,
    -28.370967864990234,
    -28.463459014892578,
    -28.550430297851562,
    -28.632064819335938,
    -28.70844268798828,
    -28.779720306396484,
    -28.846115112304688,
    -28.90773582458496,
    -28.96493148803711,
    -29.017839431762695,
    -29.066741943359375,
    -29.111927032470703,
    -29.153644561767578,
    -29.192142486572266,
    -29.227703094482422,
    -29.260597229003906,
    -29.291034698486328,
    -29.319255828857422,
    -29.345468521118164,
    -29.369871139526367,
    -29.39264678955078,
    -29.413991928100586,
    -29.433984756469727,
    -29.452808380126953,
    -29.470565795898438,
    -29.487380981445312,
    -29.503339767456055,
    -29.518512725830078,
    -29.532962799072266,
    -29.546802520751953,
    -29.56008529663086,
    -29.572818756103516,
    -29.585037231445312,
    -29.59682846069336,
    -29.60822296142578,
    -29.61923599243164,
    -29.629892349243164,
    -29.64023208618164,
    -29.650238037109375,
    -29.65995216369629,
    -29.66940689086914,
    -29.6785888671875,
    -29.687538146972656,
    -29.696229934692383,
    -29.704700469970703,
    -29.712947845458984,
    -29.721006393432617,
    -29.728836059570312,
    -29.736469268798828,
    -29.74394989013672,
    -29.751201629638672,
    -29.758285522460938,
    -29.765182495117188,
    -29.77190399169922,
    -29.778461456298828,
    -29.784862518310547,
    -29.79106903076172,
    -29.797163009643555,
    -29.803089141845703,
    -29.808841705322266,
    -29.814453125,
    -29.819908142089844,
    -29.82524299621582,
    -29.83041000366211,
    -29.835472106933594,
    -29.84036636352539,
    -29.845138549804688
  ],