{
  "size": 16,
  "opt_val": -30.0,
  "method": "VQE",
  "operations": [
    "Z0_Y14",
    "Z0_Y11",
    "Z0_Y10",
    "Z0_Y9",
    "Z0_Y12",
    "Z14_Y4",
    "Z14_Y7",
    "Z14_Y8",
    "Z11_Y3",
    "Z11_Y15",
    "Z10_Y1",
    "Z10_Y2",
    "Z10_Y5",
    "Z10_Y13",
    "Z12_Y6",
    "Z14_Y11",
    "Z11_Y7",
    "Z9_Y3",
    "Z9_Y4",
    "Z9_Y7",
    "Z9_Y15",
    "Z12_Y2",
    "Z12_Y4",
    "Z12_Y8",
    "Z1_Y6",
    "Z1_Y5",
    "Z1_Y7",
    "Z1_Y13",
    "Z6_Y3",
    "Z6_Y4",
    "Z6_Y13",
    "Z5_Y2",
    "Z5_Y3",
    "Z7_Y3",
    "Z13_Y8",
    "Z2_Y15",
    "Z5_Y13",
    "Z2_Y8",
    "Z8_Y15",
    "Z15_Y4"
  ],
  "dt": 0.05,
  "lr": 0.05,
  "lam": 1.0,
  "mu": 0.9,
  "fix_step": 0,
  "constant_c": true,
  "parameters": [
    1.5506372451782227,
    1.1205180883407593,
    1.2724406719207764,
    1.5664271116256714,
    1.5640300512313843,
    0.4770020544528961,
    0.5778704881668091,
    0.8352212309837341,
    0.18630686402320862,
    0.15643152594566345,
    1.511940360069275,
    0.6910507678985596,
    -0.3692116439342499,
    0.4882388710975647,
    -0.0864948257803917,
    -0.2023523598909378,
    0.6619088649749756,
    0.27033326029777527,
    0.43579548597335815,
    0.4839330017566681,
    0.058620236814022064,
    0.25387176871299744,
    0.470621794462204,
    0.7077385783195496,
    1.48418390750885,
    1.201582908630371,
    0.1942039430141449,
    0.07920251786708832,
    0.6396934390068054,
    0.08822887390851974,
    0.6874544024467468,
    0.6290030479431152,
    0.6932335495948792,
    0.2114948183298111,
    0.04696348309516907,
    0.8689324855804443,
    0.4740646779537201,
    -0.0012276406632736325,
    0.8748666048049927,
    0.1003042683005333
  ],
  "opt_ratios": [
    0.00024414039216935635,
    0.0006214093882590532,
    0.0009321460383944213,
    0.0013559008948504925,
    0.0019197047222405672,
    0.002653741277754307,
    0.003591344226151705,
    0.004768842831254005,
    0.006225409917533398,
    0.00800280086696148,
    0.010145377367734909,
    0.012699778191745281,
    0.015714578330516815,
    0.019240200519561768,
    0.0233286302536726,
    0.028032872825860977,
    0.03340660408139229,
    0.03950358182191849,
    0.046377234160900116,
    0.05408037081360817,
    0.06266295164823532,
    0.07217375934123993,
    0.08265694975852966,
    0.0941527783870697,
    0.10669633001089096,
    0.12031280994415283,
    0.1350211203098297,
    0.1508275270462036,
    0.16772380471229553,
    0.18568696081638336,
    0.2046729028224945,
    0.22461998462677002,
    0.24544361233711243,
    0.267040491104126,
    0.28928858041763306,
    0.3120534420013428,
    0.33518970012664795,
    0.3585519790649414,
    0.3819965720176697,
    0.4053870737552643,
    0.42860257625579834,
    0.4515356421470642,
    0.4740947484970093,
    0.4962066411972046,
    0.5178110599517822,
    0.5388661623001099,
    0.5593380331993103,
    0.5792048573493958,
    0.5984537601470947,
    0.6170768737792969,
    0.6350734829902649,
    0.652445375919342,
    0.6691917181015015,
    0.6853227019309998,
    0.7008446455001831,
    0.7157657742500305,
    0.7300950884819031,
    0.7438403367996216,
    0.7570154666900635,
    0.7696301341056824,
    0.7816965579986572,
    0.7932243943214417,
    0.8042297959327698,
    0.8147238492965698,
    0.8247233629226685,
    0.834238588809967,
    0.8432883024215698,
    0.8518856763839722,
    0.8600428104400635,
    0.867777943611145,
    0.8751084804534912,
    0.8820482492446899,
    0.888615608215332,
    0.8948251008987427,
    0.9006930589675903,
    0.9062386155128479,
    0.9114725589752197,
    0.9164094924926758,
    0.9210690259933472,
    0.9254602193832397,
    0.9295952320098877,
    0.9334986209869385,
    0.937171459197998,
    0.9406335353851318,
    0.9438870549201965,
    0.9469565153121948,
    0.9498411417007446,
    0.9525601863861084,
    0.9551199078559875,
    0.957525372505188,
    0.959793746471405,
    0.9619296193122864,
    0.9639363884925842,
    0.965825617313385,
    0.9676096439361572,
    0.969290554523468,
    0.9708714485168457,
    0.97236168384552,
    0.9737668037414551,
    0.9750933647155762,
    0.9763461351394653
  ],
  "expectations": [
    -19.999980926513672,
    -20.964338302612305,
    -21.389842987060547,
    -21.788005828857422,
    -22.161291122436523,
    -22.511903762817383,
    -22.841815948486328,
    -23.15279769897461,
    -23.446487426757812,
    -23.72433853149414,
    -23.987783432006836,
    -24.23801040649414,
    -24.476173400878906,
    -24.703369140625,
    -24.920547485351562,
    -25.128633499145508,
    -25.328392028808594,
    -25.520627975463867,
    -25.705989837646484,
    -25.885108947753906,
    -26.058521270751953,
    -26.226764678955078,
    -26.390274047851562,
    -26.549449920654297,
    -26.704742431640625,
    -26.856426239013672,
    -27.00478744506836,
    -27.15005874633789,
    -27.292415618896484,
    -27.431888580322266,
    -27.568431854248047,
    -27.70196533203125,
    -27.832225799560547,
    -27.958911895751953,
    -28.081676483154297,
    -28.200145721435547,
    -28.313905715942383,
    -28.422569274902344,
    -28.525941848754883,
    -28.623714447021484,
    -28.715869903564453,
    -28.802310943603516,
    -28.883167266845703,
    -28.958541870117188,
    -29.02865219116211,
    -29.093841552734375,
    -29.154254913330078,
    -29.210302352905273,
    -29.26225471496582,
    -29.3104248046875,
    -29.3551025390625,
    -29.39657974243164,
    -29.435104370117188,
    -29.47090721130371,
    -29.504234313964844,
    -29.535242080688477,
    -29.56417465209961,
    -29.591127395629883,
    -29.616329193115234,
    -29.639863967895508,
    -29.661884307861328,
    -29.68246841430664,
    -29.701717376708984,
    -29.719758987426758,
    -29.736642837524414,
    -29.752479553222656,
    -29.767290115356445,
    -29.781200408935547,
    -29.79419708251953,
    -29.806415557861328,
    -29.81785011291504,
    -29.82858657836914,
    -29.83863067626953,
    -29.84805679321289,
    -29.856887817382812,
    -29.86518096923828,
    -29.87294578552246,
    -29.880233764648438,
    -29.887069702148438,
    -29.89348030090332,
    -29.89947509765625,
    -29.905128479003906,
    -29.910415649414062,
    -29.915369033813477,
    -29.920013427734375,
    -29.924400329589844,
    -29.928485870361328,
    -29.93235206604004,
    -29.935958862304688,
    -29.939346313476562,
    -29.942546844482422,
    -29.94554901123047,
    -29.948345184326172,
    -29.950998306274414,
    -29.953506469726562,
    -29.955848693847656,
    -29.958059310913086,
    -29.960132598876953,
    -29.962081909179688,
    -29.96392250061035,
    -29.96567153930664
  ],