{
  "size": 16,
  "opt_val": -33.0,
  "method": "VQE",
  "operations": [
    "Z0_Y4",
    "Z0_Y10",
    "Z0_Y7",
    "Z0_Y13",
    "Z0_Y3",
    "Z4_Y1",
    "Z4_Y12",
    "Z4_Y15",
    "Z10_Y5",
    "Z10_Y11",
    "Z7_Y2",
    "Z13_Y8",
    "Z13_Y14",
    "Z1_Y9",
    "Z9_Y6",
    "Z4_Y13",
    "Z10_Y1",
    "Z10_Y7",
    "Z7_Y3",
    "Z13_Y2",
    "Z3_Y12",
    "Z3_Y15",
    "Z9_Y14",
    "Z9_Y11",
    "Z9_Y12",
    "Z2_Y11",
    "Z2_Y6",
    "Z11_Y8",
    "Z6_Y5",
    "Z7_Y1",
    "Z3_Y1",
    "Z2_Y15",
    "Z11_Y6",
    "Z6_Y8",
    "Z15_Y5",
    "Z15_Y8",
    "Z12_Y5",
    "Z12_Y14",
    "Z5_Y14",
    "Z14_Y8"
  ],
  "dt": 0.05,
  "lr": 0.05,
  "lam": 1.0,
  "mu": 0.9,
  "fix_step": 0,
  "constant_c": true,
  "parameters": [
    1.5707930326461792,
    1.5670970678329468,
    -0.6724738478660583,
    -0.30955103039741516,
    1.2264257669448853,
    1.5707865953445435,
    0.6594595313072205,
    0.6034857630729675,
    0.16915778815746307,
    0.5484129786491394,
    0.004397196229547262,
    7.58899159336579e-06,
    -0.00013525618123821914,
    1.5707299709320068,
    0.7722770571708679,
    1.2613500356674194,
    0.1313963234424591,
    0.8962618708610535,
    0.3443406820297241,
    1.5665221214294434,
    0.532625138759613,
    0.364691823720932,
    0.8177806735038757,
    0.49259713292121887,
    0.3787257969379425,
    0.529805064201355,
    0.7982173562049866,
    0.3698500394821167,
    0.7445287704467773,
    0.26207470893859863,
    0.13067562878131866,
    0.6026250123977661,
    -0.00035817516618408263,
    0.43661338090896606,
    0.5709009766578674,
    0.4824957251548767,
    0.4245329201221466,
    0.07299164682626724,
    0.82485032081604,
    0.28183841705322266
  ],
  "opt_ratios": [
    3.0517549021169543e-05,
    0.00010258984548272565,
    0.0001747255737427622,
    0.00028645843849517405,
    0.0004540116642601788,
    0.0006980216130614281,
    0.0010439185425639153,
    0.0015220814384520054,
    0.00216771406121552,
    0.0030202551279217005,
    0.004122632555663586,
    0.005520515143871307,
    0.007261558435857296,
    0.009394872933626175,
    0.011972294189035892,
    0.015049944631755352,
    0.018691018223762512,
    0.022970471531152725,
    0.02798047661781311,
    0.03383573144674301,
    0.04068082943558693,
    0.04869869723916054,
    0.05811766907572746,
    0.06922081857919693,
    0.08235291391611099,
    0.09792950749397278,
    0.11643805354833603,
    0.1384289711713791,
    0.1644979864358902,
    0.19523821771144867,
    0.2311689257621765,
    0.2726235091686249,
    0.3196120262145996,
    0.37169530987739563,
    0.42789626121520996,
    0.48672032356262207,
    0.5463103652000427,
    0.6047002673149109,
    0.6600982546806335,
    0.7111198306083679,
    0.7568902373313904,
    0.7970272302627563,
    0.8315691947937012,
    0.8608500361442566,
    0.8853766918182373,
    0.9057340621948242,
    0.9225250482559204,
    0.9363116025924683,
    0.9476040601730347,
    0.9568426609039307,
    0.9643961787223816,
    0.9705827236175537,
    0.97565096616745,
    0.9798123240470886,
    0.9832331538200378,
    0.986051619052887,
    0.9883805513381958,
    0.9903075695037842,
    0.9919034838676453,
    0.9932279586791992,
    0.9943282604217529,
    0.9952445030212402,
    0.9960082769393921,
    0.9966458082199097,
    0.9971778392791748,
    0.9976242780685425,
    0.997996985912323,
    0.998309314250946,
    0.9985730648040771,
    0.9987946152687073,
    0.9989811778068542,
    0.9991384744644165,
    0.9992692470550537,
    0.9993816018104553,
    0.999476432800293,
    0.999554455280304,
    0.9996223449707031,
    0.9996781349182129,
    0.9997255206108093,
    0.9997670650482178,
    0.9998005628585815,
    0.9998294711112976,
    0.9998546242713928,
    0.9998743534088135,
    0.9998927712440491,
    0.9999078512191772,
    0.9999209046363831,
    0.9999317526817322,
    0.9999402761459351,
    0.9999486207962036,
    0.9999552965164185,
    0.9999610781669617,
    0.9999654293060303,
    0.9999704360961914,
    0.9999734163284302,
    0.999976634979248,
    0.9999794363975525,
    0.9999815821647644,
    0.9999832510948181,
    0.9999841451644897,
    0.9999859929084778
  ],
  "expectations": [
    -19.999980926513672,
    -20.972766876220703,
    -21.4163818359375,
    -21.83985137939453,
    -22.24508285522461,
    -22.633441925048828,
    -23.005929946899414,
    -23.363162994384766,
    -23.70541000366211,
    -24.03274154663086,
    -24.34503746032715,
    -24.64206314086914,
    -24.923690795898438,
    -25.189857482910156,
    -25.440784454345703,
    -25.676921844482422,
    -25.899169921875,
    -26.10877799987793,
    -26.307418823242188,
    -26.497161865234375,
    -26.680335998535156,
    -26.859703063964844,
    -27.038185119628906,
    -27.21904754638672,
    -27.405723571777344,
    -27.601917266845703,
    -27.811389923095703,
    -28.037927627563477,
    -28.285030364990234,
    -28.555519104003906,
    -28.851097106933594,
    -29.171466827392578,
    -29.513824462890625,
    -29.872394561767578,
    -30.238388061523438,
    -30.600963592529297,
    -30.94876480102539,
    -31.27169418334961,
    -31.56230926513672,
    -31.816661834716797,
    -32.034114837646484,
    -32.21641540527344,
    -32.36687088012695,
    -32.489654541015625,
    -32.58900451660156,
    -32.66886901855469,
    -32.732826232910156,
    -32.783958435058594,
    -32.82485580444336,
    -32.85755920410156,
    -32.88374328613281,
    -32.90480422973633,
    -32.92176055908203,
    -32.93550109863281,
    -32.946632385253906,
    -32.955692291259766,
    -32.96312713623047,
    -32.96923065185547,
    -32.97425842285156,
    -32.9784049987793,
    -32.981834411621094,
    -32.98469543457031,
    -32.987083435058594,
    -32.98905944824219,
    -32.99072265625,
    -32.99211502075195,
    -32.993263244628906,
    -32.99425506591797,
    -32.9951171875,
    -32.995811462402344,
    -32.99638366699219,
    -32.99690246582031,
    -32.997337341308594,
    -32.997711181640625,
    -32.998016357421875,
    -32.998268127441406,
    -32.998497009277344,
    -32.99867248535156,
    -32.998817443847656,
    -32.999000549316406,
    -32.99907684326172,
    -32.99917984008789,
    -32.999305725097656,
    -32.99932861328125,
    -32.99940490722656,
    -32.99945831298828,
    -32.99951934814453,
    -32.99955749511719,
    -32.999576568603516,
    -32.99961853027344,
    -32.99964141845703,
    -32.999671936035156,
    -32.999671936035156,
    -32.999717712402344,
    -32.99971008300781,
    -32.999732971191406,
    -32.99974822998047,
    -32.99976348876953,
    -32.99976348876953,
    -32.999755859375,
    -32.999778747558594
  ],