{
  "size": 16,
  "opt_val": -30.0,
  "method": "VQE",
  "operations": [
    "Z0_Y7",
    "Z0_Y4",
    "Z0_Y13",
    "Z0_Y9",
    "Z0_Y6",
    "Z7_Y3",
    "Z7_Y5",
    "Z7_Y12",
    "Z4_Y15",
    "Z13_Y1",
    "Z13_Y10",
    "Z13_Y14",
    "Z9_Y2",
    "Z6_Y8",
    "Z1_Y11",
    "Z7_Y9",
    "Z4_Y6",
    "Z4_Y12",
    "Z4_Y13",
    "Z9_Y3",
    "Z9_Y5",
    "Z6_Y15",
    "Z6_Y14",
    "Z1_Y3",
    "Z1_Y2",
    "Z1_Y14",
    "Z3_Y8",
    "Z2_Y11",
    "Z2_Y10",
    "Z3_Y2",
    "Z11_Y5",
    "Z11_Y10",
    "Z11_Y12",
    "Z14_Y12",
    "Z14_Y15",
    "Z10_Y8",
    "Z10_Y5",
    "Z8_Y12",
    "Z8_Y15",
    "Z15_Y5"
  ],
  "dt": 0.05,
  "lr": 0.05,
  "lam": 1.0,
  "mu": 0.9,
  "fix_step": 0,
  "constant_c": true,
  "parameters": [
    1.5568863153457642,
    1.2867075204849243,
    1.505028247833252,
    1.0990736484527588,
    -0.05322972685098648,
    1.1040090322494507,
    0.6719249486923218,
    0.329457551240921,
    0.49871590733528137,
    1.5541417598724365,
    0.5964532494544983,
    0.004976830445230007,
    0.09710551053285599,
    0.00557660823687911,
    1.5472701787948608,
    -0.402904212474823,
    1.4260337352752686,
    0.10497255623340607,
    0.13837938010692596,
    0.4641604721546173,
    0.7947041392326355,
    0.22752675414085388,
    0.7332494258880615,
    -0.002831999445334077,
    1.1138845682144165,
    0.8451709747314453,
    0.5584267377853394,
    -0.021931208670139313,
    0.18076802790164948,
    0.561247706413269,
    0.4181748330593109,
    0.8070109486579895,
    0.4515828490257263,
    0.23107942938804626,
    0.7130016684532166,
    1.0118697881698608,
    0.19907914102077484,
    0.455901563167572,
    0.5949439406394958,
    0.13915133476257324
  ],
  "opt_ratios": [
    0.00018310529412701726,
    0.00046281988034024835,
    0.0006865079049021006,
    0.0009824319276958704,
    0.0013613949995487928,
    0.0018327260622754693,
    0.002403905149549246,
    0.0030803235713392496,
    0.0038653628434985876,
    0.00476057268679142,
    0.0057659996673464775,
    0.006880459375679493,
    0.00810205563902855,
    0.009428280405700207,
    0.01085625309497118,
    0.012382814660668373,
    0.014004816301167011,
    0.01571900025010109,
    0.01752197928726673,
    0.019410371780395508,
    0.021380607038736343,
    0.02342921867966652,
    0.025552639737725258,
    0.02774733304977417,
    0.03001026064157486,
    0.03233791142702103,
    0.03472759947180748,
    0.037176795303821564,
    0.039683543145656586,
    0.04224633798003197,
    0.04486469924449921,
    0.047538697719573975,
    0.05026978999376297,
    0.05305980518460274,
    0.05591263249516487,
    0.05883249640464783,
    0.06182589754462242,
    0.06490053236484528,
    0.06806579232215881,
    0.0713328942656517,
    0.07471514493227005,
    0.07822786271572113,
    0.08188829571008682,
    0.0857165977358818,
    0.08973529934883118,
    0.09396982192993164,
    0.09844858944416046,
    0.10320337116718292,
    0.10827001184225082,
    0.1136871725320816,
    0.11949838697910309,
    0.12575113773345947,
    0.13249830901622772,
    0.139796644449234,
    0.14770883321762085,
    0.1563027799129486,
    0.16565164923667908,
    0.175834521651268,
    0.18693354725837708,
    0.19903771579265594,
    0.21223732829093933,
    0.22662322223186493,
    0.24228492379188538,
    0.25931060314178467,
    0.2777751684188843,
    0.2977415919303894,
    0.31925463676452637,
    0.3423299789428711,
    0.3669518232345581,
    0.3930625021457672,
    0.4205617308616638,
    0.44929933547973633,
    0.4790767431259155,
    0.5096486210823059,
    0.540734589099884,
    0.5720174908638,
    0.6031653881072998,
    0.6338536739349365,
    0.663759708404541,
    0.6926013231277466,
    0.7201359272003174,
    0.7461676597595215,
    0.7705589532852173,
    0.7932231426239014,
    0.8141171932220459,
    0.8332511186599731,
    0.8506724834442139,
    0.8664462566375732,
    0.8806664943695068,
    0.8934347033500671,
    0.9048558473587036,
    0.9150567650794983,
    0.9241499304771423,
    0.9322370290756226,
    0.939423143863678,
    0.945810079574585,
    0.9514662623405457,
    0.9564889669418335,
    0.9609508514404297,
    0.9649131298065186,
    0.9684268832206726
  ],
  "expectations": [
    -19.999980926513672,
    -20.96371841430664,
    -21.386837005615234,
    -21.78005599975586,
    -22.145008087158203,
    -22.48305892944336,
    -22.795665740966797,
    -23.08417510986328,
    -23.350027084350586,
    -23.59469223022461,
    -23.819740295410156,
    -24.026704788208008,
    -24.217113494873047,
    -24.392444610595703,
    -24.5540771484375,
    -24.70337677001953,
    -24.84151840209961,
    -24.969667434692383,
    -25.088768005371094,
    -25.19977569580078,
    -25.303485870361328,
    -25.400604248046875,
    -25.491796493530273,
    -25.57762908935547,
    -25.658641815185547,
    -25.735261917114258,
    -25.807884216308594,
    -25.8769474029541,
    -25.942760467529297,
    -26.00564193725586,
    -26.06585693359375,
    -26.123706817626953,
    -26.179433822631836,
    -26.233261108398438,
    -26.285438537597656,
    -26.33615493774414,
    -26.385643005371094,
    -26.4340763092041,
    -26.48166275024414,
    -26.52859115600586,
    -26.575002670288086,
    -26.62112045288086,
    -26.667091369628906,
    -26.71308708190918,
    -26.759254455566406,
    -26.805767059326172,
    -26.852767944335938,
    -26.900341033935547,
    -26.948745727539062,
    -26.997997283935547,
    -27.048282623291016,
    -27.099716186523438,
    -27.152416229248047,
    -27.20644760131836,
    -27.261959075927734,
    -27.319061279296875,
    -27.37781524658203,
    -27.438377380371094,
    -27.50082778930664,
    -27.565261840820312,
    -27.63186264038086,
    -27.700653076171875,
    -27.7717342376709,
    -27.845252990722656,
    -27.921236038208008,
    -27.999773025512695,
    -28.080854415893555,
    -28.16442108154297,
    -28.2503604888916,
    -28.338457107543945,
    -28.428409576416016,
    -28.51980209350586,
    -28.612125396728516,
    -28.704753875732422,
    -28.796972274780273,
    -28.888042449951172,
    -28.977134704589844,
    -29.063562393188477,
    -29.146522521972656,
    -29.2254638671875,
    -29.299888610839844,
    -29.369415283203125,
    -29.433815002441406,
    -29.493038177490234,
    -29.547103881835938,
    -29.596147537231445,
    -29.640392303466797,
    -29.680118560791016,
    -29.71567726135254,
    -29.74735450744629,
    -29.775476455688477,
    -29.800445556640625,
    -29.822561264038086,
    -29.842140197753906,
    -29.859413146972656,
    -29.874698638916016,
    -29.88815689086914,
    -29.90005874633789,
    -29.910598754882812,
    -29.919918060302734,
    -29.928142547607422
  ],