{
  "size": 12,
  "opt_val": -15.0,
  "method": "VQE",
  "operations": [
    "Z0_Y7",
    "Z0_Y4",
    "Z0_Y9",
    "Z7_Y5",
    "Z7_Y10",
    "Z4_Y3",
    "Z9_Y2",
    "Z9_Y11",
    "Z1_Y2",
    "Z1_Y6",
    "Z6_Y8",
    "Z4_Y5",
    "Z1_Y10",
    "Z2_Y3",
    "Z10_Y11",
    "Z6_Y5",
    "Z3_Y8",
    "Z8_Y11"
  ],
  "dt": 0.05,
  "lr": 0.05,
  "lam": 1.0,
  "mu": 0.9,
  "fix_step": 0,
  "constant_c": true,
  "parameters": [
    1.524901270866394,
    1.544839859008789,
    1.4156346321105957,
    0.7576860189437866,
    0.29369619488716125,
    1.3514119386672974,
    0.20041842758655548,
    0.715434193611145,
    1.288337230682373,
    1.305619478225708,
    0.25658291578292847,
    0.7576863765716553,
    1.2268266677856445,
    0.18688347935676575,
    0.21691633760929108,
    0.07601479440927505,
    1.2966582775115967,
    0.7480529546737671
  ],
  "opt_ratios": [
    0.001953123603016138,
    0.0034531173296272755,
    0.004489043261855841,
    0.00575130432844162,
    0.007264254614710808,
    0.009048856794834137,
    0.01112157292664051,
    0.013493520207703114,
    0.016170039772987366,
    0.019150644540786743,
    0.02242942526936531,
    0.025995684787631035,
    0.029834920540452003,
    0.03392980992794037,
    0.038261301815509796,
    0.04280968755483627,
    0.04755539074540138,
    0.05247965082526207,
    0.05756528675556183,
    0.06279679387807846,
    0.06816081702709198,
    0.07364608347415924,
    0.07924357056617737,
    0.08494618535041809,
    0.0907488465309143,
    0.09664824604988098,
    0.10264270752668381,
    0.10873175412416458,
    0.11491623520851135,
    0.12119802832603455,
    0.12757965922355652,
    0.13406454026699066,
    0.14065659046173096,
    0.14735987782478333,
    0.1541791707277298,
    0.1611190289258957,
    0.16818460822105408,
    0.1753806471824646,
    0.1827124059200287,
    0.1901845932006836,
    0.19780218601226807,
    0.20556995272636414,
    0.21349236369132996,
    0.22157365083694458,
    0.2298182249069214,
    0.2382296621799469,
    0.24681177735328674,
    0.2555675804615021,
    0.2645002007484436,
    0.2736119031906128,
    0.2829047441482544,
    0.29238060116767883,
    0.30204012989997864,
    0.31188464164733887,
    0.3219137191772461,
    0.3321268856525421,
    0.34252315759658813,
    0.3531007766723633,
    0.36385679244995117,
    0.3747885823249817,
    0.38589197397232056,
    0.3971616327762604,
    0.40859290957450867,
    0.42017862200737,
    0.4319115877151489,
    0.4437839388847351,
    0.4557855427265167,
    0.46790778636932373,
    0.4801381826400757,
    0.49246639013290405,
    0.5048785209655762,
    0.5173612833023071,
    0.5299005508422852,
    0.5424809455871582,
    0.5550863742828369,
    0.5677011013031006,
    0.5803070664405823,
    0.5928876996040344,
    0.6054247617721558,
    0.6179000735282898,
    0.6302961707115173,
    0.6425944566726685,
    0.6547777056694031,
    0.6668273210525513,
    0.6787270903587341,
    0.6904605627059937,
    0.7020114064216614,
    0.7133642435073853,
    0.7245058417320251,
    0.7354232668876648,
    0.7461037039756775,
    0.756536602973938,
    0.7667128443717957,
    0.7766238451004028,
    0.7862622737884521,
    0.7956230044364929,
    0.8047009110450745,
    0.8134922981262207,
    0.82199627161026,
    0.8302104473114014,
    0.8381362557411194
  ],
  "expectations": [
    -8.999994277954102,
    -9.449254989624023,
    -9.671430587768555,
    -9.890514373779297,
    -10.105377197265625,
    -10.314918518066406,
    -10.518167495727539,
    -10.714262008666992,
    -10.902512550354004,
    -11.082388877868652,
    -11.253549575805664,
    -11.415800094604492,
    -11.569112777709961,
    -11.713580131530762,
    -11.849401473999023,
    -11.976884841918945,
    -12.096382141113281,
    -12.208288192749023,
    -12.313050270080566,
    -12.411102294921875,
    -12.502903938293457,
    -12.58889102935791,
    -12.669508934020996,
    -12.745155334472656,
    -12.816235542297363,
    -12.883121490478516,
    -12.946165084838867,
    -13.005684852600098,
    -13.061981201171875,
    -13.115341186523438,
    -13.166007995605469,
    -13.21422004699707,
    -13.260197639465332,
    -13.304116249084473,
    -13.346165657043457,
    -13.386490821838379,
    -13.425249099731445,
    -13.462553024291992,
    -13.498540878295898,
    -13.533299446105957,
    -13.566937446594238,
    -13.599541664123535,
    -13.631183624267578,
    -13.661933898925781,
    -13.691873550415039,
    -13.721039772033691,
    -13.749509811401367,
    -13.777320861816406,
    -13.804534912109375,
    -13.831178665161133,
    -13.857295989990234,
    -13.882936477661133,
    -13.908117294311523,
    -13.932893753051758,
    -13.95728588104248,
    -13.981313705444336,
    -14.00501537322998,
    -14.028419494628906,
    -14.051528930664062,
    -14.074387550354004,
    -14.097004890441895,
    -14.119380950927734,
    -14.141565322875977,
    -14.163544654846191,
    -14.185331344604492,
    -14.206951141357422,
    -14.228373527526855,
    -14.249650955200195,
    -14.270737648010254,
    -14.291677474975586,
    -14.312435150146484,
    -14.333020210266113,
    -14.35342788696289,
    -14.37364673614502,
    -14.393662452697754,
    -14.413479804992676,
    -14.433063507080078,
    -14.452421188354492,
    -14.471527099609375,
    -14.490362167358398,
    -14.508926391601562,
    -14.527185440063477,
    -14.545145988464355,
    -14.56275749206543,
    -14.580032348632812,
    -14.596956253051758,
    -14.613496780395508,
    -14.62964153289795,
    -14.645390510559082,
    -14.660737037658691,
    -14.675650596618652,
    -14.690132141113281,
    -14.704180717468262,
    -14.717787742614746,
    -14.73094367980957,
    -14.743659973144531,
    -14.7559232711792,
    -14.767730712890625,
    -14.779108047485352,
    -14.790027618408203,
    -14.80052375793457
  ],