{
  "size": 12,
  "opt_val": -16.0,
  "method": "VQE",
  "operations": [
    "Z0_Y4",
    "Z0_Y8",
    "Z0_Y11",
    "Z4_Y1",
    "Z8_Y6",
    "Z8_Y10",
    "Z1_Y5",
    "Z1_Y3",
    "Z5_Y2",
    "Z3_Y7",
    "Z7_Y9",
    "Z4_Y11",
    "Z11_Y10",
    "Z5_Y3",
    "Z2_Y7",
    "Z2_Y6",
    "Z6_Y9",
    "Z9_Y10"
  ],
  "dt": 0.05,
  "lr": 0.05,
  "lam": 1.0,
  "mu": 0.9,
  "fix_step": 0,
  "constant_c": true,
  "parameters": [
    0.4298231601715088,
    1.5433634519577026,
    1.4677188396453857,
    1.425497055053711,
    0.9815970659255981,
    0.7395098805427551,
    -0.48041975498199463,
    0.31239792704582214,
    1.523516058921814,
    0.06643113493919373,
    0.007784693036228418,
    0.09603051841259003,
    0.5357406735420227,
    1.2506145238876343,
    1.4881551265716553,
    0.5889319777488708,
    1.5343841314315796,
    0.30725666880607605
  ],
  "opt_ratios": [
    0.000976561801508069,
    0.0018880830612033606,
    0.0025445984210819006,
    0.003365835640579462,
    0.004374337382614613,
    0.005591395776718855,
    0.007036158349364996,
    0.008724836632609367,
    0.010670044459402561,
    0.0128803551197052,
    0.01536010205745697,
    0.018109403550624847,
    0.02112450636923313,
    0.024398192763328552,
    0.02792053297162056,
    0.03167954087257385,
    0.035661980509757996,
    0.03985414654016495,
    0.04424256086349487,
    0.04881449043750763,
    0.05355847254395485,
    0.05846446007490158,
    0.06352430582046509,
    0.0687316283583641,
    0.07408171892166138,
    0.07957153022289276,
    0.08519958704710007,
    0.0909653902053833,
    0.09686955064535141,
    0.10291334986686707,
    0.10909824073314667,
    0.11542601138353348,
    0.12189798802137375,
    0.12851527333259583,
    0.13527831435203552,
    0.1421864777803421,
    0.14923812448978424,
    0.15643063187599182,
    0.16375967860221863,
    0.17121993005275726,
    0.17880433797836304,
    0.1865043044090271,
    0.19431017339229584,
    0.2022106945514679,
    0.21019324660301208,
    0.21824423968791962,
    0.22634883224964142,
    0.23449157178401947,
    0.2426563799381256,
    0.2508266270160675,
    0.25898537039756775,
    0.2671162486076355,
    0.27520257234573364,
    0.28322845697402954,
    0.2911785840988159,
    0.2990388870239258,
    0.30679547786712646,
    0.31443658471107483,
    0.32195162773132324,
    0.32933080196380615,
    0.3365664780139923,
    0.34365251660346985,
    0.35058391094207764,
    0.3573574423789978,
    0.36397141218185425,
    0.37042561173439026,
    0.3767213821411133,
    0.38286125659942627,
    0.3888491094112396,
    0.39469054341316223,
    0.40039142966270447,
    0.4059599041938782,
    0.4114047884941101,
    0.4167352020740509,
    0.42196258902549744,
    0.42709881067276,
    0.4321560859680176,
    0.43714872002601624,
    0.44209110736846924,
    0.44699880480766296,
    0.4518888592720032,
    0.45677822828292847,
    0.4616857171058655,
    0.46663039922714233,
    0.4716328978538513,
    0.47671425342559814,
    0.48189663887023926,
    0.4872029423713684,
    0.49265724420547485,
    0.49828365445137024,
    0.5041074752807617,
    0.5101538300514221,
    0.516448438167572,
    0.523017406463623,
    0.5298856496810913,
    0.537077784538269,
    0.5446178317070007,
    0.5525271892547607,
    0.560826301574707,
    0.5695328116416931,
    0.5786600112915039
  ],
  "expectations": [
    -8.999994277954102,
    -9.444534301757812,
    -9.657188415527344,
    -9.864049911499023,
    -10.06489372253418,
    -10.259502410888672,
    -10.447683334350586,
    -10.629258155822754,
    -10.80408763885498,
    -10.972050666809082,
    -11.133074760437012,
    -11.287117004394531,
    -11.434198379516602,
    -11.574368476867676,
    -11.707742691040039,
    -11.834465980529785,
    -11.954728126525879,
    -12.068761825561523,
    -12.176840782165527,
    -12.279253005981445,
    -12.376321792602539,
    -12.468355178833008,
    -12.555709838867188,
    -12.6387300491333,
    -12.717748641967773,
    -12.793102264404297,
    -12.86512279510498,
    -12.934106826782227,
    -13.000351905822754,
    -13.064146041870117,
    -13.125722885131836,
    -13.185334205627441,
    -13.243176460266113,
    -13.299446105957031,
    -13.35432243347168,
    -13.407940864562988,
    -13.460423469543457,
    -13.511892318725586,
    -13.56241226196289,
    -13.612069129943848,
    -13.660903930664062,
    -13.708945274353027,
    -13.756221771240234,
    -13.802739143371582,
    -13.848488807678223,
    -13.893464088439941,
    -13.937628746032715,
    -13.980962753295898,
    -14.023431777954102,
    -14.064994812011719,
    -14.105606079101562,
    -14.145243644714355,
    -14.183852195739746,
    -14.221407890319824,
    -14.257866859436035,
    -14.293222427368164,
    -14.327420234680176,
    -14.360461235046387,
    -14.392343521118164,
    -14.423043251037598,
    -14.452569961547852,
    -14.480937957763672,
    -14.508157730102539,
    -14.534245491027832,
    -14.559226989746094,
    -14.583128929138184,
    -14.605997085571289,
    -14.627857208251953,
    -14.64875602722168,
    -14.668742179870605,
    -14.687845230102539,
    -14.706132888793945,
    -14.723661422729492,
    -14.740450859069824,
    -14.756586074829102,
    -14.772115707397461,
    -14.78707504272461,
    -14.801544189453125,
    -14.815566062927246,
    -14.829194068908691,
    -14.84250259399414,
    -14.855533599853516,
    -14.868355751037598,
    -14.881019592285156,
    -14.893590927124023,
    -14.9061279296875,
    -14.918689727783203,
    -14.931339263916016,
    -14.944147109985352,
    -14.957160949707031,
    -14.970458984375,
    -14.984088897705078,
    -14.998116493225098,
    -15.012612342834473,
    -15.027631759643555,
    -15.04322624206543,
    -15.059466361999512,
    -15.076380729675293,
    -15.094037055969238,
    -15.112476348876953,
    -15.131717681884766
  ],