{
  "size": 12,
  "opt_val": -16.0,
  "method": "VQE",
  "operations": [
    "Z0_Y1",
    "Z0_Y4",
    "Z0_Y3",
    "Z1_Y7",
    "Z1_Y10",
    "Z4_Y8",
    "Z7_Y2",
    "Z7_Y5",
    "Z10_Y6",
    "Z2_Y11",
    "Z11_Y9",
    "Z4_Y3",
    "Z3_Y8",
    "Z10_Y2",
    "Z11_Y6",
    "Z8_Y9",
    "Z5_Y6",
    "Z5_Y9"
  ],
  "dt": 0.05,
  "lr": 0.05,
  "lam": 1.0,
  "mu": 0.9,
  "fix_step": 0,
  "constant_c": true,
  "parameters": [
    1.5060237646102905,
    1.4651086330413818,
    1.2472890615463257,
    1.5670047998428345,
    1.5613824129104614,
    0.7740254402160645,
    1.5536282062530518,
    -0.5735959410667419,
    0.6759819984436035,
    1.5238382816314697,
    0.7228800654411316,
    -0.306503564119339,
    0.7966805100440979,
    0.03276512026786804,
    0.7934978008270264,
    0.7166070342063904,
    0.11520463973283768,
    0.14981922507286072
  ],
  "opt_ratios": [
    0.0004882809007540345,
    0.00094394147163257,
    0.0012711824383586645,
    0.0016790388617664576,
    0.0021773818880319595,
    0.002775019034743309,
    0.003479340113699436,
    0.004296098370105028,
    0.005229342263191938,
    0.006281490903347731,
    0.00745351379737258,
    0.008745253086090088,
    0.010155691765248775,
    0.011683311313390732,
    0.013326369225978851,
    0.015083136968314648,
    0.016952089965343475,
    0.018931999802589417,
    0.02102205902338028,
    0.023221805691719055,
    0.025531217455863953,
    0.027950644493103027,
    0.03048068657517433,
    0.03312224894762039,
    0.03587653115391731,
    0.03874478489160538,
    0.04172857105731964,
    0.04482952505350113,
    0.04804949462413788,
    0.05139043182134628,
    0.05485456436872482,
    0.05844423919916153,
    0.0621621310710907,
    0.06601126492023468,
    0.06999485939741135,
    0.07411681115627289,
    0.07838120311498642,
    0.08279286324977875,
    0.08735696971416473,
    0.09207965433597565,
    0.09696745872497559,
    0.10202786326408386,
    0.10726889967918396,
    0.11269968003034592,
    0.11833001673221588,
    0.12417040765285492,
    0.13023245334625244,
    0.13652831315994263,
    0.14307114481925964,
    0.1498745232820511,
    0.15695273876190186,
    0.16432048380374908,
    0.17199285328388214,
    0.1799846887588501,
    0.18831083178520203,
    0.19698549807071686,
    0.20602205395698547,
    0.2154330462217331,
    0.2252289056777954,
    0.23541828989982605,
    0.24600720405578613,
    0.25699901580810547,
    0.2683936357498169,
    0.2801876962184906,
    0.29237350821495056,
    0.30493927001953125,
    0.3178693950176239,
    0.33114391565322876,
    0.3447384834289551,
    0.35862571001052856,
    0.3727741837501526,
    0.3871503174304962,
    0.4017179310321808,
    0.4164390563964844,
    0.4312753975391388,
    0.44618821144104004,
    0.4611388146877289,
    0.4760908782482147,
    0.4910079538822174,
    0.5058573484420776,
    0.5206074118614197,
    0.5352294445037842,
    0.5496970415115356,
    0.5639876127243042,
    0.5780800580978394,
    0.5919559597969055,
    0.6055996417999268,
    0.6189975738525391,
    0.6321378350257874,
    0.6450109481811523,
    0.6576082706451416,
    0.6699233055114746,
    0.6819510459899902,
    0.6936866641044617,
    0.7051272392272949,
    0.7162706851959229,
    0.7271158695220947,
    0.737661600112915,
    0.7479082942008972,
    0.7578568458557129,
    0.7675084471702576
  ],
  "expectations": [
    -8.999994277954102,
    -9.444404602050781,
    -9.656717300415039,
    -9.862932205200195,
    -10.062667846679688,
    -10.255599021911621,
    -10.441444396972656,
    -10.619996070861816,
    -10.791135787963867,
    -10.954843521118164,
    -11.111181259155273,
    -11.260334014892578,
    -11.402519226074219,
    -11.538046836853027,
    -11.667266845703125,
    -11.790548324584961,
    -11.908281326293945,
    -12.020849227905273,
    -12.128643989562988,
    -12.23200798034668,
    -12.331290245056152,
    -12.426807403564453,
    -12.51882553100586,
    -12.60759162902832,
    -12.69334888458252,
    -12.776260375976562,
    -12.856520652770996,
    -12.934274673461914,
    -13.009654998779297,
    -13.082767486572266,
    -13.153730392456055,
    -13.222623825073242,
    -13.289534568786621,
    -13.354554176330566,
    -13.41773796081543,
    -13.479188919067383,
    -13.538957595825195,
    -13.597132682800293,
    -13.653768539428711,
    -13.708967208862305,
    -13.762789726257324,
    -13.815329551696777,
    -13.866657257080078,
    -13.91686725616455,
    -13.966045379638672,
    -14.014265060424805,
    -14.061624526977539,
    -14.108194351196289,
    -14.154081344604492,
    -14.19935417175293,
    -14.244096755981445,
    -14.288381576538086,
    -14.332290649414062,
    -14.375877380371094,
    -14.419206619262695,
    -14.462322235107422,
    -14.505255699157715,
    -14.54806137084961,
    -14.590741157531738,
    -14.633307456970215,
    -14.675735473632812,
    -14.718026161193848,
    -14.760126113891602,
    -14.802006721496582,
    -14.843603134155273,
    -14.884836196899414,
    -14.92563247680664,
    -14.965921401977539,
    -15.005594253540039,
    -15.044574737548828,
    -15.082756042480469,
    -15.120077133178711,
    -15.156444549560547,
    -15.1917724609375,
    -15.226021766662598,
    -15.259134292602539,
    -15.291055679321289,
    -15.32178783416748,
    -15.351293563842773,
    -15.37959098815918,
    -15.406684875488281,
    -15.432588577270508,
    -15.457327842712402,
    -15.48095417022705,
    -15.503494262695312,
    -15.524995803833008,
    -15.545503616333008,
    -15.56507682800293,
    -15.583748817443848,
    -15.601581573486328,
    -15.618609428405762,
    -15.634881019592285,
    -15.650445938110352,
    -15.665329933166504,
    -15.679577827453613,
    -15.693225860595703,
    -15.70630931854248,
    -15.71884536743164,
    -15.730873107910156,
    -15.742410659790039,
    -15.753483772277832
  ],