{
  "size": 12,
  "opt_val": -15.0,
  "method": "VQE",
  "operations": [
    "Z0_Y10",
    "Z0_Y6",
    "Z0_Y2",
    "Z10_Y8",
    "Z10_Y11",
    "Z6_Y1",
    "Z6_Y5",
    "Z2_Y3",
    "Z11_Y9",
    "Z4_Y9",
    "Z4_Y7",
    "Z2_Y8",
    "Z1_Y11",
    "Z1_Y3",
    "Z3_Y8",
    "Z4_Y5",
    "Z9_Y7",
    "Z5_Y7"
  ],
  "dt": 0.05,
  "lr": 0.05,
  "lam": 1.0,
  "mu": 0.9,
  "fix_step": 0,
  "constant_c": true,
  "parameters": [
    1.5098483562469482,
    0.9749915599822998,
    1.508970856666565,
    0.7444268465042114,
    0.7680299282073975,
    1.1170010566711426,
    0.9110631346702576,
    -0.1037345677614212,
    0.6655659675598145,
    0.8266929388046265,
    0.5875628590583801,
    0.6383634805679321,
    0.3498291075229645,
    1.3939629793167114,
    0.1951856017112732,
    0.6334089636802673,
    0.8094618320465088,
    0.9569180011749268
  ],
  "opt_ratios": [
    0.000976561801508069,
    0.0017286454094573855,
    0.0022397697903215885,
    0.002858393592759967,
    0.0035963004920631647,
    0.004464540630578995,
    0.005473107099533081,
    0.006630613002926111,
    0.00794406607747078,
    0.009418648667633533,
    0.011057612486183643,
    0.012862182222306728,
    0.01483156904578209,
    0.016963008791208267,
    0.019251881167292595,
    0.02169182151556015,
    0.02427491545677185,
    0.026991862803697586,
    0.029832245782017708,
    0.03278464823961258,
    0.03583692014217377,
    0.038976456969976425,
    0.04219023883342743,
    0.04546526446938515,
    0.04878850281238556,
    0.05214720219373703,
    0.055528972297906876,
    0.05892201513051987,
    0.062315016984939575,
    0.06569743156433105,
    0.0690593421459198,
    0.07239165902137756,
    0.0756860226392746,
    0.07893474400043488,
    0.08213070034980774,
    0.08526766300201416,
    0.08833980560302734,
    0.09134189784526825,
    0.09426917135715485,
    0.09711740911006927,
    0.09988287091255188,
    0.10256218910217285,
    0.10515240579843521,
    0.10765106976032257,
    0.11005619913339615,
    0.11236603558063507,
    0.11457952857017517,
    0.11669592559337616,
    0.11871479451656342,
    0.12063628435134888,
    0.1224609985947609,
    0.12418970465660095,
    0.1258237510919571,
    0.12736472487449646,
    0.1288144886493683,
    0.1301751732826233,
    0.13144922256469727,
    0.1326393038034439,
    0.1337479054927826,
    0.1347781866788864,
    0.1357330083847046,
    0.13661544024944305,
    0.13742852210998535,
    0.13817544281482697,
    0.1388590931892395,
    0.13948260247707367,
    0.1400490701198578,
    0.14056125283241272,
    0.14102217555046082,
    0.14143452048301697,
    0.14180094003677368,
    0.1421239674091339,
    0.14240626990795135,
    0.14265002310276031,
    0.1428575962781906,
    0.1430310755968094,
    0.1431725025177002,
    0.14328396320343018,
    0.14336709678173065,
    0.14342379570007324,
    0.1434556543827057,
    0.14346414804458618,
    0.14345082640647888,
    0.1434171199798584,
    0.1433640867471695,
    0.14329321682453156,
    0.14320549368858337,
    0.1431020200252533,
    0.14298370480537415,
    0.14285171031951904,
    0.14270669221878052,
    0.14254964888095856,
    0.14238116145133972,
    0.14220216870307922,
    0.14201322197914124,
    0.14181502163410187,
    0.14160799980163574,
    0.14139285683631897,
    0.14117005467414856,
    0.14094018936157227,
    0.14070354402065277
  ],
  "expectations": [
    -8.999994277954102,
    -9.441873550415039,
    -9.648761749267578,
    -9.847639083862305,
    -10.038500785827637,
    -10.221431732177734,
    -10.396562576293945,
    -10.564023971557617,
    -10.7239990234375,
    -10.876662254333496,
    -11.022234916687012,
    -11.160927772521973,
    -11.292972564697266,
    -11.418606758117676,
    -11.538082122802734,
    -11.651642799377441,
    -11.759549140930176,
    -11.862044334411621,
    -11.959397315979004,
    -12.051836013793945,
    -12.139601707458496,
    -12.222940444946289,
    -12.302053451538086,
    -12.37718677520752,
    -12.448534965515137,
    -12.516297340393066,
    -12.580672264099121,
    -12.641852378845215,
    -12.700008392333984,
    -12.755316734313965,
    -12.807941436767578,
    -12.858039855957031,
    -12.905765533447266,
    -12.951264381408691,
    -12.994653701782227,
    -13.03607177734375,
    -13.075631141662598,
    -13.113433837890625,
    -13.149571418762207,
    -13.184127807617188,
    -13.217184066772461,
    -13.248819351196289,
    -13.279075622558594,
    -13.30801773071289,
    -13.335697174072266,
    -13.362154960632324,
    -13.387434005737305,
    -13.411577224731445,
    -13.434610366821289,
    -13.456574440002441,
    -13.477506637573242,
    -13.497435569763184,
    -13.516403198242188,
    -13.534439086914062,
    -13.55157470703125,
    -13.567838668823242,
    -13.583276748657227,
    -13.59792423248291,
    -13.611793518066406,
    -13.624946594238281,
    -13.637401580810547,
    -13.649195671081543,
    -13.660360336303711,
    -13.670931816101074,
    -13.680930137634277,
    -13.690387725830078,
    -13.699350357055664,
    -13.707829475402832,
    -13.715859413146973,
    -13.723467826843262,
    -13.730672836303711,
    -13.737493515014648,
    -13.743972778320312,
    -13.750112533569336,
    -13.755945205688477,
    -13.761483192443848,
    -13.766740798950195,
    -13.77175235748291,
    -13.776514053344727,
    -13.781058311462402,
    -13.785392761230469,
    -13.789523124694824,
    -13.793469429016113,
    -13.797249794006348,
    -13.800856590270996,
    -13.80431842803955,
    -13.807638168334961,
    -13.810829162597656,
    -13.813882827758789,
    -13.816831588745117,
    -13.81966781616211,
    -13.822404861450195,
    -13.825037002563477,
    -13.827590942382812,
    -13.830057144165039,
    -13.832446098327637,
    -13.834754943847656,
    -13.836995124816895,
    -13.83917236328125,
    -13.841291427612305,
    -13.843350410461426
  ],