{
  "size": 12,
  "opt_val": -16.0,
  "method": "VQE",
  "operations": [
    "Z0_Y7",
    "Z0_Y8",
    "Z0_Y11",
    "Z7_Y3",
    "Z7_Y4",
    "Z8_Y6",
    "Z11_Y1",
    "Z11_Y10",
    "Z1_Y9",
    "Z9_Y2",
    "Z3_Y5",
    "Z8_Y4",
    "Z1_Y3",
    "Z9_Y4",
    "Z2_Y6",
    "Z2_Y5",
    "Z6_Y10",
    "Z5_Y10"
  ],
  "dt": 0.05,
  "lr": 0.05,
  "lam": 1.0,
  "mu": 0.9,
  "fix_step": 0,
  "constant_c": true,
  "parameters": [
    1.5581438541412354,
    1.495686411857605,
    1.4714298248291016,
    1.443731427192688,
    0.6094782948493958,
    -0.0433947928249836,
    1.5479240417480469,
    0.4766525626182556,
    1.5651861429214478,
    1.5383821725845337,
    0.5059012174606323,
    0.5882961750030518,
    -0.061761610209941864,
    0.3735344707965851,
    1.4850785732269287,
    1.0653785467147827,
    0.46531224250793457,
    0.6292086839675903
  ],
  "opt_ratios": [
    0.0004882809007540345,
    0.000952869770117104,
    0.0013005060609430075,
    0.0017486775759607553,
    0.002317432314157486,
    0.003028352279216051,
    0.00390416756272316,
    0.004968351684510708,
    0.006244731601327658,
    0.007757130078971386,
    0.009529104456305504,
    0.011583751067519188,
    0.013943638652563095,
    0.016630807891488075,
    0.019666900858283043,
    0.023073311895132065,
    0.02687138319015503,
    0.031082771718502045,
    0.035729601979255676,
    0.040834762156009674,
    0.04642223194241524,
    0.05251721292734146,
    0.05914643406867981,
    0.06633814424276352,
    0.07412232458591461,
    0.0825306698679924,
    0.09159638732671738,
    0.10135409235954285,
    0.11183950304985046,
    0.12308897078037262,
    0.13513872027397156,
    0.1480243057012558,
    0.1617794930934906,
    0.17643524706363678,
    0.19201867282390594,
    0.2085508406162262,
    0.22604602575302124,
    0.24451036751270294,
    0.2639390826225281,
    0.2843164801597595,
    0.30561310052871704,
    0.3277854323387146,
    0.3507755994796753,
    0.3745094835758209,
    0.3988989293575287,
    0.4238407611846924,
    0.4492191672325134,
    0.4749066233634949,
    0.5007688403129578,
    0.5266638994216919,
    0.5524489879608154,
    0.577982485294342,
    0.6031272411346436,
    0.6277526021003723,
    0.651739776134491,
    0.6749824285507202,
    0.6973888874053955,
    0.7188819646835327,
    0.7394024133682251,
    0.7589062452316284,
    0.7773647308349609,
    0.7947642207145691,
    0.8111035823822021,
    0.8263934254646301,
    0.8406556248664856,
    0.8539189100265503,
    0.866220235824585,
    0.8775993585586548,
    0.8881024718284607,
    0.8977771997451782,
    0.9066716432571411,
    0.9148352146148682,
    0.9223164916038513,
    0.9291641712188721,
    0.9354241490364075,
    0.9411414265632629,
    0.9463579058647156,
    0.9511137008666992,
    0.9554471969604492,
    0.9593936800956726,
    0.9629854559898376,
    0.9662532806396484,
    0.969226598739624,
    0.9719305038452148,
    0.9743892550468445,
    0.9766241312026978,
    0.9786571860313416,
    0.9805047512054443,
    0.9821850061416626,
    0.9837126731872559,
    0.9851020574569702,
    0.9863661527633667,
    0.9875159859657288,
    0.9885627031326294,
    0.9895147085189819,
    0.9903815388679504,
    0.9911718964576721,
    0.991891086101532,
    0.9925469756126404,
    0.9931450486183167,
    0.9936902523040771
  ],
  "expectations": [
    -8.999994277954102,
    -9.449395179748535,
    -9.672142028808594,
    -9.89248275756836,
    -10.109556198120117,
    -10.322582244873047,
    -10.530847549438477,
    -10.73372745513916,
    -10.930715560913086,
    -11.121416091918945,
    -11.305543899536133,
    -11.48291015625,
    -11.653448104858398,
    -11.817154884338379,
    -11.974124908447266,
    -12.124505996704102,
    -12.268491744995117,
    -12.406344413757324,
    -12.538334846496582,
    -12.664762496948242,
    -12.785945892333984,
    -12.902203559875488,
    -13.013870239257812,
    -13.121257781982422,
    -13.224696159362793,
    -13.32450008392334,
    -13.420971870422363,
    -13.514402389526367,
    -13.605072021484375,
    -13.693246841430664,
    -13.779173851013184,
    -13.863080978393555,
    -13.94517707824707,
    -14.025646209716797,
    -14.104674339294434,
    -14.18237590789795,
    -14.25886344909668,
    -14.33424186706543,
    -14.408547401428223,
    -14.481825828552246,
    -14.554065704345703,
    -14.625237464904785,
    -14.695301055908203,
    -14.764156341552734,
    -14.831727981567383,
    -14.897891998291016,
    -14.962520599365234,
    -15.025463104248047,
    -15.086603164672852,
    -15.14577865600586,
    -15.20285701751709,
    -15.257730484008789,
    -15.310300827026367,
    -15.360445976257324,
    -15.408123970031738,
    -15.453285217285156,
    -15.495912551879883,
    -15.535988807678223,
    -15.57356071472168,
    -15.608662605285645,
    -15.641358375549316,
    -15.671724319458008,
    -15.699847221374512,
    -15.72581958770752,
    -15.749763488769531,
    -15.771780967712402,
    -15.792003631591797,
    -15.810517311096191,
    -15.827463150024414,
    -15.842952728271484,
    -15.85707950592041,
    -15.869956970214844,
    -15.88167667388916,
    -15.892346382141113,
    -15.902045249938965,
    -15.910863876342773,
    -15.91887378692627,
    -15.926139831542969,
    -15.932735443115234,
    -15.938728332519531,
    -15.944157600402832,
    -15.949078559875488,
    -15.953557014465332,
    -15.95761775970459,
    -15.961305618286133,
    -15.964640617370605,
    -15.96768856048584,
    -15.970440864562988,
    -15.972949981689453,
    -15.97522258758545,
    -15.977289199829102,
    -15.979172706604004,
    -15.98088264465332,
    -15.98244571685791,
    -15.983858108520508,
    -15.98514175415039,
    -15.986328125,
    -15.987394332885742,
    -15.988374710083008,
    -15.98927116394043,
    -15.99008560180664
  ],