{
  "size": 12,
  "opt_val": -16.0,
  "method": "VQE",
  "operations": [
    "Z0_Y1",
    "Z0_Y4",
    "Z0_Y6",
    "Z1_Y11",
    "Z4_Y2",
    "Z4_Y7",
    "Z6_Y3",
    "Z11_Y8",
    "Z2_Y9",
    "Z2_Y5",
    "Z9_Y10",
    "Z1_Y6",
    "Z11_Y7",
    "Z9_Y8",
    "Z5_Y7",
    "Z5_Y10",
    "Z3_Y8",
    "Z3_Y10"
  ],
  "dt": 0.05,
  "lr": 0.05,
  "lam": 1.0,
  "mu": 0.9,
  "fix_step": 0,
  "constant_c": true,
  "parameters": [
    -0.589916467666626,
    1.2099531888961792,
    0.48241758346557617,
    1.4217164516448975,
    1.5178571939468384,
    0.7372438907623291,
    0.6726060509681702,
    0.798701286315918,
    1.5288746356964111,
    1.5642311573028564,
    0.7789350152015686,
    0.5307528972625732,
    0.07206308096647263,
    0.5794072151184082,
    0.7700984477996826,
    0.7689436078071594,
    0.48795637488365173,
    0.04822990298271179
  ],
  "opt_ratios": [
    0.0014648427022621036,
    0.002829338889569044,
    0.003807663917541504,
    0.005022809375077486,
    0.00649994658306241,
    0.008258959278464317,
    0.010312948375940323,
    0.012667091563344002,
    0.015318110585212708,
    0.018254045397043228,
    0.021454745903611183,
    0.02489260584115982,
    0.028533685952425003,
    0.0323391929268837,
    0.0362669974565506,
    0.040273211896419525,
    0.044313929975032806,
    0.04834659397602081,
    0.052331406623125076,
    0.056232478469610214,
    0.06001843884587288,
    0.06366313993930817,
    0.067145936191082,
    0.07045131921768188,
    0.07356895506381989,
    0.07649305462837219,
    0.07922185957431793,
    0.08175697177648544,
    0.08410266041755676,
    0.08626528084278107,
    0.08825285732746124,
    0.09007421880960464,
    0.091738760471344,
    0.09325635433197021,
    0.09463641047477722,
    0.09588860720396042,
    0.09702177345752716,
    0.09804458171129227,
    0.09896515309810638,
    0.09979090094566345,
    0.10052885115146637,
    0.10118550807237625,
    0.10176680982112885,
    0.10227841138839722,
    0.10272545367479324,
    0.10311275720596313,
    0.10344482958316803,
    0.10372595489025116,
    0.10396015644073486,
    0.10415130853652954,
    0.1043032705783844,
    0.10441955178976059,
    0.10450379550457001,
    0.10455961525440216,
    0.10459046065807343,
    0.10460001230239868,
    0.10459184646606445,
    0.10456976294517517,
    0.1045374721288681,
    0.10449904203414917,
    0.10445847362279892,
    0.10442014783620834,
    0.1043882966041565,
    0.10436773300170898,
    0.1043633371591568,
    0.10438021272420883,
    0.1044236570596695,
    0.10449926555156708,
    0.10461290925741196,
    0.10477085411548615,
    0.10497931391000748,
    0.10524514317512512,
    0.10557542741298676,
    0.10597721487283707,
    0.1064581647515297,
    0.10702595114707947,
    0.10768868029117584,
    0.10845455527305603,
    0.10933191329240799,
    0.11032935976982117,
    0.11145547032356262,
    0.11271904408931732,
    0.11412882804870605,
    0.1156933382153511,
    0.11742138862609863,
    0.11932115256786346,
    0.12140098214149475,
    0.12366855144500732,
    0.12613138556480408,
    0.12879639863967896,
    0.1316700130701065,
    0.1347579061985016,
    0.13806520402431488,
    0.1415960192680359,
    0.14535368978977203,
    0.14934074878692627,
    0.1535583734512329,
    0.15800699591636658,
    0.1626858115196228,
    0.1675928384065628,
    0.17272500693798065
  ],
  "expectations": [
    -8.999994277954102,
    -9.446847915649414,
    -9.664138793945312,
    -9.876975059509277,
    -10.084787368774414,
    -10.287088394165039,
    -10.48349380493164,
    -10.673675537109375,
    -10.85743236541748,
    -11.034605979919434,
    -11.20512866973877,
    -11.368972778320312,
    -11.526142120361328,
    -11.676682472229004,
    -11.820667266845703,
    -11.958160400390625,
    -12.089271545410156,
    -12.214099884033203,
    -12.332769393920898,
    -12.445430755615234,
    -12.552227020263672,
    -12.653329849243164,
    -12.748955726623535,
    -12.839292526245117,
    -12.92457389831543,
    -13.005043029785156,
    -13.0809326171875,
    -13.152496337890625,
    -13.219982147216797,
    -13.2836275100708,
    -13.343683242797852,
    -13.400371551513672,
    -13.453898429870605,
    -13.50448989868164,
    -13.552300453186035,
    -13.597548484802246,
    -13.64036750793457,
    -13.68092155456543,
    -13.7193603515625,
    -13.7557954788208,
    -13.790356636047363,
    -13.823153495788574,
    -13.854286193847656,
    -13.883859634399414,
    -13.911957740783691,
    -13.938671112060547,
    -13.964073181152344,
    -13.98824691772461,
    -14.011260986328125,
    -14.03317928314209,
    -14.054084777832031,
    -14.074028015136719,
    -14.093071937561035,
    -14.111278533935547,
    -14.128706932067871,
    -14.145408630371094,
    -14.161437034606934,
    -14.176849365234375,
    -14.191688537597656,
    -14.206009864807129,
    -14.219855308532715,
    -14.233285903930664,
    -14.246325492858887,
    -14.259026527404785,
    -14.271437644958496,
    -14.283608436584473,
    -14.295562744140625,
    -14.307348251342773,
    -14.319001197814941,
    -14.330570220947266,
    -14.342069625854492,
    -14.353553771972656,
    -14.365072250366211,
    -14.37663459777832,
    -14.388287544250488,
    -14.400053024291992,
    -14.411975860595703,
    -14.424080848693848,
    -14.436396598815918,
    -14.448954582214355,
    -14.461771965026855,
    -14.474888801574707,
    -14.488316535949707,
    -14.502073287963867,
    -14.516192436218262,
    -14.530670166015625,
    -14.545539855957031,
    -14.560796737670898,
    -14.57645320892334,
    -14.592513084411621,
    -14.608983993530273,
    -14.62584400177002,
    -14.643112182617188,
    -14.660760879516602,
    -14.678787231445312,
    -14.69717025756836,
    -14.71589183807373,
    -14.734920501708984,
    -14.754242897033691,
    -14.773811340332031,
    -14.793609619140625
  ],