{
  "size": 12,
  "opt_val": -16.0,
  "method": "VQE",
  "operations": [
    "Z0_Y1",
    "Z0_Y6",
    "Z0_Y5",
    "Z1_Y7",
    "Z1_Y10",
    "Z6_Y2",
    "Z6_Y8",
    "Z5_Y3",
    "Z5_Y4",
    "Z7_Y9",
    "Z8_Y11",
    "Z7_Y3",
    "Z10_Y4",
    "Z10_Y9",
    "Z2_Y3",
    "Z2_Y8",
    "Z4_Y11",
    "Z11_Y9"
  ],
  "dt": 0.05,
  "lr": 0.05,
  "lam": 1.0,
  "mu": 0.9,
  "fix_step": 0,
  "constant_c": true,
  "parameters": [
    1.2343087196350098,
    1.4570808410644531,
    0.07862114906311035,
    1.5546226501464844,
    1.5380982160568237,
    1.093847632408142,
    0.17323583364486694,
    0.2625170946121216,
    0.10192593187093735,
    0.5731752514839172,
    0.04517284035682678,
    0.6921660304069519,
    1.4618111848831177,
    0.7113767862319946,
    0.7767103910446167,
    1.0947740077972412,
    1.5212035179138184,
    0.2871463894844055
  ],
  "opt_ratios": [
    0.000976561801508069,
    0.0018832801142707467,
    0.0025312192738056183,
    0.0033337054774165154,
    0.0043060374446213245,
    0.005459540989249945,
    0.00680049043148756,
    0.008329377509653568,
    0.010040553286671638,
    0.01192239485681057,
    0.013957811519503593,
    0.01612524688243866,
    0.018399875611066818,
    0.020755071192979813,
    0.02316374145448208,
    0.025599703192710876,
    0.028038768097758293,
    0.030459590256214142,
    0.032844237983226776,
    0.03517836704850197,
    0.037451308220624924,
    0.03965580463409424,
    0.04178759083151817,
    0.043845027685165405,
    0.04582858085632324,
    0.04774035885930061,
    0.049583639949560165,
    0.05136241763830185,
    0.053081270307302475,
    0.05474487692117691,
    0.05635787546634674,
    0.057924795895814896,
    0.059449851512908936,
    0.06093687564134598,
    0.062389351427555084,
    0.06381040811538696,
    0.06520277261734009,
    0.06656883656978607,
    0.06791073083877563,
    0.06923022866249084,
    0.07052905857563019,
    0.0718085989356041,
    0.07307040691375732,
    0.07431582361459732,
    0.07554619014263153,
    0.0767630785703659,
    0.0779680386185646,
    0.07916295528411865,
    0.08034978061914444,
    0.08153083175420761,
    0.08270876109600067,
    0.08388658612966537,
    0.08506755530834198,
    0.08625555038452148,
    0.0874549075961113,
    0.08867048472166061,
    0.08990754932165146,
    0.09117217361927032,
    0.09247098118066788,
    0.09381140768527985,
    0.0952015072107315,
    0.09665022790431976,
    0.09816735982894897,
    0.09976369142532349,
    0.10145074129104614,
    0.10324136912822723,
    0.1051492840051651,
    0.10718943923711777,
    0.10937805473804474,
    0.11173238605260849,
    0.11427104473114014,
    0.1170138567686081,
    0.1199818104505539,
    0.12319722771644592,
    0.1266835629940033,
    0.13046526908874512,
    0.13456778228282928,
    0.1390170156955719,
    0.1438395082950592,
    0.14906206727027893,
    0.15471147000789642,
    0.1608135998249054,
    0.1673935502767563,
    0.1744748055934906,
    0.18207888305187225,
    0.19022443890571594,
    0.1989271193742752,
    0.20819857716560364,
    0.21804594993591309,
    0.22847184538841248,
    0.23947317898273468,
    0.25104114413261414,
    0.26316148042678833,
    0.27581387758255005,
    0.2889719009399414,
    0.302604615688324,
    0.3166755139827728,
    0.3311435580253601,
    0.34596434235572815,
    0.3610909581184387,
    0.37647441029548645
  ],
  "expectations": [
    -8.999994277954102,
    -9.4468994140625,
    -9.664351463317871,
    -9.877447128295898,
    -10.085556030273438,
    -10.288104057312012,
    -10.484539031982422,
    -10.674385070800781,
    -10.857202529907227,
    -11.032657623291016,
    -11.200460433959961,
    -11.360406875610352,
    -11.512359619140625,
    -11.656285285949707,
    -11.792216300964355,
    -11.920263290405273,
    -12.040603637695312,
    -12.153484344482422,
    -12.259215354919434,
    -12.358142852783203,
    -12.450654983520508,
    -12.53717041015625,
    -12.618106842041016,
    -12.69388484954834,
    -12.764920234680176,
    -12.831636428833008,
    -12.894415855407715,
    -12.953605651855469,
    -13.009563446044922,
    -13.062601089477539,
    -13.112990379333496,
    -13.16099739074707,
    -13.206851959228516,
    -13.250755310058594,
    -13.292879104614258,
    -13.333394050598145,
    -13.372430801391602,
    -13.410116195678711,
    -13.446557998657227,
    -13.481828689575195,
    -13.516023635864258,
    -13.549192428588867,
    -13.581409454345703,
    -13.612724304199219,
    -13.643163681030273,
    -13.672779083251953,
    -13.70159912109375,
    -13.729667663574219,
    -13.756999015808105,
    -13.783628463745117,
    -13.809590339660645,
    -13.834911346435547,
    -13.859606742858887,
    -13.88371753692627,
    -13.907271385192871,
    -13.930315017700195,
    -13.952859878540039,
    -13.97495174407959,
    -13.996630668640137,
    -14.017938613891602,
    -14.03891658782959,
    -14.059606552124023,
    -14.08006477355957,
    -14.100342750549316,
    -14.120477676391602,
    -14.140545845031738,
    -14.160589218139648,
    -14.180673599243164,
    -14.200864791870117,
    -14.221221923828125,
    -14.241815567016602,
    -14.262712478637695,
    -14.28397274017334,
    -14.305672645568848,
    -14.327875137329102,
    -14.350652694702148,
    -14.374072074890137,
    -14.398185729980469,
    -14.423048973083496,
    -14.448715209960938,
    -14.47524642944336,
    -14.50265884399414,
    -14.53099250793457,
    -14.56025505065918,
    -14.5904541015625,
    -14.621576309204102,
    -14.653596878051758,
    -14.686481475830078,
    -14.720161437988281,
    -14.7545804977417,
    -14.789640426635742,
    -14.825244903564453,
    -14.861278533935547,
    -14.897621154785156,
    -14.934128761291504,
    -14.970691680908203,
    -15.007152557373047,
    -15.043374061584473,
    -15.079219818115234,
    -15.114574432373047,
    -15.149324417114258
  ],