{
  "size": 12,
  "opt_val": -16.0,
  "method": "VQE",
  "operations": [
    "Z0_Y4",
    "Z0_Y9",
    "Z0_Y8",
    "Z4_Y3",
    "Z4_Y5",
    "Z9_Y2",
    "Z8_Y10",
    "Z1_Y2",
    "Z1_Y7",
    "Z1_Y6",
    "Z7_Y11",
    "Z9_Y3",
    "Z8_Y5",
    "Z2_Y6",
    "Z7_Y10",
    "Z6_Y5",
    "Z3_Y11",
    "Z11_Y10"
  ],
  "dt": 0.05,
  "lr": 0.05,
  "lam": 1.0,
  "mu": 0.9,
  "fix_step": 0,
  "constant_c": true,
  "parameters": [
    1.5699493885040283,
    1.568880319595337,
    1.5676429271697998,
    0.7901270985603333,
    0.6485928297042847,
    1.5380706787109375,
    0.8831712603569031,
    0.012475941330194473,
    1.4146844148635864,
    0.15607324242591858,
    0.06887239962816238,
    0.7806602120399475,
    0.6380907297134399,
    1.4121274948120117,
    0.07286521047353745,
    0.2851281762123108,
    1.4950661659240723,
    0.635271430015564
  ],
  "opt_ratios": [
    0.000976561801508069,
    0.0019013350829482079,
    0.0025834953412413597,
    0.003454933874309063,
    0.004551490768790245,
    0.005912158638238907,
    0.00757890660315752,
    0.009596547111868858,
    0.012012617662549019,
    0.01487726904451847,
    0.018243122845888138,
    0.022165123373270035,
    0.026700317859649658,
    0.03190729767084122,
    0.03784570097923279,
    0.044575225561857224,
    0.052154526114463806,
    0.060639504343271255,
    0.07008184492588043,
    0.0805266723036766,
    0.09201064705848694,
    0.10455936938524246,
    0.11818583309650421,
    0.1328883022069931,
    0.1486492156982422,
    0.16543442010879517,
    0.18319353461265564,
    0.20186060667037964,
    0.22135566174983978,
    0.24158693850040436,
    0.26245367527008057,
    0.2838480770587921,
    0.30565935373306274,
    0.32777518033981323,
    0.350085973739624,
    0.3724844455718994,
    0.39487016201019287,
    0.4171491265296936,
    0.4392353296279907,
    0.4610518217086792,
    0.4825294017791748,
    0.5036087036132812,
    0.5242390632629395,
    0.5443779230117798,
    0.5639904737472534,
    0.5830495357513428,
    0.6015342473983765,
    0.6194298267364502,
    0.6367273330688477,
    0.6534208655357361,
    0.6695108413696289,
    0.6849989891052246,
    0.6998916268348694,
    0.7141962051391602,
    0.7279232740402222,
    0.7410844564437866,
    0.7536925077438354,
    0.7657623291015625,
    0.7773081064224243,
    0.7883459329605103,
    0.7988916635513306,
    0.8089613318443298,
    0.8185716867446899,
    0.8277387619018555,
    0.8364788293838501,
    0.8448081016540527,
    0.8527427315711975,
    0.8602980375289917,
    0.867490291595459,
    0.8743330240249634,
    0.8808421492576599,
    0.887031078338623,
    0.8929147720336914,
    0.8985055088996887,
    0.9038171768188477,
    0.908861517906189,
    0.9136524200439453,
    0.9181994795799255,
    0.9225156307220459,
    0.9266108274459839,
    0.930496096611023,
    0.9341811537742615,
    0.9376764893531799,
    0.9409897327423096,
    0.9441311359405518,
    0.9471080899238586,
    0.9499298334121704,
    0.9526039361953735,
    0.9551371932029724,
    0.9575369954109192,
    0.9598101377487183,
    0.9619632959365845,
    0.9640023708343506,
    0.9659329652786255,
    0.9677611589431763,
    0.9694919586181641,
    0.9711309671401978,
    0.9726822376251221,
    0.974150538444519,
    0.9755397439002991,
    0.9768553972244263
  ],
  "expectations": [
    -8.999994277954102,
    -9.44443416595459,
    -9.656820297241211,
    -9.863378524780273,
    -10.06410026550293,
    -10.25910758972168,
    -10.44861888885498,
    -10.632940292358398,
    -10.812464714050293,
    -10.987622261047363,
    -11.158881187438965,
    -11.326711654663086,
    -11.49161148071289,
    -11.654021263122559,
    -11.814366340637207,
    -11.973004341125488,
    -12.130237579345703,
    -12.286253929138184,
    -12.441190719604492,
    -12.59505844116211,
    -12.747783660888672,
    -12.899164199829102,
    -13.048931121826172,
    -13.19672966003418,
    -13.342140197753906,
    -13.484684944152832,
    -13.623886108398438,
    -13.759256362915039,
    -13.890340805053711,
    -14.016727447509766,
    -14.138075828552246,
    -14.254095077514648,
    -14.364599227905273,
    -14.469449043273926,
    -14.568622589111328,
    -14.662114143371582,
    -14.750027656555176,
    -14.832496643066406,
    -14.909688949584961,
    -14.98183822631836,
    -15.049147605895996,
    -15.111881256103516,
    -15.170289993286133,
    -15.224644660949707,
    -15.275188446044922,
    -15.322185516357422,
    -15.365873336791992,
    -15.406486511230469,
    -15.444262504577637,
    -15.479382514953613,
    -15.512072563171387,
    -15.542495727539062,
    -15.570839881896973,
    -15.597248077392578,
    -15.621872901916504,
    -15.644852638244629,
    -15.666297912597656,
    -15.6863431930542,
    -15.705074310302734,
    -15.7225980758667,
    -15.73900318145752,
    -15.754363059997559,
    -15.768760681152344,
    -15.782261848449707,
    -15.794920921325684,
    -15.806801795959473,
    -15.817961692810059,
    -15.828437805175781,
    -15.838296890258789,
    -15.847550392150879,
    -15.856258392333984,
    -15.864441871643066,
    -15.87215518951416,
    -15.879403114318848,
    -15.886232376098633,
    -15.892655372619629,
    -15.898722648620605,
    -15.90442180633545,
    -15.90980339050293,
    -15.914865493774414,
    -15.919642448425293,
    -15.924142837524414,
    -15.928398132324219,
    -15.93239688873291,
    -15.936174392700195,
    -15.939726829528809,
    -15.943083763122559,
    -15.946258544921875,
    -15.949244499206543,
    -15.952062606811523,
    -15.954720497131348,
    -15.957232475280762,
    -15.959604263305664,
    -15.961835861206055,
    -15.963946342468262,
    -15.965937614440918,
    -15.967823028564453,
    -15.96960163116455,
    -15.971277236938477,
    -15.97284984588623,
    -15.974348068237305
  ],