{
  "size": 12,
  "opt_val": -16.0,
  "method": "VQE",
  "operations": [
    "Z0_Y7",
    "Z0_Y10",
    "Z0_Y9",
    "Z7_Y1",
    "Z7_Y3",
    "Z10_Y4",
    "Z10_Y11",
    "Z9_Y5",
    "Z9_Y6",
    "Z1_Y2",
    "Z6_Y8",
    "Z1_Y5",
    "Z2_Y6",
    "Z2_Y11",
    "Z5_Y4",
    "Z11_Y3",
    "Z3_Y8",
    "Z8_Y4"
  ],
  "dt": 0.05,
  "lr": 0.05,
  "lam": 1.0,
  "mu": 0.9,
  "fix_step": 0,
  "constant_c": true,
  "parameters": [
    1.566908359527588,
    1.5583041906356812,
    1.531855583190918,
    1.5585100650787354,
    1.4273322820663452,
    0.5921178460121155,
    0.7611162066459656,
    -0.11048261821269989,
    1.232661247253418,
    1.556686520576477,
    0.3867465853691101,
    1.4081804752349854,
    0.3503267168998718,
    0.7909629344940186,
    0.4373253583908081,
    -0.13868772983551025,
    1.1761101484298706,
    0.5419709086418152
  ],
  "opt_ratios": [
    0.0004882809007540345,
    0.000950824236497283,
    0.0012937819119542837,
    0.0017319812905043364,
    0.002281919587403536,
    0.0029602190479636192,
    0.0037831009831279516,
    0.00476593105122447,
    0.005922927986830473,
    0.007267048116773367,
    0.008810082450509071,
    0.010562941431999207,
    0.012536032125353813,
    0.0147398104891181,
    0.01718529500067234,
    0.019884653389453888,
    0.022851724177598953,
    0.026102475821971893,
    0.02965559996664524,
    0.03353269025683403,
    0.03775880113244057,
    0.04236280545592308,
    0.04737734794616699,
    0.052839625626802444,
    0.058791302144527435,
    0.06527876853942871,
    0.07235340774059296,
    0.08007165789604187,
    0.08849501609802246,
    0.09768997877836227,
    0.10772769898176193,
    0.11868345737457275,
    0.13063611090183258,
    0.14366669952869415,
    0.1578570455312729,
    0.17328760027885437,
    0.190034881234169,
    0.2081681489944458,
    0.22774562239646912,
    0.24881011247634888,
    0.27138400077819824,
    0.295464426279068,
    0.32101812958717346,
    0.34797701239585876,
    0.37623485922813416,
    0.40564578771591187,
    0.4360239505767822,
    0.4671463668346405,
    0.49875950813293457,
    0.530585765838623,
    0.5623345375061035,
    0.5937129259109497,
    0.6244384050369263,
    0.6542503237724304,
    0.6829167008399963,
    0.7102454900741577,
    0.7360872030258179,
    0.7603339552879333,
    0.7829222679138184,
    0.8038285970687866,
    0.8230620622634888,
    0.8406628966331482,
    0.8566928505897522,
    0.8712314367294312,
    0.884369432926178,
    0.8962053060531616,
    0.9068394899368286,
    0.9163732528686523,
    0.9249048233032227,
    0.932528555393219,
    0.9393333196640015,
    0.9454020857810974,
    0.950809895992279,
    0.9556288719177246,
    0.9599214196205139,
    0.9637446403503418,
    0.9671514630317688,
    0.9701881408691406,
    0.9728943109512329,
    0.9753087759017944,
    0.9774636626243591,
    0.9793895483016968,
    0.9811102747917175,
    0.9826505184173584,
    0.9840297102928162,
    0.9852669835090637,
    0.9863767623901367,
    0.9873749017715454,
    0.9882721304893494,
    0.9890811443328857,
    0.9898105263710022,
    0.9904699325561523,
    0.9910664558410645,
    0.9916070103645325,
    0.9920978546142578,
    0.9925439953804016,
    0.9929504990577698,
    0.9933209419250488,
    0.9936597347259521,
    0.9939692616462708,
    0.9942541718482971
  ],
  "expectations": [
    -8.999994277954102,
    -9.449186325073242,
    -9.671076774597168,
    -9.889581680297852,
    -10.103462219238281,
    -10.311548233032227,
    -10.512847900390625,
    -10.706514358520508,
    -10.89192008972168,
    -11.068634033203125,
    -11.236442565917969,
    -11.395326614379883,
    -11.545418739318848,
    -11.68701457977295,
    -11.820501327514648,
    -11.946367263793945,
    -12.065147399902344,
    -12.17740249633789,
    -12.283744812011719,
    -12.384751319885254,
    -12.481006622314453,
    -12.57310676574707,
    -12.66156005859375,
    -12.746918678283691,
    -12.82967472076416,
    -12.910296440124512,
    -12.989233016967773,
    -13.066901206970215,
    -13.143701553344727,
    -13.220003128051758,
    -13.296151161193848,
    -13.372457504272461,
    -13.449225425720215,
    -13.526725769042969,
    -13.60519027709961,
    -13.684823989868164,
    -13.765796661376953,
    -13.848227500915527,
    -13.932182312011719,
    -14.017684936523438,
    -14.104681015014648,
    -14.19305419921875,
    -14.282618522644043,
    -14.37309741973877,
    -14.464155197143555,
    -14.555377960205078,
    -14.646286010742188,
    -14.736337661743164,
    -14.82498550415039,
    -14.91165542602539,
    -14.995782852172852,
    -15.076837539672852,
    -15.15434455871582,
    -15.227925300598145,
    -15.29723834991455,
    -15.362083435058594,
    -15.422357559204102,
    -15.477998733520508,
    -15.529072761535645,
    -15.575716018676758,
    -15.618086814880371,
    -15.656426429748535,
    -15.690982818603516,
    -15.722031593322754,
    -15.749849319458008,
    -15.774727821350098,
    -15.796927452087402,
    -15.816716194152832,
    -15.834334373474121,
    -15.850014686584473,
    -15.863964080810547,
    -15.876376152038574,
    -15.887399673461914,
    -15.897231101989746,
    -15.90598201751709,
    -15.913777351379395,
    -15.92074203491211,
    -15.92697525024414,
    -15.932528495788574,
    -15.93751049041748,
    -15.941974639892578,
    -15.946002960205078,
    -15.949610710144043,
    -15.95287036895752,
    -15.955811500549316,
    -15.95848274230957,
    -15.960892677307129,
    -15.963094711303711,
    -15.96508502960205,
    -15.966910362243652,
    -15.968571662902832,
    -15.970099449157715,
    -15.971502304077148,
    -15.972787857055664,
    -15.973979949951172,
    -15.975078582763672,
    -15.976099014282227,
    -15.97704029083252,
    -15.97791862487793,
    -15.97872543334961,
    -15.979494094848633
  ],