{
  "size": 12,
  "opt_val": -15.0,
  "method": "VQE",
  "operations": [
    "Z0_Y4",
    "Z0_Y9",
    "Z0_Y2",
    "Z4_Y10",
    "Z4_Y5",
    "Z9_Y3",
    "Z9_Y8",
    "Z2_Y7",
    "Z2_Y6",
    "Z1_Y11",
    "Z1_Y7",
    "Z1_Y3",
    "Z11_Y5",
    "Z11_Y6",
    "Z7_Y10",
    "Z3_Y8",
    "Z6_Y10",
    "Z8_Y5"
  ],
  "dt": 0.05,
  "lr": 0.05,
  "lam": 1.0,
  "mu": 0.9,
  "fix_step": 0,
  "constant_c": true,
  "parameters": [
    0.9250048995018005,
    1.365250587463379,
    1.1421395540237427,
    0.27437615394592285,
    0.8944721221923828,
    0.20344305038452148,
    0.6747727990150452,
    1.1622618436813354,
    1.1622618436813354,
    1.3034476041793823,
    0.39870205521583557,
    1.2622073888778687,
    0.7635974287986755,
    0.3987017869949341,
    0.8146501779556274,
    0.8069941997528076,
    0.8146499991416931,
    0.6120626926422119
  ],
  "opt_ratios": [
    0.000976561801508069,
    0.0017203267198055983,
    0.002221610862761736,
    0.0028204722329974174,
    0.0035221229773014784,
    0.004328778013586998,
    0.005239289719611406,
    0.006249023601412773,
    0.007350025698542595,
    0.008531397208571434,
    0.009779916144907475,
    0.011080743744969368,
    0.012418204918503761,
    0.013776477426290512,
    0.015140317380428314,
    0.016495469957590103,
    0.017829110845923424,
    0.019130058586597443,
    0.020388884469866753,
    0.021597877144813538,
    0.02275104448199272,
    0.023843873292207718,
    0.024873211979866028,
    0.025837190449237823,
    0.0267348550260067,
    0.027566177770495415,
    0.02833174355328083,
    0.029032748192548752,
    0.02967076003551483,
    0.03024771809577942,
    0.03076576068997383,
    0.031227191910147667,
    0.03163444250822067,
    0.031989991664886475,
    0.0322963148355484,
    0.032555896788835526,
    0.03277119621634483,
    0.032944582402706146,
    0.03307843208312988,
    0.03317498415708542,
    0.03323647752404213,
    0.03326498717069626,
    0.03326253592967987,
    0.03323114663362503,
    0.03317266330122948,
    0.03308887034654617,
    0.03298146277666092,
    0.03285219147801399,
    0.03270253166556358,
    0.03253404051065445,
    0.03234809637069702,
    0.032146140933036804,
    0.03192943334579468,
    0.03169924393296242,
    0.031456731259822845,
    0.03120305947959423,
    0.030939292162656784,
    0.030666451901197433,
    0.030385494232177734,
    0.030097350478172302,
    0.02980290912091732,
    0.029502972960472107,
    0.029198352247476578,
    0.028889739885926247,
    0.02857787534594536,
    0.028263403102755547,
    0.027946941554546356,
    0.02762903831899166,
    0.02731027826666832,
    0.02699115313589573,
    0.026672130450606346,
    0.02635364606976509,
    0.02603611722588539,
    0.02571990340948105,
    0.025405362248420715,
    0.02509278990328312,
    0.02478250302374363,
    0.024474747478961945,
    0.024169761687517166,
    0.023867769166827202,
    0.023568982258439064,
    0.023273516446352005,
    0.022981546819210052,
    0.0226932093501091,
    0.022408610209822655,
    0.022127848118543625,
    0.02185097709298134,
    0.021578075364232063,
    0.021309183910489082,
    0.02104434184730053,
    0.02078355848789215,
    0.020526865497231483,
    0.020274218171834946,
    0.020025625824928284,
    0.019781064242124557,
    0.019540484994649887,
    0.01930387318134308,
    0.019071150571107864,
    0.01884230598807335,
    0.01861722767353058,
    0.018395889550447464
  ],
  "expectations": [
    -8.999994277954102,
    -9.44676399230957,
    -9.663673400878906,
    -9.875624656677246,
    -10.081747055053711,
    -10.28122329711914,
    -10.473325729370117,
    -10.65740966796875,
    -10.832988739013672,
    -10.999683380126953,
    -11.157281875610352,
    -11.305702209472656,
    -11.445014953613281,
    -11.575380325317383,
    -11.69709587097168,
    -11.810504913330078,
    -11.916010856628418,
    -12.014078140258789,
    -12.10517406463623,
    -12.189776420593262,
    -12.268375396728516,
    -12.341426849365234,
    -12.409357070922852,
    -12.47260856628418,
    -12.531557083129883,
    -12.586584091186523,
    -12.638008117675781,
    -12.68615436553955,
    -12.731282234191895,
    -12.77367115020752,
    -12.813543319702148,
    -12.851110458374023,
    -12.886566162109375,
    -12.920096397399902,
    -12.9518404006958,
    -12.981952667236328,
    -13.010557174682617,
    -13.037772178649902,
    -13.06369400024414,
    -13.088432312011719,
    -13.112071990966797,
    -13.134679794311523,
    -13.156332969665527,
    -13.177106857299805,
    -13.197059631347656,
    -13.216228485107422,
    -13.234662055969238,
    -13.252432823181152,
    -13.269556045532227,
    -13.286083221435547,
    -13.302034378051758,
    -13.317459106445312,
    -13.332374572753906,
    -13.346818923950195,
    -13.360797882080078,
    -13.374351501464844,
    -13.387496948242188,
    -13.400256156921387,
    -13.412635803222656,
    -13.424663543701172,
    -13.436352729797363,
    -13.447707176208496,
    -13.45876693725586,
    -13.46951675415039,
    -13.479981422424316,
    -13.490175247192383,
    -13.500107765197754,
    -13.509773254394531,
    -13.519200325012207,
    -13.528389930725098,
    -13.537353515625,
    -13.546098709106445,
    -13.554628372192383,
    -13.562952041625977,
    -13.571081161499023,
    -13.579008102416992,
    -13.586753845214844,
    -13.594316482543945,
    -13.601701736450195,
    -13.608916282653809,
    -13.615978240966797,
    -13.622871398925781,
    -13.629610061645508,
    -13.636200904846191,
    -13.6426362991333,
    -13.648940086364746,
    -13.655099868774414,
    -13.66111946105957,
    -13.667016983032227,
    -13.672782897949219,
    -13.678421020507812,
    -13.683952331542969,
    -13.68935489654541,
    -13.694648742675781,
    -13.6998291015625,
    -13.704900741577148,
    -13.70986557006836,
    -13.714727401733398,
    -13.719490051269531,
    -13.724161148071289,
    -13.728734970092773
  ],