{
  "size": 12,
  "opt_val": -15.0,
  "method": "VQE",
  "operations": [
    "Z0_Y7",
    "Z0_Y3",
    "Z0_Y8",
    "Z7_Y4",
    "Z8_Y5",
    "Z1_Y2",
    "Z1_Y11",
    "Z1_Y10",
    "Z2_Y9",
    "Z11_Y5",
    "Z11_Y6",
    "Z7_Y3",
    "Z3_Y8",
    "Z2_Y10",
    "Z10_Y4",
    "Z9_Y5",
    "Z9_Y6",
    "Z4_Y6"
  ],
  "dt": 0.05,
  "lr": 0.05,
  "lam": 1.0,
  "mu": 0.9,
  "fix_step": 0,
  "constant_c": true,
  "parameters": [
    1.387649416923523,
    -0.2785739004611969,
    1.0172940492630005,
    1.2257741689682007,
    0.1670992374420166,
    -1.0313266515731812,
    1.4627840518951416,
    0.7783368825912476,
    1.4627840518951416,
    0.7294343709945679,
    0.6949136853218079,
    1.243224859237671,
    0.5424268841743469,
    0.7783358693122864,
    0.3098611533641815,
    0.7294340133666992,
    0.6949129700660706,
    0.33726856112480164
  ],
  "opt_ratios": [
    0.0004882809007540345,
    0.0008603947353549302,
    0.0011125500313937664,
    0.0014164523454383016,
    0.001777213765308261,
    0.002199420938268304,
    0.0026870262809097767,
    0.0032432815060019493,
    0.003870741929858923,
    0.0045713079161942005,
    0.005346309393644333,
    0.0061966353096067905,
    0.007122861687093973,
    0.00812535174190998,
    0.009204408153891563,
    0.010360347107052803,
    0.011593539267778397,
    0.012904545292258263,
    0.014294021762907505,
    0.015762832015752792,
    0.017311949282884598,
    0.018942512571811676,
    0.020655721426010132,
    0.0224528256803751,
    0.024335160851478577,
    0.02630399912595749,
    0.028360558673739433,
    0.030506033450365067,
    0.03274151310324669,
    0.035067953169345856,
    0.03748621046543121,
    0.03999709710478783,
    0.042601216584444046,
    0.045299191027879715,
    0.04809150844812393,
    0.050978705286979675,
    0.053961239755153656,
    0.05703960359096527,
    0.06021440029144287,
    0.06348629295825958,
    0.06685613095760345,
    0.07032477110624313,
    0.07389344274997711,
    0.07756349444389343,
    0.08133632689714432,
    0.08521371334791183,
    0.08919773995876312,
    0.09329050779342651,
    0.09749428927898407,
    0.1018117293715477,
    0.10624537616968155,
    0.11079812049865723,
    0.11547275632619858,
    0.12027226388454437,
    0.12519939243793488,
    0.13025705516338348,
    0.13544778525829315,
    0.14077404141426086,
    0.1462382972240448,
    0.15184219181537628,
    0.15758727490901947,
    0.16347473859786987,
    0.1695048213005066,
    0.17567744851112366,
    0.1819918006658554,
    0.18844623863697052,
    0.19503825902938843,
    0.20176434516906738,
    0.2086203396320343,
    0.21560052037239075,
    0.22269847989082336,
    0.22990672290325165,
    0.2372162640094757,
    0.24461732804775238,
    0.2520984411239624,
    0.2596481740474701,
    0.2672525644302368,
    0.27489787340164185,
    0.2825690507888794,
    0.29024985432624817,
    0.2979244589805603,
    0.3055753707885742,
    0.31318581104278564,
    0.32073843479156494,
    0.32821571826934814,
    0.335600882768631,
    0.3428778350353241,
    0.35002994537353516,
    0.3570428490638733,
    0.3639024496078491,
    0.3705957233905792,
    0.377111554145813,
    0.38343870639801025,
    0.3895695209503174,
    0.3954959213733673,
    0.40121209621429443,
    0.40671321749687195,
    0.4119972586631775,
    0.41706183552742004,
    0.4219065308570862,
    0.4265323281288147
  ],
  "expectations": [
    -8.999994277954102,
    -9.441720962524414,
    -9.648008346557617,
    -9.845512390136719,
    -10.03388500213623,
    -10.212845802307129,
    -10.382222175598145,
    -10.541946411132812,
    -10.692081451416016,
    -10.832796096801758,
    -10.964362144470215,
    -11.087162971496582,
    -11.201642990112305,
    -11.308281898498535,
    -11.407628059387207,
    -11.500226974487305,
    -11.58660888671875,
    -11.66733169555664,
    -11.742894172668457,
    -11.813796997070312,
    -11.880475997924805,
    -11.943363189697266,
    -12.002832412719727,
    -12.05921745300293,
    -12.112845420837402,
    -12.16398811340332,
    -12.212879180908203,
    -12.259746551513672,
    -12.30477237701416,
    -12.348126411437988,
    -12.389938354492188,
    -12.430351257324219,
    -12.46945571899414,
    -12.50735092163086,
    -12.544116973876953,
    -12.579832077026367,
    -12.614545822143555,
    -12.648322105407715,
    -12.681209564208984,
    -12.713253021240234,
    -12.744504928588867,
    -12.77499008178711,
    -12.804769515991211,
    -12.833881378173828,
    -12.862351417541504,
    -12.890222549438477,
    -12.917552947998047,
    -12.944377899169922,
    -12.970726013183594,
    -12.996658325195312,
    -13.022201538085938,
    -13.04741382598877,
    -13.072327613830566,
    -13.097000122070312,
    -13.121458053588867,
    -13.145759582519531,
    -13.169930458068848,
    -13.194012641906738,
    -13.218069076538086,
    -13.24211311340332,
    -13.266186714172363,
    -13.290338516235352,
    -13.314580917358398,
    -13.338951110839844,
    -13.363479614257812,
    -13.388187408447266,
    -13.413095474243164,
    -13.438213348388672,
    -13.463577270507812,
    -13.489165306091309,
    -13.514993667602539,
    -13.541074752807617,
    -13.5673828125,
    -13.593923568725586,
    -13.62065601348877,
    -13.647592544555664,
    -13.674671173095703,
    -13.701883316040039,
    -13.729188919067383,
    -13.756521224975586,
    -13.783868789672852,
    -13.811148643493652,
    -13.838324546813965,
    -13.865337371826172,
    -13.892112731933594,
    -13.918603897094727,
    -13.944755554199219,
    -13.970478057861328,
    -13.99574089050293,
    -14.020479202270508,
    -14.044635772705078,
    -14.068180084228516,
    -14.09103012084961,
    -14.113188743591309,
    -14.134603500366211,
    -14.155245780944824,
    -14.175079345703125,
    -14.194127082824707,
    -14.212352752685547,
    -14.229755401611328,
    -14.246334075927734
  ],