{
  "size": 12,
  "opt_val": -15.0,
  "method": "VQE",
  "operations": [
    "Z0_Y10",
    "Z0_Y2",
    "Z0_Y11",
    "Z10_Y3",
    "Z10_Y7",
    "Z2_Y1",
    "Z2_Y9",
    "Z11_Y4",
    "Z11_Y8",
    "Z1_Y6",
    "Z6_Y5",
    "Z1_Y4",
    "Z6_Y9",
    "Z4_Y7",
    "Z9_Y5",
    "Z3_Y8",
    "Z3_Y7",
    "Z8_Y5"
  ],
  "dt": 0.05,
  "lr": 0.05,
  "lam": 1.0,
  "mu": 0.9,
  "fix_step": 0,
  "constant_c": true,
  "parameters": [
    1.4266576766967773,
    1.3682823181152344,
    0.3695407807826996,
    0.15819667279720306,
    0.5583393573760986,
    1.5250548124313354,
    0.9592500925064087,
    0.27917563915252686,
    0.8278619050979614,
    1.534566044807434,
    0.41087764501571655,
    1.2499960660934448,
    0.6108574867248535,
    0.91595059633255,
    0.4556504786014557,
    0.7232641577720642,
    0.2151908427476883,
    1.3588182926177979
  ],
  "opt_ratios": [
    0.000976561801508069,
    0.0017324765212833881,
    0.0022548725828528404,
    0.002894247882068157,
    0.003665601136162877,
    0.004583402536809444,
    0.0056611173786222935,
    0.006910754833370447,
    0.008342491462826729,
    0.009964373894035816,
    0.01178212370723486,
    0.01379904244095087,
    0.016016019508242607,
    0.018431682139635086,
    0.021042505279183388,
    0.023843126371502876,
    0.026826590299606323,
    0.02998467907309532,
    0.03330816328525543,
    0.03678712621331215,
    0.04041113704442978,
    0.044169649481773376,
    0.048052068799734116,
    0.05204789340496063,
    0.05614691972732544,
    0.06033940985798836,
    0.06461608409881592,
    0.06896805018186569,
    0.07338720560073853,
    0.07786598801612854,
    0.0823974758386612,
    0.08697544038295746,
    0.09159426391124725,
    0.09624910354614258,
    0.10093550384044647,
    0.10565000772476196,
    0.11038941144943237,
    0.11515138298273087,
    0.11993388831615448,
    0.12473544478416443,
    0.12955521047115326,
    0.1343926191329956,
    0.13924738764762878,
    0.14411969482898712,
    0.14900992810726166,
    0.1539188176393509,
    0.15884709358215332,
    0.1637956202030182,
    0.16876550018787384,
    0.1737579107284546,
    0.1787738800048828,
    0.1838144212961197,
    0.18888062238693237,
    0.1939733326435089,
    0.19909322261810303,
    0.20424127578735352,
    0.20941755175590515,
    0.2146226167678833,
    0.2198564112186432,
    0.22511857748031616,
    0.23040878772735596,
    0.23572631180286407,
    0.24106989800930023,
    0.2464384138584137,
    0.2518300414085388,
    0.2572427988052368,
    0.2626749277114868,
    0.26812323927879333,
    0.2735850214958191,
    0.2790570855140686,
    0.28453582525253296,
    0.2900177240371704,
    0.29549843072891235,
    0.30097371339797974,
    0.30643901228904724,
    0.3118894696235657,
    0.3173203766345978,
    0.3227265477180481,
    0.3281027674674988,
    0.3334434926509857,
    0.33874398469924927,
    0.3439985513687134,
    0.3492017388343811,
    0.3543487787246704,
    0.3594338297843933,
    0.36445263028144836,
    0.36939990520477295,
    0.3742717504501343,
    0.3790631890296936,
    0.3837701082229614,
    0.38838934898376465,
    0.39291736483573914,
    0.39735057950019836,
    0.40168726444244385,
    0.40592440962791443,
    0.4100600481033325,
    0.4140934348106384,
    0.4180229902267456,
    0.42184776067733765,
    0.4255678057670593,
    0.4291832745075226
  ],
  "expectations": [
    -8.999994277954102,
    -9.44434928894043,
    -9.656354904174805,
    -9.86199951171875,
    -10.060958862304688,
    -10.252994537353516,
    -10.437925338745117,
    -10.615629196166992,
    -10.786060333251953,
    -10.949214935302734,
    -11.105154037475586,
    -11.253976821899414,
    -11.39582347869873,
    -11.530884742736816,
    -11.659358978271484,
    -11.781476974487305,
    -11.897491455078125,
    -12.007668495178223,
    -12.112278938293457,
    -12.21159553527832,
    -12.305872917175293,
    -12.39539623260498,
    -12.480415344238281,
    -12.561165809631348,
    -12.63788890838623,
    -12.710813522338867,
    -12.780153274536133,
    -12.846088409423828,
    -12.908806800842285,
    -12.968490600585938,
    -13.02529525756836,
    -13.07937240600586,
    -13.130868911743164,
    -13.179924964904785,
    -13.226646423339844,
    -13.271177291870117,
    -13.31361198425293,
    -13.354080200195312,
    -13.392671585083008,
    -13.429485321044922,
    -13.464628219604492,
    -13.498189926147461,
    -13.530245780944824,
    -13.560892105102539,
    -13.5902099609375,
    -13.61827278137207,
    -13.645158767700195,
    -13.67093276977539,
    -13.695663452148438,
    -13.719417572021484,
    -13.742263793945312,
    -13.764245986938477,
    -13.78542709350586,
    -13.805862426757812,
    -13.825582504272461,
    -13.844663619995117,
    -13.863121032714844,
    -13.881019592285156,
    -13.898386001586914,
    -13.915250778198242,
    -13.93165397644043,
    -13.947633743286133,
    -13.963199615478516,
    -13.978392601013184,
    -13.993230819702148,
    -14.00772762298584,
    -14.021937370300293,
    -14.035845756530762,
    -14.049476623535156,
    -14.062849998474121,
    -14.075967788696289,
    -14.088857650756836,
    -14.101518630981445,
    -14.113962173461914,
    -14.126192092895508,
    -14.13821029663086,
    -14.150033950805664,
    -14.161657333374023,
    -14.173084259033203,
    -14.184301376342773,
    -14.19533920288086,
    -14.206175804138184,
    -14.21681022644043,
    -14.227252960205078,
    -14.237476348876953,
    -14.247505187988281,
    -14.257314682006836,
    -14.266931533813477,
    -14.276327133178711,
    -14.28549575805664,
    -14.294448852539062,
    -14.30318832397461,
    -14.311684608459473,
    -14.31997299194336,
    -14.328024864196777,
    -14.335834503173828,
    -14.343429565429688,
    -14.350793838500977,
    -14.357919692993164,
    -14.364818572998047,
    -14.371495246887207
  ],