{
  "size": 12,
  "opt_val": -15.0,
  "method": "VQE",
  "operations": [
    "Z0_Y11",
    "Z0_Y2",
    "Z0_Y5",
    "Z11_Y7",
    "Z2_Y1",
    "Z5_Y3",
    "Z1_Y8",
    "Z8_Y10",
    "Z8_Y9",
    "Z3_Y4",
    "Z3_Y6",
    "Z11_Y2",
    "Z5_Y1",
    "Z4_Y6",
    "Z4_Y7",
    "Z6_Y10",
    "Z7_Y9",
    "Z10_Y9"
  ],
  "dt": 0.05,
  "lr": 0.05,
  "lam": 1.0,
  "mu": 0.9,
  "fix_step": 0,
  "constant_c": true,
  "parameters": [
    1.183577299118042,
    1.479813814163208,
    1.5646777153015137,
    0.8258154988288879,
    1.446471929550171,
    1.539258360862732,
    1.2959461212158203,
    0.45353174209594727,
    0.28879523277282715,
    1.1829856634140015,
    1.4146040678024292,
    0.059674106538295746,
    0.08592349290847778,
    -0.01964983157813549,
    0.7432960271835327,
    1.114823579788208,
    1.0130064487457275,
    0.729568600654602
  ],
  "opt_ratios": [
    0.000976561801508069,
    0.001728586619719863,
    0.002241585636511445,
    0.0028635882772505283,
    0.0036067189648747444,
    0.004482412710785866,
    0.005501188337802887,
    0.006672424264252186,
    0.008004296571016312,
    0.009503666311502457,
    0.011176170781254768,
    0.013026239350438118,
    0.015057182870805264,
    0.017271410673856735,
    0.019670477136969566,
    0.022255264222621918,
    0.025026142597198486,
    0.027983037754893303,
    0.031125612556934357,
    0.03445333242416382,
    0.03796549513936043,
    0.04166144132614136,
    0.045540522783994675,
    0.04960218071937561,
    0.053846023976802826,
    0.058271873742341995,
    0.06287986040115356,
    0.06767049431800842,
    0.07264456152915955,
    0.07780344784259796,
    0.08314906060695648,
    0.08868373930454254,
    0.09441070258617401,
    0.10033362358808517,
    0.10645714402198792,
    0.11278648674488068,
    0.11932774633169174,
    0.12608778476715088,
    0.13307440280914307,
    0.14029589295387268,
    0.14776171743869781,
    0.15548141300678253,
    0.16346588730812073,
    0.17172610759735107,
    0.18027356266975403,
    0.1891201287508011,
    0.19827799499034882,
    0.2077590525150299,
    0.21757540106773376,
    0.2277384102344513,
    0.2382594645023346,
    0.24914845824241638,
    0.2604145407676697,
    0.27206555008888245,
    0.2841078042984009,
    0.29654550552368164,
    0.30938053131103516,
    0.32261234521865845,
    0.3362380266189575,
    0.35025131702423096,
    0.3646423816680908,
    0.37939831614494324,
    0.39450204372406006,
    0.4099330008029938,
    0.4256671965122223,
    0.44167616963386536,
    0.45792776346206665,
    0.47438737750053406,
    0.4910156726837158,
    0.5077716708183289,
    0.5246118903160095,
    0.541489839553833,
    0.5583593845367432,
    0.5751729011535645,
    0.5918827652931213,
    0.6084418296813965,
    0.6248046159744263,
    0.6409278512001038,
    0.6567695140838623,
    0.6722926497459412,
    0.6874619722366333,
    0.7022455334663391,
    0.7166171073913574,
    0.7305536866188049,
    0.744036078453064,
    0.7570494413375854,
    0.7695831656455994,
    0.7816307544708252,
    0.7931880950927734,
    0.8042554259300232,
    0.8148356676101685,
    0.8249344825744629,
    0.8345593810081482,
    0.8437206149101257,
    0.8524296283721924,
    0.8606995940208435,
    0.8685446381568909,
    0.8759803771972656,
    0.8830215334892273,
    0.8896834850311279,
    0.8959834575653076
  ],
  "expectations": [
    -8.999994277954102,
    -9.441803932189941,
    -9.648326873779297,
    -9.846399307250977,
    -10.035928726196289,
    -10.216909408569336,
    -10.389442443847656,
    -10.55367660522461,
    -10.70985221862793,
    -10.858217239379883,
    -10.999099731445312,
    -11.132843017578125,
    -11.259786605834961,
    -11.38032341003418,
    -11.494820594787598,
    -11.603653907775879,
    -11.707195281982422,
    -11.805795669555664,
    -11.899799346923828,
    -11.98953628540039,
    -12.075289726257324,
    -12.157360076904297,
    -12.236003875732422,
    -12.311467170715332,
    -12.383960723876953,
    -12.453689575195312,
    -12.520843505859375,
    -12.58558464050293,
    -12.64805793762207,
    -12.708405494689941,
    -12.76675796508789,
    -12.82321548461914,
    -12.87789249420166,
    -12.93087387084961,
    -12.982270240783691,
    -13.032147407531738,
    -13.08059310913086,
    -13.127678871154785,
    -13.173489570617676,
    -13.218074798583984,
    -13.261529922485352,
    -13.303892135620117,
    -13.345252990722656,
    -13.385668754577637,
    -13.425198554992676,
    -13.46390151977539,
    -13.501852035522461,
    -13.539094924926758,
    -13.575695991516113,
    -13.611702919006348,
    -13.647186279296875,
    -13.682188987731934,
    -13.716753005981445,
    -13.750926971435547,
    -13.78476333618164,
    -13.818291664123535,
    -13.851539611816406,
    -13.884536743164062,
    -13.917313575744629,
    -13.949892044067383,
    -13.982280731201172,
    -14.01449203491211,
    -14.046509742736816,
    -14.078336715698242,
    -14.109972953796387,
    -14.141390800476074,
    -14.172563552856445,
    -14.20348072052002,
    -14.234086990356445,
    -14.264358520507812,
    -14.29426383972168,
    -14.32373332977295,
    -14.352741241455078,
    -14.381243705749512,
    -14.409185409545898,
    -14.436522483825684,
    -14.46320629119873,
    -14.489208221435547,
    -14.51447868347168,
    -14.538996696472168,
    -14.562732696533203,
    -14.585637092590332,
    -14.60771369934082,
    -14.628950119018555,
    -14.649323463439941,
    -14.668832778930664,
    -14.687483787536621,
    -14.705288887023926,
    -14.722245216369629,
    -14.738374710083008,
    -14.753691673278809,
    -14.768216133117676,
    -14.781970024108887,
    -14.794976234436035,
    -14.80726432800293,
    -14.818861961364746,
    -14.829792976379395,
    -14.840105056762695,
    -14.849810600280762,
    -14.858930587768555,
    -14.867508888244629
  ],