{
  "size": 12,
  "opt_val": -15.0,
  "method": "VQE",
  "operations": [
    "Z0_Y7",
    "Z0_Y3",
    "Z0_Y6",
    "Z7_Y5",
    "Z7_Y10",
    "Z3_Y1",
    "Z3_Y8",
    "Z6_Y2",
    "Z1_Y4",
    "Z1_Y9",
    "Z4_Y11",
    "Z6_Y8",
    "Z4_Y9",
    "Z9_Y11",
    "Z2_Y5",
    "Z2_Y8",
    "Z5_Y10",
    "Z11_Y10"
  ],
  "dt": 0.05,
  "lr": 0.05,
  "lam": 1.0,
  "mu": 0.9,
  "fix_step": 0,
  "constant_c": true,
  "parameters": [
    1.3909807205200195,
    1.5423460006713867,
    1.5537611246109009,
    0.5064346194267273,
    0.4145643711090088,
    1.3902666568756104,
    0.8103352189064026,
    -0.9105091094970703,
    1.3850773572921753,
    1.2295875549316406,
    0.7910774350166321,
    0.6673536896705627,
    -0.29114896059036255,
    0.77886962890625,
    1.055532693862915,
    0.0969298779964447,
    1.0470094680786133,
    0.7913366556167603
  ],
  "opt_ratios": [
    0.0004882809007540345,
    0.0008642220636829734,
    0.0011215690756216645,
    0.0014354689046740532,
    0.0018138879677280784,
    0.002265267539769411,
    0.002798503264784813,
    0.0034229194279760122,
    0.004148237407207489,
    0.004984527826309204,
    0.005942156538367271,
    0.007031709887087345,
    0.00826390739530325,
    0.009649485349655151,
    0.011199094355106354,
    0.012923167087137699,
    0.014831729233264923,
    0.0169343501329422,
    0.01923993043601513,
    0.021756611764431,
    0.024491634219884872,
    0.027451321482658386,
    0.030640924349427223,
    0.034064702689647675,
    0.03772593289613724,
    0.041626859456300735,
    0.045768965035676956,
    0.05015293136239052,
    0.05477891117334366,
    0.059646669775247574,
    0.06475573033094406,
    0.07010563462972641,
    0.07569608092308044,
    0.08152709901332855,
    0.08759908378124237,
    0.09391307830810547,
    0.1004708856344223,
    0.10727491229772568,
    0.11432839184999466,
    0.12163517624139786,
    0.12920011579990387,
    0.13702835142612457,
    0.14512582123279572,
    0.15349885821342468,
    0.1621541976928711,
    0.1710985004901886,
    0.18033884465694427,
    0.18988186120986938,
    0.1997341364622116,
    0.20990148186683655,
    0.22038941085338593,
    0.23120242357254028,
    0.2423439621925354,
    0.2538161873817444,
    0.26562023162841797,
    0.2777555286884308,
    0.2902195155620575,
    0.3030083179473877,
    0.31611570715904236,
    0.32953372597694397,
    0.3432518243789673,
    0.35725754499435425,
    0.37153616547584534,
    0.3860701322555542,
    0.40084031224250793,
    0.4158254861831665,
    0.43100154399871826,
    0.4463432729244232,
    0.46182289719581604,
    0.4774116575717926,
    0.4930788576602936,
    0.5087931752204895,
    0.524522066116333,
    0.54023277759552,
    0.5558924674987793,
    0.5714676976203918,
    0.586927056312561,
    0.6022372841835022,
    0.6173688173294067,
    0.6322922110557556,
    0.6469795107841492,
    0.6614047288894653,
    0.6755443811416626,
    0.6893763542175293,
    0.7028818130493164,
    0.7160425186157227,
    0.7288450002670288,
    0.7412761449813843,
    0.7533267736434937,
    0.7649884223937988,
    0.7762558460235596,
    0.7871261239051819,
    0.7975978255271912,
    0.8076709508895874,
    0.8173484802246094,
    0.8266334533691406,
    0.83553147315979,
    0.8440489768981934,
    0.8521931767463684,
    0.8599731922149658,
    0.8673966526985168
  ],
  "expectations": [
    -8.999994277954102,
    -9.439499855041504,
    -9.641645431518555,
    -9.834405899047852,
    -10.018224716186523,
    -10.193587303161621,
    -10.360994338989258,
    -10.520952224731445,
    -10.673943519592285,
    -10.8204345703125,
    -10.96086311340332,
    -11.095626831054688,
    -11.225098609924316,
    -11.349590301513672,
    -11.469407081604004,
    -11.584806442260742,
    -11.695987701416016,
    -11.80316162109375,
    -11.90648365020752,
    -12.006111145019531,
    -12.102149963378906,
    -12.194718360900879,
    -12.283903121948242,
    -12.369795799255371,
    -12.452483177185059,
    -12.532035827636719,
    -12.608531951904297,
    -12.682046890258789,
    -12.752655029296875,
    -12.820454597473145,
    -12.885519027709961,
    -12.94795036315918,
    -13.007843017578125,
    -13.065309524536133,
    -13.120443344116211,
    -13.173348426818848,
    -13.22415828704834,
    -13.272972106933594,
    -13.319913864135742,
    -13.365083694458008,
    -13.408618927001953,
    -13.45061206817627,
    -13.49117660522461,
    -13.530415534973145,
    -13.568437576293945,
    -13.605324745178223,
    -13.641181945800781,
    -13.6760892868042,
    -13.710126876831055,
    -13.743362426757812,
    -13.77587604522705,
    -13.807727813720703,
    -13.838974952697754,
    -13.869657516479492,
    -13.899839401245117,
    -13.929556846618652,
    -13.958833694458008,
    -13.987713813781738,
    -14.016213417053223,
    -14.044365882873535,
    -14.072181701660156,
    -14.099668502807617,
    -14.12684440612793,
    -14.15369701385498,
    -14.1802396774292,
    -14.206478118896484,
    -14.232396125793457,
    -14.25799560546875,
    -14.283256530761719,
    -14.30817985534668,
    -14.332737922668457,
    -14.356921195983887,
    -14.38071346282959,
    -14.404094696044922,
    -14.427055358886719,
    -14.44956111907959,
    -14.471630096435547,
    -14.493199348449707,
    -14.5142822265625,
    -14.53485107421875,
    -14.55489730834961,
    -14.574407577514648,
    -14.593369483947754,
    -14.611766815185547,
    -14.629613876342773,
    -14.646870613098145,
    -14.663562774658203,
    -14.67967414855957,
    -14.695218086242676,
    -14.71018123626709,
    -14.724570274353027,
    -14.738395690917969,
    -14.751670837402344,
    -14.764382362365723,
    -14.77656364440918,
    -14.788209915161133,
    -14.79934024810791,
    -14.809967994689941,
    -14.820100784301758,
    -14.829768180847168,
    -14.83896255493164
  ],