{
  "size": 12,
  "opt_val": -16.0,
  "method": "VQE",
  "operations": [
    "Z0_Y10",
    "Z0_Y4",
    "Z0_Y9",
    "Z10_Y8",
    "Z10_Y11",
    "Z4_Y3",
    "Z4_Y6",
    "Z9_Y1",
    "Z1_Y2",
    "Z1_Y5",
    "Z5_Y7",
    "Z9_Y3",
    "Z2_Y5",
    "Z2_Y6",
    "Z6_Y11",
    "Z3_Y8",
    "Z8_Y7",
    "Z7_Y11"
  ],
  "dt": 0.05,
  "lr": 0.05,
  "lam": 1.0,
  "mu": 0.9,
  "fix_step": 0,
  "constant_c": true,
  "parameters": [
    -1.1531035900115967,
    1.569097638130188,
    1.5695867538452148,
    0.5750320553779602,
    0.33706527948379517,
    0.7764276266098022,
    0.7941494584083557,
    1.5628894567489624,
    1.4264287948608398,
    1.4044362306594849,
    0.5495519042015076,
    0.7943645119667053,
    -0.00586526095867157,
    0.7765713334083557,
    0.43943557143211365,
    0.995707094669342,
    1.0206588506698608,
    0.7999599575996399
  ],
  "opt_ratios": [
    0.0004882809007540345,
    0.0009503872133791447,
    0.0012896331027150154,
    0.001719693187624216,
    0.0022544926032423973,
    0.002907213754951954,
    0.0036895733792334795,
    0.0046111783012747765,
    0.005679002497345209,
    0.006897108629345894,
    0.008266560733318329,
    0.009785684756934643,
    0.011450471356511116,
    0.013255240395665169,
    0.015193377621471882,
    0.017258087173104286,
    0.019443195313215256,
    0.021743712946772575,
    0.02415640838444233,
    0.02668013423681259,
    0.029316039755940437,
    0.03206766024231911,
    0.03494095802307129,
    0.03794407844543457,
    0.041087422519922256,
    0.044383302330970764,
    0.04784581810235977,
    0.051490746438503265,
    0.05533525347709656,
    0.0593978688120842,
    0.06369820237159729,
    0.06825696676969528,
    0.07309572398662567,
    0.07823692262172699,
    0.08370354026556015,
    0.08951923996210098,
    0.09570813924074173,
    0.10229455679655075,
    0.10930328816175461,
    0.11675894260406494,
    0.12468605488538742,
    0.13310900330543518,
    0.14205162227153778,
    0.1515369564294815,
    0.16158708930015564,
    0.17222270369529724,
    0.18346285820007324,
    0.19532454013824463,
    0.20782186090946198,
    0.22096653282642365,
    0.23476582765579224,
    0.2492232769727707,
    0.26433733105659485,
    0.280101478099823,
    0.29650306701660156,
    0.313522607088089,
    0.3311346769332886,
    0.3493061661720276,
    0.3679971396923065,
    0.38716018199920654,
    0.4067416489124298,
    0.4266810119152069,
    0.4469129741191864,
    0.467366486787796,
    0.48796775937080383,
    0.5086398720741272,
    0.5293047428131104,
    0.5498850345611572,
    0.5703042149543762,
    0.5904879570007324,
    0.6103665828704834,
    0.6298747062683105,
    0.6489523649215698,
    0.6675454378128052,
    0.6856079697608948,
    0.7030990719795227,
    0.7199857234954834,
    0.7362421751022339,
    0.7518485188484192,
    0.7667924761772156,
    0.7810661196708679,
    0.7946680784225464,
    0.8076022863388062,
    0.8198761343955994,
    0.8315004110336304,
    0.842490553855896,
    0.8528633713722229,
    0.8626389503479004,
    0.8718379735946655,
    0.8804836869239807,
    0.8885992169380188,
    0.8962084054946899,
    0.9033358097076416,
    0.9100054502487183,
    0.9162411093711853,
    0.9220665693283081,
    0.9275047779083252,
    0.9325783252716064,
    0.9373095631599426,
    0.9417176842689514,
    0.9458240270614624
  ],
  "expectations": [
    -8.999993324279785,
    -9.446961402893066,
    -9.664657592773438,
    -9.878241539001465,
    -10.087167739868164,
    -10.290918350219727,
    -10.488992691040039,
    -10.680943489074707,
    -10.86635971069336,
    -11.044931411743164,
    -11.216363906860352,
    -11.380480766296387,
    -11.537177085876465,
    -11.686439514160156,
    -11.828338623046875,
    -11.963019371032715,
    -12.090721130371094,
    -12.211727142333984,
    -12.326386451721191,
    -12.435087203979492,
    -12.538233757019043,
    -12.636247634887695,
    -12.729568481445312,
    -12.818611145019531,
    -12.903778076171875,
    -12.985461235046387,
    -13.064019203186035,
    -13.139787673950195,
    -13.213065147399902,
    -13.284128189086914,
    -13.353216171264648,
    -13.420541763305664,
    -13.486298561096191,
    -13.550642013549805,
    -13.613706588745117,
    -13.675610542297363,
    -13.736454010009766,
    -13.796309471130371,
    -13.855257034301758,
    -13.91334342956543,
    -13.970613479614258,
    -14.027111053466797,
    -14.082867622375488,
    -14.13791561126709,
    -14.192281723022461,
    -14.245986938476562,
    -14.299057006835938,
    -14.351522445678711,
    -14.40339183807373,
    -14.454708099365234,
    -14.50547981262207,
    -14.55572509765625,
    -14.605453491210938,
    -14.654685020446777,
    -14.703425407409668,
    -14.7516450881958,
    -14.799369812011719,
    -14.846559524536133,
    -14.893193244934082,
    -14.939226150512695,
    -14.984625816345215,
    -15.029332160949707,
    -15.073294639587402,
    -15.11644172668457,
    -15.158724784851074,
    -15.200057029724121,
    -15.240375518798828,
    -15.279632568359375,
    -15.317758560180664,
    -15.354691505432129,
    -15.390392303466797,
    -15.424821853637695,
    -15.457939147949219,
    -15.489713668823242,
    -15.520155906677246,
    -15.549236297607422,
    -15.576957702636719,
    -15.60334300994873,
    -15.628392219543457,
    -15.65214729309082,
    -15.67462158203125,
    -15.69584846496582,
    -15.715880393981934,
    -15.734752655029297,
    -15.752497673034668,
    -15.769174575805664,
    -15.78481674194336,
    -15.799485206604004,
    -15.813217163085938,
    -15.826070785522461,
    -15.838089942932129,
    -15.849312782287598,
    -15.859795570373535,
    -15.869577407836914,
    -15.878694534301758,
    -15.887191772460938,
    -15.895101547241211,
    -15.90246868133545,
    -15.909339904785156,
    -15.915716171264648,
    -15.92165756225586
  ],