{
  "size": 16,
  "opt_val": -22.0,
  "method": "VQEAdam",
  "operations": [
    "Z3_Y4",
    "Z3_Y11",
    "Z3_Y0",
    "Z4_Y15",
    "Z4_Y5",
    "Z11_Y12",
    "Z11_Y1",
    "Z0_Y9",
    "Z15_Y8",
    "Z15_Y10",
    "Z5_Y7",
    "Z5_Y2",
    "Z2_Y13",
    "Z2_Y6",
    "Z10_Y14",
    "Z0_Y1",
    "Z7_Y12",
    "Z7_Y1",
    "Z12_Y8",
    "Z8_Y13",
    "Z10_Y9",
    "Z13_Y14",
    "Z6_Y14",
    "Z6_Y9"
  ],
  "dt": 0.05,
  "lr": 0.05,
  "lam": 1.0,
  "mu": 0.9,
  "fix_step": 0,
  "constant_c": true,
  "parameters": [
    1.5708495378494263,
    1.5708798170089722,
    1.57071852684021,
    1.5708459615707397,
    1.5707504749298096,
    0.7016305923461914,
    0.6023963689804077,
    0.9190230965614319,
    0.7216199636459351,
    1.570725917816162,
    1.5708602666854858,
    1.5708602666854858,
    1.0238356590270996,
    1.5706861019134521,
    0.1953667849302292,
    0.6020015478134155,
    0.8691495656967163,
    0.36633679270744324,
    0.8492313623428345,
    0.5469771027565002,
    0.9678967595100403,
    0.7808279395103455,
    0.985396146774292,
    0.31605643033981323
  ],
  "opt_ratios": [
    0.00012207019608467817,
    0.000316559337079525,
    0.0007516584009863436,
    0.001646593096666038,
    0.00334846880286932,
    0.006354195065796375,
    0.011302866041660309,
    0.018923483788967133,
    0.029934503138065338,
    0.04491167515516281,
    0.06416220963001251,
    0.08765504509210587,
    0.11504735052585602,
    0.14581623673439026,
    0.17945760488510132,
    0.21567372977733612,
    0.254469633102417,
    0.2961209714412689,
    0.34105223417282104,
    0.3896910846233368,
    0.4423396587371826,
    0.4990420937538147,
    0.5594159364700317,
    0.6224614381790161,
    0.6864462494850159,
    0.7489562034606934,
    0.8071994781494141,
    0.8585289716720581,
    0.9009830951690674,
    0.9336132407188416,
    0.956460177898407,
    0.9703118205070496,
    0.9764483571052551,
    0.9764631986618042,
    0.972122073173523,
    0.9651877284049988,
    0.957275390625,
    0.9497357606887817,
    0.9436032176017761,
    0.9395785331726074,
    0.9380301237106323,
    0.9390015602111816,
    0.9422352910041809,
    0.9472240209579468,
    0.9533043503761292,
    0.9597656726837158,
    0.9659707546234131,
    0.971448540687561,
    0.9759436845779419,
    0.9794226884841919,
    0.9820300340652466,
    0.9840144515037537,
    0.985642671585083,
    0.9871204495429993,
    0.9885565042495728,
    0.9899577498435974,
    0.9912583827972412,
    0.992363452911377,
    0.9932001829147339,
    0.9937435984611511,
    0.9940274357795715,
    0.9941302537918091,
    0.9941499829292297,
    0.9941779375076294,
    0.9942759871482849,
    0.9944685697555542,
    0.9947507381439209,
    0.9951003789901733,
    0.995491623878479,
    0.9959105253219604,
    0.9963483810424805,
    0.9968085885047913,
    0.9972878694534302,
    0.9977753162384033,
    0.9982470273971558,
    0.998668909072876,
    0.9990079402923584,
    0.9992398023605347,
    0.9993606805801392,
    0.9993855953216553,
    0.9993468523025513,
    0.9992854595184326,
    0.999237060546875,
    0.9992257356643677,
    0.999261200428009,
    0.999334454536438,
    0.9994287490844727,
    0.9995256662368774,
    0.9996091723442078,
    0.9996717572212219,
    0.9997144341468811,
    0.9997428059577942,
    0.9997628927230835,
    0.9997811913490295,
    0.9997997879981995,
    0.9998188614845276,
    0.9998356699943542,
    0.9998488426208496,
    0.9998587965965271,
    0.9998660683631897,
    0.9998733401298523,
    0.9998811483383179,
    0.9998915791511536,
    0.9999026656150818,
    0.9999147653579712,
    0.999924898147583,
    0.9999322891235352,
    0.9999378323554993,
    0.9999418258666992,
    0.9999452829360962,
    0.9999488592147827,
    0.9999545812606812,
    0.9999599456787109,
    0.9999659061431885,
    0.9999704957008362,
    0.9999738931655884,
    0.999975860118866,
    0.9999769926071167,
    0.9999775290489197,
    0.9999780654907227,
    0.9999783039093018,
    0.9999797344207764,
    0.9999809265136719,
    0.9999825358390808,
    0.9999836683273315,
    0.9999854564666748,
    0.9999875426292419,
    0.9999890923500061,
    0.9999904632568359,
    0.9999913573265076,
    0.9999920129776001,
    0.9999926090240479,
    0.9999927282333374,
    0.9999922513961792,
    0.9999922513961792,
    0.9999921321868896,
    0.9999920725822449,
    0.9999934434890747,
    0.9999935030937195,
    0.9999943971633911,
    0.9999945759773254,
    0.9999942779541016,
    0.9999950528144836,
    0.999994695186615,
    0.9999945163726807,
    0.999995231628418,
    0.9999943971633911,
    0.9999949932098389,
    0.9999952912330627,
    0.9999954104423523,
    0.9999954700469971,
    0.9999954104423523,
    0.9999955892562866,
    0.9999959468841553,
    0.9999951720237732,
    0.9999951720237732,
    0.9999957084655762,
    0.9999958872795105,
    0.9999958872795105,
    0.9999957084655762,
    0.9999958872795105,
    0.9999960660934448,
    0.9999955296516418,
    0.9999955296516418,
    0.9999958276748657,
    0.9999957084655762,
    0.9999958276748657,
    0.999995768070221,
    0.9999951124191284,
    0.999995231628418,
    0.9999957084655762,
    0.999995768070221,
    0.9999960660934448,
    0.9999959468841553,
    0.9999955892562866,
    0.999995768070221,
    0.9999960660934448,
    0.999995768070221,
    0.999995768070221,
    0.9999961853027344,
    0.9999960064888,
    0.9999960064888,
    0.999995768070221,
    0.9999963045120239,
    0.9999960660934448,
    0.9999954700469971,
    0.9999963045120239,
    0.9999964237213135,
    0.999995768070221,
    0.9999964237213135,
    0.999996542930603,
    0.9999958276748657,
    0.9999963045120239,
    0.9999960660934448,
    0.9999959468841553,
    0.9999962449073792,
    0.9999960660934448,
    0.9999962449073792,
    0.999995768070221,
    0.9999961853027344,
    0.9999960660934448
  ],