{
  "size": 16,
  "opt_val": -22.0,
  "method": "VQEAdam",
  "operations": [
    "Z6_Y12",
    "Z6_Y4",
    "Z6_Y3",
    "Z12_Y1",
    "Z12_Y7",
    "Z4_Y9",
    "Z3_Y14",
    "Z3_Y5",
    "Z7_Y2",
    "Z7_Y15",
    "Z14_Y10",
    "Z0_Y2",
    "Z0_Y8",
    "Z2_Y13",
    "Z8_Y11",
    "Z4_Y1",
    "Z1_Y9",
    "Z9_Y14",
    "Z0_Y15",
    "Z8_Y5",
    "Z15_Y5",
    "Z13_Y11",
    "Z13_Y10",
    "Z10_Y11"
  ],
  "dt": 0.05,
  "lr": 0.05,
  "lam": 1.0,
  "mu": 0.9,
  "fix_step": 0,
  "constant_c": true,
  "parameters": [
    1.5709547996520996,
    1.5709788799285889,
    1.5706454515457153,
    1.2179934978485107,
    1.5710324048995972,
    0.1014452874660492,
    1.5765941143035889,
    0.00026650051586329937,
    1.5711830854415894,
    0.38538452982902527,
    0.23980188369750977,
    -0.0004344785411376506,
    1.5706590414047241,
    1.5710290670394897,
    1.5707528591156006,
    0.3527187705039978,
    1.6720540523529053,
    -0.005783710163086653,
    1.1852450370788574,
    0.0030426019802689552,
    1.567475438117981,
    0.9599941968917847,
    1.3310258388519287,
    0.9600451588630676
  ],
  "opt_ratios": [
    3.0517549021169543e-05,
    7.92491264292039e-05,
    0.00018902217561844736,
    0.0004171828040853143,
    0.0008570883073844016,
    0.001647022902034223,
    0.0029724091291427612,
    0.0050561572425067425,
    0.008134494535624981,
    0.012421099469065666,
    0.018069293349981308,
    0.025146540254354477,
    0.033635012805461884,
    0.04346267133951187,
    0.054556556046009064,
    0.06689811497926712,
    0.08055835962295532,
    0.09570255130529404,
    0.11256519705057144,
    0.13140837848186493,
    0.15247398614883423,
    0.1759338527917862,
    0.20184211432933807,
    0.2300860732793808,
    0.26034238934516907,
    0.29204604029655457,
    0.3243871033191681,
    0.3563480079174042,
    0.3867872357368469,
    0.41456690430641174,
    0.4386947751045227,
    0.45845580101013184,
    0.47350138425827026,
    0.4838745892047882,
    0.48997193574905396,
    0.49245622754096985,
    0.4921463131904602,
    0.4899037480354309,
    0.4865376651287079,
    0.4827406704425812,
    0.4790545105934143,
    0.47586384415626526,
    0.47341230511665344,
    0.4718260169029236,
    0.4711422920227051,
    0.4713340401649475,
    0.472330242395401,
    0.4740283787250519,
    0.47630104422569275,
    0.47900113463401794,
    0.48196637630462646,
    0.4850235879421234,
    0.4880008399486542,
    0.4907391369342804,
    0.4931067228317261,
    0.4950135052204132,
    0.4964188039302826,
    0.4973311424255371,
    0.4978063404560089,
    0.4979327917098999,
    0.49781689047813416,
    0.4975670278072357,
    0.49727895855903625,
    0.497026652097702,
    0.49685996770858765,
    0.49680209159851074,
    0.4968551993370056,
    0.4970065653324127,
    0.4972335994243622,
    0.4975113868713379,
    0.4978143274784088,
    0.49812206625938416,
    0.4984172582626343,
    0.4986879527568817,
    0.4989260733127594,
    0.4991271197795868,
    0.49928897619247437,
    0.4994116723537445,
    0.49949729442596436,
    0.49955007433891296,
    0.4995744228363037,
    0.49957743287086487,
    0.49956753849983215,
    0.499551922082901,
    0.4995383024215698,
    0.4995335638523102,
    0.4995412826538086,
    0.4995632469654083,
    0.49959897994995117,
    0.4996451139450073,
    0.4996972978115082,
    0.49975019693374634,
    0.4997991621494293,
    0.4998410642147064,
    0.49987363815307617,
    0.49989718198776245,
    0.49991291761398315,
    0.49992263317108154,
    0.4999288022518158,
    0.4999326467514038,
    0.499935507774353,
    0.4999382793903351,
    0.49994054436683655,
    0.49994298815727234,
    0.49994519352912903,
    0.4999466836452484,
    0.4999489188194275,
    0.499950647354126,
    0.49995359778404236,
    0.4999568462371826,
    0.49996066093444824,
    0.4999653398990631,
    0.4999698996543884,
    0.49997490644454956,
    0.49997878074645996,
    0.4999818503856659,
    0.4999842047691345,
    0.4999855160713196,
    0.49998578429222107,
    0.49998587369918823,
    0.49998539686203003,
    0.4999854564666748,
    0.49998563528060913,
    0.49998608231544495,
    0.49998706579208374,
    0.4999881684780121,
    0.4999890625476837,
    0.49999046325683594,
    0.49999141693115234,
    0.49999210238456726,
    0.4999929964542389,
    0.49999353289604187,
    0.49999362230300903,
    0.49999403953552246,
    0.49999427795410156,
    0.4999941885471344,
    0.499994158744812,
    0.4999942481517792,
    0.4999946355819702,
    0.499994695186615,
    0.4999948740005493,
    0.49999505281448364,
    0.4999951124191284,
    0.4999956488609314,
    0.4999958574771881,
    0.49999603629112244,
    0.49999624490737915,
    0.49999627470970154,
    0.499996542930603,
    0.4999966621398926,
    0.49999678134918213,
    0.4999969005584717,
    0.4999970495700836,
    0.49999693036079407,
    0.49999696016311646,
    0.499997079372406,
    0.4999971091747284,
    0.49999701976776123,
    0.49999701976776123,
    0.4999970495700836,
    0.4999971389770508,
    0.49999749660491943,
    0.4999973773956299,
    0.4999975264072418,
    0.49999749660491943,
    0.4999973773956299,
    0.4999977648258209,
    0.4999975562095642,
    0.4999975562095642,
    0.499997615814209,
    0.4999980330467224,
    0.499997615814209,
    0.4999978542327881,
    0.4999977946281433,
    0.4999978840351105,
    0.49999773502349854,
    0.49999749660491943,
    0.4999978244304657,
    0.49999794363975525,
    0.49999794363975525,
    0.4999978542327881,
    0.4999977648258209,
    0.49999773502349854,
    0.49999797344207764,
    0.4999978244304657,
    0.49999794363975525,
    0.4999980032444,
    0.4999978840351105,
    0.4999978244304657,
    0.4999978542327881,
    0.4999980330467224,
    0.4999978542327881,
    0.4999977648258209,
    0.4999978244304657,
    0.4999977946281433,
    0.4999978840351105,
    0.49999791383743286,
    0.4999977946281433,
    0.4999977648258209,
    0.49999773502349854,
    0.4999978542327881
  ],