{
  "size": 16,
  "opt_val": -21.0,
  "method": "VQEAdam",
  "operations": [
    "Z4_Y6",
    "Z4_Y0",
    "Z4_Y10",
    "Z6_Y1",
    "Z6_Y8",
    "Z10_Y11",
    "Z10_Y15",
    "Z1_Y13",
    "Z8_Y9",
    "Z5_Y13",
    "Z5_Y3",
    "Z3_Y2",
    "Z3_Y12",
    "Z11_Y14",
    "Z14_Y7",
    "Z0_Y8",
    "Z0_Y1",
    "Z5_Y9",
    "Z13_Y9",
    "Z11_Y15",
    "Z14_Y2",
    "Z15_Y12",
    "Z2_Y7",
    "Z7_Y12"
  ],
  "dt": 0.05,
  "lr": 0.05,
  "lam": 1.0,
  "mu": 0.9,
  "fix_step": 0,
  "constant_c": true,
  "parameters": [
    1.5707542896270752,
    1.5707205533981323,
    1.5707272291183472,
    1.5707385540008545,
    1.5708845853805542,
    1.2256921529769897,
    1.1212340593338013,
    0.3481082320213318,
    1.5707000494003296,
    1.2226923704147339,
    1.570727825164795,
    1.5707542896270752,
    0.7742199301719666,
    1.5707197189331055,
    -3.598997136577964e-05,
    4.9144986405735835e-05,
    7.910408021416515e-05,
    1.571165680885315,
    1.571131944656372,
    0.4493233859539032,
    -8.10098645160906e-05,
    -5.811782102682628e-05,
    1.570797324180603,
    0.7966336607933044
  ],
  "opt_ratios": [
    3.0517549021169543e-05,
    7.189234747784212e-05,
    0.00015639406046830118,
    0.0003165296802762896,
    0.0005996125400997698,
    0.001068213488906622,
    0.0017967205494642258,
    0.0028629142325371504,
    0.004335027188062668,
    0.006257029250264168,
    0.008636727929115295,
    0.011441797018051147,
    0.014607110060751438,
    0.018052155151963234,
    0.021703537553548813,
    0.025514477863907814,
    0.029475459828972816,
    0.033612895756959915,
    0.037978511303663254,
    0.04263366386294365,
    0.047632619738578796,
    0.053007904440164566,
    0.05875833332538605,
    0.06484111398458481,
    0.07116807252168655,
    0.07760640978813171,
    0.08398649841547012,
    0.09011593461036682,
    0.09579961001873016,
    0.10086236149072647,
    0.10516989231109619,
    0.1086461991071701,
    0.11127980798482895,
    0.11311999708414078,
    0.11426419019699097,
    0.1148340255022049,
    0.11495798081159592,
    0.11475580930709839,
    0.11432581394910812,
    0.11374175548553467,
    0.1130547970533371,
    0.11229672282934189,
    0.11148504167795181,
    0.11063077300786972,
    0.10974198579788208,
    0.10882693529129028,
    0.10789598524570465,
    0.10696134716272354,
    0.10603576898574829,
    0.10513051599264145,
    0.10425597429275513,
    0.10341879725456238,
    0.10262273252010345,
    0.10186982154846191,
    0.10116080194711685,
    0.10049629211425781,
    0.09987656772136688,
    0.09930194914340973,
    0.09877356141805649,
    0.09829238802194595,
    0.097856804728508,
    0.09746471047401428,
    0.09711185842752457,
    0.09679385274648666,
    0.09650235623121262,
    0.09623071551322937,
    0.09597185254096985,
    0.0957178846001625,
    0.09546557813882828,
    0.09521275758743286,
    0.09495982527732849,
    0.09470954537391663,
    0.09446407854557037,
    0.09422638267278671,
    0.09400046616792679,
    0.09379079192876816,
    0.09359924495220184,
    0.09342571347951889,
    0.09326913207769394,
    0.09313061088323593,
    0.0930052399635315,
    0.0928906723856926,
    0.0927853211760521,
    0.0926872044801712,
    0.09259463846683502,
    0.09250684827566147,
    0.09242361038923264,
    0.09234489500522614,
    0.09227145463228226,
    0.09220370650291443,
    0.09214239567518234,
    0.09208766371011734,
    0.0920383483171463,
    0.09199462085962296,
    0.09195709228515625,
    0.09192512184381485,
    0.09189783781766891,
    0.09187456220388412,
    0.09185472130775452,
    0.09183759242296219,
    0.09182234853506088,
    0.09180845320224762,
    0.09179511666297913,
    0.09178216755390167,
    0.09176918119192123,
    0.09175608307123184,
    0.09174271672964096,
    0.0917295441031456,
    0.09171690046787262,
    0.0917048454284668,
    0.09169360250234604,
    0.09168346226215363,
    0.09167412668466568,
    0.0916656106710434,
    0.09165793657302856,
    0.09165097028017044,
    0.09164445847272873,
    0.09163843840360641,
    0.09163302183151245,
    0.09162788838148117,
    0.09162319451570511,
    0.09161888062953949,
    0.09161500632762909,
    0.09161148965358734,
    0.09160804748535156,
    0.0916045606136322,
    0.09160108119249344,
    0.09159772843122482,
    0.09159483015537262,
    0.09159203618764877,
    0.09158968180418015,
    0.09158758819103241,
    0.09158555418252945,
    0.09158381074666977,
    0.09158224612474442,
    0.09158071875572205,
    0.09157951176166534,
    0.09157814830541611,
    0.09157683700323105,
    0.09157565981149673,
    0.09157445281744003,
    0.09157352149486542,
    0.09157250076532364,
    0.09157159924507141,
    0.0915704071521759,
    0.0915689766407013,
    0.09156767278909683,
    0.09156683087348938,
    0.09156625717878342,
    0.09156586974859238,
    0.0915658175945282,
    0.09156560897827148,
    0.09156551212072372,
    0.0915650725364685,
    0.0915643721818924,
    0.09156333655118942,
    0.0915619283914566,
    0.09156040102243423,
    0.09155959635972977,
    0.09155935049057007,
    0.09155945479869843,
    0.09155961126089096,
    0.09155989438295364,
    0.09156057983636856,
    0.0915614515542984,
    0.09156207740306854,
    0.09156272560358047,
    0.09156375378370285,
    0.09156487137079239,
    0.09156639128923416,
    0.09156773239374161,
    0.09156907349824905,
    0.09157058596611023,
    0.0915720984339714,
    0.09157343208789825,
    0.09157457947731018,
    0.09157543629407883,
    0.09157630801200867,
    0.09157734364271164,
    0.09157857298851013,
    0.09157995134592056,
    0.09158153086900711,
    0.09158280491828918,
    0.09158366173505783,
    0.09158444404602051,
    0.09158601611852646,
    0.09158831834793091,
    0.09159029275178909,
    0.09159217029809952,
    0.091593898832798,
    0.09159563481807709,
    0.09159614890813828,
    0.09159644693136215,
    0.09159675985574722,
    0.09159662574529648,
    0.09159678220748901,
    0.09159640222787857,
    0.09159573912620544,
    0.09159469604492188,
    0.09159370511770248,
    0.09159262478351593
  ],