{
  "size": 16,
  "opt_val": -22.0,
  "method": "VQEAdam",
  "operations": [
    "Z6_Y12",
    "Z6_Y15",
    "Z6_Y10",
    "Z12_Y9",
    "Z12_Y2",
    "Z15_Y5",
    "Z15_Y11",
    "Z10_Y8",
    "Z10_Y14",
    "Z9_Y1",
    "Z9_Y7",
    "Z2_Y13",
    "Z13_Y3",
    "Z3_Y0",
    "Z14_Y4",
    "Z2_Y8",
    "Z5_Y13",
    "Z5_Y8",
    "Z11_Y1",
    "Z11_Y7",
    "Z3_Y14",
    "Z0_Y1",
    "Z0_Y4",
    "Z7_Y4"
  ],
  "dt": 0.05,
  "lr": 0.05,
  "lam": 1.0,
  "mu": 0.9,
  "fix_step": 0,
  "constant_c": true,
  "parameters": [
    1.5708271265029907,
    1.5707619190216064,
    -1.57053542137146,
    1.5707542896270752,
    1.5707545280456543,
    1.570798635482788,
    1.5708130598068237,
    -0.0012793553760275245,
    0.04035313427448273,
    0.6769163608551025,
    0.848848819732666,
    1.5708575248718262,
    1.5706411600112915,
    1.570755958557129,
    -2.2900170733919367e-05,
    0.792596697807312,
    1.9487082681735046e-05,
    0.7794569134712219,
    0.8164798617362976,
    0.7219067811965942,
    1.5304603576660156,
    -0.07741889357566833,
    1.4095509052276611,
    0.16127122938632965
  ],
  "opt_ratios": [
    3.0517549021169543e-05,
    7.870106492191553e-05,
    0.00018418068066239357,
    0.00039495067903771996,
    0.0007817455334588885,
    0.0014364283997565508,
    0.0024614171124994755,
    0.003948736470192671,
    0.005951878149062395,
    0.008459093980491161,
    0.011380113661289215,
    0.014555023983120918,
    0.017785632982850075,
    0.0208782646805048,
    0.023681916296482086,
    0.026109063997864723,
    0.028136366978287697,
    0.029790474101901054,
    0.031128300353884697,
    0.0322183221578598,
    0.03312726318836212,
    0.03391196206212044,
    0.0346149280667305,
    0.03526250645518303,
    0.03586543723940849,
    0.0364205576479435,
    0.03691444173455238,
    0.03732748329639435,
    0.03763947635889053,
    0.03783474117517471,
    0.03790592774748802,
    0.0378575325012207,
    0.037707239389419556,
    0.03748547285795212,
    0.03723304346203804,
    0.036997921764850616,
    0.03683117404580116,
    0.036783259361982346,
    0.036901358515024185,
    0.037229109555482864,
    0.03780638426542282,
    0.03867098689079285,
    0.039859525859355927,
    0.04140970855951309,
    0.04336172342300415,
    0.04576005041599274,
    0.04865478351712227,
    0.05210455507040024,
    0.056175608187913895,
    0.06094576418399811,
    0.066500723361969,
    0.07293710112571716,
    0.08036068081855774,
    0.0888809934258461,
    0.0986131802201271,
    0.10967247933149338,
    0.12217298150062561,
    0.13622239232063293,
    0.15191525220870972,
    0.16933539509773254,
    0.18855084478855133,
    0.209609717130661,
    0.23254020512104034,
    0.25734639167785645,
    0.2840060889720917,
    0.3124682903289795,
    0.34265002608299255,
    0.37443193793296814,
    0.40765488147735596,
    0.44211345911026,
    0.47756701707839966,
    0.5137274861335754,
    0.5502693057060242,
    0.5868335962295532,
    0.6230550408363342,
    0.6585752964019775,
    0.6930819153785706,
    0.7262933850288391,
    0.7579909563064575,
    0.7880029082298279,
    0.8161781430244446,
    0.8423865437507629,
    0.8665281534194946,
    0.8885195255279541,
    0.9083122611045837,
    0.9258993864059448,
    0.9413140416145325,
    0.9546254873275757,
    0.9659212827682495,
    0.9753010869026184,
    0.9828792214393616,
    0.9887901544570923,
    0.9931976199150085,
    0.9962926506996155,
    0.9982835054397583,
    0.9993769526481628,
    0.9997648000717163,
    0.9996141791343689,
    0.9990677237510681,
    0.9982526302337646,
    0.9972807765007019,
    0.9962518811225891,
    0.9952507615089417,
    0.9943406581878662,
    0.9935683608055115,
    0.9929547905921936,
    0.9925118684768677,
    0.9922386407852173,
    0.9921289086341858,
    0.9921713471412659,
    0.9923501014709473,
    0.9926450848579407,
    0.9930359125137329,
    0.9934978485107422,
    0.9940122961997986,
    0.994562566280365,
    0.9951322078704834,
    0.9957086443901062,
    0.996277928352356,
    0.9968264698982239,
    0.9973421692848206,
    0.9978175759315491,
    0.9982448220252991,
    0.9986223578453064,
    0.9989497661590576,
    0.9992263913154602,
    0.9994531273841858,
    0.9996333718299866,
    0.9997706413269043,
    0.9998682737350464,
    0.9999328851699829,
    0.9999704360961914,
    0.9999862313270569,
    0.9999850392341614,
    0.9999728202819824,
    0.9999508261680603,
    0.9999257326126099,
    0.9998988509178162,
    0.9998730421066284,
    0.9998497366905212,
    0.9998301863670349,
    0.9998136162757874,
    0.9998018741607666,
    0.9997953176498413,
    0.9997926950454712,
    0.9997947216033936,
    0.9998006820678711,
    0.9998102188110352,
    0.9998224377632141,
    0.9998362064361572,
    0.9998523592948914,
    0.9998682737350464,
    0.9998858571052551,
    0.9999023675918579,
    0.9999182224273682,
    0.9999324679374695,
    0.9999451637268066,
    0.9999576210975647,
    0.9999674558639526,
    0.9999752044677734,
    0.9999815821647644,
    0.9999866485595703,
    0.999990701675415,
    0.9999931454658508,
    0.9999947547912598,
    0.9999955892562866,
    0.999995768070221,
    0.9999950528144836,
    0.999994158744812,
    0.9999935626983643,
    0.9999927282333374,
    0.9999920129776001,
    0.9999911785125732,
    0.9999904632568359,
    0.9999898672103882,
    0.9999886155128479,
    0.9999890327453613,
    0.9999890327453613,
    0.999988853931427,
    0.9999895095825195,
    0.9999898672103882,
    0.9999908804893494,
    0.9999905824661255,
    0.9999913573265076,
    0.9999921321868896,
    0.9999926090240479,
    0.9999933838844299,
    0.9999940395355225,
    0.9999942183494568,
    0.9999947547912598,
    0.9999948143959045,
    0.9999954104423523,
    0.9999954700469971,
    0.9999959468841553,
    0.9999956488609314,
    0.999995768070221,
    0.999995768070221,
    0.999995768070221,
    0.999996542930603,
    0.9999960660934448,
    0.999995768070221
  ],