{
  "size": 16,
  "opt_val": -21.0,
  "method": "VQEAdam",
  "operations": [
    "Z12_Y13",
    "Z12_Y3",
    "Z12_Y11",
    "Z13_Y0",
    "Z13_Y4",
    "Z3_Y8",
    "Z11_Y9",
    "Z11_Y1",
    "Z0_Y6",
    "Z4_Y5",
    "Z4_Y10",
    "Z9_Y15",
    "Z15_Y2",
    "Z1_Y7",
    "Z10_Y14",
    "Z3_Y0",
    "Z8_Y9",
    "Z8_Y6",
    "Z6_Y10",
    "Z15_Y5",
    "Z1_Y2",
    "Z5_Y14",
    "Z14_Y7",
    "Z2_Y7"
  ],
  "dt": 0.05,
  "lr": 0.05,
  "lam": 1.0,
  "mu": 0.9,
  "fix_step": 0,
  "constant_c": true,
  "parameters": [
    1.57076895236969,
    1.5710225105285645,
    1.5709952116012573,
    0.9544700384140015,
    1.5704224109649658,
    1.570817470550537,
    -1.5734399557113647,
    1.5705703496932983,
    -3.151280907331966e-05,
    1.6453903913497925,
    1.5709521770477295,
    1.5713179111480713,
    1.665054202079773,
    0.747548520565033,
    0.8410465717315674,
    0.6163060069084167,
    -0.00029011169681325555,
    1.5708527565002441,
    -0.000305270281387493,
    -0.07460077106952667,
    -0.09419013559818268,
    0.7296151518821716,
    0.7873084545135498,
    -0.036399781703948975
  ],
  "opt_ratios": [
    3.0517549021169543e-05,
    7.237461250042543e-05,
    0.00016017908637877554,
    0.0003322971460875124,
    0.0006484700716100633,
    0.001193817239254713,
    0.0020783008076250553,
    0.003428641241043806,
    0.005371174309402704,
    0.008007390424609184,
    0.011388239450752735,
    0.015496629290282726,
    0.020246706902980804,
    0.025503017008304596,
    0.031114650890231133,
    0.0369529090821743,
    0.042940713465213776,
    0.049066927284002304,
    0.05538597330451012,
    0.062005605548620224,
    0.06906965374946594,
    0.07673770934343338,
    0.08516604453325272,
    0.09449099004268646,
    0.1048133447766304,
    0.11618728190660477,
    0.12861116230487823,
    0.14202715456485748,
    0.15632641315460205,
    0.17136897146701813,
    0.18701140582561493,
    0.20314562320709229,
    0.21973517537117004,
    0.23684024810791016,
    0.2546174228191376,
    0.27329325675964355,
    0.29310593008995056,
    0.31425273418426514,
    0.33685430884361267,
    0.36093172430992126,
    0.3864125609397888,
    0.4131418764591217,
    0.44090306758880615,
    0.46944600343704224,
    0.49851086735725403,
    0.5278607606887817,
    0.5572970509529114,
    0.5866692662239075,
    0.6158725023269653,
    0.6448277235031128,
    0.6734600067138672,
    0.7016779780387878,
    0.7293528914451599,
    0.7563190460205078,
    0.7823775410652161,
    0.8073087930679321,
    0.8308950662612915,
    0.8529377579689026,
    0.8732763528823853,
    0.8918029069900513,
    0.908463180065155,
    0.9232580661773682,
    0.936235249042511,
    0.9474862217903137,
    0.9571312069892883,
    0.9653122425079346,
    0.9721848368644714,
    0.9779052734375,
    0.9826267957687378,
    0.9864903092384338,
    0.9896211624145508,
    0.9921241402626038,
    0.9940856099128723,
    0.995572030544281,
    0.9966379404067993,
    0.997327446937561,
    0.9976831674575806,
    0.9977495670318604,
    0.9975736141204834,
    0.9972118139266968,
    0.9967227578163147,
    0.9961678385734558,
    0.9956082105636597,
    0.9950963258743286,
    0.9946756362915039,
    0.9943752288818359,
    0.9942120909690857,
    0.9941866993904114,
    0.9942891597747803,
    0.9945021867752075,
    0.9947988986968994,
    0.9951551556587219,
    0.9955461621284485,
    0.9959495663642883,
    0.9963513016700745,
    0.996738612651825,
    0.9971064925193787,
    0.9974524974822998,
    0.9977753162384033,
    0.9980773329734802,
    0.9983600974082947,
    0.998622715473175,
    0.998865008354187,
    0.9990842342376709,
    0.9992797374725342,
    0.9994494915008545,
    0.9995909333229065,
    0.9997054934501648,
    0.9997941255569458,
    0.9998588562011719,
    0.9999022483825684,
    0.9999280571937561,
    0.9999412894248962,
    0.9999438524246216,
    0.999940812587738,
    0.9999328851699829,
    0.9999239444732666,
    0.9999133944511414,
    0.9999038577079773,
    0.9998956918716431,
    0.9998891949653625,
    0.999882698059082,
    0.9998794198036194,
    0.9998777508735657,
    0.9998777508735657,
    0.9998791217803955,
    0.9998821020126343,
    0.9998868703842163,
    0.9998926520347595,
    0.9998995065689087,
    0.9999077320098877,
    0.9999158382415771,
    0.9999252557754517,
    0.9999338984489441,
    0.9999419450759888,
    0.9999501705169678,
    0.9999571442604065,
    0.9999644756317139,
    0.9999702572822571,
    0.9999760985374451,
    0.9999806880950928,
    0.9999848008155823,
    0.9999884963035583,
    0.9999907612800598,
    0.9999927282333374,
    0.9999937415122986,
    0.9999947547912598,
    0.9999950528144836,
    0.9999944567680359,
    0.9999944567680359,
    0.999993622303009,
    0.9999937415122986,
    0.9999925494194031,
    0.9999923706054688,
    0.9999923706054688,
    0.9999921321868896,
    0.9999923706054688,
    0.9999923706054688,
    0.9999923706054688,
    0.9999920129776001,
    0.9999923706054688,
    0.9999927282333374,
    0.9999930262565613,
    0.9999935626983643,
    0.9999930262565613,
    0.9999935626983643,
    0.9999943971633911,
    0.9999937415122986,
    0.9999943971633911,
    0.9999945759773254,
    0.9999948143959045,
    0.9999950528144836,
    0.9999950528144836,
    0.9999954104423523,
    0.999995768070221,
    0.9999959468841553,
    0.999995768070221,
    0.9999960660934448,
    0.9999955892562866,
    0.9999954104423523,
    0.999995768070221,
    0.9999955892562866,
    0.9999962449073792,
    0.9999953508377075,
    0.999995768070221,
    0.9999959468841553,
    0.9999954104423523,
    0.999995768070221,
    0.999995768070221,
    0.9999955892562866,
    0.9999958276748657,
    0.9999960660934448,
    0.9999955892562866,
    0.9999960064888,
    0.9999958276748657,
    0.9999959468841553,
    0.9999955892562866,
    0.9999955892562866,
    0.9999959468841553,
    0.999995768070221,
    0.9999960660934448
  ],