{
  "size": 16,
  "opt_val": -20.0,
  "method": "VQEAdam",
  "operations": [
    "Z4_Y9",
    "Z4_Y11",
    "Z4_Y2",
    "Z9_Y5",
    "Z11_Y6",
    "Z2_Y15",
    "Z2_Y13",
    "Z5_Y10",
    "Z5_Y1",
    "Z10_Y12",
    "Z1_Y0",
    "Z12_Y8",
    "Z12_Y3",
    "Z8_Y7",
    "Z7_Y14",
    "Z9_Y11",
    "Z10_Y1",
    "Z8_Y13",
    "Z13_Y15",
    "Z7_Y0",
    "Z3_Y14",
    "Z3_Y15",
    "Z6_Y14",
    "Z6_Y0"
  ],
  "dt": 0.05,
  "lr": 0.05,
  "lam": 1.0,
  "mu": 0.9,
  "fix_step": 0,
  "constant_c": true,
  "parameters": [
    1.5707921981811523,
    1.5708842277526855,
    1.5708746910095215,
    1.5705673694610596,
    1.570725917816162,
    1.1506690979003906,
    0.5643410086631775,
    1.5707988739013672,
    0.1662740856409073,
    1.5707664489746094,
    -0.0004362422041594982,
    1.5708080530166626,
    1.570902705192566,
    1.57051682472229,
    0.868851363658905,
    0.0001546078419778496,
    1.7382073402404785,
    1.006596326828003,
    0.8113608956336975,
    0.9457787275314331,
    0.6416083574295044,
    1.2317143678665161,
    1.343343734741211,
    0.6251353025436401
  ],
  "opt_ratios": [
    0.00024414039216935635,
    0.0005205919151194394,
    0.0010249684564769268,
    0.0018761868122965097,
    0.0032117748633027077,
    0.005168210715055466,
    0.007854447700083256,
    0.01132635585963726,
    0.01557246781885624,
    0.020519353449344635,
    0.026058288291096687,
    0.032085783779621124,
    0.03854507952928543,
    0.045455202460289,
    0.05292157083749771,
    0.06113111972808838,
    0.07033960521221161,
    0.08086059987545013,
    0.09306108951568604,
    0.10736411809921265,
    0.1242557168006897,
    0.1442902684211731,
    0.16808544099330902,
    0.19630450010299683,
    0.22960980236530304,
    0.26858580112457275,
    0.3136312961578369,
    0.3648229241371155,
    0.42177337408065796,
    0.48351916670799255,
    0.5484710335731506,
    0.614472508430481,
    0.6789788007736206,
    0.7393548488616943,
    0.7932443618774414,
    0.8389238715171814,
    0.8755357265472412,
    0.9031389951705933,
    0.9225659966468811,
    0.935157299041748,
    0.9424663782119751,
    0.946014404296875,
    0.9471232891082764,
    0.9468398690223694,
    0.9459251165390015,
    0.9448984861373901,
    0.9440933465957642,
    0.9437229037284851,
    0.9439266920089722,
    0.9447975754737854,
    0.9463955163955688,
    0.9487475156784058,
    0.9518399238586426,
    0.955612063407898,
    0.9599480628967285,
    0.9646785259246826,
    0.9695905447006226,
    0.9744501113891602,
    0.9790306091308594,
    0.9831380248069763,
    0.9866378307342529,
    0.9894607067108154,
    0.9916082620620728,
    0.9931339025497437,
    0.9941304922103882,
    0.9947046041488647,
    0.9949667453765869,
    0.9950120449066162,
    0.994924008846283,
    0.9947741627693176,
    0.9946224689483643,
    0.9945214986801147,
    0.9945131540298462,
    0.9946284294128418,
    0.9948796629905701,
    0.9952626824378967,
    0.9957537651062012,
    0.996315598487854,
    0.9969025254249573,
    0.9974708557128906,
    0.9979815483093262,
    0.9984132051467896,
    0.9987549781799316,
    0.9990072846412659,
    0.9991805553436279,
    0.9992873668670654,
    0.9993410110473633,
    0.9993559122085571,
    0.9993435144424438,
    0.9993150234222412,
    0.9992833733558655,
    0.9992583990097046,
    0.999250054359436,
    0.9992656111717224,
    0.9993066787719727,
    0.9993716478347778,
    0.9994552135467529,
    0.9995478391647339,
    0.9996393918991089,
    0.999721884727478,
    0.9997917413711548,
    0.999843955039978,
    0.9998795986175537,
    0.9999008178710938,
    0.9999089241027832,
    0.9999082684516907,
    0.9999005198478699,
    0.9998892545700073,
    0.9998776912689209,
    0.9998696446418762,
    0.9998652338981628,
    0.9998666644096375,
    0.999875009059906,
    0.9998891949653625,
    0.9999079704284668,
    0.9999278783798218,
    0.9999463558197021,
    0.9999617338180542,
    0.9999740123748779,
    0.9999805688858032,
    0.9999842643737793,
    0.999984622001648,
    0.9999825954437256,
    0.9999797940254211,
    0.9999772310256958,
    0.9999748468399048,
    0.9999726414680481,
    0.9999725222587585,
    0.9999734163284302,
    0.9999752640724182,
    0.999978244304657,
    0.999981164932251,
    0.9999844431877136,
    0.9999872446060181,
    0.9999901056289673,
    0.999991774559021,
    0.9999925494194031,
    0.999992847442627,
    0.9999927878379822,
    0.9999930262565613,
    0.9999923706054688,
    0.9999927282333374,
    0.9999921917915344,
    0.9999921917915344,
    0.999992847442627,
    0.9999923706054688,
    0.9999929666519165,
    0.9999930262565613,
    0.999993622303009,
    0.999994158744812,
    0.9999940991401672,
    0.9999946355819702,
    0.9999950528144836,
    0.9999951124191284,
    0.9999950528144836,
    0.9999950528144836,
    0.9999951124191284,
    0.9999949932098389,
    0.9999943971633911,
    0.9999948740005493,
    0.9999950528144836,
    0.9999948740005493,
    0.9999957084655762,
    0.9999957084655762,
    0.999995768070221,
    0.9999954700469971,
    0.999995768070221,
    0.9999958276748657,
    0.999995768070221,
    0.9999951124191284,
    0.9999958276748657,
    0.999995768070221,
    0.999995768070221,
    0.999995768070221,
    0.999995768070221,
    0.9999955892562866,
    0.9999958276748657,
    0.9999959468841553,
    0.999995768070221,
    0.9999955892562866,
    0.9999960064888,
    0.9999959468841553,
    0.9999954700469971,
    0.999995768070221,
    0.9999953508377075,
    0.999995768070221,
    0.9999955892562866,
    0.9999958276748657,
    0.9999954104423523,
    0.999995768070221,
    0.999995768070221,
    0.9999950528144836,
    0.999995768070221,
    0.999995768070221,
    0.9999958276748657,
    0.999995768070221,
    0.999995768070221,
    0.9999959468841553,
    0.9999957084655762,
    0.9999960064888,
    0.9999959468841553
  ],