{
  "size": 16,
  "opt_val": -21.0,
  "method": "VQEAdam",
  "operations": [
    "Z6_Y12",
    "Z6_Y15",
    "Z6_Y4",
    "Z12_Y10",
    "Z15_Y7",
    "Z4_Y0",
    "Z4_Y13",
    "Z10_Y5",
    "Z10_Y14",
    "Z7_Y3",
    "Z7_Y9",
    "Z3_Y1",
    "Z1_Y8",
    "Z9_Y2",
    "Z13_Y11",
    "Z12_Y15",
    "Z3_Y14",
    "Z1_Y9",
    "Z14_Y5",
    "Z0_Y2",
    "Z0_Y8",
    "Z13_Y8",
    "Z5_Y11",
    "Z11_Y2"
  ],
  "dt": 0.05,
  "lr": 0.05,
  "lam": 1.0,
  "mu": 0.9,
  "fix_step": 0,
  "constant_c": true,
  "parameters": [
    -1.5687620639801025,
    1.57072913646698,
    1.57086181640625,
    1.5707602500915527,
    1.5708528757095337,
    1.570874571800232,
    1.5707321166992188,
    1.5731600522994995,
    -0.0067101470194756985,
    1.5708647966384888,
    1.4589442014694214,
    1.570849895477295,
    0.22477573156356812,
    0.07773672044277191,
    0.33143457770347595,
    6.286083225859329e-05,
    1.5775288343429565,
    0.1117454394698143,
    0.0021297670900821686,
    0.1464005708694458,
    0.6739086508750916,
    0.6721450686454773,
    1.2393004894256592,
    1.6392117738723755
  ],
  "opt_ratios": [
    3.0517549021169543e-05,
    7.170502794906497e-05,
    0.00015471830556634814,
    0.00030891274218447506,
    0.0005742654902860522,
    0.0009990115649998188,
    0.0016333169769495726,
    0.0025191744789481163,
    0.003678475273773074,
    0.005102986004203558,
    0.0067505137994885445,
    0.008550357073545456,
    0.010417728684842587,
    0.012273339554667473,
    0.01406146865338087,
    0.015760360285639763,
    0.017381897196173668,
    0.018962353467941284,
    0.02054884284734726,
    0.02218669094145298,
    0.02391108311712742,
    0.025743212550878525,
    0.02769036777317524,
    0.02974889986217022,
    0.03190787881612778,
    0.03415455296635628,
    0.0364806093275547,
    0.03889009356498718,
    0.04140834882855415,
    0.044088393449783325,
    0.047010984271764755,
    0.05027708783745766,
    0.05399259924888611,
    0.05825603008270264,
    0.06315145641565323,
    0.0687495768070221,
    0.07511454075574875,
    0.08231556415557861,
    0.09043984115123749,
    0.09960702061653137,
    0.1099800243973732,
    0.12176977097988129,
    0.13522790372371674,
    0.1506330519914627,
    0.16827011108398438,
    0.1884109228849411,
    0.21129342913627625,
    0.23710787296295166,
    0.26598602533340454,
    0.29799553751945496,
    0.33313053846359253,
    0.37129873037338257,
    0.41229957342147827,
    0.4557930827140808,
    0.5012705326080322,
    0.5480329990386963,
    0.5952035188674927,
    0.6417754888534546,
    0.6866930723190308,
    0.7289628982543945,
    0.7677589058876038,
    0.8025103807449341,
    0.8329406380653381,
    0.8590677976608276,
    0.8811559677124023,
    0.899642288684845,
    0.9150668978691101,
    0.9279921650886536,
    0.9389484524726868,
    0.9483889937400818,
    0.9566726684570312,
    0.9640476703643799,
    0.9706618189811707,
    0.9765708446502686,
    0.9817615747451782,
    0.9861753582954407,
    0.9897409677505493,
    0.992396354675293,
    0.9941186904907227,
    0.9949401021003723,
    0.9949502348899841,
    0.9942939877510071,
    0.9931557178497314,
    0.9917362928390503,
    0.9902392625808716,
    0.9888483285903931,
    0.9877130389213562,
    0.9869421720504761,
    0.9865981340408325,
    0.9866980314254761,
    0.9872143864631653,
    0.9880847334861755,
    0.9892195463180542,
    0.9905157685279846,
    0.9918698072433472,
    0.9931906461715698,
    0.994405210018158,
    0.995467483997345,
    0.9963595867156982,
    0.9970803260803223,
    0.997647762298584,
    0.9980878233909607,
    0.9984264969825745,
    0.9986897110939026,
    0.9988981485366821,
    0.9990653395652771,
    0.9992050528526306,
    0.9993218779563904,
    0.9994209408760071,
    0.9995027184486389,
    0.9995679259300232,
    0.9996140003204346,
    0.9996421933174133,
    0.9996511340141296,
    0.9996419548988342,
    0.99961918592453,
    0.9995860457420349,
    0.9995506405830383,
    0.9995176792144775,
    0.9994899034500122,
    0.9994722604751587,
    0.9994681477546692,
    0.9994789361953735,
    0.9995038509368896,
    0.999541699886322,
    0.9995889067649841,
    0.9996414184570312,
    0.9996947050094604,
    0.9997461438179016,
    0.9997923374176025,
    0.9998322129249573,
    0.9998645782470703,
    0.9998883605003357,
    0.9999054074287415,
    0.999917209148407,
    0.9999242424964905,
    0.9999287128448486,
    0.9999314546585083,
    0.999933660030365,
    0.9999355673789978,
    0.9999380707740784,
    0.9999393820762634,
    0.9999416470527649,
    0.9999431371688843,
    0.9999448657035828,
    0.999945342540741,
    0.9999449253082275,
    0.9999443888664246,
    0.9999448657035828,
    0.9999439120292664,
    0.9999436736106873,
    0.9999443292617798,
    0.9999459981918335,
    0.9999472498893738,
    0.9999502301216125,
    0.9999524354934692,
    0.9999549388885498,
    0.9999573826789856,
    0.9999599456787109,
    0.9999615550041199,
    0.9999641180038452,
    0.9999654293060303,
    0.9999663829803467,
    0.9999671578407288,
    0.9999676942825317,
    0.9999674558639526,
    0.9999677538871765,
    0.9999675154685974,
    0.9999679923057556,
    0.9999683499336243,
    0.9999681711196899,
    0.9999687671661377,
    0.9999686479568481,
    0.9999694228172302,
    0.9999699592590332,
    0.9999699592590332,
    0.9999701380729675,
    0.9999707937240601,
    0.9999713897705078,
    0.9999719858169556,
    0.9999720454216003,
    0.9999724626541138,
    0.999973475933075,
    0.9999736547470093,
    0.9999740123748779,
    0.9999736547470093,
    0.999974250793457,
    0.9999745488166809,
    0.9999750256538391,
    0.9999750852584839,
    0.9999752640724182,
    0.9999752044677734,
    0.999975860118866,
    0.9999765157699585,
    0.9999760389328003,
    0.9999764561653137,
    0.9999768733978271,
    0.9999766945838928,
    0.9999766945838928,
    0.9999774694442749,
    0.999977707862854
  ],