{
  "size": 16,
  "opt_val": -22.0,
  "method": "VQEAdam",
  "operations": [
    "Z5_Y13",
    "Z5_Y6",
    "Z5_Y9",
    "Z13_Y1",
    "Z13_Y15",
    "Z6_Y14",
    "Z6_Y8",
    "Z9_Y12",
    "Z1_Y0",
    "Z1_Y7",
    "Z15_Y10",
    "Z15_Y11",
    "Z14_Y2",
    "Z2_Y4",
    "Z11_Y3",
    "Z9_Y14",
    "Z12_Y10",
    "Z12_Y11",
    "Z2_Y7",
    "Z10_Y4",
    "Z4_Y0",
    "Z7_Y8",
    "Z8_Y3",
    "Z3_Y0"
  ],
  "dt": 0.05,
  "lr": 0.05,
  "lam": 1.0,
  "mu": 0.9,
  "fix_step": 0,
  "constant_c": true,
  "parameters": [
    1.5707216262817383,
    1.5707165002822876,
    1.5709171295166016,
    1.5706363916397095,
    1.5707789659500122,
    1.5709670782089233,
    -0.00037457371945492923,
    1.57090163230896,
    0.7183026671409607,
    0.9103394746780396,
    0.8723481893539429,
    1.5706839561462402,
    1.5709651708602905,
    0.5660503506660461,
    1.5710569620132446,
    -0.00013232804485596716,
    0.6984900832176208,
    -0.00017114232468884438,
    0.8875109553337097,
    1.0047210454940796,
    0.7692336440086365,
    1.5707615613937378,
    -0.0001867135870270431,
    0.08333007246255875
  ],
  "opt_ratios": [
    6.1035098042339087e-05,
    0.00015812167839612812,
    0.00037463288754224777,
    0.00081857037730515,
    0.0016604611882939935,
    0.003143821842968464,
    0.005580666474997997,
    0.009323714300990105,
    0.014712436124682426,
    0.022000107914209366,
    0.031281594187021255,
    0.04244871437549591,
    0.05519840866327286,
    0.06910119950771332,
    0.08371393382549286,
    0.09870066493749619,
    0.1139199435710907,
    0.1294550895690918,
    0.14558660984039307,
    0.1627323031425476,
    0.18137513101100922,
    0.20199839770793915,
    0.2250254899263382,
    0.2507656216621399,
    0.27936282753944397,
    0.3107590675354004,
    0.34467190504074097,
    0.3806088864803314,
    0.41791051626205444,
    0.4558335244655609,
    0.49366581439971924,
    0.5308504700660706,
    0.5670924186706543,
    0.6023964881896973,
    0.637012243270874,
    0.6712886095046997,
    0.70549476146698,
    0.7396609783172607,
    0.7734837532043457,
    0.8063377141952515,
    0.8373757004737854,
    0.8657076358795166,
    0.8905993103981018,
    0.9116371273994446,
    0.92879718542099,
    0.9423953294754028,
    0.9529533982276917,
    0.9610449075698853,
    0.9671835899353027,
    0.9717670679092407,
    0.9750824570655823,
    0.9773459434509277,
    0.9787479639053345,
    0.9794795513153076,
    0.9797435998916626,
    0.9797271490097046,
    0.9795853495597839,
    0.9794265627861023,
    0.9793139100074768,
    0.979283332824707,
    0.9793639779090881,
    0.9795956015586853,
    0.9800289869308472,
    0.9807195067405701,
    0.9817063212394714,
    0.9829921722412109,
    0.9845356941223145,
    0.9862588047981262,
    0.9880595803260803,
    0.989835798740387,
    0.991508424282074,
    0.9930216073989868,
    0.9943509101867676,
    0.9954890012741089,
    0.9964370727539062,
    0.9971998333930969,
    0.997779130935669,
    0.9981833696365356,
    0.998430073261261,
    0.9985495209693909,
    0.9985833168029785,
    0.9985760450363159,
    0.9985662698745728,
    0.9985798597335815,
    0.9986258149147034,
    0.9986996054649353,
    0.998788595199585,
    0.9988795518875122,
    0.998962938785553,
    0.999037504196167,
    0.9991046786308289,
    0.9991692304611206,
    0.999231219291687,
    0.9992905259132385,
    0.9993448257446289,
    0.9993910193443298,
    0.9994299411773682,
    0.9994633197784424,
    0.9994969964027405,
    0.999534010887146,
    0.9995773434638977,
    0.9996278285980225,
    0.9996812343597412,
    0.9997349977493286,
    0.9997847080230713,
    0.9998281002044678,
    0.9998654127120972,
    0.999895453453064,
    0.9999191761016846,
    0.9999371767044067,
    0.9999494552612305,
    0.9999556541442871,
    0.9999569058418274,
    0.9999545216560364,
    0.9999498128890991,
    0.9999449253082275,
    0.9999411106109619,
    0.9999394416809082,
    0.9999391436576843,
    0.9999401569366455,
    0.9999421834945679,
    0.9999445676803589,
    0.9999487400054932,
    0.9999522566795349,
    0.9999582171440125,
    0.9999630451202393,
    0.9999681711196899,
    0.9999735355377197,
    0.9999775886535645,
    0.9999806880950928,
    0.9999836683273315,
    0.9999862909317017,
    0.9999877214431763,
    0.9999890327453613,
    0.999990701675415,
    0.9999918937683105,
    0.9999923706054688,
    0.9999924302101135,
    0.9999926686286926,
    0.9999921917915344,
    0.9999920129776001,
    0.9999915361404419,
    0.9999923706054688,
    0.9999920725822449,
    0.9999918937683105,
    0.9999918341636658,
    0.999992311000824,
    0.9999920129776001,
    0.9999926686286926,
    0.9999932050704956,
    0.9999932050704956,
    0.9999935626983643,
    0.9999943375587463,
    0.9999945163726807,
    0.9999944567680359,
    0.9999947547912598,
    0.9999955296516418,
    0.9999948740005493,
    0.9999953508377075,
    0.9999958276748657,
    0.9999955296516418,
    0.9999957084655762,
    0.9999953508377075,
    0.9999954700469971,
    0.999995231628418,
    0.9999954104423523,
    0.9999955892562866,
    0.9999954104423523,
    0.999995231628418,
    0.999995231628418,
    0.999995768070221,
    0.9999953508377075,
    0.9999954104423523,
    0.9999955892562866,
    0.9999957084655762,
    0.9999958276748657,
    0.9999953508377075,
    0.9999964237213135,
    0.999995768070221,
    0.9999961256980896,
    0.999995768070221,
    0.9999959468841553,
    0.9999958276748657,
    0.9999959468841553,
    0.9999955296516418,
    0.9999960064888,
    0.9999963045120239,
    0.9999960660934448,
    0.9999959468841553,
    0.9999960064888,
    0.9999959468841553,
    0.9999957084655762,
    0.9999957084655762,
    0.9999961853027344,
    0.9999961853027344,
    0.9999959468841553,
    0.9999963641166687,
    0.9999955892562866,
    0.9999955892562866,
    0.9999958276748657,
    0.9999960064888
  ],