{
  "size": 16,
  "opt_val": -21.0,
  "method": "VQEAdam",
  "operations": [
    "Z3_Y4",
    "Z3_Y1",
    "Z3_Y8",
    "Z4_Y9",
    "Z4_Y0",
    "Z1_Y12",
    "Z8_Y11",
    "Z8_Y10",
    "Z9_Y2",
    "Z0_Y6",
    "Z2_Y14",
    "Z2_Y7",
    "Z5_Y13",
    "Z5_Y15",
    "Z5_Y14",
    "Z1_Y0",
    "Z9_Y11",
    "Z11_Y12",
    "Z13_Y6",
    "Z13_Y15",
    "Z15_Y12",
    "Z14_Y7",
    "Z6_Y10",
    "Z7_Y10"
  ],
  "dt": 0.05,
  "lr": 0.05,
  "lam": 1.0,
  "mu": 0.9,
  "fix_step": 0,
  "constant_c": true,
  "parameters": [
    1.5707523822784424,
    1.5708259344100952,
    1.4942145347595215,
    1.5707809925079346,
    1.4374725818634033,
    0.7854782938957214,
    0.07709874957799911,
    2.5564433599356562e-05,
    1.57073974609375,
    7.608826126670465e-05,
    1.334108310402371e-05,
    2.791991391859483e-05,
    1.5707062482833862,
    0.9214389324188232,
    1.5708444118499756,
    0.1333477944135666,
    1.6480083465576172,
    0.7853809595108032,
    1.5707271099090576,
    0.9252797365188599,
    -2.4659644623170607e-05,
    1.5707899332046509,
    1.1231855154037476,
    0.44762083888053894
  ],
  "opt_ratios": [
    3.0517549021169543e-05,
    7.172093319240957e-05,
    0.0001549641601741314,
    0.0003102922346442938,
    0.0005793948657810688,
    0.0010138473007827997,
    0.0016691931523382664,
    0.0025947419926524162,
    0.0038209198974072933,
    0.005348127335309982,
    0.007142071146517992,
    0.009139011614024639,
    0.011260986328125,
    0.013436569832265377,
    0.015620348043739796,
    0.017805030569434166,
    0.020023684948682785,
    0.022343968972563744,
    0.024858536198735237,
    0.027675673365592957,
    0.030912285670638084,
    0.03468897193670273,
    0.03912636637687683,
    0.04434138163924217,
    0.05044117942452431,
    0.05751478672027588,
    0.06562206894159317,
    0.07478126138448715,
    0.08495732396841049,
    0.09605249762535095,
    0.10790274292230606,
    0.12028508633375168,
    0.13293518126010895,
    0.14557306468486786,
    0.1579345166683197,
    0.16979679465293884,
    0.18099482357501984,
    0.1914195865392685,
    0.20100484788417816,
    0.20970572531223297,
    0.21747909486293793,
    0.22427453100681305,
    0.23003530502319336,
    0.23471194505691528,
    0.23828087747097015,
    0.2407621592283249,
    0.24223263561725616,
    0.2428271621465683,
    0.24272902309894562,
    0.2421509474515915,
    0.2413112074136734,
    0.24040952324867249,
    0.2396075576543808,
    0.23901942372322083,
    0.23870830237865448,
    0.23869109153747559,
    0.23894844949245453,
    0.23943664133548737,
    0.24010048806667328,
    0.2408818006515503,
    0.24172832071781158,
    0.24259746074676514,
    0.24345652759075165,
    0.24428227543830872,
    0.245056614279747,
    0.2457650899887085,
    0.24639490246772766,
    0.24693483114242554,
    0.24737639725208282,
    0.24771547317504883,
    0.247953400015831,
    0.24809883534908295,
    0.248167484998703,
    0.24818012118339539,
    0.24815963208675385,
    0.2481289952993393,
    0.24810752272605896,
    0.24810883402824402,
    0.24814042448997498,
    0.2482033520936966,
    0.2482926994562149,
    0.24840132892131805,
    0.2485198974609375,
    0.24863974750041962,
    0.24875427782535553,
    0.2488582879304886,
    0.24895009398460388,
    0.24902896583080292,
    0.24909554421901703,
    0.2491513341665268,
    0.24919839203357697,
    0.24923840165138245,
    0.2492729127407074,
    0.24930277466773987,
    0.24932986497879028,
    0.2493555247783661,
    0.24938060343265533,
    0.24940596520900726,
    0.2494325488805771,
    0.24945974349975586,
    0.24948792159557343,
    0.24951617419719696,
    0.24954362213611603,
    0.24956922233104706,
    0.24959306418895721,
    0.2496146261692047,
    0.2496342808008194,
    0.24965277314186096,
    0.24967078864574432,
    0.24968942999839783,
    0.2497086375951767,
    0.24972869455814362,
    0.2497495710849762,
    0.24977047741413116,
    0.24979105591773987,
    0.2498108148574829,
    0.24982985854148865,
    0.24984773993492126,
    0.2498645782470703,
    0.2498803734779358,
    0.24989527463912964,
    0.24990969896316528,
    0.2499234676361084,
    0.24993687868118286,
    0.24994990229606628,
    0.24996258318424225,
    0.24997495114803314,
    0.24998696148395538,
    0.24999870359897614,
    0.250010222196579,
    0.25002166628837585,
    0.2500329613685608,
    0.2500440776348114,
    0.2500549554824829,
    0.250065416097641,
    0.2500758171081543,
    0.2500855028629303,
    0.2500951588153839,
    0.25010472536087036,
    0.2501138746738434,
    0.25012311339378357,
    0.25013232231140137,
    0.2501415014266968,
    0.2501508891582489,
    0.25016018748283386,
    0.2501697242259979,
    0.2501790225505829,
    0.25018826127052307,
    0.25019732117652893,
    0.2502061724662781,
    0.2502151131629944,
    0.2502237856388092,
    0.2502324879169464,
    0.25024086236953735,
    0.25024908781051636,
    0.250257283449173,
    0.2502652406692505,
    0.25027310848236084,
    0.2502809464931488,
    0.25028887391090393,
    0.25029703974723816,
    0.25030502676963806,
    0.25031304359436035,
    0.25032126903533936,
    0.25032922625541687,
    0.25033754110336304,
    0.2503455877304077,
    0.2503536343574524,
    0.250361829996109,
    0.2503699064254761,
    0.25037798285484314,
    0.2503863573074341,
    0.2503947615623474,
    0.25040310621261597,
    0.2504114806652069,
    0.2504199147224426,
    0.2504284977912903,
    0.250436931848526,
    0.25044572353363037,
    0.2504540681838989,
    0.25046247243881226,
    0.2504706084728241,
    0.2504786252975464,
    0.25048643350601196,
    0.250494122505188,
    0.2505016326904297,
    0.25050875544548035,
    0.25051575899124146,
    0.2505224645137787,
    0.250529021024704,
    0.25053566694259644,
    0.2505422532558441,
    0.25054892897605896,
    0.25055599212646484,
    0.2505629360675812,
    0.25056976079940796,
    0.25057685375213623,
    0.2505838871002197,
    0.250591516494751,
    0.2505992352962494,
    0.25060704350471497
  ],