{
  "size": 16,
  "opt_val": -21.0,
  "method": "VQEAdam",
  "operations": [
    "Z3_Y4",
    "Z3_Y9",
    "Z3_Y11",
    "Z4_Y14",
    "Z9_Y0",
    "Z11_Y5",
    "Z14_Y8",
    "Z0_Y2",
    "Z0_Y1",
    "Z2_Y12",
    "Z2_Y15",
    "Z1_Y7",
    "Z15_Y10",
    "Z10_Y6",
    "Z10_Y13",
    "Z4_Y11",
    "Z9_Y14",
    "Z1_Y8",
    "Z12_Y8",
    "Z12_Y5",
    "Z15_Y5",
    "Z6_Y7",
    "Z6_Y13",
    "Z13_Y7"
  ],
  "dt": 0.05,
  "lr": 0.05,
  "lam": 1.0,
  "mu": 0.9,
  "fix_step": 0,
  "constant_c": true,
  "parameters": [
    1.570755124092102,
    1.5707882642745972,
    0.15903431177139282,
    1.3824442625045776,
    1.5707969665527344,
    -1.065297419700073e-05,
    0.0024809297174215317,
    1.5708107948303223,
    -1.5708786249160767,
    1.5708211660385132,
    1.5707443952560425,
    -0.02007763460278511,
    1.5707298517227173,
    1.5708444118499756,
    1.5209935903549194,
    1.7297115325927734,
    0.18835057318210602,
    0.016476182267069817,
    1.551921010017395,
    0.7865132093429565,
    0.7842991948127747,
    0.7432218790054321,
    -0.04973982274532318,
    0.8476417660713196
  ],
  "opt_ratios": [
    3.0517549021169543e-05,
    7.122496026568115e-05,
    0.00015099735173862427,
    0.00029383061337284744,
    0.0005292098503559828,
    0.0008882880792953074,
    0.0013978993520140648,
    0.00207375455647707,
    0.0029146859887987375,
    0.0038999540265649557,
    0.004990744404494762,
    0.006136286072432995,
    0.00728363823145628,
    0.008388293907046318,
    0.009422103874385357,
    0.010376513004302979,
    0.01126106921583414,
    0.012099268846213818,
    0.01292347814887762,
    0.013769884593784809,
    0.014674416743218899,
    0.015669727697968483,
    0.016782812774181366,
    0.018033582717180252,
    0.01943359524011612,
    0.020985295996069908,
    0.022682053968310356,
    0.024508321657776833,
    0.02644072286784649,
    0.028449254110455513,
    0.030500514432787895,
    0.03256069868803024,
    0.03460058942437172,
    0.03660021722316742,
    0.03855364769697189,
    0.04047231376171112,
    0.04238595813512802,
    0.04434290900826454,
    0.04640719294548035,
    0.048655398190021515,
    0.05117320641875267,
    0.05405241623520851,
    0.0573895201086998,
    0.06128464266657829,
    0.0658424124121666,
    0.07117144763469696,
    0.07738588005304337,
    0.08460474014282227,
    0.0929507315158844,
    0.10254419595003128,
    0.11350160837173462,
    0.125928595662117,
    0.1399143487215042,
    0.15552815794944763,
    0.1728162169456482,
    0.19180123507976532,
    0.2124854475259781,
    0.2348550707101822,
    0.2588845193386078,
    0.28453901410102844,
    0.31176748871803284,
    0.3404995799064636,
    0.37062856554985046,
    0.4020036458969116,
    0.4344235062599182,
    0.46764007210731506,
    0.5013783574104309,
    0.5353608131408691,
    0.5693384408950806,
    0.6031067967414856,
    0.6365078091621399,
    0.6694076657295227,
    0.7016627192497253,
    0.733079731464386,
    0.7634084820747375,
    0.7923520803451538,
    0.8196110725402832,
    0.8449398279190063,
    0.8681819438934326,
    0.8892813324928284,
    0.9082557559013367,
    0.9251508712768555,
    0.9400147199630737,
    0.9528874754905701,
    0.9638240933418274,
    0.9729142189025879,
    0.9803035855293274,
    0.9861763715744019,
    0.9907328486442566,
    0.9941573739051819,
    0.99660724401474,
    0.9982163310050964,
    0.9991111755371094,
    0.9994270205497742,
    0.9993076920509338,
    0.9988887906074524,
    0.9982898831367493,
    0.9975969195365906,
    0.9968671798706055,
    0.9961398243904114,
    0.9954443573951721,
    0.9948130249977112,
    0.9942764043807983,
    0.9938591718673706,
    0.9935765266418457,
    0.9934303164482117,
    0.9934094548225403,
    0.9935032725334167,
    0.9936977624893188,
    0.993980348110199,
    0.9943379759788513,
    0.9947561025619507,
    0.9952167868614197,
    0.9957007169723511,
    0.99619060754776,
    0.9966712594032288,
    0.9971327185630798,
    0.9975695610046387,
    0.9979739785194397,
    0.9983428716659546,
    0.99867182970047,
    0.998959481716156,
    0.9992033839225769,
    0.9994066953659058,
    0.9995719790458679,
    0.999703586101532,
    0.9998041391372681,
    0.9998781681060791,
    0.9999296069145203,
    0.9999616742134094,
    0.9999778866767883,
    0.9999821186065674,
    0.9999765157699585,
    0.9999644756317139,
    0.9999479651451111,
    0.999929666519165,
    0.9999101161956787,
    0.9998910427093506,
    0.9998749494552612,
    0.9998607039451599,
    0.999850332736969,
    0.9998437762260437,
    0.9998412132263184,
    0.9998413920402527,
    0.999845564365387,
    0.9998515844345093,
    0.9998602867126465,
    0.9998701810836792,
    0.9998822212219238,
    0.999894380569458,
    0.9999068975448608,
    0.9999196529388428,
    0.9999311566352844,
    0.9999421238899231,
    0.9999520182609558,
    0.9999613761901855,
    0.9999693632125854,
    0.9999759197235107,
    0.9999812245368958,
    0.9999859929084778,
    0.9999895095825195,
    0.9999917149543762,
    0.9999935626983643,
    0.9999947547912598,
    0.9999953508377075,
    0.999995768070221,
    0.9999951720237732,
    0.9999950528144836,
    0.9999940395355225,
    0.9999938607215881,
    0.9999927878379822,
    0.9999925494194031,
    0.9999914765357971,
    0.9999917149543762,
    0.999990701675415,
    0.9999909400939941,
    0.9999907612800598,
    0.9999914765357971,
    0.9999910593032837,
    0.9999923706054688,
    0.9999918937683105,
    0.9999925494194031,
    0.9999923706054688,
    0.9999931454658508,
    0.9999937415122986,
    0.9999938011169434,
    0.9999945163726807,
    0.9999945163726807,
    0.9999942183494568,
    0.9999955892562866,
    0.999995768070221,
    0.9999954104423523,
    0.9999955892562866,
    0.999995768070221,
    0.9999960064888,
    0.999995768070221,
    0.9999966621398926,
    0.9999960660934448,
    0.9999962449073792,
    0.9999958276748657,
    0.9999958276748657
  ],