{
  "size": 16,
  "opt_val": -22.0,
  "method": "VQEAdam",
  "operations": [
    "Z3_Y10",
    "Z3_Y15",
    "Z3_Y0",
    "Z10_Y5",
    "Z15_Y11",
    "Z0_Y8",
    "Z0_Y4",
    "Z5_Y12",
    "Z12_Y1",
    "Z12_Y9",
    "Z11_Y14",
    "Z8_Y6",
    "Z4_Y7",
    "Z4_Y2",
    "Z6_Y13",
    "Z10_Y15",
    "Z5_Y11",
    "Z8_Y1",
    "Z6_Y14",
    "Z1_Y9",
    "Z14_Y7",
    "Z7_Y13",
    "Z9_Y2",
    "Z2_Y13"
  ],
  "dt": 0.05,
  "lr": 0.05,
  "lam": 1.0,
  "mu": 0.9,
  "fix_step": 0,
  "constant_c": true,
  "parameters": [
    1.5725270509719849,
    -0.21012187004089355,
    1.5708544254302979,
    1.5707038640975952,
    0.0003255611809436232,
    1.570857286453247,
    1.5707284212112427,
    1.5707569122314453,
    0.024737728759646416,
    0.4023798108100891,
    -7.035120506770909e-05,
    1.5707507133483887,
    0.9012060165405273,
    1.0325758457183838,
    0.5472468137741089,
    1.3593480587005615,
    1.5705933570861816,
    1.595457673072815,
    1.5707261562347412,
    1.1684094667434692,
    0.6696370840072632,
    0.5923937559127808,
    0.5382657647132874,
    0.43117353320121765
  ],
  "opt_ratios": [
    3.0517549021169543e-05,
    7.906018436187878e-05,
    0.0001872953725978732,
    0.00040908021037466824,
    0.0008292075945064425,
    0.0015683913370594382,
    0.002781146904453635,
    0.004643382504582405,
    0.007329913787543774,
    0.010987495072185993,
    0.015714449808001518,
    0.02155962772667408,
    0.02854933775961399,
    0.036738913506269455,
    0.04627380520105362,
    0.05743619054555893,
    0.07066159695386887,
    0.08652311563491821,
    0.10569951683282852,
    0.12894251942634583,
    0.1570488065481186,
    0.1908271461725235,
    0.23103414475917816,
    0.2782552242279053,
    0.3327164649963379,
    0.39405691623687744,
    0.4611303210258484,
    0.5319384336471558,
    0.6037623882293701,
    0.6734739542007446,
    0.7379311919212341,
    0.7943724393844604,
    0.8407905697822571,
    0.8762320280075073,
    0.9009250402450562,
    0.9161426424980164,
    0.9238494634628296,
    0.9262752532958984,
    0.9255569577217102,
    0.923512876033783,
    0.921526312828064,
    0.9205124378204346,
    0.9209343194961548,
    0.9228695034980774,
    0.9261021018028259,
    0.9302520155906677,
    0.9348903298377991,
    0.9396505951881409,
    0.9442830085754395,
    0.9486826658248901,
    0.9528601169586182,
    0.9568986892700195,
    0.9608858823776245,
    0.9648648500442505,
    0.9688141942024231,
    0.9726486206054688,
    0.9762530326843262,
    0.9795184135437012,
    0.9823766350746155,
    0.9848119020462036,
    0.9868614077568054,
    0.9885934591293335,
    0.9900823831558228,
    0.9913827180862427,
    0.9925174117088318,
    0.9934820532798767,
    0.9942566156387329,
    0.9948275089263916,
    0.9952008128166199,
    0.9954074621200562,
    0.9955096244812012,
    0.9955771565437317,
    0.9956701397895813,
    0.9958281517028809,
    0.9960744976997375,
    0.9963975548744202,
    0.9967678189277649,
    0.9971489906311035,
    0.997508704662323,
    0.9978234171867371,
    0.9980840086936951,
    0.9982935786247253,
    0.9984619617462158,
    0.998602032661438,
    0.9987237453460693,
    0.9988366961479187,
    0.998945951461792,
    0.9990525841712952,
    0.9991597533226013,
    0.9992657899856567,
    0.9993665814399719,
    0.9994603991508484,
    0.9995416402816772,
    0.9996050000190735,
    0.9996521472930908,
    0.9996815919876099,
    0.9996986985206604,
    0.9997087717056274,
    0.9997158050537109,
    0.9997243285179138,
    0.9997368454933167,
    0.9997559189796448,
    0.9997768402099609,
    0.9997988343238831,
    0.9998199939727783,
    0.9998389482498169,
    0.9998561143875122,
    0.9998729228973389,
    0.9998891949653625,
    0.9999058246612549,
    0.9999205470085144,
    0.9999340772628784,
    0.9999430775642395,
    0.9999499917030334,
    0.9999532699584961,
    0.9999558329582214,
    0.9999573230743408,
    0.9999585747718811,
    0.999961256980896,
    0.9999642372131348,
    0.9999667406082153,
    0.9999687671661377,
    0.9999703764915466,
    0.9999717473983765,
    0.9999726414680481,
    0.9999743700027466,
    0.9999765157699585,
    0.9999789595603943,
    0.9999825954437256,
    0.9999856352806091,
    0.9999880194664001,
    0.9999896883964539,
    0.9999912977218628,
    0.9999911189079285,
    0.9999920129776001,
    0.9999918937683105,
    0.999991774559021,
    0.9999911189079285,
    0.9999902844429016,
    0.9999894499778748,
    0.9999893307685852,
    0.9999890327453613,
    0.9999895095825195,
    0.9999896883964539,
    0.999990701675415,
    0.9999913573265076,
    0.9999917149543762,
    0.999992311000824,
    0.9999930262565613,
    0.9999932050704956,
    0.9999933242797852,
    0.9999937415122986,
    0.9999938011169434,
    0.9999940395355225,
    0.9999938607215881,
    0.9999940395355225,
    0.9999939203262329,
    0.9999940395355225,
    0.9999945163726807,
    0.9999942183494568,
    0.9999945759773254,
    0.9999947547912598,
    0.9999945759773254,
    0.9999950528144836,
    0.9999943971633911,
    0.9999948143959045,
    0.9999946355819702,
    0.9999949336051941,
    0.9999943971633911,
    0.9999945759773254,
    0.9999949932098389,
    0.9999943375587463,
    0.9999945163726807,
    0.9999940395355225,
    0.9999943971633911,
    0.9999942183494568,
    0.9999938011169434,
    0.9999943375587463,
    0.9999944567680359,
    0.9999943971633911,
    0.9999938607215881,
    0.9999940395355225,
    0.999994158744812,
    0.9999948143959045,
    0.9999940395355225,
    0.9999949336051941,
    0.9999945163726807,
    0.9999943971633911,
    0.999994158744812,
    0.9999940395355225,
    0.9999945759773254,
    0.9999943971633911,
    0.9999953508377075,
    0.9999945759773254,
    0.9999947547912598,
    0.9999949932098389,
    0.9999947547912598,
    0.999995231628418,
    0.9999943971633911,
    0.9999947547912598,
    0.9999943971633911
  ],