{
  "size": 16,
  "opt_val": -22.0,
  "method": "VQEAdam",
  "operations": [
    "Z4_Y6",
    "Z4_Y15",
    "Z4_Y8",
    "Z6_Y11",
    "Z6_Y9",
    "Z15_Y10",
    "Z15_Y1",
    "Z8_Y12",
    "Z8_Y0",
    "Z11_Y2",
    "Z11_Y5",
    "Z9_Y7",
    "Z3_Y10",
    "Z10_Y13",
    "Z12_Y14",
    "Z9_Y5",
    "Z3_Y1",
    "Z3_Y12",
    "Z1_Y2",
    "Z13_Y0",
    "Z13_Y7",
    "Z14_Y2",
    "Z14_Y5",
    "Z0_Y7"
  ],
  "dt": 0.05,
  "lr": 0.05,
  "lam": 1.0,
  "mu": 0.9,
  "fix_step": 0,
  "constant_c": true,
  "parameters": [
    1.5707807540893555,
    1.5708445310592651,
    1.5707803964614868,
    1.5707736015319824,
    1.5708363056182861,
    1.3258588314056396,
    1.5709233283996582,
    -1.5726182460784912,
    1.566862940788269,
    0.5325853824615479,
    0.7846401333808899,
    1.0966709852218628,
    0.24497787654399872,
    1.5707310438156128,
    1.572600245475769,
    0.7872268557548523,
    -0.000123102348879911,
    1.5832489728927612,
    1.0388139486312866,
    0.003922043368220329,
    -4.606020956998691e-05,
    -0.0006388160400092602,
    -0.0010908970143646002,
    0.47407832741737366
  ],
  "opt_ratios": [
    3.0517549021169543e-05,
    7.904217636678368e-05,
    0.00018698193889576942,
    0.00040685452404432,
    0.0008188631618395448,
    0.00153129524551332,
    0.0026704564224928617,
    0.0043569887056946754,
    0.00667059700936079,
    0.009612826630473137,
    0.013083381578326225,
    0.016885021701455116,
    0.0207618810236454,
    0.024459971114993095,
    0.02778601460158825,
    0.03064151294529438,
    0.033023908734321594,
    0.035002581775188446,
    0.036686528474092484,
    0.0381954088807106,
    0.039642393589019775,
    0.04112384840846062,
    0.04271675646305084,
    0.04447844624519348,
    0.04644783213734627,
    0.04864724352955818,
    0.0510832741856575,
    0.053748130798339844,
    0.05662137269973755,
    0.05967218056321144,
    0.06286141276359558,
    0.06614530086517334,
    0.06947898864746094,
    0.07282140105962753,
    0.07613997906446457,
    0.07941427081823349,
    0.08263716846704483,
    0.08581577241420746,
    0.08896926045417786,
    0.09212557971477509,
    0.09531762450933456,
    0.09858003258705139,
    0.10194630175828934,
    0.10544707626104355,
    0.1091093122959137,
    0.11295504868030548,
    0.11700112372636795,
    0.12125793099403381,
    0.12572763860225677,
    0.13040301203727722,
    0.13526524603366852,
    0.14028400182724,
    0.14541779458522797,
    0.1506163328886032,
    0.15582512319087982,
    0.1609901338815689,
    0.16606396436691284,
    0.17100904881954193,
    0.17580120265483856,
    0.1804286390542984,
    0.18489034473896027,
    0.18919169902801514,
    0.19334004819393158,
    0.1973409205675125,
    0.2011955976486206,
    0.20490117371082306,
    0.20845162868499756,
    0.21183934807777405,
    0.21505717933177948,
    0.21810109913349152,
    0.22096948325634003,
    0.22366341948509216,
    0.22618484497070312,
    0.22853612899780273,
    0.2307184636592865,
    0.23273293673992157,
    0.23458009958267212,
    0.23626187443733215,
    0.23778264224529266,
    0.239149808883667,
    0.2403736263513565,
    0.24146702885627747,
    0.2424434870481491,
    0.24331693351268768,
    0.2440992295742035,
    0.24480055272579193,
    0.24542857706546783,
    0.24598930776119232,
    0.24648813903331757,
    0.24693001806735992,
    0.24731938540935516,
    0.2476624995470047,
    0.24796420335769653,
    0.24822963774204254,
    0.24846336245536804,
    0.2486693263053894,
    0.248850017786026,
    0.24900761246681213,
    0.24914400279521942,
    0.24926099181175232,
    0.24936048686504364,
    0.24944451451301575,
    0.2495156079530716,
    0.24957649409770966,
    0.24962933361530304,
    0.24967603385448456,
    0.24971848726272583,
    0.24975790083408356,
    0.24979549646377563,
    0.2498321682214737,
    0.24986891448497772,
    0.2499065399169922,
    0.24994614720344543,
    0.24998816847801208,
    0.2500331997871399,
    0.2500818967819214,
    0.2501344084739685,
    0.25019094347953796,
    0.2502516210079193,
    0.2503165602684021,
    0.25038620829582214,
    0.2504604458808899,
    0.25053974986076355,
    0.25062426924705505,
    0.25071418285369873,
    0.25080984830856323,
    0.25091099739074707,
    0.25101834535598755,
    0.25113117694854736,
    0.2512497007846832,
    0.2513734996318817,
    0.2515021562576294,
    0.2516351044178009,
    0.25177136063575745,
    0.25190970301628113,
    0.25204893946647644,
    0.2521875202655792,
    0.2523232400417328,
    0.2524547874927521,
    0.2525796890258789,
    0.2526967525482178,
    0.2528040111064911,
    0.2529003620147705,
    0.2529843747615814,
    0.2530558705329895,
    0.2531137764453888,
    0.25315845012664795,
    0.25319012999534607,
    0.2532091438770294,
    0.2532171905040741,
    0.2532149851322174,
    0.2532044053077698,
    0.25318729877471924,
    0.25316572189331055,
    0.2531415522098541,
    0.2531164586544037,
    0.25309252738952637,
    0.25307032465934753,
    0.2530517876148224,
    0.2530369460582733,
    0.25302624702453613,
    0.25301992893218994,
    0.2530175745487213,
    0.2530186176300049,
    0.2530227303504944,
    0.2530292272567749,
    0.25303712487220764,
    0.25304585695266724,
    0.2530549466609955,
    0.25306373834609985,
    0.253071665763855,
    0.25307875871658325,
    0.2530845105648041,
    0.25308921933174133,
    0.25309258699417114,
    0.25309479236602783,
    0.2530960142612457,
    0.2530966103076935,
    0.25309693813323975,
    0.25309664011001587,
    0.2530965209007263,
    0.25309622287750244,
    0.253096342086792,
    0.25309672951698303,
    0.25309687852859497,
    0.2530975341796875,
    0.25309842824935913,
    0.2530995011329651,
    0.25310078263282776,
    0.25310221314430237,
    0.25310376286506653,
    0.25310513377189636,
    0.2531065344810486,
    0.25310733914375305,
    0.25310835242271423,
    0.2531092166900635,
    0.25310996174812317,
    0.25311076641082764,
    0.2531112730503082,
    0.2531118094921112,
    0.2531121075153351
  ],