{
  "size": 16,
  "opt_val": -21.0,
  "method": "VQEAdam",
  "operations": [
    "Z6_Y12",
    "Z6_Y5",
    "Z6_Y9",
    "Z12_Y8",
    "Z12_Y14",
    "Z5_Y7",
    "Z5_Y0",
    "Z9_Y10",
    "Z8_Y1",
    "Z14_Y4",
    "Z3_Y4",
    "Z3_Y15",
    "Z3_Y2",
    "Z15_Y11",
    "Z1_Y13",
    "Z9_Y0",
    "Z8_Y0",
    "Z14_Y1",
    "Z4_Y2",
    "Z15_Y7",
    "Z2_Y7",
    "Z11_Y10",
    "Z11_Y13",
    "Z10_Y13"
  ],
  "dt": 0.05,
  "lr": 0.05,
  "lam": 1.0,
  "mu": 0.9,
  "fix_step": 0,
  "constant_c": true,
  "parameters": [
    1.5751489400863647,
    1.570614218711853,
    1.570676326751709,
    1.570825219154358,
    1.5707991123199463,
    0.0002345562825212255,
    0.8495259881019592,
    1.5710384845733643,
    1.5705634355545044,
    1.5709155797958374,
    -0.0001465867244405672,
    1.5709631443023682,
    1.5709608793258667,
    1.5709991455078125,
    0.388475626707077,
    0.8603299856185913,
    0.13905465602874756,
    0.0002834288461599499,
    -0.00016218484961427748,
    0.9299801588058472,
    0.640699565410614,
    -7.542730600107461e-06,
    1.5708239078521729,
    0.38839486241340637
  ],
  "opt_ratios": [
    3.0517549021169543e-05,
    7.121681119315326e-05,
    0.0001508694695075974,
    0.0002931275812443346,
    0.0005265168729238212,
    0.0008799855713732541,
    0.001376061118207872,
    0.0020232798997312784,
    0.002810568083077669,
    0.003706117859110236,
    0.004661895334720612,
    0.005622786935418844,
    0.006537389941513538,
    0.007367405574768782,
    0.008092810399830341,
    0.008711875416338444,
    0.00923690665513277,
    0.009687810204923153,
    0.01008567027747631,
    0.010448066517710686,
    0.010786284692585468,
    0.0111042819917202,
    0.011399063281714916,
    0.011661634780466557,
    0.011878486722707748,
    0.012033573351800442,
    0.012110421434044838,
    0.012094207108020782,
    0.01197395846247673,
    0.011744155548512936,
    0.011405913159251213,
    0.010967167094349861,
    0.010441897436976433,
    0.009848498739302158,
    0.009207653813064098,
    0.00854006502777338,
    0.007864484563469887,
    0.007196381688117981,
    0.006547551602125168,
    0.00592616805806756,
    0.005337415263056755,
    0.004784167278558016,
    0.004267853684723377,
    0.0037888505030423403,
    0.0033468976616859436,
    0.0029414051678031683,
    0.002571484073996544,
    0.0022359779104590416,
    0.0019334986573085189,
    0.001662362483330071,
    0.0014206931227818131,
    0.0012064763577654958,
    0.001017609378322959,
    0.0008519846596755087,
    0.0007075492758303881,
    0.0005823452956974506,
    0.00047451930004172027,
    0.00038233649684116244,
    0.00030417312518693507,
    0.00023849365243222564,
    0.00018386209558229893,
    0.00013900475460104644,
    0.00010267893230775371,
    7.365756027866155e-05,
    5.095207234262489e-05,
    3.3599528251215816e-05,
    2.0758265236509033e-05,
    1.1572157745831646e-05,
    5.488303486345103e-06,
    1.8646359194463002e-06,
    2.2607842709021497e-07,
    1.0186172971771157e-07,
    1.0376755881225108e-06,
    2.6978780169883976e-06,
    4.822863502340624e-06,
    7.233957148855552e-06,
    9.84225971478736e-06,
    1.2451675502234139e-05,
    1.5044535757624544e-05,
    1.7455979104852304e-05,
    1.9731451175175607e-05,
    2.1841337002115324e-05,
    2.3627282644156367e-05,
    2.506247255951166e-05,
    2.628806214488577e-05,
    2.7354082703823224e-05,
    2.817718814185355e-05,
    2.8700816983473487e-05,
    2.8897748052258976e-05,
    2.8776799808838405e-05,
    2.8376323825796135e-05,
    2.77584094874328e-05,
    2.6999046895070933e-05,
    2.6178709958912805e-05,
    2.5374532924615778e-05,
    2.4502196538378485e-05,
    2.3645938199479133e-05,
    2.2660584363620728e-05,
    2.157807284675073e-05,
    2.036946352745872e-05,
    1.9163266188115813e-05,
    1.800227619241923e-05,
    1.6919433619477786e-05,
    1.5811281627975404e-05,
    1.4725101209478453e-05,
    1.3640149518323597e-05,
    1.2601817616086919e-05,
    1.1644484402495436e-05,
    1.0791400200105272e-05,
    9.950244930223562e-06,
    9.100744136958383e-06,
    8.280525435111485e-06,
    7.518632173741935e-06,
    6.878493877593428e-06,
    6.27296640232089e-06,
    5.63503772355034e-06,
    5.036945822212147e-06,
    4.458564035303425e-06,
    3.955284682888305e-06,
    3.5616260447568493e-06,
    3.262880454713013e-06,
    2.9803277357132174e-06,
    2.6826483008335344e-06,
    2.377182454438298e-06,
    2.072686811516178e-06,
    1.802243900783651e-06,
    1.5862772215768928e-06,
    1.4347800743053085e-06,
    1.3498672615241958e-06,
    1.308463424720685e-06,
    1.308943296862708e-06,
    1.3475445257427054e-06,
    1.4180179732647957e-06,
    1.5344860457844334e-06,
    1.6847230881467112e-06,
    1.8526075109548401e-06,
    2.020055035245605e-06,
    2.1676964934158605e-06,
    2.2790436560171656e-06,
    2.3426898678735597e-06,
    2.354437583562685e-06,
    2.3172040073404787e-06,
    2.2407702999771573e-06,
    2.138693844244699e-06,
    2.0259276425349526e-06,
    1.9163981050951406e-06,
    1.8218269133285503e-06,
    1.7501546381026856e-06,
    1.7060050367945223e-06,
    1.6907164308577194e-06,
    1.7031281913659768e-06,
    1.7393684856870095e-06,
    1.7937242091647931e-06,
    1.8589925048217992e-06,
    1.9273795714980224e-06,
    1.9906062789232237e-06,
    2.0419190605025506e-06,
    2.0760405732289655e-06,
    2.0904396933474345e-06,
    2.0849449811066734e-06,
    2.0621230305550853e-06,
    2.0266600131435553e-06,
    1.984007894861861e-06,
    1.9401365989324404e-06,
    1.8999493249793886e-06,
    1.867901460173016e-06,
    1.846960458351532e-06,
    1.8381738300377037e-06,
    1.8411056998957065e-06,
    1.8549432070358307e-06,
    1.8763942080113338e-06,
    1.9028803990295273e-06,
    1.9305718979012454e-06,
    1.9560568489396246e-06,
    1.976434532480198e-06,
    1.9894498564099194e-06,
    1.99430292013858e-06,
    1.9912299649149645e-06,
    1.981395143957343e-06,
    1.9664023511722917e-06,
    1.9490009890432702e-06,
    1.9315516510687303e-06,
    1.915863322210498e-06,
    1.9039246126340004e-06,
    1.896890807984164e-06,
    1.8949635887111071e-06,
    1.897966512842686e-06,
    1.9051318531637662e-06,
    1.915173243105528e-06,
    1.926347749758861e-06,
    1.9375295323698083e-06,
    1.9471979157970054e-06,
    1.9539643290045206e-06,
    1.9574797534005484e-06,
    1.9577548755478347e-06,
    1.9549113403627416e-06,
    1.9493591025820933e-06,
    1.94258859664842e-06,
    1.9352903564140433e-06,
    1.9283722849650076e-06,
    1.9227898064855253e-06
  ],