{
  "size": 16,
  "opt_val": -20.0,
  "method": "VQE",
  "operations": [
    "Z6_Y15",
    "Z6_Y11",
    "Z6_Y9",
    "Z15_Y8",
    "Z15_Y12",
    "Z11_Y14",
    "Z11_Y4",
    "Z9_Y7",
    "Z9_Y5",
    "Z8_Y13",
    "Z12_Y1",
    "Z3_Y7",
    "Z3_Y10",
    "Z3_Y0",
    "Z1_Y2",
    "Z8_Y12",
    "Z7_Y10",
    "Z10_Y1",
    "Z0_Y5",
    "Z0_Y4",
    "Z5_Y14",
    "Z4_Y2",
    "Z14_Y13",
    "Z13_Y2"
  ],
  "dt": 0.05,
  "lr": 0.05,
  "lam": 1.0,
  "mu": 0.9,
  "fix_step": 0,
  "constant_c": true,
  "parameters": [
    1.5688786506652832,
    1.5692170858383179,
    1.5477039813995361,
    1.520160436630249,
    0.6895745396614075,
    1.0084432363510132,
    0.002997278468683362,
    1.554919958114624,
    0.00028431904502213,
    0.28123340010643005,
    0.11875922977924347,
    0.004225035198032856,
    1.5515185594558716,
    1.569326639175415,
    0.022499246522784233,
    0.3513767123222351,
    0.019202744588255882,
    1.4492003917694092,
    1.5665724277496338,
    1.5677341222763062,
    0.562355101108551,
    1.3542052507400513,
    1.2895426750183105,
    0.21299965679645538
  ],
  "opt_ratios": [
    0.00018310529412701726,
    0.0003917967842426151,
    0.000555256032384932,
    0.0007715515675954521,
    0.001051843399181962,
    0.0014078834792599082,
    0.0018515376141294837,
    0.002394407521933317,
    0.0030473372898995876,
    0.0038200211711227894,
    0.004720695316791534,
    0.005755877587944269,
    0.006930162198841572,
    0.008246238343417645,
    0.009704863652586937,
    0.011305013671517372,
    0.013043984770774841,
    0.014917522668838501,
    0.016920406371355057,
    0.019046172499656677,
    0.02128772810101509,
    0.023637546226382256,
    0.02608785405755043,
    0.028630774468183517,
    0.03125850483775139,
    0.03396347910165787,
    0.03673850744962692,
    0.03957715630531311,
    0.042473204433918,
    0.04542127996683121,
    0.04841644689440727,
    0.051454611122608185,
    0.05453214794397354,
    0.057646654546260834,
    0.06079573929309845,
    0.06397812068462372,
    0.06719285994768143,
    0.07043969631195068,
    0.07371866703033447,
    0.07703056931495667,
    0.08037655055522919,
    0.08375803381204605,
    0.08717706799507141,
    0.09063570946455002,
    0.09413626790046692,
    0.09768165647983551,
    0.1012742668390274,
    0.10491697490215302,
    0.1086127832531929,
    0.11236423254013062,
    0.11617404222488403,
    0.12004508823156357,
    0.12397982180118561,
    0.12798047065734863,
    0.1320485770702362,
    0.13618691265583038,
    0.14039602875709534,
    0.14467766880989075,
    0.14903239905834198,
    0.15346023440361023,
    0.15796102583408356,
    0.16253389418125153,
    0.16717827320098877,
    0.17189174890518188,
    0.1766725778579712,
    0.18151766061782837,
    0.1864241063594818,
    0.1913880705833435,
    0.19640573859214783,
    0.20147299766540527,
    0.20658449828624725,
    0.21173538267612457,
    0.21692010760307312,
    0.22213256359100342,
    0.22736632823944092,
    0.23261532187461853,
    0.2378731071949005,
    0.24313408136367798,
    0.2483915090560913,
    0.25363826751708984,
    0.25886768102645874,
    0.26407358050346375,
    0.2692505717277527,
    0.2743925452232361,
    0.2794934809207916,
    0.2845478355884552,
    0.2895508408546448,
    0.2944977879524231,
    0.2993839979171753,
    0.3042045831680298,
    0.3089560866355896,
    0.3136349320411682,
    0.31823837757110596,
    0.32276374101638794,
    0.32720860838890076,
    0.3315708637237549,
    0.3358490467071533,
    0.34004104137420654,
    0.34414592385292053,
    0.3481641411781311,
    0.3520939350128174,
    0.355934202671051,
    0.3596854507923126,
    0.3633480668067932,
    0.3669242858886719,
    0.37041300535202026,
    0.3738153576850891,
    0.37713271379470825,
    0.38036566972732544,
    0.38351571559906006,
    0.38658371567726135,
    0.38957029581069946,
    0.392477810382843,
    0.39530789852142334,
    0.39806297421455383,
    0.40074437856674194,
    0.40335384011268616,
    0.4058930277824402,
    0.40836387872695923,
    0.4107663035392761,
    0.4131028354167938,
    0.41537463665008545,
    0.4175860285758972,
    0.4197388291358948,
    0.42183324694633484,
    0.42387139797210693,
    0.4258546233177185,
    0.42778533697128296,
    0.4296643137931824,
    0.43149334192276,
    0.4332740604877472,
    0.43500810861587524,
    0.43669581413269043,
    0.4383382201194763,
    0.4399389624595642,
    0.4414987564086914,
    0.4430193305015564,
    0.44450125098228455,
    0.4459460973739624,
    0.4473538100719452,
    0.4487259089946747,
    0.45006370544433594,
    0.45136773586273193,
    0.4526398181915283,
    0.4538809061050415,
    0.4550914168357849,
    0.4562722444534302,
    0.4574242830276489,
    0.4585481286048889,
    0.4596444070339203,
    0.4607139527797699,
    0.46175768971443176,
    0.46277570724487305,
    0.46376872062683105,
    0.46473753452301025,
    0.4656827449798584,
    0.466605007648468,
    0.46750491857528687,
    0.46838217973709106,
    0.4692375957965851,
    0.470072478055954,
    0.4708864092826843,
    0.4716801047325134,
    0.4724535346031189,
    0.4732079803943634,
    0.4739428162574768,
    0.47465911507606506,
    0.4753570556640625,
    0.47603723406791687,
    0.47669973969459534,
    0.4773452877998352,
    0.4779737591743469,
    0.47858574986457825,
    0.47918152809143066,
    0.4797612726688385,
    0.48032617568969727,
    0.4808751940727234,
    0.4814094305038452,
    0.4819295108318329,
    0.48243510723114014,
    0.482926607131958,
    0.48340490460395813,
    0.4838700294494629,
    0.4843219518661499,
    0.48476165533065796,
    0.48518872261047363,
    0.485603928565979,
    0.48600733280181885,
    0.4863988757133484,
    0.4867795705795288,
    0.48714905977249146,
    0.4875076413154602,
    0.4878564178943634,
    0.48819500207901,
    0.4885234534740448,
    0.4888424277305603,
    0.48915207386016846,
    0.4894525706768036,
    0.4897441267967224,
    0.4900272488594055,
    0.49030202627182007
  ],