{
  "size": 16,
  "opt_val": -21.0,
  "method": "VQE",
  "operations": [
    "Z4_Y9",
    "Z4_Y12",
    "Z4_Y11",
    "Z9_Y0",
    "Z12_Y1",
    "Z12_Y2",
    "Z11_Y10",
    "Z0_Y7",
    "Z0_Y15",
    "Z1_Y14",
    "Z1_Y5",
    "Z2_Y8",
    "Z2_Y6",
    "Z10_Y13",
    "Z8_Y3",
    "Z9_Y11",
    "Z10_Y6",
    "Z8_Y7",
    "Z6_Y3",
    "Z3_Y15",
    "Z7_Y13",
    "Z13_Y14",
    "Z14_Y5",
    "Z5_Y15"
  ],
  "dt": 0.05,
  "lr": 0.05,
  "lam": 1.0,
  "mu": 0.9,
  "fix_step": 0,
  "constant_c": true,
  "parameters": [
    -1.539709448814392,
    1.570796251296997,
    1.570796251296997,
    1.5703967809677124,
    1.5612165927886963,
    1.5707956552505493,
    1.5707926750183105,
    0.5245426893234253,
    1.2540953159332275,
    -0.11266812682151794,
    0.5527243614196777,
    1.5707956552505493,
    1.0617867708206177,
    0.6137693524360657,
    0.7843766808509827,
    1.2126408364565577e-05,
    0.5090085864067078,
    1.0462548732757568,
    0.786418616771698,
    0.3073655366897583,
    0.9570283889770508,
    1.4580786228179932,
    1.0180721282958984,
    0.6237024068832397
  ],
  "opt_ratios": [
    3.0517549021169543e-05,
    7.203144923551008e-05,
    0.00010739169374573976,
    0.0001571189786773175,
    0.0002257321757497266,
    0.0003186980029568076,
    0.00044246632023714483,
    0.0006044893525540829,
    0.000813187682069838,
    0.0010778559371829033,
    0.0014085688162595034,
    0.001815945841372013,
    0.0023110134061425924,
    0.0029048684518784285,
    0.0036085352767258883,
    0.004432593006640673,
    0.005387083161622286,
    0.006481168791651726,
    0.0077231223694980145,
    0.009120174683630466,
    0.010678492486476898,
    0.012403169646859169,
    0.014298536814749241,
    0.016367891803383827,
    0.018613969907164574,
    0.021039096638560295,
    0.02364535816013813,
    0.026434708386659622,
    0.029409412294626236,
    0.03257175534963608,
    0.0359249971807003,
    0.03947262093424797,
    0.043218884617090225,
    0.047168999910354614,
    0.05132919177412987,
    0.05570618435740471,
    0.060307860374450684,
    0.06514318287372589,
    0.0702216699719429,
    0.0755537897348404,
    0.08115027844905853,
    0.08702267706394196,
    0.09318332374095917,
    0.09964451938867569,
    0.10641880333423615,
    0.11351912468671799,
    0.12095769494771957,
    0.12874755263328552,
    0.13690076768398285,
    0.14542894065380096,
    0.15434303879737854,
    0.1636529117822647,
    0.17336858808994293,
    0.18349866569042206,
    0.19405007362365723,
    0.2050270289182663,
    0.21643516421318054,
    0.22827637195587158,
    0.24055245518684387,
    0.2532632052898407,
    0.26640453934669495,
    0.279971718788147,
    0.2939577102661133,
    0.30835241079330444,
    0.3231424391269684,
    0.33831292390823364,
    0.3538443446159363,
    0.36971592903137207,
    0.3859041631221771,
    0.4023815393447876,
    0.4191177487373352,
    0.43608033657073975,
    0.4532322585582733,
    0.4705350399017334,
    0.48794877529144287,
    0.5054323673248291,
    0.5229398012161255,
    0.5404266119003296,
    0.557847797870636,
    0.5751585364341736,
    0.5923132300376892,
    0.6092678308486938,
    0.6259814500808716,
    0.642414927482605,
    0.6585289239883423,
    0.6742910742759705,
    0.6896685361862183,
    0.7046351432800293,
    0.7191667556762695,
    0.7332425713539124,
    0.7468463778495789,
    0.7599689364433289,
    0.7725983262062073,
    0.784730851650238,
    0.796364426612854,
    0.8075004816055298,
    0.8181427121162415,
    0.8282980918884277,
    0.837973415851593,
    0.8471803069114685,
    0.8559306859970093,
    0.8642368912696838,
    0.8721141219139099,
    0.8795765042304993,
    0.8866398334503174,
    0.8933196663856506,
    0.899631917476654,
    0.9055938720703125,
    0.9112206697463989,
    0.9165284037590027,
    0.9215319752693176,
    0.9262477159500122,
    0.9306896328926086,
    0.9348729848861694,
    0.9388099908828735,
    0.9425150156021118,
    0.9460002183914185,
    0.9492775797843933,
    0.9523603320121765,
    0.9552590250968933,
    0.9579841494560242,
    0.9605435132980347,
    0.9629496335983276,
    0.9652090668678284,
    0.9673304557800293,
    0.9693260192871094,
    0.9712016582489014,
    0.972963273525238,
    0.974615216255188,
    0.9761688709259033,
    0.9776279926300049,
    0.9789970517158508,
    0.9802833795547485,
    0.9814918041229248,
    0.9826247692108154,
    0.9836922883987427,
    0.9846903681755066,
    0.9856294989585876,
    0.9865087270736694,
    0.9873351454734802,
    0.9881114959716797,
    0.9888408780097961,
    0.9895270466804504,
    0.9901723861694336,
    0.9907733798027039,
    0.991339385509491,
    0.9918708205223083,
    0.9923689961433411,
    0.9928358793258667,
    0.9932750463485718,
    0.9936877489089966,
    0.9940764904022217,
    0.9944404363632202,
    0.9947816133499146,
    0.9951008558273315,
    0.9954004883766174,
    0.9956832528114319,
    0.9959489107131958,
    0.9961984753608704,
    0.996430516242981,
    0.9966493844985962,
    0.9968554377555847,
    0.997046709060669,
    0.9972280263900757,
    0.9973977208137512,
    0.9975568652153015,
    0.9977059364318848,
    0.9978482723236084,
    0.9979795813560486,
    0.9981030225753784,
    0.9982194900512695,
    0.9983293414115906,
    0.9984318017959595,
    0.9985278844833374,
    0.9986175298690796,
    0.9987017512321472,
    0.9987806081771851,
    0.9988548159599304,
    0.9989244937896729,
    0.9989895224571228,
    0.9990516304969788,
    0.9991101026535034,
    0.9991654753684998,
    0.9992170929908752,
    0.9992643594741821,
    0.9993082880973816,
    0.9993516206741333,
    0.9993916153907776,
    0.999427855014801,
    0.9994633197784424,
    0.9994972944259644,
    0.9995270371437073,
    0.9995559453964233,
    0.9995830059051514,
    0.9996086955070496,
    0.9996322989463806,
    0.9996544718742371,
    0.999675989151001,
    0.999695360660553,
    0.9997141361236572,
    0.9997317790985107
  ],