{
  "size": 16,
  "opt_val": -20.0,
  "method": "VQE",
  "operations": [
    "Z6_Y15",
    "Z6_Y4",
    "Z6_Y1",
    "Z15_Y3",
    "Z15_Y13",
    "Z4_Y2",
    "Z1_Y7",
    "Z3_Y8",
    "Z13_Y0",
    "Z13_Y9",
    "Z5_Y10",
    "Z5_Y0",
    "Z5_Y14",
    "Z14_Y12",
    "Z14_Y11",
    "Z4_Y1",
    "Z3_Y2",
    "Z2_Y7",
    "Z10_Y7",
    "Z10_Y8",
    "Z0_Y9",
    "Z8_Y12",
    "Z9_Y11",
    "Z12_Y11"
  ],
  "dt": 0.05,
  "lr": 0.05,
  "lam": 1.0,
  "mu": 0.9,
  "fix_step": 0,
  "constant_c": true,
  "parameters": [
    1.5707076787948608,
    -1.5615657567977905,
    1.0461492538452148,
    1.5706685781478882,
    1.5532612800598145,
    0.7855417728424072,
    0.13545513153076172,
    1.485630989074707,
    0.015610490925610065,
    1.0435007810592651,
    1.5490843057632446,
    1.5445691347122192,
    1.5412248373031616,
    0.23534098267555237,
    1.216921329498291,
    0.5241546630859375,
    0.7852669954299927,
    1.4032835960388184,
    0.035975221544504166,
    0.08292136341333389,
    0.5263743996620178,
    1.3337336778640747,
    0.896280825138092,
    0.9778680801391602
  ],
  "opt_ratios": [
    9.155264706350863e-05,
    0.0001953050377778709,
    0.00027559325098991394,
    0.0003809839836321771,
    0.0005164903122931719,
    0.000687400926835835,
    0.0008990982314571738,
    0.0011568947229534388,
    0.0014659212902188301,
    0.0018309932202100754,
    0.0022565238177776337,
    0.002746451646089554,
    0.0033042358700186014,
    0.003932853229343891,
    0.00463480269536376,
    0.005412230268120766,
    0.006266915239393711,
    0.007200320716947317,
    0.008213947527110577,
    0.00930893886834383,
    0.010486421175301075,
    0.011747650802135468,
    0.013093973509967327,
    0.014527127146720886,
    0.016048375517129898,
    0.017659803852438927,
    0.01936338096857071,
    0.021161232143640518,
    0.02305656298995018,
    0.025051245465874672,
    0.027149084955453873,
    0.029352597892284393,
    0.031665652990341187,
    0.03409139811992645,
    0.03663354367017746,
    0.039295706897974014,
    0.04208160564303398,
    0.04499496892094612,
    0.04803920164704323,
    0.05121781677007675,
    0.05453392490744591,
    0.05799063295125961,
    0.06159035861492157,
    0.06533528119325638,
    0.06922714412212372,
    0.07326726615428925,
    0.07745590806007385,
    0.08179310709238052,
    0.08627767115831375,
    0.0909079983830452,
    0.09568127244710922,
    0.10059326887130737,
    0.10564034432172775,
    0.11081638932228088,
    0.11611498892307281,
    0.12152829766273499,
    0.1270480751991272,
    0.1326645314693451,
    0.13836731016635895,
    0.14414533972740173,
    0.14998653531074524,
    0.1558787226676941,
    0.16180890798568726,
    0.1677636206150055,
    0.17372964322566986,
    0.17969314754009247,
    0.1856408715248108,
    0.19155950844287872,
    0.1974363923072815,
    0.20325927436351776,
    0.2090160995721817,
    0.21469643712043762,
    0.22028949856758118,
    0.22578667104244232,
    0.23117995262145996,
    0.23646073043346405,
    0.24162393808364868,
    0.2466638833284378,
    0.2515764832496643,
    0.256357878446579,
    0.26100581884384155,
    0.2655186951160431,
    0.2698965072631836,
    0.27413836121559143,
    0.27824556827545166,
    0.2822189927101135,
    0.28606128692626953,
    0.28977447748184204,
    0.29336127638816833,
    0.2968250513076782,
    0.3001694679260254,
    0.30339762568473816,
    0.3065137565135956,
    0.3095223009586334,
    0.3124271035194397,
    0.31523260474205017,
    0.31794267892837524,
    0.3205621838569641,
    0.323095440864563,
    0.3255459666252136,
    0.3279184401035309,
    0.33021628856658936,
    0.3324440121650696,
    0.3346051871776581,
    0.33670344948768616,
    0.3387426733970642,
    0.34072622656822205,
    0.3426576256752014,
    0.3445394039154053,
    0.3463750183582306,
    0.3481670320034027,
    0.3499184846878052,
    0.35163232684135437,
    0.35331085324287415,
    0.3549559414386749,
    0.3565702736377716,
    0.3581559956073761,
    0.35971513390541077,
    0.36124977469444275,
    0.36276116967201233,
    0.36425137519836426,
    0.36572206020355225,
    0.3671746551990509,
    0.36861005425453186,
    0.37002986669540405,
    0.3714354634284973,
    0.37282752990722656,
    0.37420734763145447,
    0.3755756616592407,
    0.3769332766532898,
    0.3782816231250763,
    0.37962082028388977,
    0.38095173239707947,
    0.3822751045227051,
    0.3835909366607666,
    0.38490045070648193,
    0.3862036466598511,
    0.3875013291835785,
    0.38879331946372986,
    0.39008015394210815,
    0.39136216044425964,
    0.392639696598053,
    0.3939124345779419,
    0.3951803147792816,
    0.3964445888996124,
    0.3977041244506836,
    0.3989596962928772,
    0.4002109169960022,
    0.40145811438560486,
    0.4027007222175598,
    0.4039389491081238,
    0.4051729142665863,
    0.40640175342559814,
    0.4076257348060608,
    0.40884533524513245,
    0.41005921363830566,
    0.41126778721809387,
    0.41247084736824036,
    0.413668155670166,
    0.4148591160774231,
    0.41604337096214294,
    0.417221337556839,
    0.4183928072452545,
    0.419556587934494,
    0.4207130968570709,
    0.42186179757118225,
    0.4230024218559265,
    0.4241342544555664,
    0.42525777220726013,
    0.42637258768081665,
    0.42747801542282104,
    0.42857375741004944,
    0.42966002225875854,
    0.43073612451553345,
    0.43180185556411743,
    0.43285709619522095,
    0.43390148878097534,
    0.43493473529815674,
    0.435956746339798,
    0.4369673430919647,
    0.43796631693840027,
    0.4389533996582031,
    0.439928263425827,
    0.44089093804359436,
    0.44184136390686035,
    0.44277939200401306,
    0.4437043368816376,
    0.44461700320243835,
    0.44551676511764526,
    0.4464033544063568,
    0.44727733731269836,
    0.44813811779022217,
    0.4489856958389282,
    0.44982028007507324,
    0.45064207911491394,
    0.4514504671096802,
    0.45224544405937195,
    0.4530278742313385,
    0.4537971317768097,
    0.4545534551143646,
    0.45529705286026
  ],