{
  "size": 16,
  "opt_val": -21.0,
  "method": "VQE",
  "operations": [
    "Z3_Y7",
    "Z3_Y12",
    "Z3_Y5",
    "Z7_Y9",
    "Z7_Y1",
    "Z12_Y2",
    "Z5_Y0",
    "Z5_Y14",
    "Z9_Y6",
    "Z1_Y11",
    "Z4_Y6",
    "Z4_Y10",
    "Z6_Y8",
    "Z11_Y13",
    "Z10_Y15",
    "Z12_Y1",
    "Z9_Y14",
    "Z4_Y11",
    "Z10_Y0",
    "Z8_Y15",
    "Z8_Y2",
    "Z0_Y13",
    "Z13_Y14",
    "Z15_Y2"
  ],
  "dt": 0.05,
  "lr": 0.05,
  "lam": 1.0,
  "mu": 0.9,
  "fix_step": 0,
  "constant_c": true,
  "parameters": [
    1.5654394626617432,
    1.5705510377883911,
    1.0418356657028198,
    1.1522225141525269,
    1.0637402534484863,
    0.160610631108284,
    1.561692714691162,
    0.5842100381851196,
    0.9013777375221252,
    0.019682148471474648,
    0.6690495610237122,
    1.5443451404571533,
    1.5370807647705078,
    0.001072775456123054,
    1.527597188949585,
    0.5065073370933533,
    0.016859307885169983,
    1.510279655456543,
    0.008731504902243614,
    0.03932632505893707,
    0.24284841120243073,
    1.562331199645996,
    0.9978318214416504,
    1.3029369115829468
  ],
  "opt_ratios": [
    3.0517549021169543e-05,
    7.120097143342718e-05,
    0.00010436688899062574,
    0.00014910790196154267,
    0.00020783043873962015,
    0.0002828837314154953,
    0.0003763796412386,
    0.0004900087369605899,
    0.0006248726858757436,
    0.00078132952330634,
    0.0009589301771484315,
    0.0011563932057470083,
    0.0013716318644583225,
    0.0016018555033951998,
    0.0018437369726598263,
    0.0020935875363647938,
    0.002347491914406419,
    0.0026015464682132006,
    0.0028520349878817797,
    0.003095514141023159,
    0.0033289247658103704,
    0.0035496505443006754,
    0.003755588084459305,
    0.003945114091038704,
    0.004117091652005911,
    0.004270813427865505,
    0.00440596416592598,
    0.004522575531154871,
    0.004620919469743967,
    0.004701515194028616,
    0.004765154793858528,
    0.004812637344002724,
    0.004844974726438522,
    0.004863143898546696,
    0.0048681627959012985,
    0.004861124791204929,
    0.00484306737780571,
    0.004814995918422937,
    0.004777897614985704,
    0.004732758272439241,
    0.004680397920310497,
    0.004621691070497036,
    0.004557393956929445,
    0.004488218110054731,
    0.004414875525981188,
    0.004337939899414778,
    0.004258006811141968,
    0.004175508860498667,
    0.004090971313416958,
    0.0040048775263130665,
    0.003917567431926727,
    0.0038293853867799044,
    0.003740626620128751,
    0.0036516052205115557,
    0.0035625065211206675,
    0.00347357545979321,
    0.0033850367181003094,
    0.0032971075270324945,
    0.003209892427548766,
    0.0031235211063176394,
    0.0030381171964108944,
    0.002953815506771207,
    0.00287070544436574,
    0.0027888549957424402,
    0.002708361716940999,
    0.0026292307302355766,
    0.002551497658714652,
    0.0024752311874181032,
    0.0024004434235394,
    0.0023271662648767233,
    0.0022553829476237297,
    0.002185138175264001,
    0.002116456627845764,
    0.0020492966286838055,
    0.001983683556318283,
    0.0019196023931726813,
    0.0018570557003840804,
    0.001796052441932261,
    0.0017365346429869533,
    0.0016785110346972942,
    0.0016219726530835032,
    0.0015668795676901937,
    0.0015132296830415726,
    0.0014609955251216888,
    0.0014101613778620958,
    0.0013607018627226353,
    0.0013125728582963347,
    0.0012657764600589871,
    0.001220276695676148,
    0.0011760554043576121,
    0.0011330954730510712,
    0.0010913587175309658,
    0.001050842460244894,
    0.0010115202749148011,
    0.0009733584593050182,
    0.0009363596327602863,
    0.0009004934690892696,
    0.0008657344151288271,
    0.0008320521446876228,
    0.0007994294282980263,
    0.0007678365218453109,
    0.000737265741918236,
    0.0007076928159222007,
    0.0006791008054278791,
    0.0006514647393487394,
    0.0006247664568945765,
    0.0005989829078316689,
    0.0005740925553254783,
    0.0005500749684870243,
    0.0005269101238809526,
    0.0005045693251304328,
    0.00048303836956620216,
    0.0004622986016329378,
    0.0004423241189215332,
    0.00042309772106818855,
    0.0004046068643219769,
    0.0003868167696055025,
    0.00036971477675251663,
    0.00035327961086295545,
    0.00033749095746316016,
    0.0003223336534574628,
    0.0003077865985687822,
    0.00029382805223576725,
    0.00028043650672771037,
    0.0002675990399438888,
    0.0002552984224166721,
    0.00024351169122382998,
    0.0002322226791875437,
    0.0002214176201960072,
    0.0002110767673002556,
    0.00020118177053518593,
    0.00019171429448761046,
    0.0001826567604439333,
    0.00017400212527718395,
    0.00016573605535086244,
    0.00015783905109856278,
    0.00015029599308036268,
    0.00014309011748991907,
    0.00013620707613881677,
    0.00012963800691068172,
    0.0001233705406775698,
    0.00011739121691789478,
    0.00011168864148203284,
    0.00010625271534081548,
    0.00010107192792929709,
    9.61323021329008e-05,
    9.142273484030738e-05,
    8.69341311044991e-05,
    8.265974611276761e-05,
    7.858721073716879e-05,
    7.470734271919355e-05,
    7.10123495082371e-05,
    6.749222666257992e-05,
    6.414030212908983e-05,
    6.0952679632464424e-05,
    5.791989678982645e-05,
    5.503538704942912e-05,
    5.229174712439999e-05,
    4.968090797774494e-05,
    4.719552453025244e-05,
    4.482976873987354e-05,
    4.258050466887653e-05,
    4.044226443511434e-05,
    3.8408343243645504e-05,
    3.647250196081586e-05,
    3.463313259999268e-05,
    3.288618245278485e-05,
    3.122522684861906e-05,
    2.96474954666337e-05,
    2.8148118872195482e-05,
    2.672233858902473e-05,
    2.5368872229591943e-05,
    2.40826811932493e-05,
    2.2861033357912675e-05,
    2.1700474462704733e-05,
    2.059803591691889e-05,
    1.9550559954950586e-05,
    1.855590016930364e-05,
    1.7611087969271466e-05,
    1.671390600677114e-05,
    1.586171129019931e-05,
    1.5052070011734031e-05,
    1.428357427357696e-05,
    1.3554167708207387e-05,
    1.2861441064160317e-05,
    1.220355807163287e-05,
    1.1579168130992912e-05,
    1.0986424058501143e-05,
    1.0423940693726763e-05,
    9.890113688015845e-06,
    9.383442375110462e-06,
    8.902496119844727e-06,
    8.445950697932858e-06,
    8.012754733499605e-06,
    7.60153398005059e-06,
    7.211299816844985e-06,
    6.841030881332699e-06,
    6.489501629403094e-06,
    6.15584076513187e-06,
    5.839378900418524e-06,
    5.539046014746418e-06
  ],