{
  "size": 16,
  "opt_val": -22.0,
  "method": "VQE",
  "operations": [
    "Z6_Y15",
    "Z6_Y11",
    "Z6_Y5",
    "Z15_Y3",
    "Z5_Y0",
    "Z3_Y12",
    "Z3_Y10",
    "Z4_Y12",
    "Z4_Y2",
    "Z4_Y13",
    "Z12_Y8",
    "Z2_Y14",
    "Z13_Y9",
    "Z8_Y1",
    "Z9_Y7",
    "Z15_Y11",
    "Z11_Y5",
    "Z2_Y0",
    "Z13_Y0",
    "Z8_Y10",
    "Z10_Y9",
    "Z14_Y1",
    "Z14_Y7",
    "Z1_Y7"
  ],
  "dt": 0.05,
  "lr": 0.05,
  "lam": 1.0,
  "mu": 0.9,
  "fix_step": 0,
  "constant_c": true,
  "parameters": [
    1.5596139430999756,
    -0.305237740278244,
    0.8599330186843872,
    1.558358907699585,
    4.1265022446168587e-05,
    1.155193567276001,
    0.31878235936164856,
    0.4157314896583557,
    1.5707944631576538,
    1.5707944631576538,
    1.5706310272216797,
    1.5706357955932617,
    1.5608463287353516,
    1.5350713729858398,
    0.7012506127357483,
    1.2654223442077637,
    0.7108216285705566,
    0.7855510711669922,
    0.7852109670639038,
    1.2520105838775635,
    0.0095731932669878,
    0.033088039606809616,
    0.8689379096031189,
    0.0009526356589049101
  ],
  "opt_ratios": [
    3.0517549021169543e-05,
    7.907775579951704e-05,
    0.00012242078082636,
    0.00018521022866480052,
    0.000274185324087739,
    0.00039770820876583457,
    0.0005659320740960538,
    0.0007909606792964041,
    0.0010869918623939157,
    0.001470410032197833,
    0.0019598575308918953,
    0.002576259197667241,
    0.003342781914398074,
    0.004284775350242853,
    0.005429626442492008,
    0.006806488614529371,
    0.00844605639576912,
    0.010380061343312263,
    0.01264120265841484,
    0.015262161381542683,
    0.018275585025548935,
    0.021712902933359146,
    0.02560400776565075,
    0.029976503923535347,
    0.03485491871833801,
    0.040260396897792816,
    0.04620920494198799,
    0.05271352827548981,
    0.05977906659245491,
    0.06740623712539673,
    0.07558873295783997,
    0.0843137726187706,
    0.09356191009283066,
    0.10330701619386673,
    0.11351695656776428,
    0.12415377795696259,
    0.13517284393310547,
    0.14652593433856964,
    0.1581600308418274,
    0.1700199693441391,
    0.18204796314239502,
    0.19418610632419586,
    0.20637594163417816,
    0.2185608297586441,
    0.23068538308143616,
    0.24269786477088928,
    0.254548579454422,
    0.2661925256252289,
    0.2775919437408447,
    0.2887096107006073,
    0.29951655864715576,
    0.3099871873855591,
    0.32010123133659363,
    0.329843133687973,
    0.33920127153396606,
    0.3481689393520355,
    0.356742262840271,
    0.3649217486381531,
    0.37270933389663696,
    0.38011130690574646,
    0.3871346414089203,
    0.3937889635562897,
    0.400084912776947,
    0.40603527426719666,
    0.41165193915367126,
    0.4169491231441498,
    0.4219401776790619,
    0.42663925886154175,
    0.4310604929924011,
    0.4352176785469055,
    0.4391249716281891,
    0.4427953362464905,
    0.4462425112724304,
    0.4494788646697998,
    0.45251667499542236,
    0.45536699891090393,
    0.4580419361591339,
    0.46055132150650024,
    0.4629055857658386,
    0.46511438488960266,
    0.46718665957450867,
    0.4691309332847595,
    0.4709550440311432,
    0.47266706824302673,
    0.47427329421043396,
    0.4757811725139618,
    0.47719669342041016,
    0.47852572798728943,
    0.4797738194465637,
    0.4809461832046509,
    0.482047438621521,
    0.48308199644088745,
    0.4840541183948517,
    0.48496806621551514,
    0.4858272671699524,
    0.4866352081298828,
    0.48739510774612427,
    0.4881100356578827,
    0.4887829124927521,
    0.4894157946109772,
    0.4900113046169281,
    0.49057236313819885,
    0.4911005198955536,
    0.49159830808639526,
    0.49206703901290894,
    0.49250856041908264,
    0.49292492866516113,
    0.4933170676231384,
    0.4936867654323578,
    0.4940353333950043,
    0.49436435103416443,
    0.49467432498931885,
    0.4949668049812317,
    0.49524277448654175,
    0.4955030083656311,
    0.495748907327652,
    0.4959806203842163,
    0.4962000250816345,
    0.4964064657688141,
    0.4966018497943878,
    0.4967862367630005,
    0.49696022272109985,
    0.4971247613430023,
    0.49728015065193176,
    0.49742671847343445,
    0.4975655674934387,
    0.4976966679096222,
    0.49782049655914307,
    0.49793747067451477,
    0.49804791808128357,
    0.4981529414653778,
    0.49825188517570496,
    0.49834564328193665,
    0.49843451380729675,
    0.4985189437866211,
    0.498597651720047,
    0.49867236614227295,
    0.49874281883239746,
    0.49880993366241455,
    0.4988733232021332,
    0.49893322587013245,
    0.4989895820617676,
    0.49904322624206543,
    0.49909430742263794,
    0.49914151430130005,
    0.4991874396800995,
    0.49923038482666016,
    0.4992710053920746,
    0.4993097186088562,
    0.49934622645378113,
    0.4993807077407837,
    0.49941331148147583,
    0.4994441270828247,
    0.49947357177734375,
    0.49950098991394043,
    0.4995273947715759,
    0.4995516538619995,
    0.4995753765106201,
    0.4995975196361542,
    0.49961864948272705,
    0.49963849782943726,
    0.49965766072273254,
    0.49967530369758606,
    0.499692440032959,
    0.4997083842754364,
    0.49972379207611084,
    0.49973833560943604,
    0.499751478433609,
    0.499765008687973,
    0.49977728724479675,
    0.4997883141040802,
    0.4997994005680084,
    0.4998100697994232,
    0.49981963634490967,
    0.49982938170433044,
    0.49983838200569153,
    0.4998466968536377,
    0.4998543858528137,
    0.4998619556427002,
    0.4998694360256195,
    0.4998759627342224,
    0.499882310628891,
    0.49988821148872375,
    0.49989375472068787,
    0.4998995065689087,
    0.4999045431613922,
    0.4999094009399414,
    0.4999140202999115,
    0.4999184012413025,
    0.4999227523803711,
    0.4999266266822815,
    0.49993038177490234,
    0.4999338686466217,
    0.49993717670440674,
    0.4999402165412903,
    0.4999431371688843,
    0.4999464452266693,
    0.4999489486217499,
    0.4999516010284424,
    0.49995407462120056,
    0.4999559819698334
  ],