{
  "size": 16,
  "opt_val": -21.0,
  "method": "VQE",
  "operations": [
    "Z3_Y4",
    "Z3_Y1",
    "Z3_Y8",
    "Z4_Y9",
    "Z4_Y0",
    "Z1_Y12",
    "Z8_Y11",
    "Z8_Y10",
    "Z9_Y2",
    "Z0_Y6",
    "Z2_Y14",
    "Z2_Y7",
    "Z5_Y13",
    "Z5_Y15",
    "Z5_Y14",
    "Z1_Y0",
    "Z9_Y11",
    "Z11_Y12",
    "Z13_Y6",
    "Z13_Y15",
    "Z15_Y12",
    "Z14_Y7",
    "Z6_Y10",
    "Z7_Y10"
  ],
  "dt": 0.05,
  "lr": 0.05,
  "lam": 1.0,
  "mu": 0.9,
  "fix_step": 0,
  "constant_c": true,
  "parameters": [
    1.5707299709320068,
    1.5707908868789673,
    0.9251534938812256,
    1.5591228008270264,
    1.3048198223114014,
    0.7820055484771729,
    -0.00610550120472908,
    0.051204126328229904,
    1.5559229850769043,
    0.15466386079788208,
    0.0035229679197072983,
    0.020070891827344894,
    1.4722059965133667,
    0.7416131496429443,
    1.5670623779296875,
    0.2650068998336792,
    1.5610930919647217,
    0.7819845080375671,
    1.4086519479751587,
    0.7423862218856812,
    0.009317333810031414,
    1.5506720542907715,
    0.9841153025627136,
    0.5515812635421753
  ],
  "opt_ratios": [
    3.0517549021169543e-05,
    7.172093319240957e-05,
    0.00010582235699985176,
    0.0001525506522739306,
    0.00021507120982278138,
    0.0002968398912344128,
    0.00040151079883798957,
    0.0005328172701410949,
    0.0006944556371308863,
    0.0008899745298549533,
    0.0011226757196709514,
    0.0013955410104244947,
    0.0017111861379817128,
    0.0020718229934573174,
    0.0024792770855128765,
    0.0029349750839173794,
    0.0034400122240185738,
    0.003995186183601618,
    0.004600978922098875,
    0.005257681477814913,
    0.0059653278440237045,
    0.006723920814692974,
    0.007533232681453228,
    0.008392932824790478,
    0.009302650578320026,
    0.01026197336614132,
    0.011270358227193356,
    0.012327231466770172,
    0.013432118110358715,
    0.014584330841898918,
    0.01578333228826523,
    0.017028456553816795,
    0.01831921748816967,
    0.019655024632811546,
    0.02103530429303646,
    0.02245955355465412,
    0.023927228525280952,
    0.025437742471694946,
    0.026990981772542,
    0.028586208820343018,
    0.030223257839679718,
    0.031901951879262924,
    0.03362159803509712,
    0.03538205847144127,
    0.0371827594935894,
    0.03902352973818779,
    0.04090401530265808,
    0.04282382130622864,
    0.04478257894515991,
    0.04677969217300415,
    0.048814281821250916,
    0.050885964184999466,
    0.05299404636025429,
    0.05513794720172882,
    0.05731642618775368,
    0.05952827259898186,
    0.061772141605615616,
    0.06404759734869003,
    0.06635256111621857,
    0.06868597120046616,
    0.07104615867137909,
    0.07343164831399918,
    0.07584018260240555,
    0.07827010005712509,
    0.08071950078010559,
    0.08318658918142319,
    0.08566869795322418,
    0.08816362172365189,
    0.09066952019929886,
    0.09318418055772781,
    0.0957053154706955,
    0.0982302650809288,
    0.10075654834508896,
    0.10328171402215958,
    0.10580409318208694,
    0.10832089930772781,
    0.11083005368709564,
    0.11332937330007553,
    0.11581643670797348,
    0.11828910559415817,
    0.12074577063322067,
    0.12318473309278488,
    0.1256035417318344,
    0.12800031900405884,
    0.13037340342998505,
    0.13272185623645782,
    0.13504363596439362,
    0.13733723759651184,
    0.1396017223596573,
    0.14183609187602997,
    0.14403881132602692,
    0.1462089866399765,
    0.14834611117839813,
    0.15044888854026794,
    0.1525169461965561,
    0.15454958379268646,
    0.1565466821193695,
    0.15850737690925598,
    0.1604311615228653,
    0.16231803596019745,
    0.16416767239570618,
    0.16597980260849,
    0.16775430738925934,
    0.16949129104614258,
    0.17119137942790985,
    0.17285370826721191,
    0.17447881400585175,
    0.17606692016124725,
    0.1776183545589447,
    0.17913289368152618,
    0.18061122298240662,
    0.1820533722639084,
    0.18345965445041656,
    0.1848304718732834,
    0.18616630136966705,
    0.1874677538871765,
    0.18873469531536102,
    0.18996766209602356,
    0.1911672055721283,
    0.19233396649360657,
    0.19346824288368225,
    0.19457083940505981,
    0.19564209878444672,
    0.1966826468706131,
    0.19769279658794403,
    0.19867320358753204,
    0.19962474703788757,
    0.20054788887500763,
    0.20144276320934296,
    0.202310249209404,
    0.20315062999725342,
    0.20396460592746735,
    0.2047528475522995,
    0.20551571249961853,
    0.20625396072864532,
    0.20696794986724854,
    0.20765849947929382,
    0.20832616090774536,
    0.20897142589092255,
    0.20959477126598358,
    0.21019698679447174,
    0.2107785940170288,
    0.2113402634859085,
    0.21188227832317352,
    0.212405264377594,
    0.21290984749794006,
    0.21339669823646545,
    0.21386602520942688,
    0.21431830525398254,
    0.21475429832935333,
    0.21517442166805267,
    0.2155795693397522,
    0.21596938371658325,
    0.21634498238563538,
    0.21670609712600708,
    0.21705414354801178,
    0.21738897264003754,
    0.21771150827407837,
    0.21802182495594025,
    0.21832098066806793,
    0.21860843896865845,
    0.21888507902622223,
    0.21915127336978912,
    0.21940714120864868,
    0.21965308487415314,
    0.2198895812034607,
    0.22011680901050568,
    0.2203349471092224,
    0.2205442488193512,
    0.22074583172798157,
    0.22093969583511353,
    0.22112564742565155,
    0.2213042825460434,
    0.22147499024868011,
    0.2216397225856781,
    0.22179833054542542,
    0.22195032238960266,
    0.22209560871124268,
    0.22223535180091858,
    0.22237028181552887,
    0.2225000262260437,
    0.2226237952709198,
    0.22274240851402283,
    0.22285689413547516,
    0.22296711802482605,
    0.2230728268623352,
    0.22317394614219666,
    0.22327156364917755,
    0.2233652025461197,
    0.22345547378063202,
    0.2235417366027832,
    0.22362425923347473,
    0.22370418906211853,
    0.22378084063529968,
    0.22385425865650177,
    0.22392471134662628,
    0.2239929437637329,
    0.22405771911144257,
    0.22411991655826569,
    0.22418048977851868,
    0.22423788905143738
  ],