{
  "size": 16,
  "opt_val": -20.0,
  "method": "VQE",
  "operations": [
    "Z3_Y7",
    "Z3_Y6",
    "Z3_Y14",
    "Z7_Y1",
    "Z7_Y11",
    "Z6_Y0",
    "Z6_Y8",
    "Z14_Y15",
    "Z14_Y9",
    "Z1_Y4",
    "Z11_Y5",
    "Z12_Y13",
    "Z12_Y10",
    "Z12_Y2",
    "Z13_Y5",
    "Z1_Y9",
    "Z11_Y4",
    "Z13_Y9",
    "Z10_Y2",
    "Z10_Y8",
    "Z5_Y0",
    "Z0_Y15",
    "Z4_Y15",
    "Z2_Y8"
  ],
  "dt": 0.05,
  "lr": 0.05,
  "lam": 1.0,
  "mu": 0.9,
  "fix_step": 0,
  "constant_c": true,
  "parameters": [
    1.5708472728729248,
    1.568912148475647,
    1.5690358877182007,
    1.570755124092102,
    1.5707882642745972,
    0.3301088511943817,
    0.007523573003709316,
    0.8370909690856934,
    0.5227857828140259,
    0.8034577369689941,
    1.1589237451553345,
    1.5583469867706299,
    1.5495318174362183,
    1.3338950872421265,
    0.41184061765670776,
    0.5228232741355896,
    0.7673398852348328,
    1.5470913648605347,
    -0.23607414960861206,
    0.7828511595726013,
    1.240431308746338,
    0.016757402569055557,
    0.7472168803215027,
    0.7824710607528687
  ],
  "opt_ratios": [
    0.0003967281663790345,
    0.0008514482760801911,
    0.0012111645191907883,
    0.0016919831978157163,
    0.002322815591469407,
    0.003135793609544635,
    0.0041657318361103535,
    0.00544935604557395,
    0.00702447397634387,
    0.008929084986448288,
    0.011200325563549995,
    0.013873793184757233,
    0.01698264852166176,
    0.02055654488503933,
    0.02462153322994709,
    0.02919909358024597,
    0.034306298941373825,
    0.03995524346828461,
    0.04615282267332077,
    0.05290102958679199,
    0.06019716337323189,
    0.06803346425294876,
    0.07639802247285843,
    0.08527499437332153,
    0.09464463591575623,
    0.10448531061410904,
    0.11477217078208923,
    0.12547947466373444,
    0.13657979667186737,
    0.14804519712924957,
    0.15984797477722168,
    0.17196162045001984,
    0.18435853719711304,
    0.19701437652111053,
    0.20990408957004547,
    0.2230054885149002,
    0.23629678785800934,
    0.24975711107254028,
    0.26336953043937683,
    0.277116060256958,
    0.29097941517829895,
    0.3049446940422058,
    0.3189956545829773,
    0.3331187963485718,
    0.3473004400730133,
    0.36152762174606323,
    0.37578582763671875,
    0.39006251096725464,
    0.40434375405311584,
    0.41861748695373535,
    0.4328700602054596,
    0.44708648324012756,
    0.4612547755241394,
    0.47536152601242065,
    0.4893927574157715,
    0.5033348202705383,
    0.517175018787384,
    0.5308985114097595,
    0.5444921255111694,
    0.5579423308372498,
    0.5712366104125977,
    0.5843632221221924,
    0.5973091125488281,
    0.6100621819496155,
    0.6226096749305725,
    0.6349425911903381,
    0.6470514535903931,
    0.6589272022247314,
    0.670559823513031,
    0.6819409728050232,
    0.6930665373802185,
    0.7039297223091125,
    0.714523434638977,
    0.7248454093933105,
    0.7348897457122803,
    0.744655191898346,
    0.7541404366493225,
    0.7633447647094727,
    0.7722668647766113,
    0.7809082269668579,
    0.7892701029777527,
    0.797354519367218,
    0.8051649332046509,
    0.812705934047699,
    0.8199778199195862,
    0.826988160610199,
    0.833741307258606,
    0.8402406573295593,
    0.8464940190315247,
    0.8525062203407288,
    0.8582838773727417,
    0.863833487033844,
    0.8691607713699341,
    0.8742721676826477,
    0.8791753649711609,
    0.8838756084442139,
    0.8883804678916931,
    0.8926962614059448,
    0.8968297839164734,
    0.9007889032363892,
    0.9045794010162354,
    0.9082082509994507,
    0.9116806387901306,
    0.915003776550293,
    0.9181820154190063,
    0.9212220311164856,
    0.924129068851471,
    0.9269095063209534,
    0.9295690655708313,
    0.9321122765541077,
    0.9345442652702332,
    0.9368701577186584,
    0.9390943646430969,
    0.9412215352058411,
    0.9432548880577087,
    0.9451995491981506,
    0.9470595717430115,
    0.9488396644592285,
    0.9505422115325928,
    0.9521704316139221,
    0.9537292718887329,
    0.9552209973335266,
    0.9566488265991211,
    0.9580156803131104,
    0.9593247771263123,
    0.960578203201294,
    0.9617786407470703,
    0.9629294872283936,
    0.9640324711799622,
    0.9650889039039612,
    0.9661024212837219,
    0.9670743942260742,
    0.9680063724517822,
    0.9689012765884399,
    0.9697597622871399,
    0.9705844521522522,
    0.9713754057884216,
    0.9721358418464661,
    0.972865879535675,
    0.9735681414604187,
    0.9742439389228821,
    0.9748923778533936,
    0.9755165576934814,
    0.9761170148849487,
    0.9766957759857178,
    0.9772524237632751,
    0.977789044380188,
    0.9783062934875488,
    0.9788044691085815,
    0.9792839288711548,
    0.9797472357749939,
    0.9801939725875854,
    0.9806247353553772,
    0.9810414910316467,
    0.9814437031745911,
    0.9818322062492371,
    0.9822075963020325,
    0.9825705289840698,
    0.9829214811325073,
    0.9832605719566345,
    0.9835892915725708,
    0.9839072823524475,
    0.9842156767845154,
    0.9845130443572998,
    0.9848027229309082,
    0.985082745552063,
    0.9853538274765015,
    0.985617458820343,
    0.9858731031417847,
    0.986121654510498,
    0.9863623976707458,
    0.9865963459014893,
    0.9868237972259521,
    0.9870443940162659,
    0.9872593283653259,
    0.987468421459198,
    0.9876715540885925,
    0.987869918346405,
    0.9880623817443848,
    0.9882495403289795,
    0.9884313344955444,
    0.988609790802002,
    0.9887832999229431,
    0.9889526963233948,
    0.9891169667243958,
    0.9892776012420654,
    0.9894344806671143,
    0.9895873665809631,
    0.9897369146347046,
    0.9898833632469177,
    0.9900251626968384,
    0.9901643991470337,
    0.9903005361557007,
    0.9904334545135498,
    0.9905630350112915,
    0.9906901717185974,
    0.9908146858215332,
    0.9909365177154541,
    0.9910550117492676,
    0.9911717176437378,
    0.9912856817245483
  ],