{
  "size": 16,
  "opt_val": -20.0,
  "method": "VQE",
  "operations": [
    "Z6_Y15",
    "Z6_Y3",
    "Z6_Y10",
    "Z15_Y0",
    "Z3_Y4",
    "Z3_Y14",
    "Z10_Y8",
    "Z0_Y5",
    "Z0_Y7",
    "Z4_Y2",
    "Z2_Y9",
    "Z2_Y11",
    "Z12_Y13",
    "Z12_Y8",
    "Z12_Y1",
    "Z15_Y10",
    "Z4_Y14",
    "Z14_Y5",
    "Z13_Y7",
    "Z13_Y1",
    "Z8_Y1",
    "Z7_Y11",
    "Z5_Y9",
    "Z9_Y11"
  ],
  "dt": 0.05,
  "lr": 0.05,
  "lam": 1.0,
  "mu": 0.9,
  "fix_step": 0,
  "constant_c": true,
  "parameters": [
    1.5694608688354492,
    1.5707420110702515,
    0.755600094795227,
    1.5707422494888306,
    1.5501811504364014,
    1.512097954750061,
    0.6230106949806213,
    0.7363120317459106,
    0.7191553115844727,
    1.5705281496047974,
    0.48455101251602173,
    0.6079655885696411,
    1.5656768083572388,
    0.9476922750473022,
    0.45566752552986145,
    0.10638789087533951,
    -0.05864345282316208,
    0.8344854712486267,
    0.8515467643737793,
    0.5647789835929871,
    1.4416190385818481,
    1.4853681325912476,
    1.0862475633621216,
    0.5511976480484009
  ],
  "opt_ratios": [
    3.0517549021169543e-05,
    6.611256685573608e-05,
    9.424378367839381e-05,
    0.0001319375296588987,
    0.00018153770361095667,
    0.0002456814399920404,
    0.0003272921603638679,
    0.0004295405524317175,
    0.0005558046977967024,
    0.0007096438203006983,
    0.0008947427268140018,
    0.0011148853227496147,
    0.0013739097630605102,
    0.0016756635159254074,
    0.0020240196026861668,
    0.002422828460112214,
    0.0028759068809449673,
    0.003387084463611245,
    0.003960116766393185,
    0.004598761443048716,
    0.005306759383529425,
    0.006087836809456348,
    0.006945726927369833,
    0.007884249091148376,
    0.008907078765332699,
    0.010018112137913704,
    0.011221212334930897,
    0.012520327232778072,
    0.013919451273977757,
    0.015422607772052288,
    0.017034010961651802,
    0.01875779964029789,
    0.02059844695031643,
    0.022560322657227516,
    0.024647748097777367,
    0.026865346357226372,
    0.029217597097158432,
    0.03170912712812424,
    0.03434452787041664,
    0.0371282733976841,
    0.04006481543183327,
    0.043158628046512604,
    0.046413689851760864,
    0.049834221601486206,
    0.053423721343278885,
    0.05718570575118065,
    0.06112268939614296,
    0.06523759663105011,
    0.06953178346157074,
    0.07400669157505035,
    0.07866321504116058,
    0.08350040018558502,
    0.08851727098226547,
    0.09371072798967361,
    0.09907733649015427,
    0.10461306571960449,
    0.11031142622232437,
    0.11616548150777817,
    0.12216675281524658,
    0.12830519676208496,
    0.13456977903842926,
    0.14094896614551544,
    0.14742843806743622,
    0.15399447083473206,
    0.16063155233860016,
    0.16732287406921387,
    0.17405283451080322,
    0.1808040738105774,
    0.1875586062669754,
    0.19430013000965118,
    0.20101068913936615,
    0.2076740860939026,
    0.2142736166715622,
    0.22079437971115112,
    0.22722108662128448,
    0.23354202508926392,
    0.23974432051181793,
    0.2458169013261795,
    0.2517493963241577,
    0.25753483176231384,
    0.2631658911705017,
    0.26863744854927063,
    0.273943692445755,
    0.279081791639328,
    0.28405022621154785,
    0.2888476848602295,
    0.29347431659698486,
    0.2979307770729065,
    0.3022180199623108,
    0.3063400983810425,
    0.3102985620498657,
    0.31409692764282227,
    0.3177395761013031,
    0.3212301433086395,
    0.32457292079925537,
    0.3277724087238312,
    0.3308340609073639,
    0.33376190066337585,
    0.33656129240989685,
    0.3392382860183716,
    0.3417963683605194,
    0.3442399799823761,
    0.3465760350227356,
    0.3488050699234009,
    0.3509364426136017,
    0.3529704213142395,
    0.35491475462913513,
    0.356773316860199,
    0.3585484027862549,
    0.3602457642555237,
    0.361868292093277,
    0.3634171485900879,
    0.3648960590362549,
    0.36631470918655396,
    0.36766862869262695,
    0.3689623475074768,
    0.3702024221420288,
    0.3713879883289337,
    0.37252771854400635,
    0.3736201524734497,
    0.37466537952423096,
    0.37566620111465454,
    0.37662094831466675,
    0.3775396943092346,
    0.37842148542404175,
    0.37927258014678955,
    0.38008779287338257,
    0.38087403774261475,
    0.381632000207901,
    0.3823601305484772,
    0.3830602169036865,
    0.3837350606918335,
    0.38438189029693604,
    0.3850066363811493,
    0.38560980558395386,
    0.3861950933933258,
    0.38675981760025024,
    0.3873059153556824,
    0.3878341317176819,
    0.3883422911167145,
    0.388832688331604,
    0.38930949568748474,
    0.3897724747657776,
    0.39021849632263184,
    0.3906553387641907,
    0.39107581973075867,
    0.3914882242679596,
    0.39189085364341736,
    0.3922829031944275,
    0.3926616609096527,
    0.3930240869522095,
    0.3933790624141693,
    0.39372682571411133,
    0.39406633377075195,
    0.39440134167671204,
    0.39472708106040955,
    0.3950488865375519,
    0.3953579366207123,
    0.3956616222858429,
    0.3959623873233795,
    0.39625421166419983,
    0.3965457081794739,
    0.39682385325431824,
    0.3970867395401001,
    0.39735135436058044,
    0.39761433005332947,
    0.39786428213119507,
    0.3981130123138428,
    0.39836370944976807,
    0.39860421419143677,
    0.39883917570114136,
    0.39907413721084595,
    0.3993023633956909,
    0.3995254635810852,
    0.39974167943000793,
    0.39996495842933655,
    0.4001864194869995,
    0.4004068076610565,
    0.40061870217323303,
    0.4008326232433319,
    0.4010312557220459,
    0.40122294425964355,
    0.4014182686805725,
    0.4016086161136627,
    0.40179258584976196,
    0.4019782245159149,
    0.4021567106246948,
    0.4023335874080658,
    0.40251103043556213,
    0.40269315242767334,
    0.40287184715270996,
    0.4030497074127197,
    0.4032145142555237,
    0.40337735414505005,
    0.40354180335998535,
    0.4037080407142639,
    0.4038740396499634,
    0.40403977036476135,
    0.4042031764984131,
    0.4043682813644409,
    0.4045235812664032
  ],