{
  "size": 16,
  "opt_val": -21.0,
  "method": "VQE",
  "operations": [
    "Z3_Y4",
    "Z3_Y9",
    "Z3_Y11",
    "Z4_Y14",
    "Z9_Y0",
    "Z11_Y5",
    "Z14_Y8",
    "Z0_Y2",
    "Z0_Y1",
    "Z2_Y12",
    "Z2_Y15",
    "Z1_Y7",
    "Z15_Y10",
    "Z10_Y6",
    "Z10_Y13",
    "Z4_Y11",
    "Z9_Y14",
    "Z1_Y8",
    "Z12_Y8",
    "Z12_Y5",
    "Z15_Y5",
    "Z6_Y7",
    "Z6_Y13",
    "Z13_Y7"
  ],
  "dt": 0.05,
  "lr": 0.05,
  "lam": 1.0,
  "mu": 0.9,
  "fix_step": 0,
  "constant_c": true,
  "parameters": [
    1.5693211555480957,
    1.5707957744598389,
    -0.29178953170776367,
    1.225565791130066,
    1.570786476135254,
    0.00029953441116958857,
    0.1657334715127945,
    1.5707957744598389,
    -1.4450657367706299,
    1.570796012878418,
    1.5707916021347046,
    0.08346083015203476,
    1.5684633255004883,
    1.5610461235046387,
    1.3410357236862183,
    1.2779606580734253,
    0.34692075848579407,
    0.15665249526500702,
    1.2497702836990356,
    0.7870404720306396,
    0.7836325168609619,
    0.7456093430519104,
    -0.2295815348625183,
    0.7418256402015686
  ],
  "opt_ratios": [
    3.0517549021169543e-05,
    7.122496026568115e-05,
    0.00010433113493490964,
    0.00014908271259628236,
    0.00020814350864384323,
    0.0002843554539140314,
    0.00038066323031671345,
    0.000500022666528821,
    0.0006453158566728234,
    0.0008192519890144467,
    0.0010243060532957315,
    0.0012626521056517959,
    0.0015361194964498281,
    0.0018461915897205472,
    0.002193986438214779,
    0.0025803116150200367,
    0.003005644539371133,
    0.0034702587872743607,
    0.003974302671849728,
    0.004517778288573027,
    0.005100744776427746,
    0.005723289679735899,
    0.0063856979832053185,
    0.007088495884090662,
    0.007832560688257217,
    0.008618940599262714,
    0.009449398145079613,
    0.01032585371285677,
    0.0112508749589324,
    0.012227484956383705,
    0.013259234838187695,
    0.01435005385428667,
    0.015504756011068821,
    0.016728179529309273,
    0.01802610047161579,
    0.01940496824681759,
    0.020871272310614586,
    0.022432515397667885,
    0.024096596986055374,
    0.02587222121655941,
    0.02776830643415451,
    0.029794154688715935,
    0.03196040913462639,
    0.03427739813923836,
    0.03675638884305954,
    0.03940897062420845,
    0.04224730655550957,
    0.045283474028110504,
    0.048529624938964844,
    0.05199875682592392,
    0.05570331588387489,
    0.05965621396899223,
    0.063868448138237,
    0.06835126131772995,
    0.07311535626649857,
    0.07817171514034271,
    0.08352671563625336,
    0.0891880914568901,
    0.09516356140375137,
    0.10145485401153564,
    0.10806645452976227,
    0.11499804258346558,
    0.12224920839071274,
    0.12981846928596497,
    0.13769960403442383,
    0.14589238166809082,
    0.1543879210948944,
    0.1631813794374466,
    0.1722637414932251,
    0.1816236525774002,
    0.1912612020969391,
    0.20116718113422394,
    0.21133120357990265,
    0.22174358367919922,
    0.2323971539735794,
    0.24328362941741943,
    0.25439831614494324,
    0.26573413610458374,
    0.27727821469306946,
    0.289024293422699,
    0.3009674847126007,
    0.3130964934825897,
    0.325403094291687,
    0.33787819743156433,
    0.35050785541534424,
    0.3632826805114746,
    0.37619084119796753,
    0.38921716809272766,
    0.40235164761543274,
    0.4155793786048889,
    0.42888495326042175,
    0.4422548711299896,
    0.4556722342967987,
    0.4691193699836731,
    0.48258087038993835,
    0.49603959918022156,
    0.5094797611236572,
    0.5228814482688904,
    0.5362289547920227,
    0.5495019555091858,
    0.5626891255378723,
    0.575770378112793,
    0.5887307524681091,
    0.6015539765357971,
    0.6142270565032959,
    0.6267321109771729,
    0.6390594244003296,
    0.6511964797973633,
    0.6631280183792114,
    0.6748452186584473,
    0.6863397359848022,
    0.6976016163825989,
    0.7086207270622253,
    0.7193941473960876,
    0.7299131155014038,
    0.7401714324951172,
    0.7501668334007263,
    0.7598970532417297,
    0.7693584561347961,
    0.7785488963127136,
    0.7874679565429688,
    0.796116054058075,
    0.8044942021369934,
    0.8126031756401062,
    0.82044517993927,
    0.8280228972434998,
    0.8353400826454163,
    0.842400312423706,
    0.8492076396942139,
    0.8557658195495605,
    0.8620811104774475,
    0.868158221244812,
    0.8740019202232361,
    0.8796185851097107,
    0.8850136995315552,
    0.8901934027671814,
    0.8951635360717773,
    0.8999300003051758,
    0.9045000076293945,
    0.908878743648529,
    0.9130725264549255,
    0.9170883297920227,
    0.9209305644035339,
    0.9246068000793457,
    0.9281232953071594,
    0.9314846992492676,
    0.9346973299980164,
    0.9377673268318176,
    0.9406985640525818,
    0.943498432636261,
    0.9461706876754761,
    0.9487220644950867,
    0.9511551260948181,
    0.9534774422645569,
    0.9556917548179626,
    0.9578039050102234,
    0.9598172903060913,
    0.9617357850074768,
    0.963564932346344,
    0.9653079509735107,
    0.9669686555862427,
    0.9685512185096741,
    0.9700576066970825,
    0.9714927673339844,
    0.9728595018386841,
    0.9741612672805786,
    0.9753997921943665,
    0.976579487323761,
    0.9777023792266846,
    0.9787712693214417,
    0.9797878861427307,
    0.9807553291320801,
    0.9816762804985046,
    0.9825531244277954,
    0.9833869934082031,
    0.9841802716255188,
    0.98493492603302,
    0.9856534004211426,
    0.9863362312316895,
    0.9869861602783203,
    0.9876046180725098,
    0.9881917834281921,
    0.988751232624054,
    0.9892831444740295,
    0.9897895455360413,
    0.9902705550193787,
    0.9907281994819641,
    0.9911634922027588,
    0.9915769696235657,
    0.9919711351394653,
    0.9923462867736816,
    0.992702305316925,
    0.9930410981178284,
    0.9933633804321289,
    0.9936700463294983,
    0.9939621090888977,
    0.9942387938499451,
    0.9945033192634583,
    0.9947538375854492,
    0.9949925541877747,
    0.9952197670936584
  ],