{
  "size": 16,
  "opt_val": -22.0,
  "method": "VQE",
  "operations": [
    "Z6_Y15",
    "Z6_Y14",
    "Z6_Y13",
    "Z15_Y4",
    "Z15_Y1",
    "Z14_Y12",
    "Z13_Y5",
    "Z4_Y0",
    "Z5_Y10",
    "Z10_Y2",
    "Z0_Y11",
    "Z12_Y7",
    "Z11_Y9",
    "Z11_Y3",
    "Z7_Y8",
    "Z14_Y4",
    "Z13_Y1",
    "Z1_Y5",
    "Z10_Y12",
    "Z0_Y2",
    "Z2_Y7",
    "Z8_Y9",
    "Z8_Y3",
    "Z9_Y3"
  ],
  "dt": 0.05,
  "lr": 0.05,
  "lam": 1.0,
  "mu": 0.9,
  "fix_step": 0,
  "constant_c": true,
  "parameters": [
    1.570796251296997,
    1.570796251296997,
    1.570796251296997,
    1.570796012878418,
    0.9491795897483826,
    1.5707954168319702,
    1.5707347393035889,
    1.570794939994812,
    1.5707955360412598,
    0.8582988381385803,
    1.5706146955490112,
    1.5707569122314453,
    0.7855055332183838,
    0.9322566390037537,
    1.5701403617858887,
    1.0906930583587382e-05,
    0.621407687664032,
    0.007221761159598827,
    4.431830166140571e-05,
    0.712500274181366,
    9.323810081696138e-05,
    0.7851688265800476,
    0.932548463344574,
    0.29405471682548523
  ],
  "opt_ratios": [
    3.0517549021169543e-05,
    7.944674143800512e-05,
    0.0001233616640092805,
    0.00018727092538028955,
    0.00027826798032037914,
    0.0004051714204251766,
    0.0005787185509689152,
    0.0008117153774946928,
    0.0011191240046173334,
    0.0015181350754573941,
    0.002028151648119092,
    0.0026707593351602554,
    0.003469604067504406,
    0.0044502499513328075,
    0.00563998194411397,
    0.0070676314644515514,
    0.008763284422457218,
    0.010758175514638424,
    0.01308419555425644,
    0.015773775056004524,
    0.01885942928493023,
    0.022373700514435768,
    0.026348553597927094,
    0.03081546723842621,
    0.03580433875322342,
    0.04134426265954971,
    0.04746238887310028,
    0.05418405309319496,
    0.061532240360975266,
    0.06952711194753647,
    0.07818657159805298,
    0.08752492815256119,
    0.09755358844995499,
    0.10827942937612534,
    0.11970692127943039,
    0.13183382153511047,
    0.1446564495563507,
    0.1581621915102005,
    0.17233584821224213,
    0.18715666234493256,
    0.2025967240333557,
    0.21862582862377167,
    0.2352065145969391,
    0.2522936165332794,
    0.2698422968387604,
    0.28780001401901245,
    0.3061177134513855,
    0.32473674416542053,
    0.3436014652252197,
    0.3626546561717987,
    0.381844162940979,
    0.40111422538757324,
    0.4204172194004059,
    0.4397055506706238,
    0.4589390456676483,
    0.47807905077934265,
    0.49709489941596985,
    0.5159605145454407,
    0.5346508622169495,
    0.5531529188156128,
    0.5714526772499084,
    0.5895401239395142,
    0.607404887676239,
    0.6250422596931458,
    0.6424466371536255,
    0.6596105098724365,
    0.6765265464782715,
    0.6931819319725037,
    0.7095635533332825,
    0.7256559133529663,
    0.741437554359436,
    0.7568843960762024,
    0.7719698548316956,
    0.7866654992103577,
    0.8009389042854309,
    0.8147596120834351,
    0.8280951976776123,
    0.8409166932106018,
    0.8531944751739502,
    0.8649048805236816,
    0.8760285973548889,
    0.886548638343811,
    0.8964553475379944,
    0.9057450294494629,
    0.9144192337989807,
    0.9224851131439209,
    0.9299535155296326,
    0.9368417859077454,
    0.9431714415550232,
    0.9489657282829285,
    0.9542517066001892,
    0.9590577483177185,
    0.9634140729904175,
    0.967351496219635,
    0.9709007143974304,
    0.9740912914276123,
    0.9769541621208191,
    0.9795161485671997,
    0.9818053245544434,
    0.9838469624519348,
    0.9856646060943604,
    0.9872817993164062,
    0.9887168407440186,
    0.9899905920028687,
    0.9911196827888489,
    0.9921198487281799,
    0.9930048584938049,
    0.9937873482704163,
    0.9944793581962585,
    0.9950917363166809,
    0.9956324100494385,
    0.9961100220680237,
    0.9965330958366394,
    0.9969059228897095,
    0.9972366094589233,
    0.9975290894508362,
    0.9977871179580688,
    0.9980168342590332,
    0.9982191324234009,
    0.9983987808227539,
    0.9985588788986206,
    0.998700737953186,
    0.9988265037536621,
    0.9989379644393921,
    0.9990378022193909,
    0.9991265535354614,
    0.999206006526947,
    0.9992767572402954,
    0.999340295791626,
    0.9993970394134521,
    0.9994484186172485,
    0.9994939565658569,
    0.9995355010032654,
    0.9995726346969604,
    0.9996069669723511,
    0.9996369481086731,
    0.999664306640625,
    0.9996891021728516,
    0.9997120499610901,
    0.9997326135635376,
    0.9997511506080627,
    0.9997682571411133,
    0.9997844696044922,
    0.9997988343238831,
    0.9998116493225098,
    0.9998238682746887,
    0.9998348355293274,
    0.9998451471328735,
    0.9998548030853271,
    0.9998635649681091,
    0.9998712539672852,
    0.9998794198036194,
    0.9998865127563477,
    0.9998927116394043,
    0.9998986721038818,
    0.9999038577079773,
    0.9999096393585205,
    0.999914288520813,
    0.9999184608459473,
    0.9999232888221741,
    0.9999271035194397,
    0.9999306797981262,
    0.9999344944953918,
    0.9999377727508545,
    0.9999411106109619,
    0.9999440908432007,
    0.9999465346336365,
    0.9999493360519409,
    0.9999514818191528,
    0.9999542832374573,
    0.9999563694000244,
    0.9999583959579468,
    0.9999607801437378,
    0.9999623894691467,
    0.9999640583992004,
    0.9999657273292542,
    0.999967098236084,
    0.9999685883522034,
    0.9999699592590332,
    0.9999712109565735,
    0.9999722242355347,
    0.9999734163284302,
    0.9999746680259705,
    0.9999760389328003,
    0.9999772906303406,
    0.9999781250953674,
    0.9999788999557495,
    0.9999798536300659,
    0.999980092048645,
    0.9999812245368958,
    0.9999819397926331,
    0.9999832510948181,
    0.999983012676239,
    0.9999839663505554,
    0.9999842643737793,
    0.9999849796295166,
    0.9999852180480957,
    0.9999859929084778,
    0.9999865889549255,
    0.9999866485595703,
    0.9999874234199524
  ],