{
  "size": 16,
  "opt_val": -22.0,
  "method": "VQE",
  "operations": [
    "Z6_Y15",
    "Z6_Y3",
    "Z6_Y9",
    "Z15_Y14",
    "Z15_Y7",
    "Z3_Y10",
    "Z3_Y1",
    "Z9_Y12",
    "Z9_Y0",
    "Z14_Y2",
    "Z7_Y4",
    "Z7_Y5",
    "Z4_Y11",
    "Z10_Y8",
    "Z10_Y13",
    "Z14_Y1",
    "Z4_Y12",
    "Z12_Y2",
    "Z11_Y5",
    "Z11_Y2",
    "Z1_Y8",
    "Z8_Y0",
    "Z13_Y5",
    "Z13_Y0"
  ],
  "dt": 0.05,
  "lr": 0.05,
  "lam": 1.0,
  "mu": 0.9,
  "fix_step": 0,
  "constant_c": true,
  "parameters": [
    1.4868180751800537,
    1.2571383714675903,
    1.5707956552505493,
    1.5670158863067627,
    1.5707511901855469,
    1.570739984512329,
    1.555851936340332,
    0.5275782346725464,
    0.28489217162132263,
    0.4226566255092621,
    1.5707958936691284,
    0.7808933854103088,
    1.5707929134368896,
    0.947992742061615,
    1.5691204071044922,
    -0.014928705990314484,
    1.0432064533233643,
    0.5611118674278259,
    0.813713014125824,
    0.5870893001556396,
    0.6228024363517761,
    0.6547387838363647,
    0.02541459910571575,
    0.6326618194580078
  ],
  "opt_ratios": [
    9.155264706350863e-05,
    0.00023714630515314639,
    0.00036850900505669415,
    0.0005600909935310483,
    0.0008333809673786163,
    0.0012150914408266544,
    0.0017376902978867292,
    0.0024397808592766523,
    0.003366336692124605,
    0.004568828269839287,
    0.006105117034167051,
    0.008039243519306183,
    0.01044083759188652,
    0.0133848050609231,
    0.01695009507238865,
    0.021219074726104736,
    0.02627628482878208,
    0.03220710530877113,
    0.03909694775938988,
    0.04702883958816528,
    0.056083016097545624,
    0.0663342997431755,
    0.07785147428512573,
    0.09069525450468063,
    0.1049162745475769,
    0.1205531433224678,
    0.13763001561164856,
    0.15615510940551758,
    0.17612001299858093,
    0.19749458134174347,
    0.2202286273241043,
    0.24424754083156586,
    0.2694553732872009,
    0.29573217034339905,
    0.3229368329048157,
    0.35091039538383484,
    0.3794765770435333,
    0.40844836831092834,
    0.4376315772533417,
    0.46683013439178467,
    0.4958513081073761,
    0.5245083570480347,
    0.5526300668716431,
    0.5800601840019226,
    0.6066587567329407,
    0.6323102712631226,
    0.6569173336029053,
    0.6804062724113464,
    0.7027241587638855,
    0.7238369584083557,
    0.7437316179275513,
    0.7624099850654602,
    0.7798844575881958,
    0.7961843609809875,
    0.811346709728241,
    0.8254156708717346,
    0.838438868522644,
    0.850473940372467,
    0.8615747690200806,
    0.8718002438545227,
    0.8812082409858704,
    0.8898561000823975,
    0.8977987766265869,
    0.905087947845459,
    0.9117770791053772,
    0.9179124236106873,
    0.92353755235672,
    0.9286972880363464,
    0.9334303736686707,
    0.9377732276916504,
    0.9417595267295837,
    0.945421040058136,
    0.9487853050231934,
    0.9518792033195496,
    0.9547262191772461,
    0.9573484659194946,
    0.9597665667533875,
    0.9619976878166199,
    0.9640582203865051,
    0.9659643173217773,
    0.9677286744117737,
    0.9693642854690552,
    0.9708806872367859,
    0.9722895622253418,
    0.9735997319221497,
    0.9748191237449646,
    0.9759552478790283,
    0.9770162105560303,
    0.9780073761940002,
    0.9789339303970337,
    0.9798025488853455,
    0.9806147217750549,
    0.9813786745071411,
    0.9820959568023682,
    0.9827707409858704,
    0.9834051728248596,
    0.9840037226676941,
    0.9845686554908752,
    0.9851017594337463,
    0.9856059551239014,
    0.9860833883285522,
    0.9865354299545288,
    0.9869644045829773,
    0.9873710870742798,
    0.9877578020095825,
    0.9881251454353333,
    0.9884753823280334,
    0.9888069033622742,
    0.989124596118927,
    0.9894270896911621,
    0.989715576171875,
    0.9899917244911194,
    0.9902554154396057,
    0.9905075430870056,
    0.9907491207122803,
    0.9909802079200745,
    0.9912012815475464,
    0.9914143681526184,
    0.991618275642395,
    0.9918140769004822,
    0.9920021295547485,
    0.9921836256980896,
    0.9923578500747681,
    0.992525577545166,
    0.9926871061325073,
    0.9928431510925293,
    0.9929930567741394,
    0.9931382536888123,
    0.9932778477668762,
    0.9934135675430298,
    0.9935442209243774,
    0.9936701655387878,
    0.9937924742698669,
    0.9939107894897461,
    0.9940253496170044,
    0.9941361546516418,
    0.9942439198493958,
    0.9943480491638184,
    0.9944493770599365,
    0.9945470094680786,
    0.9946421384811401,
    0.9947338700294495,
    0.9948236346244812,
    0.994910478591919,
    0.9949951767921448,
    0.99507737159729,
    0.9951570630073547,
    0.9952346682548523,
    0.9953103065490723,
    0.9953842759132385,
    0.9954565167427063,
    0.9955268502235413,
    0.9955944418907166,
    0.9956614375114441,
    0.995726466178894,
    0.9957900643348694,
    0.9958521127700806,
    0.9959133863449097,
    0.9959713816642761,
    0.9960290789604187,
    0.9960846304893494,
    0.9961397051811218,
    0.9961935877799988,
    0.9962452054023743,
    0.9962963461875916,
    0.9963464140892029,
    0.9963951706886292,
    0.9964415431022644,
    0.9964888691902161,
    0.9965346455574036,
    0.9965792894363403,
    0.996623158454895,
    0.9966660141944885,
    0.9967086315155029,
    0.9967504739761353,
    0.9967902898788452,
    0.9968295693397522,
    0.9968691468238831,
    0.9969069957733154,
    0.9969439506530762,
    0.9969809651374817,
    0.9970165491104126,
    0.9970517158508301,
    0.9970858693122864,
    0.9971189498901367,
    0.9971516728401184,
    0.9971829056739807,
    0.9972144365310669,
    0.9972448945045471,
    0.9972753524780273,
    0.9973049163818359,
    0.9973348379135132,
    0.9973637461662292,
    0.9973921775817871,
    0.9974199533462524,
    0.99744713306427,
    0.9974743127822876,
    0.9975010752677917,
    0.9975274205207825,
    0.9975531697273254,
    0.9975783228874207
  ],