{
  "size": 16,
  "opt_val": -20.0,
  "method": "VQE",
  "operations": [
    "Z6_Y15",
    "Z6_Y3",
    "Z6_Y9",
    "Z15_Y2",
    "Z3_Y12",
    "Z3_Y5",
    "Z9_Y14",
    "Z2_Y10",
    "Z12_Y13",
    "Z12_Y1",
    "Z13_Y8",
    "Z8_Y4",
    "Z5_Y7",
    "Z7_Y0",
    "Z0_Y11",
    "Z15_Y9",
    "Z2_Y5",
    "Z13_Y1",
    "Z1_Y8",
    "Z7_Y10",
    "Z10_Y0",
    "Z14_Y11",
    "Z14_Y4",
    "Z11_Y4"
  ],
  "dt": 0.05,
  "lr": 0.05,
  "lam": 1.0,
  "mu": 0.9,
  "fix_step": 0,
  "constant_c": true,
  "parameters": [
    -1.5067087411880493,
    1.570787787437439,
    1.5707783699035645,
    1.5699647665023804,
    1.5697981119155884,
    1.5697035789489746,
    1.570554494857788,
    1.4321620464324951,
    1.5695210695266724,
    1.2679321765899658,
    1.3682940006256104,
    0.4714224338531494,
    1.557658076286316,
    1.3609983921051025,
    1.1491001844406128,
    2.9537148293456994e-05,
    0.00018297864880878478,
    -0.30269232392311096,
    0.19479921460151672,
    0.13819962739944458,
    -0.06867094337940216,
    0.42600777745246887,
    1.1074204444885254,
    0.011885460466146469
  ],
  "opt_ratios": [
    6.1035098042339087e-05,
    0.0001300815783906728,
    0.0001830865949159488,
    0.0002523336443118751,
    0.0003410340868867934,
    0.00045260810293257236,
    0.0005906308651901782,
    0.0007587780128233135,
    0.0009607927640900016,
    0.0012004312593489885,
    0.001481459941715002,
    0.001807600725442171,
    0.0021825856529176235,
    0.0026100799441337585,
    0.003093763953074813,
    0.003637302201241255,
    0.004244400188326836,
    0.004918777383863926,
    0.005664294585585594,
    0.006484794430434704,
    0.007384277880191803,
    0.008366860449314117,
    0.009436730295419693,
    0.010598238557577133,
    0.01185594592243433,
    0.013214470818638802,
    0.014678515493869781,
    0.01625312864780426,
    0.01794339343905449,
    0.019754573702812195,
    0.02169223129749298,
    0.023761998862028122,
    0.025969743728637695,
    0.02832162193953991,
    0.030824219807982445,
    0.03348415717482567,
    0.03630854934453964,
    0.03930492699146271,
    0.042481157928705215,
    0.04584556818008423,
    0.04940696805715561,
    0.05317484587430954,
    0.05715901777148247,
    0.0613701157271862,
    0.06581912189722061,
    0.07051756978034973,
    0.07547789812088013,
    0.0807129368185997,
    0.08623561263084412,
    0.0920594334602356,
    0.09819778800010681,
    0.1046665832400322,
    0.11147920042276382,
    0.11865045130252838,
    0.1261940896511078,
    0.13412395119667053,
    0.1424534022808075,
    0.15119457244873047,
    0.16035908460617065,
    0.16995586454868317,
    0.17999425530433655,
    0.19048036634922028,
    0.20141714811325073,
    0.21280798316001892,
    0.22465138137340546,
    0.236943319439888,
    0.24967698752880096,
    0.2628430426120758,
    0.276427686214447,
    0.2904144823551178,
    0.30478399991989136,
    0.31951162219047546,
    0.33457237482070923,
    0.34993699193000793,
    0.3655741214752197,
    0.38144978880882263,
    0.3975275158882141,
    0.41377073526382446,
    0.43014079332351685,
    0.4465985894203186,
    0.4631037712097168,
    0.47961804270744324,
    0.49610286951065063,
    0.5125188827514648,
    0.5288310050964355,
    0.5450035929679871,
    0.5610029697418213,
    0.5767978429794312,
    0.5923607349395752,
    0.6076632142066956,
    0.6226814389228821,
    0.6373934745788574,
    0.6517804265022278,
    0.665823757648468,
    0.6795114278793335,
    0.6928301453590393,
    0.7057697772979736,
    0.7183232307434082,
    0.7304854989051819,
    0.7422541975975037,
    0.7536253929138184,
    0.7646018862724304,
    0.7751834392547607,
    0.7853731513023376,
    0.7951783537864685,
    0.8046004772186279,
    0.8136493563652039,
    0.8223304152488708,
    0.8306519985198975,
    0.8386231660842896,
    0.8462532758712769,
    0.8535521030426025,
    0.8605294227600098,
    0.8671962022781372,
    0.8735619187355042,
    0.8796375393867493,
    0.8854327201843262,
    0.8909591436386108,
    0.8962264657020569,
    0.901244580745697,
    0.9060244560241699,
    0.9105756878852844,
    0.9149084687232971,
    0.9190310835838318,
    0.9229539632797241,
    0.9266846179962158,
    0.9302326440811157,
    0.9336066246032715,
    0.9368138313293457,
    0.9398627877235413,
    0.9427598714828491,
    0.945513904094696,
    0.9481301307678223,
    0.9506155848503113,
    0.952977180480957,
    0.9552209973335266,
    0.9573528170585632,
    0.9593777060508728,
    0.9613004922866821,
    0.9631274938583374,
    0.9648624062538147,
    0.966510534286499,
    0.9680764079093933,
    0.9695620536804199,
    0.9709742069244385,
    0.9723161458969116,
    0.9735910892486572,
    0.9748009443283081,
    0.975950300693512,
    0.9770426750183105,
    0.978079617023468,
    0.9790658354759216,
    0.980003297328949,
    0.9808918833732605,
    0.9817373752593994,
    0.9825412034988403,
    0.9833057522773743,
    0.9840295910835266,
    0.98471999168396,
    0.9853769540786743,
    0.986000657081604,
    0.9865934252738953,
    0.9871561527252197,
    0.9876903295516968,
    0.9882004261016846,
    0.9886861443519592,
    0.9891487956047058,
    0.9895890951156616,
    0.9900064468383789,
    0.9904022216796875,
    0.990780770778656,
    0.9911417961120605,
    0.9914839863777161,
    0.9918104410171509,
    0.992120623588562,
    0.9924167990684509,
    0.992699146270752,
    0.9929675459861755,
    0.9932239055633545,
    0.9934687614440918,
    0.9937008619308472,
    0.993923544883728,
    0.9941344857215881,
    0.9943366050720215,
    0.994530439376831,
    0.9947136640548706,
    0.994888961315155,
    0.9950559139251709,
    0.9952161312103271,
    0.9953688383102417,
    0.9955143332481384,
    0.9956533908843994,
    0.9957876205444336,
    0.9959152936935425,
    0.9960376620292664,
    0.9961546659469604,
    0.9962664842605591,
    0.996373176574707,
    0.9964760541915894,
    0.9965745210647583,
    0.9966683387756348
  ],