{
  "size": 16,
  "opt_val": -21.0,
  "method": "VQE",
  "operations": [
    "Z6_Y12",
    "Z6_Y5",
    "Z6_Y9",
    "Z12_Y8",
    "Z12_Y14",
    "Z5_Y7",
    "Z5_Y0",
    "Z9_Y10",
    "Z8_Y1",
    "Z14_Y4",
    "Z3_Y4",
    "Z3_Y15",
    "Z3_Y2",
    "Z15_Y11",
    "Z1_Y13",
    "Z9_Y0",
    "Z8_Y0",
    "Z14_Y1",
    "Z4_Y2",
    "Z15_Y7",
    "Z2_Y7",
    "Z11_Y10",
    "Z11_Y13",
    "Z10_Y13"
  ],
  "dt": 0.05,
  "lr": 0.05,
  "lam": 1.0,
  "mu": 0.9,
  "fix_step": 0,
  "constant_c": true,
  "parameters": [
    -0.9335124492645264,
    1.5706062316894531,
    1.5706652402877808,
    1.5708903074264526,
    1.5706257820129395,
    0.004736853297799826,
    0.7804915904998779,
    1.5450257062911987,
    1.3413902521133423,
    1.5573569536209106,
    0.002066869754344225,
    1.570543646812439,
    1.5531221628189087,
    1.5583544969558716,
    0.5184146761894226,
    0.7857657670974731,
    0.004680580459535122,
    0.22020292282104492,
    0.017672531306743622,
    0.8225521445274353,
    0.7448107004165649,
    0.023728426545858383,
    0.3636504113674164,
    0.7886143326759338
  ],
  "opt_ratios": [
    3.0517549021169543e-05,
    7.121681119315326e-05,
    0.00010479395132279024,
    0.00015070982044562697,
    0.0002121135185007006,
    0.0002925218432210386,
    0.00039576002745889127,
    0.0005258818855509162,
    0.0006870818324387074,
    0.0008835820481181145,
    0.0011195450788363814,
    0.0013989884173497558,
    0.0017256834544241428,
    0.0021031175274401903,
    0.002534407889470458,
    0.0030222986824810505,
    0.0035691403318196535,
    0.0041769035160541534,
    0.004847154952585697,
    0.005581167060881853,
    0.0063797649927437305,
    0.007243586704134941,
    0.00817294791340828,
    0.009167970158159733,
    0.01022856030613184,
    0.011354537680745125,
    0.01254548504948616,
    0.013800928369164467,
    0.015120203606784344,
    0.016502659767866135,
    0.0179474875330925,
    0.019453754648566246,
    0.021020380780100822,
    0.022646479308605194,
    0.024330761283636093,
    0.026072058826684952,
    0.02786911651492119,
    0.029720455408096313,
    0.03162452206015587,
    0.033579856157302856,
    0.035584863275289536,
    0.03763749077916145,
    0.03973642364144325,
    0.04187957942485809,
    0.044065117835998535,
    0.04629123955965042,
    0.04855614900588989,
    0.050857510417699814,
    0.05319344252347946,
    0.05556236952543259,
    0.05796220526099205,
    0.06039103493094444,
    0.06284689158201218,
    0.06532814353704453,
    0.0678330808877945,
    0.07035991549491882,
    0.07290662825107574,
    0.07547184824943542,
    0.07805422693490982,
    0.08065182715654373,
    0.08326340466737747,
    0.08588764816522598,
    0.08852327615022659,
    0.09116911143064499,
    0.09382345527410507,
    0.09648513048887253,
    0.09915376454591751,
    0.10182765126228333,
    0.10450591892004013,
    0.10718768835067749,
    0.10987202078104019,
    0.11255839467048645,
    0.11524587869644165,
    0.11793383955955505,
    0.1206214427947998,
    0.12330824881792068,
    0.125993549823761,
    0.12867708504199982,
    0.13135817646980286,
    0.13403673470020294,
    0.13671237230300903,
    0.13938471674919128,
    0.14205363392829895,
    0.144718736410141,
    0.14737997949123383,
    0.15003736317157745,
    0.1526910960674286,
    0.15534061193466187,
    0.15798619389533997,
    0.160627543926239,
    0.1632651388645172,
    0.1658989042043686,
    0.16852883994579315,
    0.17115545272827148,
    0.17377856373786926,
    0.17639794945716858,
    0.17901445925235748,
    0.18162840604782104,
    0.18423978984355927,
    0.18684826791286469,
    0.1894546002149582,
    0.19205914437770844,
    0.19466207921504974,
    0.1972632259130478,
    0.19986337423324585,
    0.20246277749538422,
    0.20506159961223602,
    0.20766040682792664,
    0.21025939285755157,
    0.21285885572433472,
    0.21545925736427307,
    0.21806016564369202,
    0.220662921667099,
    0.22326721251010895,
    0.22587324678897858,
    0.22848190367221832,
    0.2310929000377655,
    0.23370660841464996,
    0.2363240271806717,
    0.2389451563358307,
    0.2415694147348404,
    0.24419736862182617,
    0.2468300759792328,
    0.24946707487106323,
    0.2521079182624817,
    0.25475412607192993,
    0.25740548968315125,
    0.26006218791007996,
    0.2627248466014862,
    0.26539286971092224,
    0.2680671811103821,
    0.27074721455574036,
    0.2734336256980896,
    0.27612608671188354,
    0.2788253426551819,
    0.28153103590011597,
    0.28424304723739624,
    0.2869618535041809,
    0.2896866500377655,
    0.29241859912872314,
    0.2951561212539673,
    0.29790055751800537,
    0.3006507456302643,
    0.30340704321861267,
    0.3061695694923401,
    0.3089373707771301,
    0.3117106854915619,
    0.31448885798454285,
    0.317271888256073,
    0.32005929946899414,
    0.32285043597221375,
    0.3256455957889557,
    0.3284436762332916,
    0.33124423027038574,
    0.3340459167957306,
    0.33684930205345154,
    0.3396541178226471,
    0.3424583971500397,
    0.3452613651752472,
    0.3480639159679413,
    0.35086265206336975,
    0.35365957021713257,
    0.35645127296447754,
    0.3592383861541748,
    0.36201927065849304,
    0.36479389667510986,
    0.3675592541694641,
    0.37031495571136475,
    0.3730616271495819,
    0.37579581141471863,
    0.3785172998905182,
    0.38122493028640747,
    0.3839167654514313,
    0.38659197092056274,
    0.3892502784729004,
    0.39189019799232483,
    0.39450889825820923,
    0.39710599184036255,
    0.399679958820343,
    0.402230441570282,
    0.40475502610206604,
    0.4072524607181549,
    0.4097228944301605,
    0.4121633768081665,
    0.4145737886428833,
    0.4169536232948303,
    0.41930168867111206,
    0.4216148555278778,
    0.42389506101608276,
    0.42614132165908813,
    0.428350567817688,
    0.430520236492157,
    0.4326535761356354,
    0.434747576713562,
    0.43680110573768616,
    0.438814640045166,
    0.44078704714775085,
    0.4427189528942108,
    0.4446098506450653,
    0.44646015763282776,
    0.4482690691947937
  ],