{
  "size": 16,
  "opt_val": -22.0,
  "method": "VQE",
  "operations": [
    "Z6_Y15",
    "Z6_Y11",
    "Z6_Y9",
    "Z15_Y2",
    "Z11_Y1",
    "Z9_Y4",
    "Z9_Y3",
    "Z2_Y12",
    "Z4_Y14",
    "Z4_Y0",
    "Z14_Y10",
    "Z0_Y8",
    "Z0_Y7",
    "Z3_Y5",
    "Z12_Y13",
    "Z15_Y11",
    "Z2_Y1",
    "Z14_Y3",
    "Z12_Y5",
    "Z13_Y7",
    "Z13_Y8",
    "Z5_Y8",
    "Z7_Y10",
    "Z1_Y10"
  ],
  "dt": 0.05,
  "lr": 0.05,
  "lam": 1.0,
  "mu": 0.9,
  "fix_step": 0,
  "constant_c": true,
  "parameters": [
    -1.5693178176879883,
    0.5477778315544128,
    1.5707941055297852,
    1.570796251296997,
    0.0014228280633687973,
    1.5707957744598389,
    1.103811264038086,
    1.5707961320877075,
    1.5686893463134766,
    1.5707898139953613,
    0.15636277198791504,
    0.25726085901260376,
    0.4328353703022003,
    0.060929324477910995,
    1.5707961320877075,
    1.0234369039535522,
    1.5689109563827515,
    0.4674663543701172,
    1.5078030824661255,
    1.1379610300064087,
    0.6127869486808777,
    0.7007753252983093,
    0.7911076545715332,
    0.9360305666923523
  ],
  "opt_ratios": [
    3.0517549021169543e-05,
    7.888061372796074e-05,
    0.00012227887054905295,
    0.00018528924556449056,
    0.000274722115136683,
    0.0003989296674262732,
    0.0005679018213413656,
    0.0007932995795272291,
    0.0010883777868002653,
    0.0014679254963994026,
    0.0019480392802506685,
    0.002545878989621997,
    0.003279399359598756,
    0.0041670105420053005,
    0.005227223038673401,
    0.006478341296315193,
    0.00793808326125145,
    0.00962344091385603,
    0.011550390161573887,
    0.013733779080212116,
    0.016187289729714394,
    0.018923673778772354,
    0.021954543888568878,
    0.025291195139288902,
    0.02894418127834797,
    0.03292407840490341,
    0.037242088466882706,
    0.04191012308001518,
    0.04694173112511635,
    0.052351634949445724,
    0.05815714970231056,
    0.06437788903713226,
    0.07103613018989563,
    0.07815749943256378,
    0.08577066659927368,
    0.09390813112258911,
    0.10260579735040665,
    0.11190319061279297,
    0.1218433827161789,
    0.13247254490852356,
    0.14383986592292786,
    0.1559978872537613,
    0.1690005213022232,
    0.1829039305448532,
    0.19776304066181183,
    0.21363283693790436,
    0.23056556284427643,
    0.2486083209514618,
    0.26780250668525696,
    0.288178414106369,
    0.30975377559661865,
    0.33253034949302673,
    0.35649192333221436,
    0.38159802556037903,
    0.40778231620788574,
    0.4349516034126282,
    0.4629811644554138,
    0.4917140007019043,
    0.5209662914276123,
    0.5505287647247314,
    0.5801694393157959,
    0.609646201133728,
    0.6387103796005249,
    0.6671181917190552,
    0.6946406960487366,
    0.7210739850997925,
    0.7462426424026489,
    0.7700074315071106,
    0.7922683358192444,
    0.8129635453224182,
    0.832065999507904,
    0.8495869636535645,
    0.8655590415000916,
    0.8800420761108398,
    0.8931137919425964,
    0.9048596024513245,
    0.9153766632080078,
    0.9247632026672363,
    0.9331182837486267,
    0.9405372142791748,
    0.947114109992981,
    0.9529352784156799,
    0.9580812454223633,
    0.9626274704933167,
    0.9666395783424377,
    0.9701805710792542,
    0.9733051657676697,
    0.9760628938674927,
    0.9784970283508301,
    0.980646014213562,
    0.9825456738471985,
    0.9842260479927063,
    0.9857120513916016,
    0.9870298504829407,
    0.9881983995437622,
    0.9892358779907227,
    0.9901585578918457,
    0.9909808039665222,
    0.991715133190155,
    0.9923707246780396,
    0.9929577112197876,
    0.9934831857681274,
    0.9939566850662231,
    0.9943822622299194,
    0.9947662949562073,
    0.9951131343841553,
    0.9954281449317932,
    0.9957135319709778,
    0.9959732890129089,
    0.9962098598480225,
    0.9964261651039124,
    0.9966244697570801,
    0.9968067407608032,
    0.9969736933708191,
    0.9971281290054321,
    0.9972708225250244,
    0.9974019527435303,
    0.9975244998931885,
    0.9976375102996826,
    0.9977434277534485,
    0.9978421330451965,
    0.9979339241981506,
    0.9980202317237854,
    0.9981014728546143,
    0.998177170753479,
    0.9982485771179199,
    0.9983161687850952,
    0.9983798861503601,
    0.9984395503997803,
    0.998496413230896,
    0.9985504746437073,
    0.9986016750335693,
    0.9986507892608643,
    0.9986969232559204,
    0.9987406730651855,
    0.9987823963165283,
    0.9988229274749756,
    0.9988609552383423,
    0.9988978505134583,
    0.9989320039749146,
    0.9989656805992126,
    0.9989976286888123,
    0.9990289807319641,
    0.999057948589325,
    0.9990862011909485,
    0.9991133809089661,
    0.9991394281387329,
    0.9991651177406311,
    0.9991893768310547,
    0.9992120862007141,
    0.9992351531982422,
    0.9992564916610718,
    0.9992777109146118,
    0.9992979764938354,
    0.999317467212677,
    0.9993363618850708,
    0.999354898929596,
    0.9993720054626465,
    0.9993888735771179,
    0.9994054436683655,
    0.9994207620620728,
    0.9994369745254517,
    0.9994516372680664,
    0.9994654655456543,
    0.9994789361953735,
    0.9994930624961853,
    0.9995062947273254,
    0.9995190501213074,
    0.999531626701355,
    0.9995429515838623,
    0.9995551109313965,
    0.9995658993721008,
    0.9995771050453186,
    0.999588131904602,
    0.9995982646942139,
    0.9996076822280884,
    0.9996179938316345,
    0.999627411365509,
    0.999636173248291,
    0.9996457695960999,
    0.9996541142463684,
    0.9996626377105713,
    0.9996702075004578,
    0.999678909778595,
    0.9996870160102844,
    0.9996944069862366,
    0.999701738357544,
    0.9997090101242065,
    0.9997157454490662,
    0.9997230172157288,
    0.9997293949127197,
    0.999735414981842,
    0.9997418522834778,
    0.9997482895851135,
    0.9997544288635254,
    0.9997595548629761,
    0.9997658133506775,
    0.9997708797454834,
    0.9997766017913818,
    0.9997814297676086,
    0.9997867345809937
  ],