{
  "size": 16,
  "opt_val": -20.0,
  "method": "VQE",
  "operations": [
    "Z4_Y15",
    "Z4_Y5",
    "Z4_Y2",
    "Z15_Y10",
    "Z15_Y14",
    "Z5_Y3",
    "Z2_Y1",
    "Z2_Y9",
    "Z10_Y12",
    "Z14_Y8",
    "Z12_Y0",
    "Z12_Y11",
    "Z1_Y6",
    "Z1_Y7",
    "Z11_Y13",
    "Z5_Y10",
    "Z14_Y3",
    "Z3_Y9",
    "Z6_Y7",
    "Z6_Y0",
    "Z7_Y8",
    "Z0_Y11",
    "Z13_Y9",
    "Z13_Y8"
  ],
  "dt": 0.05,
  "lr": 0.05,
  "lam": 1.0,
  "mu": 0.9,
  "fix_step": 0,
  "constant_c": true,
  "parameters": [
    1.5691691637039185,
    1.561294436454773,
    1.5707076787948608,
    1.570784330368042,
    1.5600250959396362,
    -0.09957645833492279,
    1.560449481010437,
    0.6427456140518188,
    1.5704032182693481,
    0.5641133785247803,
    0.12625594437122345,
    1.5659065246582031,
    0.7985182404518127,
    0.6465732455253601,
    1.5703898668289185,
    2.2398089640773833e-05,
    1.4709745645523071,
    0.4589006006717682,
    0.8961348533630371,
    1.4440380334854126,
    1.523773431777954,
    0.004448984283953905,
    0.4691247344017029,
    0.5587072968482971
  ],
  "opt_ratios": [
    0.00024414039216935635,
    0.0005227778456173837,
    0.0007411487167701125,
    0.0010305626783519983,
    0.001406549708917737,
    0.0018857847899198532,
    0.0024856547825038433,
    0.0032237768173217773,
    0.004117423668503761,
    0.005183081142604351,
    0.006436002440750599,
    0.007889850065112114,
    0.009556285105645657,
    0.011445140466094017,
    0.013563990592956543,
    0.015918472781777382,
    0.018512312322854996,
    0.021347660571336746,
    0.024425119161605835,
    0.027744431048631668,
    0.031304165720939636,
    0.03510255366563797,
    0.03913794457912445,
    0.043408483266830444,
    0.04791257157921791,
    0.052648987621068954,
    0.0576176643371582,
    0.06281886994838715,
    0.06825397163629532,
    0.07392445206642151,
    0.07983401417732239,
    0.08598659932613373,
    0.09238679707050323,
    0.0990401953458786,
    0.10595334321260452,
    0.11313328146934509,
    0.12058749794960022,
    0.12832432985305786,
    0.1363523006439209,
    0.14467987418174744,
    0.15331584215164185,
    0.16226884722709656,
    0.1715475618839264,
    0.181160569190979,
    0.19111543893814087,
    0.2014186978340149,
    0.21207678318023682,
    0.22309422492980957,
    0.2344760000705719,
    0.24622292816638947,
    0.2583352327346802,
    0.2708114981651306,
    0.28364765644073486,
    0.2968381941318512,
    0.3103727698326111,
    0.32424068450927734,
    0.33842605352401733,
    0.3529118001461029,
    0.3676776587963104,
    0.38269859552383423,
    0.3979492485523224,
    0.4133983552455902,
    0.4290168285369873,
    0.44476836919784546,
    0.4606204628944397,
    0.4765346646308899,
    0.4924704432487488,
    0.5083907842636108,
    0.5242576599121094,
    0.5400331020355225,
    0.5556783080101013,
    0.5711603760719299,
    0.5864412784576416,
    0.6014919877052307,
    0.6162832379341125,
    0.6307885646820068,
    0.6449865102767944,
    0.6588546633720398,
    0.6723760366439819,
    0.6855345964431763,
    0.6983206272125244,
    0.7107272148132324,
    0.7227441668510437,
    0.7343679070472717,
    0.7455993890762329,
    0.7564373016357422,
    0.7668874263763428,
    0.7769538164138794,
    0.7866388559341431,
    0.7959505319595337,
    0.8048954010009766,
    0.8134849071502686,
    0.8217264413833618,
    0.8296288847923279,
    0.8372030258178711,
    0.8444604277610779,
    0.8514108061790466,
    0.8580660223960876,
    0.8644335269927979,
    0.8705258369445801,
    0.87635338306427,
    0.8819255232810974,
    0.8872534036636353,
    0.8923451900482178,
    0.8972111940383911,
    0.9018599987030029,
    0.9062997102737427,
    0.9105408191680908,
    0.91459059715271,
    0.9184572696685791,
    0.9221478700637817,
    0.9256709218025208,
    0.9290320873260498,
    0.9322397112846375,
    0.9353002309799194,
    0.9382199048995972,
    0.9410045742988586,
    0.9436600208282471,
    0.9461926221847534,
    0.9486077427864075,
    0.9509095549583435,
    0.9531044960021973,
    0.955196738243103,
    0.9571906924247742,
    0.9590909481048584,
    0.960902750492096,
    0.962628960609436,
    0.9642722606658936,
    0.9658384919166565,
    0.9673314094543457,
    0.9687538146972656,
    0.9701080918312073,
    0.9713984727859497,
    0.972628116607666,
    0.9737989902496338,
    0.9749149084091187,
    0.9759773015975952,
    0.9769904017448425,
    0.9779549837112427,
    0.9788733124732971,
    0.9797484874725342,
    0.9805827736854553,
    0.9813768863677979,
    0.982134222984314,
    0.9828554391860962,
    0.9835433959960938,
    0.9841983318328857,
    0.9848226308822632,
    0.9854181408882141,
    0.9859855771064758,
    0.9865270256996155,
    0.9870429039001465,
    0.9875354766845703,
    0.9880048036575317,
    0.9884528517723083,
    0.9888800382614136,
    0.9892880916595459,
    0.9896773099899292,
    0.9900491237640381,
    0.9904040098190308,
    0.9907432198524475,
    0.9910666942596436,
    0.9913758635520935,
    0.9916717410087585,
    0.9919543266296387,
    0.9922243356704712,
    0.9924828410148621,
    0.9927300214767456,
    0.99296635389328,
    0.993192195892334,
    0.993409276008606,
    0.9936168193817139,
    0.9938153028488159,
    0.9940051436424255,
    0.9941879510879517,
    0.9943625330924988,
    0.9945303201675415,
    0.9946912527084351,
    0.9948455095291138,
    0.9949936270713806,
    0.9951356649398804,
    0.9952722787857056,
    0.995403528213501,
    0.9955296516418457,
    0.9956498742103577,
    0.9957669973373413,
    0.9958792924880981,
    0.995987057685852,
    0.9960907697677612,
    0.9961906671524048,
    0.9962872266769409,
    0.9963799715042114,
    0.9964694976806641,
    0.996555507183075,
    0.9966385960578918,
    0.9967188835144043,
    0.9967964887619019,
    0.9968711733818054,
    0.9969435930252075,
    0.9970136284828186,
    0.9970804452896118
  ],