{
  "size": 12,
  "opt_val": -15.0,
  "method": "cQITE",
  "operations": [
    "Y0",
    "Y1",
    "Y2",
    "Y3",
    "Y4",
    "Y5",
    "Y6",
    "Y7",
    "Y8",
    "Y9",
    "Y10",
    "Y11",
    "Z0_Y9",
    "Z1_Y8",
    "Z2_Y7",
    "Z3_Y6",
    "Z4_Y5",
    "Z10_Y11",
    "Y0_Z9",
    "Y1_Z8",
    "Y2_Z7",
    "Y3_Z6",
    "Y4_Z5",
    "Y10_Z11",
    "Z10_Y8",
    "Z0_Y7",
    "Z1_Y6",
    "Z2_Y5",
    "Z3_Y4",
    "Z9_Y11",
    "Y10_Z8",
    "Y0_Z7",
    "Y1_Z6",
    "Y2_Z5",
    "Y3_Z4",
    "Y9_Z11",
    "Z9_Y7",
    "Z10_Y6",
    "Z0_Y5",
    "Z1_Y4",
    "Z2_Y3",
    "Z8_Y11",
    "Y9_Z7",
    "Y10_Z6",
    "Y0_Z5",
    "Y1_Z4",
    "Y2_Z3",
    "Y8_Z11",
    "Z8_Y6",
    "Z9_Y5",
    "Z10_Y4",
    "Z0_Y3",
    "Z1_Y2",
    "Z7_Y11",
    "Y8_Z6",
    "Y9_Z5",
    "Y10_Z4",
    "Y0_Z3",
    "Y1_Z2",
    "Y7_Z11",
    "Z7_Y5",
    "Z8_Y4",
    "Z9_Y3",
    "Z10_Y2",
    "Z0_Y1",
    "Z6_Y11",
    "Y7_Z5",
    "Y8_Z4",
    "Y9_Z3",
    "Y10_Z2",
    "Y0_Z1",
    "Y6_Z11",
    "Z6_Y4",
    "Z7_Y3",
    "Z8_Y2",
    "Z9_Y1",
    "Z10_Y0",
    "Z5_Y11",
    "Y6_Z4",
    "Y7_Z3",
    "Y8_Z2",
    "Y9_Z1",
    "Y10_Z0",
    "Y5_Z11",
    "Z5_Y3",
    "Z6_Y2",
    "Z7_Y1",
    "Z8_Y0",
    "Z9_Y10",
    "Z4_Y11",
    "Y5_Z3",
    "Y6_Z2",
    "Y7_Z1",
    "Y8_Z0",
    "Y9_Z10",
    "Y4_Z11",
    "Z4_Y2",
    "Z5_Y1",
    "Z6_Y0",
    "Z7_Y10",
    "Z8_Y9",
    "Z3_Y11",
    "Y4_Z2",
    "Y5_Z1",
    "Y6_Z0",
    "Y7_Z10",
    "Y8_Z9",
    "Y3_Z11",
    "Z3_Y1",
    "Z4_Y0",
    "Z5_Y10",
    "Z6_Y9",
    "Z7_Y8",
    "Z2_Y11",
    "Y3_Z1",
    "Y4_Z0",
    "Y5_Z10",
    "Y6_Z9",
    "Y7_Z8",
    "Y2_Z11",
    "Z2_Y0",
    "Z3_Y10",
    "Z4_Y9",
    "Z5_Y8",
    "Z6_Y7",
    "Z1_Y11",
    "Y2_Z0",
    "Y3_Z10",
    "Y4_Z9",
    "Y5_Z8",
    "Y6_Z7",
    "Y1_Z11",
    "Z1_Y10",
    "Z2_Y9",
    "Z3_Y8",
    "Z4_Y7",
    "Z5_Y6",
    "Z0_Y11",
    "Y1_Z10",
    "Y2_Z9",
    "Y3_Z8",
    "Y4_Z7",
    "Y5_Z6",
    "Y0_Z11"
  ],
  "dt": 0.05,
  "lr": 0.05,
  "lam": 1.0,
  "mu": 0.9,
  "fix_step": 0,
  "constant_c": true,
  "parameters": [
    8.814716238703113e-06,
    -1.0352880508435192e-06,
    2.7774643967859447e-05,
    2.629560731293168e-05,
    -6.777474936825456e-07,
    1.1112269930890761e-05,
    -2.0651225440815324e-06,
    -7.126425043679774e-05,
    -5.358932867238764e-06,
    -1.9325265384395607e-05,
    4.6635586841148324e-06,
    1.1056822586397175e-05,
    0.05614418163895607,
    0.35882025957107544,
    0.5419275760650635,
    1.0971240997314453,
    0.134715735912323,
    0.2612243592739105,
    0.14264540374279022,
    0.043180376291275024,
    0.6528463363647461,
    -0.3487111032009125,
    -0.16287867724895477,
    -0.34356871247291565,
    -0.029350442811846733,
    0.07938197255134583,
    0.09622428566217422,
    0.5470868349075317,
    0.41757744550704956,
    -0.13802587985992432,
    -0.2395363748073578,
    -0.08841782808303833,
    -0.0801394134759903,
    -0.07049964368343353,
    -0.13799390196800232,
    0.663260817527771,
    -0.020494244992733,
    0.1590334177017212,
    -0.22101843357086182,
    0.13915935158729553,
    -0.18027734756469727,
    -0.016533948481082916,
    -0.16062678396701813,
    0.14060521125793457,
    0.17373912036418915,
    -0.10533464699983597,
    0.008740153163671494,
    -0.059532616287469864,
    -0.16275997459888458,
    -0.2535354197025299,
    -0.6072957515716553,
    -0.09079303592443466,
    0.08628135174512863,
    -0.2984520196914673,
    0.012927156873047352,
    0.20850510895252228,
    1.1923962831497192,
    -0.2194458246231079,
    -0.28124430775642395,
    0.01303870975971222,
    -0.38141924142837524,
    0.16474094986915588,
    0.37365520000457764,
    -0.05981007590889931,
    -0.07495123147964478,
    0.028924986720085144,
    0.3041722774505615,
    0.1491418480873108,
    0.3994345963001251,
    0.0056896875612437725,
    0.016674861311912537,
    0.05178963392972946,
    -0.005530808586627245,
    0.15767212212085724,
    0.10414732247591019,
    0.8948995471000671,
    0.040836215019226074,
    -0.04208727180957794,
    -0.26923030614852905,
    0.24522121250629425,
    -0.3205893039703369,
    0.03475220873951912,
    0.2538427710533142,
    -0.07231125980615616,
    -0.026909518986940384,
    -0.012540804222226143,
    0.055457618087530136,
    0.691240131855011,
    0.10753228515386581,
    0.22926852107048035,
    0.019057389348745346,
    0.05046185106039047,
    -0.03992845118045807,
    0.2311328798532486,
    -0.030970316380262375,
    0.5490642189979553,
    -0.04022299870848656,
    -0.1652412861585617,
    0.12888203561306,
    -0.11970648169517517,
    -0.027485352009534836,
    -0.1885174959897995,
    -0.38658738136291504,
    0.4171176552772522,
    0.17588573694229126,
    0.11709278076887131,
    -0.35555440187454224,
    -0.15415418148040771,
    -0.10300562530755997,
    -0.25207483768463135,
    0.008315127342939377,
    -0.005927099380642176,
    0.0723218247294426,
    0.38757815957069397,
    -0.09773331880569458,
    -0.0430179126560688,
    -0.029380114749073982,
    -0.1360010802745819,
    -0.10637594014406204,
    0.277508020401001,
    0.06938580423593521,
    -0.2862062156200409,
    -0.05819811299443245,
    0.14222091436386108,
    0.026903865858912468,
    -0.08127949386835098,
    0.022760359570384026,
    -0.12277340888977051,
    0.018242333084344864,
    0.18095961213111877,
    0.06470228731632233,
    -0.05684107914566994,
    -0.004238450434058905,
    0.0512196347117424,
    0.19536857306957245,
    0.20248284935951233,
    0.003560431068763137,
    -0.0687578096985817,
    0.02130625955760479,
    0.062347277998924255,
    0.15467415750026703,
    0.39560309052467346,
    -0.011656553484499454,
    -0.008174342103302479
  ],
  "opt_ratios": [
    0.000976561801508069,
    0.001691885176114738,
    0.0018714292673394084,
    0.0020603230223059654,
    0.002239500405266881,
    0.002400888130068779,
    0.0026032966561615467,
    0.0027977642603218555,
    0.002987587358802557,
    0.0032311626709997654,
    0.0046471282839775085,
    0.006171626970171928,
    0.00787903182208538,
    0.009820934385061264,
    0.012050483375787735,
    0.014606457203626633,
    0.017530828714370728,
    0.020844055339694023,
    0.024543683975934982,
    0.028602465987205505,
    0.03296991437673569,
    0.03757971152663231,
    0.042358338832855225,
    0.04723473638296127,
    0.05214507132768631,
    0.05703555420041084,
    0.06186224892735481,
    0.06659094989299774,
    0.07119524478912354,
    0.07565546035766602,
    0.07995735853910446,
    0.08409169316291809,
    0.08805212378501892,
    0.09183555096387863,
    0.09544163942337036,
    0.09887175261974335,
    0.10212905704975128,
    0.10521793365478516,
    0.1081441193819046,
    0.1109137088060379,
    0.11353395134210587,
    0.11601224541664124,
    0.11835665255784988,
    0.12057468295097351,
    0.12267494201660156,
    0.12466569244861603,
    0.1265556514263153,
    0.1283523142337799,
    0.13006436824798584,
    0.131699800491333,
    0.13326621055603027
  ],