{
  "size": 12,
  "opt_val": -15.0,
  "method": "cQITE",
  "operations": [
    "Y0",
    "Y1",
    "Y2",
    "Y3",
    "Y4",
    "Y5",
    "Y6",
    "Y7",
    "Y8",
    "Y9",
    "Y10",
    "Y11",
    "Z0_Y9",
    "Z1_Y8",
    "Z2_Y7",
    "Z3_Y6",
    "Z4_Y5",
    "Z10_Y11",
    "Y0_Z9",
    "Y1_Z8",
    "Y2_Z7",
    "Y3_Z6",
    "Y4_Z5",
    "Y10_Z11",
    "Z10_Y8",
    "Z0_Y7",
    "Z1_Y6",
    "Z2_Y5",
    "Z3_Y4",
    "Z9_Y11",
    "Y10_Z8",
    "Y0_Z7",
    "Y1_Z6",
    "Y2_Z5",
    "Y3_Z4",
    "Y9_Z11",
    "Z9_Y7",
    "Z10_Y6",
    "Z0_Y5",
    "Z1_Y4",
    "Z2_Y3",
    "Z8_Y11",
    "Y9_Z7",
    "Y10_Z6",
    "Y0_Z5",
    "Y1_Z4",
    "Y2_Z3",
    "Y8_Z11",
    "Z8_Y6",
    "Z9_Y5",
    "Z10_Y4",
    "Z0_Y3",
    "Z1_Y2",
    "Z7_Y11",
    "Y8_Z6",
    "Y9_Z5",
    "Y10_Z4",
    "Y0_Z3",
    "Y1_Z2",
    "Y7_Z11",
    "Z7_Y5",
    "Z8_Y4",
    "Z9_Y3",
    "Z10_Y2",
    "Z0_Y1",
    "Z6_Y11",
    "Y7_Z5",
    "Y8_Z4",
    "Y9_Z3",
    "Y10_Z2",
    "Y0_Z1",
    "Y6_Z11",
    "Z6_Y4",
    "Z7_Y3",
    "Z8_Y2",
    "Z9_Y1",
    "Z10_Y0",
    "Z5_Y11",
    "Y6_Z4",
    "Y7_Z3",
    "Y8_Z2",
    "Y9_Z1",
    "Y10_Z0",
    "Y5_Z11",
    "Z5_Y3",
    "Z6_Y2",
    "Z7_Y1",
    "Z8_Y0",
    "Z9_Y10",
    "Z4_Y11",
    "Y5_Z3",
    "Y6_Z2",
    "Y7_Z1",
    "Y8_Z0",
    "Y9_Z10",
    "Y4_Z11",
    "Z4_Y2",
    "Z5_Y1",
    "Z6_Y0",
    "Z7_Y10",
    "Z8_Y9",
    "Z3_Y11",
    "Y4_Z2",
    "Y5_Z1",
    "Y6_Z0",
    "Y7_Z10",
    "Y8_Z9",
    "Y3_Z11",
    "Z3_Y1",
    "Z4_Y0",
    "Z5_Y10",
    "Z6_Y9",
    "Z7_Y8",
    "Z2_Y11",
    "Y3_Z1",
    "Y4_Z0",
    "Y5_Z10",
    "Y6_Z9",
    "Y7_Z8",
    "Y2_Z11",
    "Z2_Y0",
    "Z3_Y10",
    "Z4_Y9",
    "Z5_Y8",
    "Z6_Y7",
    "Z1_Y11",
    "Y2_Z0",
    "Y3_Z10",
    "Y4_Z9",
    "Y5_Z8",
    "Y6_Z7",
    "Y1_Z11",
    "Z1_Y10",
    "Z2_Y9",
    "Z3_Y8",
    "Z4_Y7",
    "Z5_Y6",
    "Z0_Y11",
    "Y1_Z10",
    "Y2_Z9",
    "Y3_Z8",
    "Y4_Z7",
    "Y5_Z6",
    "Y0_Z11"
  ],
  "dt": 0.05,
  "lr": 0.05,
  "lam": 1.0,
  "mu": 0.9,
  "fix_step": 0,
  "constant_c": true,
  "parameters": [
    -1.6591775420238264e-05,
    -3.3802898542489856e-05,
    -2.514101106498856e-05,
    -9.884967585094273e-05,
    -3.882107193931006e-06,
    1.373580835206667e-05,
    1.1269627066212706e-05,
    9.464382856094744e-06,
    5.263491402729414e-06,
    1.1564222404558677e-05,
    1.754149707267061e-05,
    -1.5062119928188622e-05,
    -0.4659537672996521,
    -0.028385814279317856,
    0.19286809861660004,
    -0.21586331725120544,
    0.6006566882133484,
    0.016701793298125267,
    0.4503161311149597,
    0.1126253679394722,
    0.459267795085907,
    0.24566194415092468,
    0.42768535017967224,
    0.03087148442864418,
    0.438531756401062,
    -0.1644870489835739,
    0.14180682599544525,
    -0.05801461264491081,
    0.079178586602211,
    0.3801446259021759,
    0.1388460248708725,
    0.060104239732027054,
    -0.15463753044605255,
    -0.23955069482326508,
    -0.2871944010257721,
    -0.25672826170921326,
    -0.17014382779598236,
    0.08887592703104019,
    0.1729440689086914,
    0.042555321007966995,
    -0.28663307428359985,
    0.029132913798093796,
    0.16234005987644196,
    0.0773145854473114,
    -0.1784183233976364,
    -0.036985114216804504,
    0.026521049439907074,
    0.007312346249818802,
    0.35989511013031006,
    0.2512970268726349,
    -0.08397386223077774,
    -0.13587909936904907,
    -0.1531304568052292,
    0.09080011397600174,
    -0.2995452582836151,
    -0.554314911365509,
    0.18425233662128448,
    0.15065497159957886,
    0.06729284673929214,
    -0.021526947617530823,
    -0.0818709060549736,
    -0.13246797025203705,
    0.06730657815933228,
    -0.21170856058597565,
    -0.08848824352025986,
    0.11172223091125488,
    0.04609585180878639,
    0.10264920443296432,
    -0.13306953012943268,
    0.12891201674938202,
    0.11729039996862411,
    -0.021166197955608368,
    0.059916287660598755,
    0.04460722953081131,
    0.3646309971809387,
    -0.01810638979077339,
    -0.06794220209121704,
    -0.43986448645591736,
    -0.4330301284790039,
    0.4433846175670624,
    0.15554441511631012,
    0.016267959028482437,
    0.029081519693136215,
    0.25189048051834106,
    0.21102692186832428,
    -0.04925982654094696,
    0.4336599111557007,
    -0.05421128496527672,
    0.05213968828320503,
    -0.4347642660140991,
    -0.10742795467376709,
    0.11282844096422195,
    0.2416093349456787,
    -0.024552790448069572,
    -0.10297532379627228,
    0.07608172297477722,
    -0.05730189383029938,
    0.06754278391599655,
    0.28270986676216125,
    -0.28388532996177673,
    0.075816310942173,
    0.07760082185268402,
    -0.1750040352344513,
    -0.06749716401100159,
    -0.29824167490005493,
    -0.1617019772529602,
    -0.00391153059899807,
    -0.15744183957576752,
    0.5669460892677307,
    0.5650514364242554,
    -0.2679152190685272,
    -0.06589444726705551,
    -0.1307729333639145,
    -0.04529939964413643,
    -0.23653018474578857,
    0.3836783766746521,
    -0.009899919852614403,
    0.07461463660001755,
    -0.09873442351818085,
    0.00741606717929244,
    0.6087929010391235,
    0.3396380543708801,
    1.106451392173767,
    0.5044371485710144,
    0.026454506441950798,
    -0.05190528556704521,
    0.1724202185869217,
    0.07335948944091797,
    -0.2634831964969635,
    0.22398336231708527,
    0.04186622053384781,
    0.015410827472805977,
    -0.04967860132455826,
    0.20572936534881592,
    -0.16140350699424744,
    0.028825635090470314,
    0.939408004283905,
    1.0449095964431763,
    0.7931731343269348,
    0.12003811448812485,
    -0.051553428173065186,
    0.00921036209911108,
    -0.08248197287321091,
    -0.037062931805849075
  ],
  "opt_ratios": [
    0.0004882809007540345,
    0.000846147711854428,
    0.0009451191872358322,
    0.0010341783054172993,
    0.0011082403361797333,
    0.0012211139546707273,
    0.0013426556251943111,
    0.0014575158711522818,
    0.0015567620284855366,
    0.002210256177932024,
    0.002966847736388445,
    0.0038331840187311172,
    0.004828272387385368,
    0.005972262471914291,
    0.007284610532224178,
    0.008791407570242882,
    0.010517503134906292,
    0.012492610141634941,
    0.0147423529997468,
    0.01729121059179306,
    0.02015646919608116,
    0.023344464600086212,
    0.02685486525297165,
    0.03067595511674881,
    0.034789565950632095,
    0.03917263448238373,
    0.043799713253974915,
    0.048645757138729095,
    0.0536869578063488,
    0.05890621244907379,
    0.06429050117731094,
    0.0698252022266388,
    0.07547882944345474,
    0.08117099106311798,
    0.08675423264503479,
    0.0920644998550415,
    0.0970175489783287,
    0.10162390023469925,
    0.10593363642692566,
    0.10999086499214172,
    0.11382421851158142,
    0.11744633316993713,
    0.12086045742034912,
    0.12406402826309204,
    0.12705287337303162,
    0.12982168793678284,
    0.13236552476882935,
    0.1346810907125473,
    0.1367659866809845,
    0.1386185586452484,
    0.14024066925048828
  ],