{
  "size": 12,
  "opt_val": -16.0,
  "method": "cQITE",
  "operations": [
    "Y0",
    "Y1",
    "Y2",
    "Y3",
    "Y4",
    "Y5",
    "Y6",
    "Y7",
    "Y8",
    "Y9",
    "Y10",
    "Y11",
    "Z0_Y9",
    "Z1_Y8",
    "Z2_Y7",
    "Z3_Y6",
    "Z4_Y5",
    "Z10_Y11",
    "Y0_Z9",
    "Y1_Z8",
    "Y2_Z7",
    "Y3_Z6",
    "Y4_Z5",
    "Y10_Z11",
    "Z10_Y8",
    "Z0_Y7",
    "Z1_Y6",
    "Z2_Y5",
    "Z3_Y4",
    "Z9_Y11",
    "Y10_Z8",
    "Y0_Z7",
    "Y1_Z6",
    "Y2_Z5",
    "Y3_Z4",
    "Y9_Z11",
    "Z9_Y7",
    "Z10_Y6",
    "Z0_Y5",
    "Z1_Y4",
    "Z2_Y3",
    "Z8_Y11",
    "Y9_Z7",
    "Y10_Z6",
    "Y0_Z5",
    "Y1_Z4",
    "Y2_Z3",
    "Y8_Z11",
    "Z8_Y6",
    "Z9_Y5",
    "Z10_Y4",
    "Z0_Y3",
    "Z1_Y2",
    "Z7_Y11",
    "Y8_Z6",
    "Y9_Z5",
    "Y10_Z4",
    "Y0_Z3",
    "Y1_Z2",
    "Y7_Z11",
    "Z7_Y5",
    "Z8_Y4",
    "Z9_Y3",
    "Z10_Y2",
    "Z0_Y1",
    "Z6_Y11",
    "Y7_Z5",
    "Y8_Z4",
    "Y9_Z3",
    "Y10_Z2",
    "Y0_Z1",
    "Y6_Z11",
    "Z6_Y4",
    "Z7_Y3",
    "Z8_Y2",
    "Z9_Y1",
    "Z10_Y0",
    "Z5_Y11",
    "Y6_Z4",
    "Y7_Z3",
    "Y8_Z2",
    "Y9_Z1",
    "Y10_Z0",
    "Y5_Z11",
    "Z5_Y3",
    "Z6_Y2",
    "Z7_Y1",
    "Z8_Y0",
    "Z9_Y10",
    "Z4_Y11",
    "Y5_Z3",
    "Y6_Z2",
    "Y7_Z1",
    "Y8_Z0",
    "Y9_Z10",
    "Y4_Z11",
    "Z4_Y2",
    "Z5_Y1",
    "Z6_Y0",
    "Z7_Y10",
    "Z8_Y9",
    "Z3_Y11",
    "Y4_Z2",
    "Y5_Z1",
    "Y6_Z0",
    "Y7_Z10",
    "Y8_Z9",
    "Y3_Z11",
    "Z3_Y1",
    "Z4_Y0",
    "Z5_Y10",
    "Z6_Y9",
    "Z7_Y8",
    "Z2_Y11",
    "Y3_Z1",
    "Y4_Z0",
    "Y5_Z10",
    "Y6_Z9",
    "Y7_Z8",
    "Y2_Z11",
    "Z2_Y0",
    "Z3_Y10",
    "Z4_Y9",
    "Z5_Y8",
    "Z6_Y7",
    "Z1_Y11",
    "Y2_Z0",
    "Y3_Z10",
    "Y4_Z9",
    "Y5_Z8",
    "Y6_Z7",
    "Y1_Z11",
    "Z1_Y10",
    "Z2_Y9",
    "Z3_Y8",
    "Z4_Y7",
    "Z5_Y6",
    "Z0_Y11",
    "Y1_Z10",
    "Y2_Z9",
    "Y3_Z8",
    "Y4_Z7",
    "Y5_Z6",
    "Y0_Z11"
  ],
  "dt": 0.05,
  "lr": 0.05,
  "lam": 1.0,
  "mu": 0.9,
  "fix_step": 0,
  "constant_c": true,
  "parameters": [
    -4.407598225952825e-06,
    5.548943590838462e-05,
    4.719788194051944e-05,
    -4.9786522140493616e-05,
    1.5473284292966127e-05,
    2.038038473983761e-05,
    0.00022727229224983603,
    4.4211508793523535e-05,
    6.1808450482203625e-06,
    -7.00707096257247e-05,
    -0.00010016965097747743,
    -0.00012494852126110345,
    0.14604884386062622,
    0.01549976971000433,
    -0.06531057506799698,
    -1.0492215156555176,
    0.113502137362957,
    -0.31385907530784607,
    0.4872368276119232,
    0.013517308048903942,
    -0.2700914740562439,
    1.5488975048065186,
    0.23657658696174622,
    -0.08134209364652634,
    0.14977028965950012,
    -0.2799462676048279,
    -0.16388194262981415,
    0.06457445025444031,
    -0.14494144916534424,
    -0.02642047591507435,
    -0.09253018349409103,
    -0.09163084626197815,
    -0.24081888794898987,
    -0.014716931618750095,
    0.0642671063542366,
    -0.23129597306251526,
    0.8954190015792847,
    0.6816123723983765,
    -0.12063474208116531,
    -0.17599540948867798,
    0.015217273496091366,
    0.11703727394342422,
    0.05524187535047531,
    -0.2548644542694092,
    0.019582508131861687,
    0.13148890435695648,
    0.004004008136689663,
    -0.27934274077415466,
    0.026128586381673813,
    0.7204112410545349,
    -0.26844522356987,
    -0.30772027373313904,
    0.14770229160785675,
    0.11375787854194641,
    0.012686610221862793,
    0.008796483278274536,
    0.1745663434267044,
    0.15010525286197662,
    -0.11469236016273499,
    0.1166345551609993,
    -0.024065079167485237,
    0.40643393993377686,
    -0.1544874608516693,
    0.05267071723937988,
    0.8219844102859497,
    -0.11363615840673447,
    0.002722772303968668,
    0.02492036297917366,
    0.027353202924132347,
    0.20310762524604797,
    -0.20759552717208862,
    0.7615875601768494,
    0.16960781812667847,
    0.2299685925245285,
    -0.4827192425727844,
    -0.28848984837532043,
    0.16216148436069489,
    0.08263853192329407,
    -0.041806384921073914,
    -0.006242792122066021,
    1.2066034078598022,
    0.12447619438171387,
    0.42510756850242615,
    -0.4502018988132477,
    -0.09748392552137375,
    -0.16583305597305298,
    0.23012228310108185,
    0.11348821967840195,
    -0.3189404606819153,
    -0.12963244318962097,
    0.06849700957536697,
    -0.22435064613819122,
    -0.030124664306640625,
    0.4243174195289612,
    -0.1623324155807495,
    0.8504050374031067,
    -0.015605517663061619,
    -0.003817369695752859,
    0.1059572845697403,
    0.07601573318243027,
    0.013405990786850452,
    0.2501521408557892,
    -0.6892580389976501,
    -0.0008397461497224867,
    0.1517675518989563,
    0.09188804030418396,
    -0.047929082065820694,
    -0.3271492123603821,
    -0.04604437202215195,
    0.007190624717622995,
    0.3376408815383911,
    0.0727812722325325,
    0.08932743221521378,
    0.8822100162506104,
    0.377163827419281,
    -0.17864415049552917,
    0.33371901512145996,
    0.20010915398597717,
    -0.011065474711358547,
    -0.07458814233541489,
    -0.264167845249176,
    0.042196668684482574,
    -0.08283698558807373,
    0.03939787298440933,
    -0.18802566826343536,
    0.020438626408576965,
    -0.2983565032482147,
    -0.14669020473957062,
    -0.17951656877994537,
    -0.17867839336395264,
    -0.08662711828947067,
    0.1044280007481575,
    0.05670677870512009,
    0.3491433262825012,
    -0.02325516752898693,
    0.0005533059593290091,
    0.014313614927232265,
    0.17754295468330383,
    0.08260152488946915,
    0.3955402672290802,
    0.010970602743327618,
    -0.018810540437698364,
    -0.1613832712173462,
    0.056277938187122345
  ],
  "opt_ratios": [
    0.0004882809007540345,
    0.0009319187374785542,
    0.001022287760861218,
    0.001121969660744071,
    0.001234621275216341,
    0.0013522736262530088,
    0.0014820166397839785,
    0.0016183305997401476,
    0.0017556438688188791,
    0.0019236202351748943,
    0.0029251365922391415,
    0.004163762088865042,
    0.005669233854860067,
    0.007464125752449036,
    0.009556470438838005,
    0.011935524642467499,
    0.01457912102341652,
    0.01744721084833145,
    0.02048921398818493,
    0.02365182340145111,
    0.02688465267419815,
    0.03014359623193741,
    0.03339493274688721,
    0.036613427102565765,
    0.039784014225006104,
    0.0428987480700016,
    0.045954618602991104,
    0.048954639583826065,
    0.05190420150756836,
    0.05481061339378357,
    0.0576828196644783,
    0.06053049489855766,
    0.06336332857608795,
    0.06619153916835785,
    0.06902392208576202,
    0.07186941057443619,
    0.07473515719175339,
    0.07762676477432251,
    0.08054864406585693,
    0.08350304514169693,
    0.08648975938558578,
    0.08950725197792053,
    0.09255024790763855,
    0.09561174362897873,
    0.09868239611387253,
    0.1017499566078186,
    0.10480115562677383,
    0.10782036185264587,
    0.1107926294207573,
    0.11370190978050232,
    0.11653504520654678
  ],