{
  "size": 12,
  "opt_val": -16.0,
  "method": "cQITE",
  "operations": [
    "Y0",
    "Y1",
    "Y2",
    "Y3",
    "Y4",
    "Y5",
    "Y6",
    "Y7",
    "Y8",
    "Y9",
    "Y10",
    "Y11",
    "Z0_Y9",
    "Z1_Y8",
    "Z2_Y7",
    "Z3_Y6",
    "Z4_Y5",
    "Z10_Y11",
    "Y0_Z9",
    "Y1_Z8",
    "Y2_Z7",
    "Y3_Z6",
    "Y4_Z5",
    "Y10_Z11",
    "Z10_Y8",
    "Z0_Y7",
    "Z1_Y6",
    "Z2_Y5",
    "Z3_Y4",
    "Z9_Y11",
    "Y10_Z8",
    "Y0_Z7",
    "Y1_Z6",
    "Y2_Z5",
    "Y3_Z4",
    "Y9_Z11",
    "Z9_Y7",
    "Z10_Y6",
    "Z0_Y5",
    "Z1_Y4",
    "Z2_Y3",
    "Z8_Y11",
    "Y9_Z7",
    "Y10_Z6",
    "Y0_Z5",
    "Y1_Z4",
    "Y2_Z3",
    "Y8_Z11",
    "Z8_Y6",
    "Z9_Y5",
    "Z10_Y4",
    "Z0_Y3",
    "Z1_Y2",
    "Z7_Y11",
    "Y8_Z6",
    "Y9_Z5",
    "Y10_Z4",
    "Y0_Z3",
    "Y1_Z2",
    "Y7_Z11",
    "Z7_Y5",
    "Z8_Y4",
    "Z9_Y3",
    "Z10_Y2",
    "Z0_Y1",
    "Z6_Y11",
    "Y7_Z5",
    "Y8_Z4",
    "Y9_Z3",
    "Y10_Z2",
    "Y0_Z1",
    "Y6_Z11",
    "Z6_Y4",
    "Z7_Y3",
    "Z8_Y2",
    "Z9_Y1",
    "Z10_Y0",
    "Z5_Y11",
    "Y6_Z4",
    "Y7_Z3",
    "Y8_Z2",
    "Y9_Z1",
    "Y10_Z0",
    "Y5_Z11",
    "Z5_Y3",
    "Z6_Y2",
    "Z7_Y1",
    "Z8_Y0",
    "Z9_Y10",
    "Z4_Y11",
    "Y5_Z3",
    "Y6_Z2",
    "Y7_Z1",
    "Y8_Z0",
    "Y9_Z10",
    "Y4_Z11",
    "Z4_Y2",
    "Z5_Y1",
    "Z6_Y0",
    "Z7_Y10",
    "Z8_Y9",
    "Z3_Y11",
    "Y4_Z2",
    "Y5_Z1",
    "Y6_Z0",
    "Y7_Z10",
    "Y8_Z9",
    "Y3_Z11",
    "Z3_Y1",
    "Z4_Y0",
    "Z5_Y10",
    "Z6_Y9",
    "Z7_Y8",
    "Z2_Y11",
    "Y3_Z1",
    "Y4_Z0",
    "Y5_Z10",
    "Y6_Z9",
    "Y7_Z8",
    "Y2_Z11",
    "Z2_Y0",
    "Z3_Y10",
    "Z4_Y9",
    "Z5_Y8",
    "Z6_Y7",
    "Z1_Y11",
    "Y2_Z0",
    "Y3_Z10",
    "Y4_Z9",
    "Y5_Z8",
    "Y6_Z7",
    "Y1_Z11",
    "Z1_Y10",
    "Z2_Y9",
    "Z3_Y8",
    "Z4_Y7",
    "Z5_Y6",
    "Z0_Y11",
    "Y1_Z10",
    "Y2_Z9",
    "Y3_Z8",
    "Y4_Z7",
    "Y5_Z6",
    "Y0_Z11"
  ],
  "dt": 0.05,
  "lr": 0.05,
  "lam": 1.0,
  "mu": 0.9,
  "fix_step": 0,
  "constant_c": true,
  "parameters": [
    -1.9176430214429274e-05,
    1.9296890968689695e-05,
    -9.157213753496762e-06,
    1.1049834938603453e-05,
    8.524651093466673e-06,
    -4.762604658026248e-05,
    1.7668184227659367e-05,
    1.365257048746571e-06,
    7.222061867651064e-06,
    -1.800505015125964e-05,
    -1.2473782589950133e-05,
    -1.825563595048152e-05,
    -0.03225897625088692,
    0.07997694611549377,
    -0.005233644042164087,
    -0.18492594361305237,
    0.13382713496685028,
    -0.008764591999351978,
    0.08531312644481659,
    0.11118442565202713,
    0.08977431803941727,
    0.0018810901092365384,
    0.0832146629691124,
    -0.12936712801456451,
    0.05834838002920151,
    0.31909286975860596,
    -0.19381949305534363,
    -0.26154643297195435,
    0.05900850147008896,
    -0.0823097974061966,
    0.9164165258407593,
    0.1968366950750351,
    -0.10499033331871033,
    0.880469799041748,
    -0.16559365391731262,
    -0.11195086687803268,
    -0.5762729048728943,
    0.5199103355407715,
    0.017752302810549736,
    -0.18053512275218964,
    0.3419817388057709,
    0.13765865564346313,
    0.1533646434545517,
    -0.21099263429641724,
    0.03129803016781807,
    0.1947571039199829,
    -0.21482528746128082,
    -0.00314154545776546,
    -0.23514509201049805,
    -0.2960794270038605,
    -0.13696658611297607,
    0.0221321452409029,
    0.2295202612876892,
    -0.10805664956569672,
    0.20117808878421783,
    -0.12218993902206421,
    0.3341434597969055,
    0.09997203946113586,
    0.02727412059903145,
    0.13098599016666412,
    -0.0446159727871418,
    -1.194430947303772,
    0.5128936171531677,
    0.04716689512133598,
    0.8119679093360901,
    -0.11512504518032074,
    -0.07160930335521698,
    0.38525018095970154,
    -0.10980336368083954,
    -0.04011169821023941,
    -0.09076036512851715,
    0.2079390585422516,
    0.2020464539527893,
    -0.06747087091207504,
    -0.084469273686409,
    0.07161518186330795,
    -0.2070322036743164,
    -0.31737592816352844,
    -0.14096222817897797,
    -0.01634601131081581,
    0.024459684267640114,
    -0.07828578352928162,
    0.04960475489497185,
    -0.25954514741897583,
    0.7649231553077698,
    0.12998183071613312,
    -0.12256858497858047,
    -0.35556158423423767,
    -0.11589248478412628,
    0.15004105865955353,
    0.1631070226430893,
    -0.05090763047337532,
    0.122835174202919,
    0.17537064850330353,
    -0.027167677879333496,
    -0.02228659577667713,
    0.11992718279361725,
    -0.32206931710243225,
    0.5585600733757019,
    -0.03195227310061455,
    0.4963110387325287,
    0.583950400352478,
    -0.06001487001776695,
    0.03209112957119942,
    -0.10806261003017426,
    0.06576836109161377,
    0.6079272627830505,
    0.12142036855220795,
    -0.21321189403533936,
    -0.07655657827854156,
    -0.15723438560962677,
    0.055408306419849396,
    0.2809591293334961,
    -0.0758427232503891,
    0.02001228556036949,
    -0.0036753432359546423,
    -0.12347389757633209,
    0.05018939450383186,
    0.6381937861442566,
    0.3937227725982666,
    -0.12736988067626953,
    0.09836539626121521,
    0.2010621875524521,
    0.11069944500923157,
    -0.030685806646943092,
    0.3023384213447571,
    -0.18839889764785767,
    0.09109888970851898,
    0.3899959921836853,
    0.15606646239757538,
    -0.172867089509964,
    -0.06667348742485046,
    0.011937843635678291,
    -0.011034242808818817,
    -0.08945588767528534,
    0.21568281948566437,
    0.3216760754585266,
    -0.14988864958286285,
    0.11826081573963165,
    0.08617837727069855,
    -0.06378903239965439,
    0.2121635228395462,
    0.13268043100833893,
    -0.061018384993076324
  ],
  "opt_ratios": [
    0.000976561801508069,
    0.0018325841519981623,
    0.0020246757194399834,
    0.0022320193238556385,
    0.0024673985317349434,
    0.002713492838665843,
    0.0029307387303560972,
    0.0032909009605646133,
    0.0036212275736033916,
    0.003953073173761368,
    0.005795388016849756,
    0.007983358576893806,
    0.010691399686038494,
    0.01412991713732481,
    0.01855381950736046,
    0.02427620068192482,
    0.0315418541431427,
    0.040298979729413986,
    0.050171129405498505,
    0.06071989983320236,
    0.07150815427303314,
    0.08202692866325378,
    0.0918954461812973,
    0.10106014460325241,
    0.10967792570590973,
    0.1179250180721283,
    0.12591661512851715,
    0.13370466232299805,
    0.14129051566123962,
    0.14864365756511688,
    0.15571674704551697,
    0.16245628893375397,
    0.16881227493286133,
    0.17474021017551422,
    0.1802065223455429,
    0.18518710136413574,
    0.18966975808143616,
    0.19365166127681732,
    0.19713807106018066,
    0.2001415491104126,
    0.20267988741397858,
    0.2047758847475052,
    0.20645317435264587,
    0.2077392041683197,
    0.2086605727672577,
    0.20924413204193115,
    0.2095164656639099,
    0.20950323343276978,
    0.2092282772064209,
    0.2087152600288391,
    0.20798595249652863
  ],