{
  "size": 12,
  "opt_val": -16.0,
  "method": "cQITE",
  "operations": [
    "Y0",
    "Y1",
    "Y2",
    "Y3",
    "Y4",
    "Y5",
    "Y6",
    "Y7",
    "Y8",
    "Y9",
    "Y10",
    "Y11",
    "Z0_Y9",
    "Z1_Y8",
    "Z2_Y7",
    "Z3_Y6",
    "Z4_Y5",
    "Z10_Y11",
    "Y0_Z9",
    "Y1_Z8",
    "Y2_Z7",
    "Y3_Z6",
    "Y4_Z5",
    "Y10_Z11",
    "Z10_Y8",
    "Z0_Y7",
    "Z1_Y6",
    "Z2_Y5",
    "Z3_Y4",
    "Z9_Y11",
    "Y10_Z8",
    "Y0_Z7",
    "Y1_Z6",
    "Y2_Z5",
    "Y3_Z4",
    "Y9_Z11",
    "Z9_Y7",
    "Z10_Y6",
    "Z0_Y5",
    "Z1_Y4",
    "Z2_Y3",
    "Z8_Y11",
    "Y9_Z7",
    "Y10_Z6",
    "Y0_Z5",
    "Y1_Z4",
    "Y2_Z3",
    "Y8_Z11",
    "Z8_Y6",
    "Z9_Y5",
    "Z10_Y4",
    "Z0_Y3",
    "Z1_Y2",
    "Z7_Y11",
    "Y8_Z6",
    "Y9_Z5",
    "Y10_Z4",
    "Y0_Z3",
    "Y1_Z2",
    "Y7_Z11",
    "Z7_Y5",
    "Z8_Y4",
    "Z9_Y3",
    "Z10_Y2",
    "Z0_Y1",
    "Z6_Y11",
    "Y7_Z5",
    "Y8_Z4",
    "Y9_Z3",
    "Y10_Z2",
    "Y0_Z1",
    "Y6_Z11",
    "Z6_Y4",
    "Z7_Y3",
    "Z8_Y2",
    "Z9_Y1",
    "Z10_Y0",
    "Z5_Y11",
    "Y6_Z4",
    "Y7_Z3",
    "Y8_Z2",
    "Y9_Z1",
    "Y10_Z0",
    "Y5_Z11",
    "Z5_Y3",
    "Z6_Y2",
    "Z7_Y1",
    "Z8_Y0",
    "Z9_Y10",
    "Z4_Y11",
    "Y5_Z3",
    "Y6_Z2",
    "Y7_Z1",
    "Y8_Z0",
    "Y9_Z10",
    "Y4_Z11",
    "Z4_Y2",
    "Z5_Y1",
    "Z6_Y0",
    "Z7_Y10",
    "Z8_Y9",
    "Z3_Y11",
    "Y4_Z2",
    "Y5_Z1",
    "Y6_Z0",
    "Y7_Z10",
    "Y8_Z9",
    "Y3_Z11",
    "Z3_Y1",
    "Z4_Y0",
    "Z5_Y10",
    "Z6_Y9",
    "Z7_Y8",
    "Z2_Y11",
    "Y3_Z1",
    "Y4_Z0",
    "Y5_Z10",
    "Y6_Z9",
    "Y7_Z8",
    "Y2_Z11",
    "Z2_Y0",
    "Z3_Y10",
    "Z4_Y9",
    "Z5_Y8",
    "Z6_Y7",
    "Z1_Y11",
    "Y2_Z0",
    "Y3_Z10",
    "Y4_Z9",
    "Y5_Z8",
    "Y6_Z7",
    "Y1_Z11",
    "Z1_Y10",
    "Z2_Y9",
    "Z3_Y8",
    "Z4_Y7",
    "Z5_Y6",
    "Z0_Y11",
    "Y1_Z10",
    "Y2_Z9",
    "Y3_Z8",
    "Y4_Z7",
    "Y5_Z6",
    "Y0_Z11"
  ],
  "dt": 0.05,
  "lr": 0.05,
  "lam": 1.0,
  "mu": 0.9,
  "fix_step": 0,
  "constant_c": true,
  "parameters": [
    -3.721962912095478e-06,
    2.6341405828134157e-05,
    0.0001226755848620087,
    -2.8954975277883932e-05,
    2.293038778589107e-05,
    -8.077007805695757e-06,
    -3.059035952901468e-05,
    6.559973826369969e-06,
    2.0393203158164397e-05,
    -4.449558036867529e-05,
    7.973156607476994e-05,
    -4.429665204952471e-05,
    0.04521656036376953,
    0.0625237226486206,
    0.13168670237064362,
    -0.01287829503417015,
    -0.10309019684791565,
    0.17966844141483307,
    0.07466661185026169,
    0.25535038113594055,
    0.004472878761589527,
    0.05177852138876915,
    0.17729736864566803,
    0.358687162399292,
    -0.3675258159637451,
    0.01650564931333065,
    -0.0986928790807724,
    1.0249158143997192,
    -0.01208805013448,
    -0.2445290982723236,
    -0.1529267579317093,
    0.6634572148323059,
    0.06898879259824753,
    -0.24139752984046936,
    -0.07982506603002548,
    -0.056438811123371124,
    -0.0940854474902153,
    0.9053142666816711,
    -0.07293714582920074,
    0.08566678315401077,
    -0.23350347578525543,
    -0.16391514241695404,
    -0.20900380611419678,
    -0.20423465967178345,
    0.19913139939308167,
    -0.04041200876235962,
    0.1033192053437233,
    0.0061647966504096985,
    0.2804699242115021,
    -0.06852792948484421,
    -0.022771181538701057,
    0.09173231571912766,
    -0.07618175446987152,
    -0.31567826867103577,
    0.197644904255867,
    0.12917910516262054,
    -0.0734720453619957,
    -0.04051753506064415,
    0.0040356069803237915,
    0.05848744139075279,
    -0.049092721194028854,
    1.417081356048584,
    -0.05668449401855469,
    -0.5348512530326843,
    -0.04922127723693848,
    0.08165160566568375,
    -0.3689998686313629,
    -0.5943808555603027,
    -0.05822562426328659,
    -0.3461337983608246,
    -0.06715167313814163,
    0.021884014829993248,
    0.28564783930778503,
    0.34617331624031067,
    0.013148140162229538,
    0.3438984155654907,
    0.11431129276752472,
    0.01108715683221817,
    0.16025526821613312,
    0.022548852488398552,
    -0.09383078664541245,
    0.3673296272754669,
    -0.053441666066646576,
    -0.07674477994441986,
    0.7996897101402283,
    0.11732137203216553,
    0.2290336936712265,
    0.2931581437587738,
    0.07247889041900635,
    -0.0819324404001236,
    -0.38094913959503174,
    0.23815062642097473,
    -0.10471668094396591,
    0.2609366476535797,
    0.17529310286045074,
    0.05353333055973053,
    -0.039398789405822754,
    -0.09109990298748016,
    -0.01018117181956768,
    0.052439771592617035,
    -0.3797844350337982,
    -0.08618180453777313,
    0.07751550525426865,
    0.011518685147166252,
    -0.05840141698718071,
    -0.07386402785778046,
    -0.20892782509326935,
    -0.060978252440690994,
    0.23715399205684662,
    -0.15038979053497314,
    0.16183367371559143,
    -0.006930397357791662,
    -0.31453192234039307,
    0.071084164083004,
    0.21306172013282776,
    0.09071873873472214,
    0.41258859634399414,
    -0.03757702186703682,
    -0.5108890533447266,
    0.09744464606046677,
    -0.02648911066353321,
    0.02385813556611538,
    0.009365926496684551,
    -0.009573263116180897,
    -0.035938821732997894,
    0.3744761347770691,
    0.02892032265663147,
    -0.11569597572088242,
    0.4022330343723297,
    -0.04217573627829552,
    0.03131520748138428,
    0.3628358542919159,
    -0.1426241248846054,
    0.22732971608638763,
    0.04091890528798103,
    0.23589259386062622,
    0.04045731946825981,
    0.23480035364627838,
    -0.10639620572328568,
    0.36715173721313477,
    0.1221071407198906,
    0.279155969619751,
    -0.014151512645184994,
    0.16756658256053925
  ],
  "opt_ratios": [
    0.0004882809007540345,
    0.0008743673097342253,
    0.0009683296084403992,
    0.0010405352804809809,
    0.001113109290599823,
    0.0012143757194280624,
    0.001328927231952548,
    0.0014277823502197862,
    0.0015656922478228807,
    0.0016757776029407978,
    0.0018526356434449553,
    0.002839308464899659,
    0.004124213941395283,
    0.005754394456744194,
    0.007749450393021107,
    0.010114122182130814,
    0.01282747182995081,
    0.015852393582463264,
    0.019131824374198914,
    0.02259022369980812,
    0.026141038164496422,
    0.029699232429265976,
    0.03319266438484192,
    0.036571890115737915,
    0.03980891406536102,
    0.04289242625236511,
    0.04582168906927109,
    0.04860154539346695,
    0.0512387678027153,
    0.053741052746772766,
    0.056115977466106415,
    0.058370448648929596,
    0.060511406511068344,
    0.06254503130912781,
    0.0644773617386818,
    0.06631432473659515,
    0.06806061416864395,
    0.06972130388021469,
    0.07130080461502075,
    0.07280293107032776,
    0.07423046976327896,
    0.07558644562959671,
    0.07687278836965561,
    0.07809088379144669,
    0.07924187928438187,
    0.08032619953155518,
    0.08134403824806213,
    0.08229567110538483,
    0.08318064361810684,
    0.08399926871061325,
    0.08475194871425629
  ],