{
  "size": 12,
  "opt_val": -15.0,
  "method": "cQITE",
  "operations": [
    "Y0",
    "Y1",
    "Y2",
    "Y3",
    "Y4",
    "Y5",
    "Y6",
    "Y7",
    "Y8",
    "Y9",
    "Y10",
    "Y11",
    "Z0_Y9",
    "Z1_Y8",
    "Z2_Y7",
    "Z3_Y6",
    "Z4_Y5",
    "Z10_Y11",
    "Y0_Z9",
    "Y1_Z8",
    "Y2_Z7",
    "Y3_Z6",
    "Y4_Z5",
    "Y10_Z11",
    "Z10_Y8",
    "Z0_Y7",
    "Z1_Y6",
    "Z2_Y5",
    "Z3_Y4",
    "Z9_Y11",
    "Y10_Z8",
    "Y0_Z7",
    "Y1_Z6",
    "Y2_Z5",
    "Y3_Z4",
    "Y9_Z11",
    "Z9_Y7",
    "Z10_Y6",
    "Z0_Y5",
    "Z1_Y4",
    "Z2_Y3",
    "Z8_Y11",
    "Y9_Z7",
    "Y10_Z6",
    "Y0_Z5",
    "Y1_Z4",
    "Y2_Z3",
    "Y8_Z11",
    "Z8_Y6",
    "Z9_Y5",
    "Z10_Y4",
    "Z0_Y3",
    "Z1_Y2",
    "Z7_Y11",
    "Y8_Z6",
    "Y9_Z5",
    "Y10_Z4",
    "Y0_Z3",
    "Y1_Z2",
    "Y7_Z11",
    "Z7_Y5",
    "Z8_Y4",
    "Z9_Y3",
    "Z10_Y2",
    "Z0_Y1",
    "Z6_Y11",
    "Y7_Z5",
    "Y8_Z4",
    "Y9_Z3",
    "Y10_Z2",
    "Y0_Z1",
    "Y6_Z11",
    "Z6_Y4",
    "Z7_Y3",
    "Z8_Y2",
    "Z9_Y1",
    "Z10_Y0",
    "Z5_Y11",
    "Y6_Z4",
    "Y7_Z3",
    "Y8_Z2",
    "Y9_Z1",
    "Y10_Z0",
    "Y5_Z11",
    "Z5_Y3",
    "Z6_Y2",
    "Z7_Y1",
    "Z8_Y0",
    "Z9_Y10",
    "Z4_Y11",
    "Y5_Z3",
    "Y6_Z2",
    "Y7_Z1",
    "Y8_Z0",
    "Y9_Z10",
    "Y4_Z11",
    "Z4_Y2",
    "Z5_Y1",
    "Z6_Y0",
    "Z7_Y10",
    "Z8_Y9",
    "Z3_Y11",
    "Y4_Z2",
    "Y5_Z1",
    "Y6_Z0",
    "Y7_Z10",
    "Y8_Z9",
    "Y3_Z11",
    "Z3_Y1",
    "Z4_Y0",
    "Z5_Y10",
    "Z6_Y9",
    "Z7_Y8",
    "Z2_Y11",
    "Y3_Z1",
    "Y4_Z0",
    "Y5_Z10",
    "Y6_Z9",
    "Y7_Z8",
    "Y2_Z11",
    "Z2_Y0",
    "Z3_Y10",
    "Z4_Y9",
    "Z5_Y8",
    "Z6_Y7",
    "Z1_Y11",
    "Y2_Z0",
    "Y3_Z10",
    "Y4_Z9",
    "Y5_Z8",
    "Y6_Z7",
    "Y1_Z11",
    "Z1_Y10",
    "Z2_Y9",
    "Z3_Y8",
    "Z4_Y7",
    "Z5_Y6",
    "Z0_Y11",
    "Y1_Z10",
    "Y2_Z9",
    "Y3_Z8",
    "Y4_Z7",
    "Y5_Z6",
    "Y0_Z11"
  ],
  "dt": 0.05,
  "lr": 0.05,
  "lam": 1.0,
  "mu": 0.9,
  "fix_step": 0,
  "constant_c": true,
  "parameters": [
    -7.293800081242807e-06,
    1.1086542144767009e-05,
    -1.2068814612575807e-05,
    -1.8881311916629784e-05,
    2.4649738406878896e-05,
    4.3537973397178575e-05,
    -0.00010348363866796717,
    -3.9997925341594964e-05,
    -1.5440722563653253e-05,
    7.209848718048306e-06,
    4.7821820771787316e-05,
    1.655174492043443e-05,
    -0.17695733904838562,
    -0.01263631135225296,
    0.03770267963409424,
    -0.11560411006212234,
    0.09956082701683044,
    -0.06536533683538437,
    0.44082561135292053,
    -0.11554722487926483,
    -0.2386079877614975,
    -0.12818962335586548,
    -0.23071758449077606,
    0.04227751865983009,
    0.11052487045526505,
    -0.02086765132844448,
    0.08247864246368408,
    0.19318169355392456,
    0.08038349449634552,
    0.10950993001461029,
    -0.021990234032273293,
    -0.05181986093521118,
    -0.08694323897361755,
    -0.34378451108932495,
    -0.10677514225244522,
    0.07468504458665848,
    0.5400944352149963,
    -0.42487719655036926,
    0.038693785667419434,
    0.057619478553533554,
    0.051138851791620255,
    -0.2982097566127777,
    0.4753910303115845,
    1.1564828157424927,
    0.1530921459197998,
    0.42297282814979553,
    0.5296719074249268,
    0.6112374067306519,
    -0.15062543749809265,
    -0.13962696492671967,
    0.028167016804218292,
    -0.1999250054359436,
    -0.15828411281108856,
    1.15143620967865,
    -0.20001983642578125,
    -0.11896640807390213,
    -0.03959148749709129,
    -0.08592584729194641,
    0.05352592468261719,
    -0.34830334782600403,
    0.32033538818359375,
    0.38628023862838745,
    -0.018254300579428673,
    0.046856049448251724,
    0.2756167948246002,
    0.006222224794328213,
    0.3220035135746002,
    0.48301276564598083,
    0.09617410600185394,
    -0.016294624656438828,
    0.6367467045783997,
    0.032601214945316315,
    0.4630869925022125,
    -0.035689905285835266,
    0.603942334651947,
    0.10625327378511429,
    0.20998923480510712,
    -0.1240338683128357,
    0.17850033938884735,
    -0.05808083340525627,
    -0.09112659841775894,
    -0.41741788387298584,
    0.2560647130012512,
    0.005210584495216608,
    0.4213649332523346,
    0.06161831319332123,
    0.17675486207008362,
    -0.00670997379347682,
    0.29830774664878845,
    -0.2143131047487259,
    0.4056878089904785,
    -0.06664929538965225,
    0.07108895480632782,
    0.03539015352725983,
    0.016322782263159752,
    -0.07879461348056793,
    -0.06287571042776108,
    -0.09904127568006516,
    -0.19833481311798096,
    -0.11473651230335236,
    0.03152141347527504,
    -0.03976338729262352,
    0.07026585191488266,
    -0.19683459401130676,
    -0.07389257848262787,
    -0.045773591846227646,
    -0.001712232013233006,
    0.002739315154030919,
    0.3905511796474457,
    -0.057629019021987915,
    -0.1459844708442688,
    -0.2021419256925583,
    -0.2807616591453552,
    0.20946425199508667,
    0.4047485888004303,
    -0.14738903939723969,
    0.03929809108376503,
    -0.00820841547101736,
    -0.02864503301680088,
    0.1457567811012268,
    0.008805794641375542,
    0.010411929339170456,
    0.009505241177976131,
    0.08522854000329971,
    -0.06486369669437408,
    0.038255561143159866,
    0.0743497833609581,
    -0.039163656532764435,
    -0.0551447793841362,
    0.12708009779453278,
    0.03910670429468155,
    0.04337512329220772,
    -0.21998468041419983,
    0.05152827873826027,
    -0.26009124517440796,
    0.04306771606206894,
    0.5407701134681702,
    -0.04312288388609886,
    0.005312946625053883,
    0.04113340005278587,
    -0.14542119204998016,
    0.009539443999528885,
    0.24636496603488922,
    -0.006445546168833971
  ],
  "opt_ratios": [
    0.0004882809007540345,
    0.0008279079338535666,
    0.0008754723239690065,
    0.0009477232815697789,
    0.0010366244241595268,
    0.0011153374798595905,
    0.0012188490945845842,
    0.0013569463044404984,
    0.00148676591925323,
    0.00160401058383286,
    0.0017522569978609681,
    0.002525470918044448,
    0.0034823536407202482,
    0.004646463319659233,
    0.006026197224855423,
    0.007622788194566965,
    0.009430652484297752,
    0.011437755078077316,
    0.013625940307974815,
    0.015973571687936783,
    0.018454868346452713,
    0.02104267291724682,
    0.023708287626504898,
    0.026424547657370567,
    0.02916628308594227,
    0.031911447644233704,
    0.03464128077030182,
    0.03734097629785538,
    0.039999134838581085,
    0.042607273906469345,
    0.045159678906202316,
    0.047652918845415115,
    0.050084978342056274,
    0.05245508998632431,
    0.05476360395550728,
    0.057011187076568604,
    0.059198856353759766,
    0.06132785230875015,
    0.06339937448501587,
    0.06541451811790466,
    0.0673740953207016,
    0.0692787766456604,
    0.07112891227006912,
    0.07292453199625015,
    0.07466538995504379,
    0.07635092735290527,
    0.07798038423061371,
    0.079552561044693,
    0.08106636255979538,
    0.08252040296792984,
    0.08391226828098297
  ],