{
  "size": 12,
  "opt_val": -16.0,
  "method": "cQITE",
  "operations": [
    "Y0",
    "Y1",
    "Y2",
    "Y3",
    "Y4",
    "Y5",
    "Y6",
    "Y7",
    "Y8",
    "Y9",
    "Y10",
    "Y11",
    "Z0_Y9",
    "Z1_Y8",
    "Z2_Y7",
    "Z3_Y6",
    "Z4_Y5",
    "Z10_Y11",
    "Y0_Z9",
    "Y1_Z8",
    "Y2_Z7",
    "Y3_Z6",
    "Y4_Z5",
    "Y10_Z11",
    "Z10_Y8",
    "Z0_Y7",
    "Z1_Y6",
    "Z2_Y5",
    "Z3_Y4",
    "Z9_Y11",
    "Y10_Z8",
    "Y0_Z7",
    "Y1_Z6",
    "Y2_Z5",
    "Y3_Z4",
    "Y9_Z11",
    "Z9_Y7",
    "Z10_Y6",
    "Z0_Y5",
    "Z1_Y4",
    "Z2_Y3",
    "Z8_Y11",
    "Y9_Z7",
    "Y10_Z6",
    "Y0_Z5",
    "Y1_Z4",
    "Y2_Z3",
    "Y8_Z11",
    "Z8_Y6",
    "Z9_Y5",
    "Z10_Y4",
    "Z0_Y3",
    "Z1_Y2",
    "Z7_Y11",
    "Y8_Z6",
    "Y9_Z5",
    "Y10_Z4",
    "Y0_Z3",
    "Y1_Z2",
    "Y7_Z11",
    "Z7_Y5",
    "Z8_Y4",
    "Z9_Y3",
    "Z10_Y2",
    "Z0_Y1",
    "Z6_Y11",
    "Y7_Z5",
    "Y8_Z4",
    "Y9_Z3",
    "Y10_Z2",
    "Y0_Z1",
    "Y6_Z11",
    "Z6_Y4",
    "Z7_Y3",
    "Z8_Y2",
    "Z9_Y1",
    "Z10_Y0",
    "Z5_Y11",
    "Y6_Z4",
    "Y7_Z3",
    "Y8_Z2",
    "Y9_Z1",
    "Y10_Z0",
    "Y5_Z11",
    "Z5_Y3",
    "Z6_Y2",
    "Z7_Y1",
    "Z8_Y0",
    "Z9_Y10",
    "Z4_Y11",
    "Y5_Z3",
    "Y6_Z2",
    "Y7_Z1",
    "Y8_Z0",
    "Y9_Z10",
    "Y4_Z11",
    "Z4_Y2",
    "Z5_Y1",
    "Z6_Y0",
    "Z7_Y10",
    "Z8_Y9",
    "Z3_Y11",
    "Y4_Z2",
    "Y5_Z1",
    "Y6_Z0",
    "Y7_Z10",
    "Y8_Z9",
    "Y3_Z11",
    "Z3_Y1",
    "Z4_Y0",
    "Z5_Y10",
    "Z6_Y9",
    "Z7_Y8",
    "Z2_Y11",
    "Y3_Z1",
    "Y4_Z0",
    "Y5_Z10",
    "Y6_Z9",
    "Y7_Z8",
    "Y2_Z11",
    "Z2_Y0",
    "Z3_Y10",
    "Z4_Y9",
    "Z5_Y8",
    "Z6_Y7",
    "Z1_Y11",
    "Y2_Z0",
    "Y3_Z10",
    "Y4_Z9",
    "Y5_Z8",
    "Y6_Z7",
    "Y1_Z11",
    "Z1_Y10",
    "Z2_Y9",
    "Z3_Y8",
    "Z4_Y7",
    "Z5_Y6",
    "Z0_Y11",
    "Y1_Z10",
    "Y2_Z9",
    "Y3_Z8",
    "Y4_Z7",
    "Y5_Z6",
    "Y0_Z11"
  ],
  "dt": 0.05,
  "lr": 0.05,
  "lam": 1.0,
  "mu": 0.9,
  "fix_step": 0,
  "constant_c": true,
  "parameters": [
    -5.450200205814326e-06,
    -1.0301370821252931e-05,
    -4.369328507891623e-06,
    6.585312348761363e-06,
    -2.3994402909011114e-06,
    -1.6817227788124e-06,
    6.294711170085066e-07,
    2.6765508209791733e-06,
    8.31158573078028e-08,
    9.101545401790645e-06,
    -2.5994352199631976e-06,
    -2.786580353131285e-06,
    -0.132531076669693,
    0.010661665350198746,
    -0.026644395664334297,
    -0.47167715430259705,
    0.6451297998428345,
    0.09216273576021194,
    0.27847400307655334,
    0.026472782716155052,
    -0.07027643173933029,
    -0.054068226367235184,
    -0.1745201051235199,
    -0.08564496040344238,
    0.012272053398191929,
    0.09876580536365509,
    -0.23791417479515076,
    0.12426169961690903,
    -0.08242471516132355,
    0.8307344317436218,
    -0.03159903362393379,
    -0.08220144361257553,
    -0.1757587343454361,
    -0.027093812823295593,
    -0.20958442986011505,
    0.5416948795318604,
    0.9660758972167969,
    0.06869740039110184,
    0.3283420205116272,
    -0.0493740476667881,
    -0.8574540615081787,
    -0.0023155533708631992,
    -0.0554981529712677,
    0.15861663222312927,
    0.2073460817337036,
    -0.31709474325180054,
    1.4771310091018677,
    0.7307103276252747,
    0.257982075214386,
    0.33860599994659424,
    -0.5131812691688538,
    0.06578376144170761,
    0.18324579298496246,
    -0.05884988233447075,
    0.11882707476615906,
    -0.048254817724227905,
    1.0274602174758911,
    -0.04519898071885109,
    -0.12371507287025452,
    -0.12389703840017319,
    -0.14697949588298798,
    -0.09971059113740921,
    -0.34435078501701355,
    0.019141286611557007,
    -0.44833171367645264,
    0.009302829392254353,
    0.08303619921207428,
    0.057156503200531006,
    0.03953604772686958,
    0.0597594752907753,
    0.8852869272232056,
    -0.2691417336463928,
    -0.23965458571910858,
    0.38193660974502563,
    0.04289872199296951,
    -0.7255592346191406,
    -0.15987053513526917,
    -0.011474376544356346,
    0.09449904412031174,
    0.01832512579858303,
    0.1443462371826172,
    0.056021545082330704,
    0.21054579317569733,
    -0.26056763529777527,
    0.24011589586734772,
    0.3790258765220642,
    0.1652294248342514,
    0.11537595093250275,
    0.7304925918579102,
    0.0998128354549408,
    0.23860445618629456,
    -0.07416360080242157,
    0.2076130211353302,
    -0.18501262366771698,
    -0.06884075701236725,
    0.758621335029602,
    0.016486573964357376,
    -0.3306102156639099,
    0.37110021710395813,
    -0.010713258758187294,
    -0.020869756117463112,
    0.04538555443286896,
    -0.14156007766723633,
    -0.07361411303281784,
    0.32710182666778564,
    -0.02285435050725937,
    -0.12585867941379547,
    0.29285743832588196,
    -0.10737670212984085,
    -0.07245836406946182,
    0.25901225209236145,
    0.03116138093173504,
    0.010170700028538704,
    -0.006543265655636787,
    -0.0570404976606369,
    -0.18239198625087738,
    0.05649968981742859,
    -0.16191056370735168,
    -0.003156214253976941,
    -0.11940451711416245,
    -0.06979061663150787,
    0.08514850586652756,
    -0.06870327889919281,
    0.038538847118616104,
    -0.02365957386791706,
    0.017687352374196053,
    -0.04624064639210701,
    -0.04013211280107498,
    -0.630376398563385,
    -0.01729610189795494,
    0.07516977190971375,
    -0.00034425006015226245,
    0.2755585014820099,
    -0.023530608043074608,
    -0.22506366670131683,
    0.048570018261671066,
    0.037793051451444626,
    0.06575728207826614,
    0.1622980386018753,
    0.2102261185646057,
    0.042802512645721436,
    0.09460978209972382,
    -0.16129811108112335,
    0.10443045198917389
  ],
  "opt_ratios": [
    0.000976561801508069,
    0.0017607713816687465,
    0.001954600214958191,
    0.0021352285984903574,
    0.0023432804737240076,
    0.0025936709716916084,
    0.002796604298055172,
    0.0030259510967880487,
    0.0032811451237648726,
    0.003528575412929058,
    0.005258253775537014,
    0.007589619606733322,
    0.010700399056077003,
    0.01469727884978056,
    0.019589215517044067,
    0.02528785914182663,
    0.03167309612035751,
    0.038642048835754395,
    0.046114854514598846,
    0.054028138518333435,
    0.062319375574588776,
    0.07091537117958069,
    0.0797329843044281,
    0.08867654204368591,
    0.09764513373374939,
    0.1065487265586853,
    0.1153213307261467,
    0.12392347306013107,
    0.13233554363250732,
    0.14054447412490845,
    0.14853456616401672,
    0.15629057586193085,
    0.16380012035369873,
    0.1710580587387085,
    0.17806664109230042,
    0.18483486771583557,
    0.1913752555847168,
    0.19770462810993195,
    0.20384281873703003,
    0.2098107933998108,
    0.21562689542770386,
    0.221308171749115,
    0.22685620188713074,
    0.2322566658258438,
    0.23747138679027557,
    0.24243852496147156,
    0.24707844853401184,
    0.2513003945350647,
    0.25500723719596863,
    0.25809746980667114,
    0.2604607939720154
  ],