{
  "size": 12,
  "opt_val": -15.0,
  "method": "cQITE",
  "operations": [
    "Y0",
    "Y1",
    "Y2",
    "Y3",
    "Y4",
    "Y5",
    "Y6",
    "Y7",
    "Y8",
    "Y9",
    "Y10",
    "Y11",
    "Z0_Y9",
    "Z1_Y8",
    "Z2_Y7",
    "Z3_Y6",
    "Z4_Y5",
    "Z10_Y11",
    "Y0_Z9",
    "Y1_Z8",
    "Y2_Z7",
    "Y3_Z6",
    "Y4_Z5",
    "Y10_Z11",
    "Z10_Y8",
    "Z0_Y7",
    "Z1_Y6",
    "Z2_Y5",
    "Z3_Y4",
    "Z9_Y11",
    "Y10_Z8",
    "Y0_Z7",
    "Y1_Z6",
    "Y2_Z5",
    "Y3_Z4",
    "Y9_Z11",
    "Z9_Y7",
    "Z10_Y6",
    "Z0_Y5",
    "Z1_Y4",
    "Z2_Y3",
    "Z8_Y11",
    "Y9_Z7",
    "Y10_Z6",
    "Y0_Z5",
    "Y1_Z4",
    "Y2_Z3",
    "Y8_Z11",
    "Z8_Y6",
    "Z9_Y5",
    "Z10_Y4",
    "Z0_Y3",
    "Z1_Y2",
    "Z7_Y11",
    "Y8_Z6",
    "Y9_Z5",
    "Y10_Z4",
    "Y0_Z3",
    "Y1_Z2",
    "Y7_Z11",
    "Z7_Y5",
    "Z8_Y4",
    "Z9_Y3",
    "Z10_Y2",
    "Z0_Y1",
    "Z6_Y11",
    "Y7_Z5",
    "Y8_Z4",
    "Y9_Z3",
    "Y10_Z2",
    "Y0_Z1",
    "Y6_Z11",
    "Z6_Y4",
    "Z7_Y3",
    "Z8_Y2",
    "Z9_Y1",
    "Z10_Y0",
    "Z5_Y11",
    "Y6_Z4",
    "Y7_Z3",
    "Y8_Z2",
    "Y9_Z1",
    "Y10_Z0",
    "Y5_Z11",
    "Z5_Y3",
    "Z6_Y2",
    "Z7_Y1",
    "Z8_Y0",
    "Z9_Y10",
    "Z4_Y11",
    "Y5_Z3",
    "Y6_Z2",
    "Y7_Z1",
    "Y8_Z0",
    "Y9_Z10",
    "Y4_Z11",
    "Z4_Y2",
    "Z5_Y1",
    "Z6_Y0",
    "Z7_Y10",
    "Z8_Y9",
    "Z3_Y11",
    "Y4_Z2",
    "Y5_Z1",
    "Y6_Z0",
    "Y7_Z10",
    "Y8_Z9",
    "Y3_Z11",
    "Z3_Y1",
    "Z4_Y0",
    "Z5_Y10",
    "Z6_Y9",
    "Z7_Y8",
    "Z2_Y11",
    "Y3_Z1",
    "Y4_Z0",
    "Y5_Z10",
    "Y6_Z9",
    "Y7_Z8",
    "Y2_Z11",
    "Z2_Y0",
    "Z3_Y10",
    "Z4_Y9",
    "Z5_Y8",
    "Z6_Y7",
    "Z1_Y11",
    "Y2_Z0",
    "Y3_Z10",
    "Y4_Z9",
    "Y5_Z8",
    "Y6_Z7",
    "Y1_Z11",
    "Z1_Y10",
    "Z2_Y9",
    "Z3_Y8",
    "Z4_Y7",
    "Z5_Y6",
    "Z0_Y11",
    "Y1_Z10",
    "Y2_Z9",
    "Y3_Z8",
    "Y4_Z7",
    "Y5_Z6",
    "Y0_Z11"
  ],
  "dt": 0.05,
  "lr": 0.05,
  "lam": 1.0,
  "mu": 0.9,
  "fix_step": 0,
  "constant_c": true,
  "parameters": [
    -8.552481631340925e-06,
    -8.497671842633281e-06,
    5.082206826045876e-06,
    -6.361469331750413e-06,
    3.211232524336083e-06,
    -4.558584805636201e-06,
    -1.592124363014591e-06,
    -1.7655880583333783e-05,
    1.309373715230322e-06,
    6.874231075926218e-06,
    3.2977286537061445e-06,
    3.863754045596579e-06,
    0.23177900910377502,
    0.1651230901479721,
    0.05466942861676216,
    -0.126413494348526,
    -0.2488090693950653,
    0.8360034227371216,
    -0.3734394907951355,
    -0.27685004472732544,
    0.06657395511865616,
    0.05432802066206932,
    1.0024503469467163,
    -0.14487725496292114,
    -0.06713303178548813,
    0.15619893372058868,
    -0.028248630464076996,
    -0.05248823016881943,
    0.0657348707318306,
    -0.22860170900821686,
    0.12579427659511566,
    -0.22650223970413208,
    -0.010927128605544567,
    0.13770155608654022,
    -0.006927359849214554,
    0.11762840300798416,
    0.5142781138420105,
    -0.029444528743624687,
    -0.013751525431871414,
    0.10528923571109772,
    -0.2935854494571686,
    -0.1464368849992752,
    0.4459472596645355,
    0.05655734986066818,
    -0.08390109241008759,
    0.09431997686624527,
    0.9183502793312073,
    0.1195208951830864,
    0.1607406735420227,
    0.18575604259967804,
    -0.12034439295530319,
    -0.32561203837394714,
    1.1889715194702148,
    0.2999974191188812,
    0.2568167746067047,
    0.20804746448993683,
    0.0699896365404129,
    -0.0258867796510458,
    -0.5737022757530212,
    0.03316424414515495,
    -0.07797391712665558,
    -0.07558365166187286,
    -0.08910983800888062,
    -0.3322570323944092,
    -0.18773296475410461,
    0.02114306576550007,
    -0.3298882842063904,
    0.050267428159713745,
    0.4072231650352478,
    0.16439726948738098,
    -0.40205463767051697,
    -0.09548705071210861,
    -0.019388526678085327,
    -0.4015137553215027,
    0.26777368783950806,
    -0.07357761263847351,
    0.1738004982471466,
    -0.45856213569641113,
    0.057099420577287674,
    0.02181302011013031,
    -0.3902919292449951,
    -0.03085002675652504,
    0.16028912365436554,
    -0.035350438207387924,
    -0.1288817971944809,
    0.028409112244844437,
    -0.021390104666352272,
    0.23100632429122925,
    -0.015195743180811405,
    -0.047066714614629745,
    0.09842260926961899,
    -0.009649436920881271,
    0.06790807098150253,
    0.1255655437707901,
    0.08383896946907043,
    0.31360453367233276,
    -0.004245055839419365,
    0.387464702129364,
    -0.20214486122131348,
    0.06084296852350235,
    0.1516387164592743,
    -0.24804003536701202,
    0.08368038386106491,
    0.030395302921533585,
    0.41035768389701843,
    -0.19595050811767578,
    -0.4819188117980957,
    0.19846199452877045,
    -0.49796998500823975,
    -0.01536918431520462,
    0.2537492513656616,
    -0.026396170258522034,
    0.14639192819595337,
    0.002098244382068515,
    -0.5062103271484375,
    0.006340131629258394,
    -0.0321098230779171,
    0.9131615161895752,
    -0.03766654059290886,
    -0.13304665684700012,
    0.30513542890548706,
    0.38611578941345215,
    0.024580374360084534,
    0.39802607893943787,
    -0.10025401413440704,
    -0.2473299652338028,
    0.3782905340194702,
    0.572942316532135,
    -0.20318511128425598,
    0.3517535328865051,
    -0.16227348148822784,
    0.030661413446068764,
    0.5546450614929199,
    0.030936485156416893,
    -0.018176477402448654,
    0.12346908450126648,
    -0.14565397799015045,
    -0.10824964195489883,
    0.4768771529197693,
    0.04866074025630951,
    -0.14666646718978882,
    0.19259479641914368,
    -0.1284598857164383,
    0.04871782660484314
  ],
  "opt_ratios": [
    0.000976561801508069,
    0.0017195655964314938,
    0.0018666678806766868,
    0.002027651760727167,
    0.0022089737467467785,
    0.0023868195712566376,
    0.002619298407807946,
    0.0028332900255918503,
    0.003054119646549225,
    0.0033297776244580746,
    0.004837984684854746,
    0.006727719213813543,
    0.00908258929848671,
    0.011980324983596802,
    0.01547948271036148,
    0.019624240696430206,
    0.02443307265639305,
    0.0298931822180748,
    0.03596239164471626,
    0.04256848245859146,
    0.049619004130363464,
    0.057007670402526855,
    0.06462487578392029,
    0.07236580550670624,
    0.08013582974672318,
    0.08785557746887207,
    0.0954606682062149,
    0.10290113836526871,
    0.11013896018266678,
    0.11714722216129303,
    0.12390612065792084,
    0.130404531955719,
    0.13663555681705475,
    0.14259730279445648,
    0.14829185605049133,
    0.1537252813577652,
    0.15890520811080933,
    0.16384468972682953,
    0.16855718195438385,
    0.17305870354175568,
    0.17736609280109406,
    0.1814969778060913,
    0.1854691207408905,
    0.1892997920513153,
    0.19300413131713867,
    0.19659757614135742,
    0.2000933438539505,
    0.20350311696529388,
    0.20683759450912476,
    0.21010535955429077,
    0.21331393718719482
  ],