{
  "size": 12,
  "opt_val": -16.0,
  "method": "cQITE",
  "operations": [
    "Y0",
    "Y1",
    "Y2",
    "Y3",
    "Y4",
    "Y5",
    "Y6",
    "Y7",
    "Y8",
    "Y9",
    "Y10",
    "Y11",
    "Z0_Y9",
    "Z1_Y8",
    "Z2_Y7",
    "Z3_Y6",
    "Z4_Y5",
    "Z10_Y11",
    "Y0_Z9",
    "Y1_Z8",
    "Y2_Z7",
    "Y3_Z6",
    "Y4_Z5",
    "Y10_Z11",
    "Z10_Y8",
    "Z0_Y7",
    "Z1_Y6",
    "Z2_Y5",
    "Z3_Y4",
    "Z9_Y11",
    "Y10_Z8",
    "Y0_Z7",
    "Y1_Z6",
    "Y2_Z5",
    "Y3_Z4",
    "Y9_Z11",
    "Z9_Y7",
    "Z10_Y6",
    "Z0_Y5",
    "Z1_Y4",
    "Z2_Y3",
    "Z8_Y11",
    "Y9_Z7",
    "Y10_Z6",
    "Y0_Z5",
    "Y1_Z4",
    "Y2_Z3",
    "Y8_Z11",
    "Z8_Y6",
    "Z9_Y5",
    "Z10_Y4",
    "Z0_Y3",
    "Z1_Y2",
    "Z7_Y11",
    "Y8_Z6",
    "Y9_Z5",
    "Y10_Z4",
    "Y0_Z3",
    "Y1_Z2",
    "Y7_Z11",
    "Z7_Y5",
    "Z8_Y4",
    "Z9_Y3",
    "Z10_Y2",
    "Z0_Y1",
    "Z6_Y11",
    "Y7_Z5",
    "Y8_Z4",
    "Y9_Z3",
    "Y10_Z2",
    "Y0_Z1",
    "Y6_Z11",
    "Z6_Y4",
    "Z7_Y3",
    "Z8_Y2",
    "Z9_Y1",
    "Z10_Y0",
    "Z5_Y11",
    "Y6_Z4",
    "Y7_Z3",
    "Y8_Z2",
    "Y9_Z1",
    "Y10_Z0",
    "Y5_Z11",
    "Z5_Y3",
    "Z6_Y2",
    "Z7_Y1",
    "Z8_Y0",
    "Z9_Y10",
    "Z4_Y11",
    "Y5_Z3",
    "Y6_Z2",
    "Y7_Z1",
    "Y8_Z0",
    "Y9_Z10",
    "Y4_Z11",
    "Z4_Y2",
    "Z5_Y1",
    "Z6_Y0",
    "Z7_Y10",
    "Z8_Y9",
    "Z3_Y11",
    "Y4_Z2",
    "Y5_Z1",
    "Y6_Z0",
    "Y7_Z10",
    "Y8_Z9",
    "Y3_Z11",
    "Z3_Y1",
    "Z4_Y0",
    "Z5_Y10",
    "Z6_Y9",
    "Z7_Y8",
    "Z2_Y11",
    "Y3_Z1",
    "Y4_Z0",
    "Y5_Z10",
    "Y6_Z9",
    "Y7_Z8",
    "Y2_Z11",
    "Z2_Y0",
    "Z3_Y10",
    "Z4_Y9",
    "Z5_Y8",
    "Z6_Y7",
    "Z1_Y11",
    "Y2_Z0",
    "Y3_Z10",
    "Y4_Z9",
    "Y5_Z8",
    "Y6_Z7",
    "Y1_Z11",
    "Z1_Y10",
    "Z2_Y9",
    "Z3_Y8",
    "Z4_Y7",
    "Z5_Y6",
    "Z0_Y11",
    "Y1_Z10",
    "Y2_Z9",
    "Y3_Z8",
    "Y4_Z7",
    "Y5_Z6",
    "Y0_Z11"
  ],
  "dt": 0.05,
  "lr": 0.05,
  "lam": 1.0,
  "mu": 0.9,
  "fix_step": 0,
  "constant_c": true,
  "parameters": [
    -7.934411769383587e-06,
    1.647914928071259e-06,
    -1.0228538940282306e-06,
    6.992827366048004e-07,
    2.4139083052432397e-06,
    3.329294713694253e-06,
    2.0387744825711707e-06,
    -7.474818175978726e-06,
    2.785927335935412e-06,
    -4.185254056210397e-06,
    1.8755951032289886e-06,
    1.8513819100007822e-07,
    0.41539594531059265,
    0.10619909316301346,
    0.14622148871421814,
    0.20822227001190186,
    -0.14260226488113403,
    0.00929421279579401,
    0.0974138081073761,
    -0.06973116844892502,
    -0.21823808550834656,
    -0.45958828926086426,
    0.1193101555109024,
    0.09184160828590393,
    -0.9619176387786865,
    0.5272158980369568,
    0.16092057526111603,
    -0.33349284529685974,
    0.19566746056079865,
    0.04585350304841995,
    0.06546256691217422,
    0.5324621796607971,
    -0.08603186160326004,
    -0.1835756152868271,
    -0.18738219141960144,
    -0.053178202360868454,
    -0.3311804533004761,
    -0.08542723953723907,
    -0.08596137911081314,
    -0.020150430500507355,
    1.136857271194458,
    0.1938120424747467,
    -0.5578786134719849,
    0.013832288794219494,
    0.029845217242836952,
    -0.09421637654304504,
    -0.4451027512550354,
    0.016839686781167984,
    -0.295785129070282,
    0.14623737335205078,
    1.267148494720459,
    -0.13223133981227875,
    0.046529266983270645,
    -0.01766159199178219,
    0.07602130621671677,
    -0.02884138748049736,
    -0.8400790095329285,
    -0.012707112357020378,
    -0.08325778692960739,
    0.11230591684579849,
    -0.4790828824043274,
    0.3957199454307556,
    0.16287869215011597,
    0.11963554471731186,
    -0.32550033926963806,
    -0.054146908223629,
    0.24078023433685303,
    -0.4468652606010437,
    -0.03246081620454788,
    -0.06152256205677986,
    0.08257180452346802,
    0.6391971111297607,
    -0.02666577138006687,
    -0.10769997537136078,
    0.6263352036476135,
    0.49571719765663147,
    -0.4843931794166565,
    0.1690913885831833,
    -0.0731295719742775,
    0.14991985261440277,
    -0.1607799530029297,
    -0.05813981965184212,
    -0.22138984501361847,
    0.15160727500915527,
    0.5328876376152039,
    0.4091130495071411,
    0.862736165523529,
    0.08832500129938126,
    0.5721696615219116,
    0.015035265125334263,
    -0.26443251967430115,
    0.1390455812215805,
    -0.2902373671531677,
    -0.24423283338546753,
    0.3199087977409363,
    0.012382635846734047,
    0.10506446659564972,
    -0.20841160416603088,
    0.059166982769966125,
    0.5202396512031555,
    0.033410366624593735,
    0.21051284670829773,
    0.16715694963932037,
    0.6756004095077515,
    0.39633119106292725,
    0.23014791309833527,
    0.5283742547035217,
    -0.02812175825238228,
    -0.07055766135454178,
    -0.14892666041851044,
    0.029405273497104645,
    0.04329176992177963,
    0.1895207166671753,
    -0.5382689237594604,
    -0.00545473350211978,
    0.2966821491718292,
    -0.05923698842525482,
    -0.06581424176692963,
    0.013832281343638897,
    0.10639796406030655,
    -0.06281809508800507,
    -0.054111629724502563,
    0.1768811047077179,
    -0.04109449312090874,
    0.0146039929240942,
    -0.22827208042144775,
    -0.02048305794596672,
    -0.05784311890602112,
    -0.2053920030593872,
    0.027501164004206657,
    -0.10223214328289032,
    0.008538040332496166,
    -0.07169554382562637,
    -0.009439793415367603,
    -0.08166216313838959,
    0.1489732414484024,
    0.04136630892753601,
    -0.29951760172843933,
    -0.07974834740161896,
    -0.18755215406417847,
    -0.22192423045635223,
    -0.23342397809028625,
    0.050395749509334564,
    -0.15427695214748383
  ],
  "opt_ratios": [
    0.0014648427022621036,
    0.0027543758042156696,
    0.0030795386992394924,
    0.003456537611782551,
    0.0037446231581270695,
    0.00415392592549324,
    0.004494130611419678,
    0.004982352256774902,
    0.005488744005560875,
    0.005933912470936775,
    0.009271398186683655,
    0.013555353507399559,
    0.018739953637123108,
    0.024837035685777664,
    0.03189580887556076,
    0.03998177498579025,
    0.04913444072008133,
    0.05925111472606659,
    0.0700988844037056,
    0.08136850595474243,
    0.09278173744678497,
    0.10411509871482849,
    0.11521962285041809,
    0.12599429488182068,
    0.13638010621070862,
    0.1463443636894226,
    0.15587472915649414,
    0.1649695783853531,
    0.17362968623638153,
    0.18186122179031372,
    0.18966931104660034,
    0.19706028699874878,
    0.20403864979743958,
    0.21061186492443085,
    0.2167845219373703,
    0.22256067395210266,
    0.22794325649738312,
    0.2329312562942505,
    0.23752105236053467,
    0.2417057752609253,
    0.24547740817070007,
    0.24882599711418152,
    0.251742422580719,
    0.254219651222229,
    0.25625544786453247,
    0.25784963369369507,
    0.2590060532093048,
    0.2597275376319885,
    0.2600134611129761,
    0.25985121726989746,
    0.25921499729156494
  ],