{
  "size": 12,
  "opt_val": -14.0,
  "method": "cQITE",
  "operations": [
    "Y0",
    "Y1",
    "Y2",
    "Y3",
    "Y4",
    "Y5",
    "Y6",
    "Y7",
    "Y8",
    "Y9",
    "Y10",
    "Y11",
    "Z0_Y9",
    "Z1_Y8",
    "Z2_Y7",
    "Z3_Y6",
    "Z4_Y5",
    "Z10_Y11",
    "Y0_Z9",
    "Y1_Z8",
    "Y2_Z7",
    "Y3_Z6",
    "Y4_Z5",
    "Y10_Z11",
    "Z10_Y8",
    "Z0_Y7",
    "Z1_Y6",
    "Z2_Y5",
    "Z3_Y4",
    "Z9_Y11",
    "Y10_Z8",
    "Y0_Z7",
    "Y1_Z6",
    "Y2_Z5",
    "Y3_Z4",
    "Y9_Z11",
    "Z9_Y7",
    "Z10_Y6",
    "Z0_Y5",
    "Z1_Y4",
    "Z2_Y3",
    "Z8_Y11",
    "Y9_Z7",
    "Y10_Z6",
    "Y0_Z5",
    "Y1_Z4",
    "Y2_Z3",
    "Y8_Z11",
    "Z8_Y6",
    "Z9_Y5",
    "Z10_Y4",
    "Z0_Y3",
    "Z1_Y2",
    "Z7_Y11",
    "Y8_Z6",
    "Y9_Z5",
    "Y10_Z4",
    "Y0_Z3",
    "Y1_Z2",
    "Y7_Z11",
    "Z7_Y5",
    "Z8_Y4",
    "Z9_Y3",
    "Z10_Y2",
    "Z0_Y1",
    "Z6_Y11",
    "Y7_Z5",
    "Y8_Z4",
    "Y9_Z3",
    "Y10_Z2",
    "Y0_Z1",
    "Y6_Z11",
    "Z6_Y4",
    "Z7_Y3",
    "Z8_Y2",
    "Z9_Y1",
    "Z10_Y0",
    "Z5_Y11",
    "Y6_Z4",
    "Y7_Z3",
    "Y8_Z2",
    "Y9_Z1",
    "Y10_Z0",
    "Y5_Z11",
    "Z5_Y3",
    "Z6_Y2",
    "Z7_Y1",
    "Z8_Y0",
    "Z9_Y10",
    "Z4_Y11",
    "Y5_Z3",
    "Y6_Z2",
    "Y7_Z1",
    "Y8_Z0",
    "Y9_Z10",
    "Y4_Z11",
    "Z4_Y2",
    "Z5_Y1",
    "Z6_Y0",
    "Z7_Y10",
    "Z8_Y9",
    "Z3_Y11",
    "Y4_Z2",
    "Y5_Z1",
    "Y6_Z0",
    "Y7_Z10",
    "Y8_Z9",
    "Y3_Z11",
    "Z3_Y1",
    "Z4_Y0",
    "Z5_Y10",
    "Z6_Y9",
    "Z7_Y8",
    "Z2_Y11",
    "Y3_Z1",
    "Y4_Z0",
    "Y5_Z10",
    "Y6_Z9",
    "Y7_Z8",
    "Y2_Z11",
    "Z2_Y0",
    "Z3_Y10",
    "Z4_Y9",
    "Z5_Y8",
    "Z6_Y7",
    "Z1_Y11",
    "Y2_Z0",
    "Y3_Z10",
    "Y4_Z9",
    "Y5_Z8",
    "Y6_Z7",
    "Y1_Z11",
    "Z1_Y10",
    "Z2_Y9",
    "Z3_Y8",
    "Z4_Y7",
    "Z5_Y6",
    "Z0_Y11",
    "Y1_Z10",
    "Y2_Z9",
    "Y3_Z8",
    "Y4_Z7",
    "Y5_Z6",
    "Y0_Z11"
  ],
  "dt": 0.05,
  "lr": 0.05,
  "lam": 1.0,
  "mu": 0.9,
  "fix_step": 0,
  "constant_c": true,
  "parameters": [
    -2.7515079636941664e-07,
    -1.6297164620482363e-05,
    -9.210982170770876e-06,
    -4.081737188244006e-06,
    5.969950507278554e-06,
    8.035929567995481e-06,
    -2.7243020213063573e-06,
    -7.129033292585518e-06,
    -2.3731131477688905e-06,
    1.5378589523606934e-05,
    1.1702893971232697e-05,
    -1.3185104990043328e-06,
    -0.2137860655784607,
    -0.013042191043496132,
    -0.19407811760902405,
    0.058993179351091385,
    -0.027301738038659096,
    -0.0455230213701725,
    0.17071154713630676,
    -0.02962091937661171,
    -0.02910817600786686,
    0.02623954601585865,
    0.1628311425447464,
    0.010605464689433575,
    0.02815675549209118,
    -0.05326720327138901,
    -0.35388725996017456,
    -0.4323546290397644,
    -0.03833392262458801,
    0.10135459154844284,
    -0.02298000082373619,
    -0.033285416662693024,
    -0.038215912878513336,
    1.190164566040039,
    0.034811314195394516,
    -0.10516636073589325,
    0.11257563531398773,
    0.12461595982313156,
    -0.11009531468153,
    0.6857048869132996,
    -0.0211483221501112,
    0.5907415747642517,
    0.2601426839828491,
    -0.1223871111869812,
    -0.20116405189037323,
    0.13103948533535004,
    -0.0010135790798813105,
    0.23327656090259552,
    -0.7042269706726074,
    0.0958559513092041,
    0.020759806036949158,
    -0.03299910947680473,
    -0.08233250677585602,
    -0.02264224737882614,
    0.9974982142448425,
    -0.3390129506587982,
    -0.03456097096204758,
    0.12133463472127914,
    -0.17267678678035736,
    0.07171288877725601,
    0.14907485246658325,
    -0.0725659430027008,
    0.23702216148376465,
    0.16286680102348328,
    -0.07802659273147583,
    0.26553577184677124,
    -0.05822107940912247,
    -0.1757010966539383,
    0.18428108096122742,
    0.2471572607755661,
    0.9608580470085144,
    -0.34261494874954224,
    0.37077027559280396,
    0.33310583233833313,
    -0.07266824692487717,
    0.22011154890060425,
    0.14317715167999268,
    -0.349534809589386,
    0.08397646993398666,
    0.01285223662853241,
    0.0442134328186512,
    0.5484219193458557,
    0.24441100656986237,
    0.14665204286575317,
    0.5025374293327332,
    0.06498806178569794,
    -0.005194380413740873,
    0.022533878684043884,
    -0.04006442055106163,
    0.4330676794052124,
    0.29617053270339966,
    -0.0877545028924942,
    -0.04801291227340698,
    0.0319862999022007,
    -0.20225000381469727,
    0.18596850335597992,
    0.07767074555158615,
    0.10680019110441208,
    -0.03631870076060295,
    0.3686876893043518,
    0.04721187800168991,
    0.07794631272554398,
    0.08884374797344208,
    0.18478600680828094,
    0.01197909563779831,
    0.5600553154945374,
    -0.043352264910936356,
    -0.030727267265319824,
    -0.04575304687023163,
    0.09526509046554565,
    -0.1084890067577362,
    -0.021743103861808777,
    0.03365236148238182,
    -0.010883442126214504,
    -0.284457266330719,
    0.008935787715017796,
    -0.05972202494740486,
    0.05443495884537697,
    0.03585028275847435,
    -0.02814783900976181,
    0.19264240562915802,
    -0.05015432462096214,
    -0.09757546335458755,
    0.6233742833137512,
    0.01549167837947607,
    -0.1336185336112976,
    0.12637785077095032,
    -0.13408608734607697,
    -0.06479789316654205,
    0.31621381640434265,
    0.010834593325853348,
    -0.0365891233086586,
    -0.08294765651226044,
    0.015335661359131336,
    -0.05819324776530266,
    0.01413639448583126,
    -0.29813486337661743,
    0.008977614343166351,
    -0.04813407361507416,
    -0.0008717800956219435,
    -0.11397241055965424,
    0.012895269319415092,
    -0.06726791709661484,
    0.006971102673560381
  ],
  "opt_ratios": [
    0.006347651593387127,
    0.009987276047468185,
    0.010643184185028076,
    0.01127435453236103,
    0.01205386221408844,
    0.012938447296619415,
    0.01362675055861473,
    0.014301066286861897,
    0.015104427933692932,
    0.015954583883285522,
    0.01686779409646988,
    0.017832452431321144,
    0.02387903444468975,
    0.03086983598768711,
    0.0388483963906765,
    0.04787502437829971,
    0.057885028421878815,
    0.06873072683811188,
    0.08019702136516571,
    0.09201177954673767,
    0.10390773415565491,
    0.11566781997680664,
    0.1271381676197052,
    0.13823860883712769,
    0.14895009994506836,
    0.159288227558136,
    0.1692814826965332,
    0.1789637804031372,
    0.18836747109889984,
    0.19751566648483276,
    0.20642498135566711,
    0.21510228514671326,
    0.22355449199676514,
    0.23178255558013916,
    0.2397875189781189,
    0.24756784737110138,
    0.2551218271255493,
    0.2624453604221344,
    0.26953837275505066,
    0.27639758586883545,
    0.283022403717041,
    0.28941380977630615,
    0.29557257890701294,
    0.30149784684181213,
    0.30719536542892456,
    0.31266701221466064,
    0.3179146349430084,
    0.3229440748691559,
    0.3277580738067627,
    0.3323603868484497,
    0.3367551565170288
  ],