{
  "size": 12,
  "opt_val": -18.0,
  "method": "cQITE",
  "operations": [
    "Y0",
    "Y1",
    "Y2",
    "Y3",
    "Y4",
    "Y5",
    "Y6",
    "Y7",
    "Y8",
    "Y9",
    "Y10",
    "Y11",
    "Z0_Y9",
    "Z1_Y8",
    "Z2_Y7",
    "Z3_Y6",
    "Z4_Y5",
    "Z10_Y11",
    "Y0_Z9",
    "Y1_Z8",
    "Y2_Z7",
    "Y3_Z6",
    "Y4_Z5",
    "Y10_Z11",
    "Z10_Y8",
    "Z0_Y7",
    "Z1_Y6",
    "Z2_Y5",
    "Z3_Y4",
    "Z9_Y11",
    "Y10_Z8",
    "Y0_Z7",
    "Y1_Z6",
    "Y2_Z5",
    "Y3_Z4",
    "Y9_Z11",
    "Z9_Y7",
    "Z10_Y6",
    "Z0_Y5",
    "Z1_Y4",
    "Z2_Y3",
    "Z8_Y11",
    "Y9_Z7",
    "Y10_Z6",
    "Y0_Z5",
    "Y1_Z4",
    "Y2_Z3",
    "Y8_Z11",
    "Z8_Y6",
    "Z9_Y5",
    "Z10_Y4",
    "Z0_Y3",
    "Z1_Y2",
    "Z7_Y11",
    "Y8_Z6",
    "Y9_Z5",
    "Y10_Z4",
    "Y0_Z3",
    "Y1_Z2",
    "Y7_Z11",
    "Z7_Y5",
    "Z8_Y4",
    "Z9_Y3",
    "Z10_Y2",
    "Z0_Y1",
    "Z6_Y11",
    "Y7_Z5",
    "Y8_Z4",
    "Y9_Z3",
    "Y10_Z2",
    "Y0_Z1",
    "Y6_Z11",
    "Z6_Y4",
    "Z7_Y3",
    "Z8_Y2",
    "Z9_Y1",
    "Z10_Y0",
    "Z5_Y11",
    "Y6_Z4",
    "Y7_Z3",
    "Y8_Z2",
    "Y9_Z1",
    "Y10_Z0",
    "Y5_Z11",
    "Z5_Y3",
    "Z6_Y2",
    "Z7_Y1",
    "Z8_Y0",
    "Z9_Y10",
    "Z4_Y11",
    "Y5_Z3",
    "Y6_Z2",
    "Y7_Z1",
    "Y8_Z0",
    "Y9_Z10",
    "Y4_Z11",
    "Z4_Y2",
    "Z5_Y1",
    "Z6_Y0",
    "Z7_Y10",
    "Z8_Y9",
    "Z3_Y11",
    "Y4_Z2",
    "Y5_Z1",
    "Y6_Z0",
    "Y7_Z10",
    "Y8_Z9",
    "Y3_Z11",
    "Z3_Y1",
    "Z4_Y0",
    "Z5_Y10",
    "Z6_Y9",
    "Z7_Y8",
    "Z2_Y11",
    "Y3_Z1",
    "Y4_Z0",
    "Y5_Z10",
    "Y6_Z9",
    "Y7_Z8",
    "Y2_Z11",
    "Z2_Y0",
    "Z3_Y10",
    "Z4_Y9",
    "Z5_Y8",
    "Z6_Y7",
    "Z1_Y11",
    "Y2_Z0",
    "Y3_Z10",
    "Y4_Z9",
    "Y5_Z8",
    "Y6_Z7",
    "Y1_Z11",
    "Z1_Y10",
    "Z2_Y9",
    "Z3_Y8",
    "Z4_Y7",
    "Z5_Y6",
    "Z0_Y11",
    "Y1_Z10",
    "Y2_Z9",
    "Y3_Z8",
    "Y4_Z7",
    "Y5_Z6",
    "Y0_Z11"
  ],
  "dt": 0.05,
  "lr": 0.05,
  "lam": 1.0,
  "mu": 0.9,
  "fix_step": 0,
  "constant_c": true,
  "parameters": [
    -4.64649529021699e-05,
    -4.302700835978612e-05,
    6.222921365406364e-05,
    8.09092671261169e-05,
    -3.8286940252874047e-05,
    -0.000117700248665642,
    -2.3297967345570214e-05,
    6.409323395928368e-05,
    9.460443106945604e-05,
    -0.00015471212100237608,
    -8.416344826400746e-06,
    5.83145119890105e-05,
    0.02608858421444893,
    0.27777549624443054,
    -0.13797153532505035,
    0.7921046018600464,
    -0.14245620369911194,
    -0.08466365188360214,
    -0.16318853199481964,
    0.002088298089802265,
    0.1365775316953659,
    -0.044050443917512894,
    -0.02173610031604767,
    -0.16373924911022186,
    -0.12201511114835739,
    0.0363398976624012,
    -0.05243761092424393,
    -0.3769984245300293,
    0.6097597479820251,
    0.006635076832026243,
    0.01833963207900524,
    0.11399199813604355,
    0.0667206197977066,
    0.7471781373023987,
    -0.05524858459830284,
    0.29463326930999756,
    0.6537551879882812,
    -0.36523881554603577,
    -0.040861159563064575,
    -0.008763262070715427,
    0.04456017166376114,
    -0.12762323021888733,
    0.37729713320732117,
    0.4500066041946411,
    -0.15934617817401886,
    -0.10448163747787476,
    -0.028442734852433205,
    0.16468536853790283,
    -0.07719580084085464,
    -0.8968381881713867,
    -0.16998302936553955,
    0.249911367893219,
    0.24583521485328674,
    0.100267693400383,
    0.09499838948249817,
    -0.09084982424974442,
    0.21496841311454773,
    1.3707537651062012,
    -0.01690155826508999,
    -0.2421453893184662,
    -0.1488632708787918,
    0.1230330541729927,
    0.14769527316093445,
    0.08417028933763504,
    -0.08383256942033768,
    -0.385134220123291,
    0.35332179069519043,
    -0.10590638965368271,
    0.17359596490859985,
    0.024311788380146027,
    0.014761705882847309,
    0.702325701713562,
    0.17836573719978333,
    -0.04875463247299194,
    -0.24185368418693542,
    -0.8575374484062195,
    -0.4169739782810211,
    -0.07344590127468109,
    -0.06112965568900108,
    -0.26548299193382263,
    0.29955798387527466,
    0.1320425570011139,
    0.8443647623062134,
    0.1876441091299057,
    0.2460259646177292,
    -0.11699273437261581,
    0.4140012562274933,
    0.1595943719148636,
    0.03234722092747688,
    -0.0019969989079982042,
    0.24501879513263702,
    0.05954408645629883,
    0.030954081565141678,
    -0.15482023358345032,
    0.015823179855942726,
    0.5066485404968262,
    0.16183461248874664,
    -0.20497848093509674,
    -0.08832201361656189,
    -0.04533310979604721,
    -0.010687695816159248,
    -0.6789710521697998,
    -0.2154110223054886,
    -0.15915673971176147,
    -0.0015912503004074097,
    0.001520343474112451,
    0.7016775608062744,
    -0.32547545433044434,
    0.029330315068364143,
    0.3987288177013397,
    -0.008052331395447254,
    -0.019401006400585175,
    -0.33452996611595154,
    0.005806334316730499,
    0.003785997163504362,
    -0.7602664232254028,
    0.026983441784977913,
    0.015384913422167301,
    0.08978421986103058,
    -0.06213841214776039,
    -0.1392696052789688,
    -0.46558550000190735,
    -0.0723530650138855,
    0.3301728367805481,
    -0.08671662211418152,
    0.038913484662771225,
    0.18614712357521057,
    0.41147008538246155,
    -0.09408394992351532,
    0.10954936593770981,
    0.03355689346790314,
    -0.027624893933534622,
    -0.027757570147514343,
    0.08212020993232727,
    -0.09807446599006653,
    0.1534525603055954,
    -0.011505555361509323,
    0.45276010036468506,
    0.01920417882502079,
    0.4712902009487152,
    0.013899174518883228,
    0.14312098920345306,
    0.004700526129454374,
    0.33334383368492126
  ],
  "opt_ratios": [
    0.0004882809007540345,
    0.0011538404505699873,
    0.0013133252505213022,
    0.0014684294583275914,
    0.0016852454282343388,
    0.0018877019174396992,
    0.0022271331399679184,
    0.002575251739472151,
    0.002943283412605524,
    0.0033937133848667145,
    0.0038547441363334656,
    0.006270084995776415,
    0.009388523176312447,
    0.013470401987433434,
    0.018797557801008224,
    0.02567071095108986,
    0.034459229558706284,
    0.04546646401286125,
    0.05849137902259827,
    0.07279370725154877,
    0.08763206005096436,
    0.10256113111972809,
    0.11740973591804504,
    0.13215112686157227,
    0.14676199853420258,
    0.16118797659873962,
    0.1753600686788559,
    0.18918588757514954,
    0.20251183211803436,
    0.21511507034301758,
    0.2267131209373474,
    0.2370128035545349,
    0.24576714634895325,
    0.2528284788131714,
    0.2581895887851715,
    0.26198142766952515,
    0.26443034410476685,
    0.2657831907272339,
    0.26624488830566406,
    0.2659510374069214,
    0.2649763822555542,
    0.2633429169654846,
    0.261024534702301,
    0.25798726081848145,
    0.2542255222797394,
    0.24977204203605652,
    0.24468335509300232,
    0.23901820182800293,
    0.23282942175865173,
    0.22616368532180786,
    0.2190614640712738
  ],